code,tf,family,group,params,exit,eod,direction,trades,win,pf,avg_trade,hold_bars,total,sharpe,sortino,mdd,pmr,m_min,m_median,m_mean,m_std,score,m202510,m202511,m202512,m202601,m202602,m202603,m202604,m202605,m202606
GAZP,5,R_RSI,meanrev,"{""lo"": 20, ""n"": 2}",X4,True,0,7181,0.6744186046511628,1.346494072187075,0.0001779690284001569,3.6306921041637654,1.2779955913865706,10.621683470000669,29.098725135454345,0.026048291474580765,1.0,0.05549244268331677,0.15637261120718904,0.1419995101540634,0.06360116711890942,0.16991154669833333,0.27179180551320314,0.09747658343985677,0.19583738007349893,0.08278069405059796,0.16268570360261947,0.05549244268331677,0.15637261120718904,0.09137967891001608,0.16417869190627243
GAZP,5,R_RSI,meanrev,"{""lo"": 30, ""n"": 3}",X4,True,0,6164,0.6872160934458144,1.3764257921423353,0.00021755606002531034,4.312297209604153,1.3410155556484824,10.596822422828179,30.122468371297636,0.03890504688024521,1.0,0.07477708644000813,0.16306693269871175,0.14900172840538695,0.037482237163221514,0.3324009427559465,0.18889693650999106,0.13328966702101752,0.20056897596805356,0.12427860806928948,0.16906990768620744,0.07477708644000813,0.16306693269871175,0.11740236745390575,0.1696650738012977
GAZP,5,R_RSI,meanrev,"{""lo"": 30, ""n"": 3}",X1,True,0,6452,0.6484810911345319,1.3210901695515411,0.00018362167222310828,3.593304401735896,1.1847270294747432,10.561312890999076,29.891845169657902,0.024309140630066395,1.0,0.07397694021346979,0.12127582484390587,0.1316363366083048,0.0355749122474148,0.2972252771033229,0.11676008487120271,0.11883050587493926,0.13102982693817466,0.11806772579438984,0.14363726818555733,0.07397694021346979,0.1455418672558153,0.12127582484390587,0.2156069854972884
GAZP,5,R_RSI,meanrev,"{""lo"": 30, ""n"": 3}",X2,True,0,6121,0.6884495997386048,1.3718181731393742,0.00021490935560922883,4.430648586832217,1.3154601671644741,10.55577465499341,29.634522793202816,0.03201872669160366,1.0,0.04702119205603594,0.1306428915268043,0.14616224079605267,0.05352866799261321,0.19450320398398604,0.2266929146135226,0.1027809055740363,0.20304694534570444,0.127297909311892,0.1779251160332933,0.04702119205603594,0.1306428915268043,0.11314481729641557,0.18690747540676966
GAZP,5,R_RSI,meanrev,"{""lo"": 30, ""n"": 3}",X3,True,0,6455,0.6489542989930287,1.3012400205876693,0.00017213900253461962,3.571185127807901,1.1111572631343734,10.54202034734708,28.34797871118064,0.024309140630066395,1.0,0.06072167234378867,0.12013811356155202,0.12346191812604149,0.036495374038282104,0.2680396203835976,0.09732208412606269,0.10381323331966996,0.12899923691293225,0.11456133442698047,0.14080117829144,0.06072167234378867,0.1426510959281586,0.12013811356155202,0.20214931422378868
GAZP,5,R_RSI,meanrev,"{""lo"": 20, ""n"": 2}",X0,True,0,7015,0.6772630078403421,1.3785391648117755,0.00018844994121554155,4.035067712045617,1.3219763427005091,10.530384727335345,27.239647508825072,0.028653671965003014,1.0,0.07176776576670818,0.16793155675986782,0.14688626030005658,0.05694057656406195,0.20922305995027016,0.23270897916518152,0.09440744790481403,0.1878419897693675,0.07176776576670818,0.1871266959933564,0.08784559987179819,0.16793155675986782,0.09053447689802852,0.20181183057138696
GAZP,5,R_RSI,meanrev,"{""lo"": 20, ""n"": 2}",X5,True,0,7016,0.677309007981756,1.3785797987578785,0.00018858476270178126,4.034207525655645,1.3231107003484794,10.524592717307009,27.077321270462956,0.028653671965003014,1.0,0.07176776576670818,0.16793155675986782,0.14701230003871993,0.05712530742878761,0.20857595198474685,0.23270897916518152,0.09440744790481403,0.19136070457170717,0.07176776576670818,0.1871266959933564,0.08784559987179819,0.16793155675986782,0.08987079687358346,0.20009115344146267
GAZP,5,R_RSI,meanrev,"{""lo"": 20, ""n"": 2}",X2,True,0,7175,0.6748432055749128,1.3486359460973445,0.00017890334347039539,3.6773519163763067,1.283631493250141,10.471467915376728,28.139696446465415,0.03427965193986893,1.0,0.04188667837297544,0.14291421859525144,0.14262572147223787,0.07206002291219721,0.13807666890608894,0.2896378281293437,0.07987364882137626,0.1962933162576519,0.08570169794256799,0.1695287071634084,0.04188667837297544,0.14291421859525144,0.09327489859424531,0.1845204993733205
GAZP,5,R_RSI,meanrev,"{""lo"": 20, ""n"": 2}",X3,True,0,7422,0.6492859067636756,1.2982578094221384,0.0001517523075928355,3.097952034492051,1.1263056261414022,10.251773572667785,28.7327814971186,0.01947660744190216,1.0,0.03544536712070112,0.12030515930382535,0.12514506957126692,0.049160065413232604,0.1814890791712437,0.1857198002981022,0.10250612354138866,0.15183417178923264,0.0775788106257096,0.12030515930382535,0.03544536712070112,0.15407669794512913,0.10193969530519098,0.1968998002121225
GAZP,5,R_RSI,meanrev,"{""lo"": 20, ""n"": 2}",X1,True,0,7420,0.6490566037735849,1.3140115685748202,0.0001598432085587817,3.1129380053908355,1.1860366132641502,10.189794186793204,30.063117093364486,0.01947660744190216,1.0,0.04155829492447083,0.12245942902518436,0.1317818459182389,0.051085198108683214,0.18424917178380035,0.2061135140247643,0.11988888011546806,0.16242608451284468,0.07869967317674309,0.12245942902518436,0.04155829492447083,0.15278537553967908,0.10282003530301154,0.19928532664198428
GAZP,5,R_RSI,meanrev,"{""lo"": 10, ""n"": 2}",X1,True,0,4409,0.6588795645271036,1.4120410865398179,0.0002131460434163352,3.159446586527557,0.9397609014740738,9.84451774786454,25.758778139010325,0.02182232355698943,1.0,0.039389270823448896,0.09771776656270958,0.10441787794156375,0.04274490442460101,0.17732984371242697,0.19842612286447547,0.09771776656270958,0.12335771776270121,0.086486044794583,0.12016277440125123,0.039389270823448896,0.0836153905838728,0.0652537677087821,0.12535204597224947
GAZP,5,R_RSI,meanrev,"{""lo"": 10, ""n"": 2}",X3,True,0,4409,0.6591063733272851,1.403269043878262,0.00020860123252729418,3.1437967793150374,0.9197228351149533,9.843938659390174,25.31552827601922,0.022055175621062517,1.0,0.03728837799280882,0.08853012425242923,0.10219142612388371,0.042942693168601505,0.1672337248368248,0.19434270713827573,0.08853012425242923,0.13095057720784098,0.08666850369263557,0.11711661127628759,0.03728837799280882,0.07746590685565025,0.06488133274251595,0.12247869395650923
GAZP,5,R_RSI,meanrev,"{""lo"": 30, ""n"": 2}",X4,True,0,9120,0.6696271929824561,1.296632486103466,0.00014619071741073846,3.567982456140351,1.3332593385275686,9.659054186403337,28.07239173868365,0.03218035388272256,1.0,0.024764450849033892,0.17733004089677706,0.14813992650306318,0.0746502009080636,0.14190321616338203,0.27265613700728863,0.024764450849033892,0.2066374295973219,0.1381276504835114,0.1808491384726949,0.05091752346197609,0.17733004089677706,0.09392768805264495,0.1880492797063198
GAZP,5,R_RSI,meanrev,"{""lo"": 10, ""n"": 2}",X2,True,0,4317,0.6916840398424832,1.4482112336444342,0.0002342554417002076,3.721565902246931,1.0112807420809986,9.449270368984136,21.814648923857646,0.03362117684446275,1.0,0.04575195687357336,0.09452883945778012,0.11236452689788873,0.04862496197568444,0.1626658794662189,0.21498821582645178,0.09452883945778012,0.13842516636213986,0.08993163879495114,0.14935477392282337,0.04575195687357336,0.08208120512426831,0.06556448782794178,0.1306544578910689
GAZP,5,R_RSI,meanrev,"{""lo"": 30, ""n"": 2}",X2,True,0,9097,0.6705507310102231,1.29195804139573,0.0001445070421702868,3.608991975376498,1.3145805605818168,9.44862039221699,26.931024939612396,0.04503807856235653,1.0,0.018600145704112947,0.15396888612303883,0.146064506731313,0.07861387142533215,0.12277864162660859,0.27573689469863893,0.018600145704112947,0.22005336204892956,0.1377705498598516,0.18189632764551789,0.030909847584553063,0.15396888612303883,0.11316061276011169,0.18248393415706232
GAZP,5,R_RSI,meanrev,"{""lo"": 30, ""n"": 2}",X5,True,0,8892,0.671727395411606,1.2981427722205892,0.0001458295405622943,3.9339856050382367,1.296716281780391,9.343476048443373,23.29249059748369,0.033257774368394166,1.0,0.02861552801914513,0.1768396275001578,0.14407958686448788,0.06796922016494403,0.15655803761261428,0.20530494258127874,0.02861552801914513,0.22229249238444027,0.12252579949563369,0.1996167305042036,0.05327109299832955,0.1768396275001578,0.09162629451748217,0.19662377377972007
SBER,5,R_RSI,meanrev,"{""lo"": 30, ""n"": 3}",X3,True,0,6270,0.6385964912280702,1.3064778866091058,0.00011104065309384456,3.616108452950558,0.696224897968932,9.277303553168094,21.982686475993876,0.02828223304823041,0.8888888888888888,-0.004454885609447956,0.08045402475545416,0.077358321996548,0.03273721294458582,0.12820948675379926,0.12182277045212686,0.07944625960226404,0.10597433835209813,0.08208807159098797,0.08537656282715034,-0.004454885609447956,0.07018534456437919,0.07533241143391933,0.08045402475545416
SBER,5,R_RSI,meanrev,"{""lo"": 30, ""n"": 3}",X1,True,0,6265,0.6379888268156425,1.3067699438080138,0.00011125626283934672,3.6446927374301676,0.6970204884273699,9.263271068920076,22.01418601650521,0.028282963205128908,0.8888888888888888,-0.007471757708117366,0.08128774484066525,0.07744672093637443,0.033151619424399134,0.1239979491794107,0.11594598833471537,0.07997191258618841,0.1100976260349853,0.08209989005990792,0.08548756851814687,-0.007471757708117366,0.07251973687380087,0.07708177888707723,0.08128774484066525
GAZP,5,R_RSI,meanrev,"{""lo"": 30, ""n"": 2}",X0,True,0,8889,0.6716166047924401,1.2956108584753656,0.00014471520066267868,3.93542580717741,1.2863734248530818,9.204503065961926,22.24114739406424,0.033257774368394166,1.0,0.02861552801914513,0.1768396275001578,0.14293038053923132,0.0669322999531117,0.15851226423638093,0.20530494258127874,0.02861552801914513,0.21877377804776188,0.12252579949563369,0.1996167305042036,0.05327109299832955,0.1768396275001578,0.09182250060985098,0.18960342509672046
GAZP,5,R_RSI,meanrev,"{""lo"": 20, ""n"": 3}",X1,True,0,4106,0.6405260594252313,1.3461112877829247,0.0002162942512315843,3.794203604481247,0.8881041936801921,9.199221489582078,23.300743351156584,0.02899126149713993,1.0,0.038628471083939075,0.09750959301163675,0.09867824374224357,0.0259544174766211,0.29623101190815015,0.12840788878384046,0.08946904679760337,0.09750959301163675,0.09078504727222025,0.12990149329198175,0.038628471083939075,0.10715017371694557,0.09012340870685875,0.11612907101516612
GAZP,5,R_RSI,meanrev,"{""lo"": 10, ""n"": 2}",X4,True,0,4327,0.6910099376011093,1.4254464325206373,0.0002253526026953245,3.6736769124104462,0.9751007070335618,9.123478542474638,20.550815697511307,0.035813719034194946,1.0,0.06433029145409819,0.08841861149994656,0.10834452300372908,0.04280195961440905,0.19078331476506374,0.20401005365420133,0.08333828870672733,0.13577051865649992,0.08841861149994656,0.14010453439550474,0.06433029145409819,0.07762231840752065,0.06780841524596326,0.1136976750130998
GAZP,5,R_RSI,meanrev,"{""lo"": 20, ""n"": 3}",X3,True,0,4107,0.6408570732895057,1.332958061612236,0.00020800417236223974,3.766009252495739,0.8542731362285849,9.122997429031631,22.318746944454283,0.028776373714208603,1.0,0.0277278374414891,0.10269332153256983,0.09491923735873166,0.027791562858137296,0.2630907015973654,0.11611384581192397,0.07981708412989974,0.10269332153256983,0.09233302483335137,0.12902122651939862,0.0277278374414891,0.10453540041635279,0.08755291171837598,0.11447848382522352
GAZP,5,R_RSI,meanrev,"{""lo"": 30, ""n"": 3}",X0,True,0,5903,0.6926986278163646,1.389532580740239,0.00022043105401032046,5.052685075385397,1.3012045068462612,9.118909966887642,21.578763212337105,0.03339948505163193,1.0,0.051516181556507945,0.16698756767436862,0.14457827853847346,0.047699182013597304,0.24107390571347112,0.1676057600416243,0.12563968333415687,0.1771516168373637,0.09279905013681855,0.1943197096697986,0.051516181556507945,0.16698756767436862,0.12040301915840246,0.20478191843722016
GAZP,5,R_RSI,meanrev,"{""lo"": 20, ""n"": 2}",X3,True,-1,3583,0.6583868266815518,1.4116548735140806,0.00019958748890457032,3.092938878035166,0.7151219711995509,9.105643669576475,24.460840312494046,0.022068907972425222,1.0,0.024511502822861075,0.07468895858619362,0.0794579967999501,0.0433759031318796,0.12376719351766613,0.09899354228400625,0.024511502822861075,0.11446230724686757,0.02844752666715067,0.053453408007044345,0.05495807453189627,0.09596299807890318,0.07468895858619362,0.1696436529746279
GAZP,5,R_RSI,meanrev,"{""lo"": 20, ""n"": 2}",X1,True,-1,3581,0.6581960346271991,1.4222589568481088,0.00020483326971780204,3.1111421390672995,0.7335079364747799,9.043045233359775,24.713500748648194,0.022612332832068205,1.0,0.02251579030416906,0.07166141271591187,0.0815008818305311,0.04516987646856722,0.11733986607208716,0.10103283895296045,0.02251579030416906,0.13022963944240473,0.026160176013945602,0.056749140756437555,0.06099614670165465,0.09454240962804761,0.07166141271591187,0.16962038195924833
GAZP,5,R_RSI,meanrev,"{""lo"": 30, ""n"": 3}",X5,True,0,5905,0.6926333615580017,1.385727995779951,0.00021872062238281536,5.045554614733277,1.2915452714369167,9.034865543690408,21.32572065045674,0.03339948505163193,1.0,0.04585388139821589,0.16698756767436862,0.1435050301596574,0.04782972927377388,0.23626611888747365,0.16717635467648506,0.12822931143455207,0.17637779493816197,0.09672265067638364,0.1923373134341091,0.04585388139821589,0.16698756767436862,0.11662997292296495,0.20123042428167537
GAZP,5,R_RSI,meanrev,"{""lo"": 30, ""n"": 2}",X1,True,-1,4647,0.6593501183559286,1.3782636648604896,0.00017570056855554017,3.0673552829782658,0.8164805429405533,8.888119513282474,26.04625313656937,0.025185355072608218,1.0,0.020437125174794346,0.07673611416248605,0.09072006032672814,0.05481860470430527,0.10206149741205259,0.11171552338055335,0.020437125174794346,0.11523087043315172,0.07197971851564944,0.06688499363372102,0.02510060516942758,0.11497531797795091,0.07673611416248605,0.21342027449281886
SBER,5,R_RSI,meanrev,"{""lo"": 20, ""n"": 2}",X1,True,0,7186,0.6328973003061509,1.2685704727107592,8.889479877506492e-05,3.173392708043418,0.6387980224972125,8.85685217024499,21.657481694200314,0.029155842727050185,0.8888888888888888,-0.01263058721087873,0.07623491581034614,0.07097755805524583,0.036213669302981526,0.09274747116596826,0.12016459667938761,0.10017615515971556,0.10012651036959141,0.07623491581034614,0.08153449784731492,-0.01263058721087873,0.055403915597707964,0.061836027540266514,0.05595199070376111
GAZP,5,R_RSI,meanrev,"{""lo"": 30, ""n"": 2}",X3,True,-1,4648,0.6596385542168675,1.3678089041278483,0.00017080151921062837,3.052065404475043,0.7938854618259938,8.82503842674795,25.878695258989747,0.025418207369511947,1.0,0.019062533348915167,0.07832923479145393,0.08820949575844377,0.05489245019521012,0.09970328737536896,0.10929489074624144,0.020778887963388115,0.10141505254432559,0.07221507874783128,0.06358926120446995,0.019062533348915167,0.11695173071348108,0.07832923479145393,0.2122487917658873
SBER,5,R_RSI,meanrev,"{""lo"": 10, ""n"": 2}",X3,True,0,4472,0.6417710196779964,1.3565145418899545,0.00011920397459034846,3.1829159212880143,0.5330801733440467,8.793226137419502,21.613525097852186,0.01995853937114589,1.0,0.009385713575284171,0.05372077531501418,0.05923113037156074,0.03681482445542338,0.09829866590377834,0.14612129394663498,0.08528892202593852,0.06321367796044797,0.05977717484347522,0.04244379187514369,0.009385713575284171,0.05372077531501418,0.04458342806901783,0.028545395733090118
GAZP,5,R_RSI,meanrev,"{""lo"": 30, ""n"": 5}",X1,True,0,3521,0.6234024424879295,1.3577657857761254,0.00026036067276845884,4.648679352456688,0.9167299256150727,8.775982672474411,22.72500712887429,0.038543242029845715,1.0,0.029127637622877955,0.11414513188356068,0.10185888062389697,0.03806869720853715,0.2028712933446654,0.08931903477059677,0.1155478120490443,0.1686230330960825,0.06612080881313886,0.13392976257455302,0.029127637622877955,0.11414513188356068,0.08435092160652857,0.11556578319869004
SBER,5,R_RSI,meanrev,"{""lo"": 20, ""n"": 2}",X3,True,0,7191,0.6334306772354332,1.266206786071884,8.800602037939123e-05,3.153803365317758,0.6328512963373214,8.73469778118506,21.253455310214235,0.029635854763910174,0.8888888888888888,-0.012131067793234251,0.07579177001025528,0.07031681070414682,0.035173506082507244,0.0960664012586726,0.1142256187449675,0.10125928639899939,0.09800129535142332,0.07579177001025528,0.08312008512439206,-0.012131067793234251,0.05724624451249838,0.058118953194934875,0.05721911079308484
SBER,5,R_RSI,meanrev,"{""lo"": 10, ""n"": 2}",X1,True,0,4471,0.6407962424513531,1.3582829286363167,0.0001200893129028419,3.2055468575262807,0.536919315907312,8.668004449597534,21.293654882717693,0.019306823116494343,1.0,0.008654167486383813,0.05372582780546509,0.059657701767479115,0.035314553035770045,0.10362643245319302,0.13983396062394604,0.08687733342230786,0.06873793312115595,0.06014498934382573,0.04163566604768221,0.008654167486383813,0.05372582780546509,0.04667463316582143,0.0306348048907239
PLZL,5,V_NR_BREAK,volatility,"{""n"": 4}",X3,True,0,4964,0.4637389202256245,1.3158205882267247,0.0002654365322254016,5.601732473811443,1.3176269412215333,8.615946618160601,22.17225751348082,0.05662613327149302,1.0,0.06042939910548739,0.12616588533273898,0.14640299346905927,0.06593528099100428,0.15676963234666083,0.28652155364397913,0.12616588533273898,0.11543304420774803,0.08850019267993048,0.16661857679719105,0.09654868231154978,0.2100127904850524,0.06042939910548739,0.1673968166578561
SBER,5,R_RSI,meanrev,"{""lo"": 20, ""n"": 3}",X1,True,0,4134,0.6279632317368167,1.3445896934102213,0.00013531157754768415,3.7564102564102564,0.559378056343121,8.598238827393645,21.38325510428114,0.02154745023290161,1.0,0.014437969017308205,0.06326555601117434,0.062153117371457886,0.023998902263712592,0.18543645825089058,0.10765350305882748,0.07529154044459574,0.05622120028419886,0.05543431895785034,0.06326555601117434,0.014437969017308205,0.07121268915943801,0.04268949048127979,0.07317178892844822
GAZP,5,R_RSI,meanrev,"{""lo"": 30, ""n"": 5}",X3,True,0,3521,0.6234024424879295,1.3381061161387853,0.0002460535338058011,4.6077818801476855,0.8663544896480744,8.595247253913954,21.541605814596185,0.038543242029845715,1.0,0.02182635269127786,0.09960670626605861,0.09626160996089715,0.03705615338101977,0.18681116375663792,0.08218090672744438,0.09960670626605861,0.15639046940486878,0.06892503432754893,0.13358702701953007,0.02182635269127786,0.11114826671837363,0.07858561414468568,0.11410411234828644
GAZP,5,R_RSI,meanrev,"{""lo"": 30, ""n"": 5}",X2,True,0,3252,0.7044895448954489,1.4222762710194896,0.0003190347373916817,6.0633456334563345,1.037500966413063,8.582983183307315,20.636054458713467,0.042224072851240635,1.0,0.006499952170997858,0.12144854629877955,0.115277885157007,0.05222885938354321,0.14660257423540088,0.15074261964764446,0.08149029900960159,0.20132377961999737,0.08325451437849551,0.15559608439798467,0.006499952170997858,0.12144854629877955,0.10847406776156276,0.12867110312799923
GAZP,5,R_RSI,meanrev,"{""lo"": 30, ""n"": 2}",X1,True,0,9477,0.6456684604832753,1.2503349661757368,0.00012390114283959255,3.065843621399177,1.1742111361818388,8.574465817985107,22.696101649390737,0.03251813759561628,1.0,0.015610446338541806,0.1428644761617761,0.1304679040202043,0.06658650526261246,0.1324683672339464,0.21820862768799998,0.04182734765345231,0.1363039734424092,0.1444714946410386,0.1428644761617761,0.015610446338541806,0.1551891605486162,0.09493568021571264,0.224799929492292
SBER,5,R_RSI,meanrev,"{""lo"": 20, ""n"": 3}",X3,True,0,4142,0.629406084017383,1.3421932850802099,0.00013407627129011725,3.717527764365041,0.5553439131763298,8.568517206518722,21.270874799025044,0.0215467205416644,1.0,0.01613338600145653,0.06457257978763664,0.06170487924181442,0.02504755776663594,0.178728170002077,0.11112736466748174,0.07749766705092043,0.05004629665927496,0.05444937222637236,0.06457257978763664,0.01613338600145653,0.06942443319712766,0.03935435222228989,0.0727384613637696
SBER,5,R_RSI,meanrev,"{""lo"": 30, ""n"": 2}",X4,True,0,8827,0.6614931460292285,1.2853416680079337,9.15051076481955e-05,3.6378157924549677,0.8077155878090707,8.544078231606402,20.5913868284143,0.022667769866529852,0.8888888888888888,-0.005782541062217206,0.09248477889923379,0.08974617642323007,0.043913329913124896,0.10359165484119931,0.16448755643796176,0.09942556233727373,0.12858535633131396,0.0959779634285951,0.09012557636015117,-0.005782541062217206,0.08360047978931107,0.05881085528744734,0.09248477889923379
SBER,5,R_RSI,meanrev,"{""lo"": 20, ""n"": 2}",X4,True,0,6998,0.6619034009717062,1.2855428782259812,9.690334907976668e-05,3.7113460988853957,0.6781296313893108,8.531116993392297,20.291700397353583,0.024369083810597658,0.8888888888888888,-0.010508371924515814,0.07430432311957702,0.07534773682103453,0.04412201526376464,0.0729877397479197,0.15774847482680343,0.1043907054408919,0.10395582790079061,0.0818136728812533,0.07430432311957702,-0.010508371924515814,0.07195320914615877,0.05283629603218287,0.041635493966168724
GAZP,5,R_RSI,meanrev,"{""lo"": 30, ""n"": 2}",X3,True,0,9479,0.645954214579597,1.2408600374468395,0.00011916291086253951,3.0524316911066567,1.12954524376255,8.516908959556769,21.84598557636539,0.03384968941099942,1.0,0.009461531997658312,0.1425139886996476,0.12550502708472777,0.06613700991571417,0.12732982840482635,0.19959136346005835,0.033031373110134155,0.1287214542098809,0.1425139886996476,0.14311054718564264,0.009461531997658312,0.15826945792650804,0.09362587571376935,0.2212196514592506
GAZP,5,R_RSI,meanrev,"{""lo"": 20, ""n"": 2}",X4,True,-1,3473,0.6809674632882234,1.4312927144552285,0.00021422593719380858,3.6006334581053845,0.7440066809872405,8.488161963947794,20.33048653529011,0.034442586242221296,0.8888888888888888,-0.00016086558753158897,0.08033003148057105,0.08266740899858228,0.04784029766302453,0.08105260463550479,0.1340493083698675,-0.00016086558753158897,0.11947892268653959,0.029315560634131543,0.08033003148057105,0.04415599934873171,0.11101416748715565,0.07566568898619153,0.15015786758158356
NVTK,5,R_RSI,meanrev,"{""lo"": 20, ""n"": 2}",X3,True,0,7261,0.6388927145021347,1.2834024416751473,0.00018493137619924132,3.127117476931552,1.3427867184418574,8.45974755281878,20.542108889341353,0.05477747517579701,1.0,0.06995969261333812,0.15573460154701024,0.1491985242713175,0.05451177993341518,0.21535692071656268,0.25120506703387946,0.18463180656544864,0.1966840832028538,0.12734866404207423,0.06995969261333812,0.09297656902344897,0.15573460154701024,0.09832148743407743,0.16592474697972648
GAZP,5,R_RSI,meanrev,"{""lo"": 20, ""n"": 3}",X4,True,0,3932,0.6813326551373347,1.3751815362584865,0.00023893884381001671,4.575279755849441,0.9395075362590433,8.456578475186884,17.653488356751037,0.05574062280356884,1.0,0.04371180629823357,0.10342377133201808,0.1043897262510048,0.030900612975277218,0.262951431915784,0.11760518059600145,0.08747938002488809,0.14045285348038306,0.08426968627463793,0.15671137557365,0.04371180629823357,0.10168596199946478,0.10342377133201808,0.10416752067976631
GAZP,5,R_RSI,meanrev,"{""lo"": 30, ""n"": 2}",X2,True,-1,4481,0.6839991073421111,1.3921252160093465,0.00018641486782075952,3.564829279178755,0.8353250238869805,8.33011146608165,19.666725384411755,0.04429979989072308,0.8888888888888888,-0.02455876156454906,0.09851203495782102,0.09281389154299784,0.059029791644902636,0.060402905204138956,0.1429320733586792,-0.02455876156454906,0.13364105746586574,0.06175651302328333,0.09851203495782102,0.022468724811915308,0.13802227264386602,0.09622025158023462,0.16633085760986432
GAZP,5,R_RSI,meanrev,"{""lo"": 30, ""n"": 5}",X4,True,0,3294,0.6891317547055252,1.396225214739989,0.0003009192149233326,5.784456587735276,0.9912278987867467,8.276844010841307,19.10955838613168,0.04065813822671771,1.0,0.03441817747079767,0.10124559779433184,0.11013643319852741,0.044053018970899915,0.17699333097767106,0.13511673372704536,0.08608150511281565,0.1970997805983643,0.07240979536436498,0.14348113437881693,0.03441817747079767,0.12396652741881553,0.09740864692139439,0.10124559779433184
SBER,5,R_RSI,meanrev,"{""lo"": 30, ""n"": 5}",X1,True,0,3507,0.604220131166239,1.3289043926355895,0.00015025922641188146,4.611063587111492,0.5269591040159867,8.274113738383454,17.70796803121956,0.021519745932891965,1.0,0.028150178764917655,0.060401438269764185,0.058551011557331854,0.018744512101153906,0.2492851334827296,0.044227141348528676,0.05156509834341705,0.09076993423514068,0.060401438269764185,0.06135784272919409,0.028150178764917655,0.0414096359454561,0.06648878179112216,0.08258905258844607
GAZP,5,R_RSI,meanrev,"{""lo"": 20, ""n"": 2}",X2,True,-1,3476,0.682681242807825,1.4372334422178321,0.0002165071331484091,3.630609896432681,0.7525787915128603,8.26822646605015,18.486259603967408,0.0545127778314054,0.8888888888888888,-0.019970748689956963,0.0841980442055501,0.08361986572365115,0.05516799672258895,0.05565856750047803,0.14455496055597905,-0.019970748689956963,0.1278692412597593,0.02453469230385963,0.0841980442055501,0.04672129708342254,0.10735352059418801,0.07917590297256538,0.1581418812274933
SBER,5,R_RSI,meanrev,"{""lo"": 30, ""n"": 5}",X3,True,0,3512,0.6056378132118451,1.3295683881630767,0.00015025501403122542,4.5418564920273345,0.5276956068992149,8.2644118582243,17.47254970273182,0.02241511014290154,1.0,0.028872045426396653,0.06098496603954118,0.05863284521102388,0.016995072185422268,0.27968052684361006,0.053606777379172854,0.055348733556456864,0.08173488394822925,0.06185873848153278,0.0641144625551533,0.028872045426396653,0.03723789777723141,0.06098496603954118,0.08393710173550062
GAZP,5,R_RSI,meanrev,"{""lo"": 30, ""n"": 2}",X4,True,-1,4492,0.6823241317898486,1.3848602629099105,0.00018349840727702665,3.5309439002671414,0.8242748444008612,8.235255375592798,19.549701774032474,0.02963694936261163,0.8888888888888888,-0.015809871667443076,0.10078609845368192,0.09158609382231792,0.05680669980144272,0.06924076125546186,0.13685584452468902,-0.015809871667443076,0.11710576227778802,0.06639961218206736,0.10078609845368192,0.025881625566398725,0.1434236792701995,0.07543567553511821,0.17419641825836152
SBER,5,R_RSI,meanrev,"{""lo"": 20, ""n"": 3}",X4,True,0,4002,0.6736631684157921,1.345552329892165,0.00014277015985479627,4.501749125437281,0.5713661815680098,8.191440242830403,22.17606760547034,0.015696577276685275,1.0,0.023509021499194205,0.0636803136439994,0.06348513128533442,0.029785340196384402,0.1547525194456726,0.1284704559511738,0.07146333603304811,0.08445784356445074,0.0636803136439994,0.048278849135385826,0.023509021499194205,0.07426950366061646,0.03247299711802043,0.044763860962120816
SBER,5,R_RSI,meanrev,"{""lo"": 30, ""n"": 3}",X4,True,0,6024,0.673472775564409,1.2877524235749092,0.00010988312664819926,4.360557768924303,0.661935953315151,8.185026875375451,18.093849348137113,0.02143119025276974,0.8888888888888888,-0.003838780685327947,0.07902007119264454,0.073548439257239,0.03269710562488313,0.12207801277990021,0.10432784279691987,0.07373740238836035,0.11026139595196582,0.08426272982615046,0.07902007119264454,-0.003838780685327947,0.09896888269577175,0.06196411577639083,0.05323229337227531
NVTK,5,R_RSI,meanrev,"{""lo"": 30, ""n"": 3}",X3,True,0,6287,0.6332113885796087,1.2692172934373565,0.0001985665661959279,3.6524574518848416,1.2483879990904825,8.143040054710841,19.251333387651936,0.04836799767508637,1.0,0.06200052121130284,0.15473343268968165,0.13870977767672027,0.05316957477404934,0.20734787533772428,0.20302629993966548,0.20461908450670308,0.1814716777880676,0.15473343268968165,0.08755792153533548,0.07600354724854697,0.06200052121130284,0.10453822562703863,0.17443728854414076
GAZP,5,R_RSI,meanrev,"{""lo"": 20, ""n"": 3}",X2,True,0,3914,0.6844660194174758,1.358698133507723,0.00023110064024751658,4.698773633111906,0.9045279095553269,8.134787008699877,16.97654042328847,0.05293709354009479,1.0,0.007691902719670907,0.10586881174822338,0.10050310106170299,0.04191121219313597,0.16263887998616433,0.1285935056366725,0.06586990796495229,0.13365022279322147,0.10586881174822338,0.1608335962628189,0.007691902719670907,0.09109500268823467,0.09318433742737398,0.11774062231415883
NVTK,5,R_RSI,meanrev,"{""lo"": 20, ""n"": 2}",X4,True,0,7051,0.667423060558786,1.3199383212814348,0.0002103624028848248,3.6657211743015177,1.4832653123448836,8.133833623128517,17.600659560749953,0.1027301490685204,1.0,0.05848830943432404,0.164490122027928,0.1648072569272093,0.06367178862006583,0.19196930355374212,0.2779786840546876,0.20832563257863512,0.22005637595430017,0.1742459980887361,0.0851996336132288,0.05848830943432404,0.16112018702551723,0.1333603695675265,0.164490122027928
GAZP,5,R_RSI,meanrev,"{""lo"": 30, ""n"": 3}",X4,True,-1,2968,0.6944070080862533,1.488042872809108,0.0002642898691446486,4.281671159029649,0.784412330415762,8.096197232230724,16.97501733614199,0.03711447911337018,1.0,0.04138118796981871,0.06944991182535887,0.08715692560175133,0.03660673809836983,0.16973529042142266,0.0526838734795092,0.04138118796981871,0.1395672480284702,0.05929887179809157,0.09662767270492623,0.0674718389636837,0.10697670135414228,0.06944991182535887,0.15095502429176122
SBER,5,R_RSI,meanrev,"{""lo"": 20, ""n"": 2}",X2,True,0,6973,0.6622687508963143,1.2726663483783867,9.329156151570233e-05,3.7772838089774847,0.6505220575199928,8.073319249302237,16.875646775597474,0.029153555777156726,0.8888888888888888,-0.022081538336351514,0.07592951419064775,0.07228022861333254,0.045225600054578714,0.05974232016541479,0.1476201661171217,0.10114301135763526,0.10214157885638997,0.09616224677301943,0.07592951419064775,-0.022081538336351514,0.04696019963012077,0.0511848310707137,0.05146204786069575
GZ,5,R_RSI,meanrev,"{""lo"": 30, ""n"": 2}",X1,True,-1,3978,0.661639014580191,1.3501889057838137,0.0001723568804969933,3.0017596782302665,0.6856356714561116,8.069503529211044,18.809630585708735,0.027786196442320943,1.0,0.02081138369976543,0.06434032064862549,0.07618174127290128,0.045783218879741405,0.10469554823027719,0.06434032064862549,0.021414426795672625,0.1018212249618955,0.04694627143908292,0.057283919042674825,0.02081138369976543,0.11892758420435712,0.08352087525418028,0.1705696654098574
GAZP,5,R_RSI,meanrev,"{""lo"": 30, ""n"": 3}",X3,True,-1,3098,0.6594577146546159,1.3948346286918438,0.00021574302381172298,3.5468043899289863,0.6683718880449305,8.023399023364975,18.474035944666095,0.016351173631846905,1.0,0.03090981309651397,0.0674588644033065,0.07426354311610339,0.03911142170208976,0.13281564117805733,0.03090981309651397,0.036409928390639834,0.10612098898855038,0.055063735373551026,0.0674588644033065,0.04860027318500215,0.08140225877286866,0.07699406443862244,0.16541196139587555
GZ,5,R_RSI,meanrev,"{""lo"": 30, ""n"": 2}",X3,True,-1,3978,0.6626445449974862,1.3460562646925038,0.00017007901683410966,2.9869281045751634,0.6765743258292787,8.00080670046783,18.848830317915723,0.026937891030684114,1.0,0.020689721393864602,0.06271657499019057,0.07517492509214208,0.04511671411572551,0.1045285744706213,0.06271657499019057,0.020689721393864602,0.0806151307770051,0.04921516482136212,0.056551594025222585,0.02208488676114939,0.11838665016693994,0.0961724235676229,0.17014217932592146
GAZP,5,R_RSI,meanrev,"{""lo"": 30, ""n"": 3}",X1,True,-1,3095,0.6588045234248788,1.4140753475284296,0.00022650808939869143,3.576090468497577,0.7010425362896058,7.9813006849138155,18.920197593942408,0.018083376344293356,1.0,0.03391844287398271,0.07240216490754392,0.07789361514328953,0.041193008762138154,0.13407301138258784,0.03391844287398271,0.03862258767185267,0.11065738336765207,0.05312871598289348,0.07240216490754392,0.059929715214821044,0.08246784069342539,0.07345484622055665,0.17646083935687784
GAZP,5,R_RSI,meanrev,"{""lo"": 10, ""n"": 2}",X3,True,-1,2128,0.6710526315789473,1.4995022590443263,0.0002511746607756978,3.1085526315789473,0.5344996776282187,7.963369385332815,18.692050364238998,0.0268760547041893,1.0,0.026516641039052047,0.059648301685228944,0.05938885306980208,0.02007756483438034,0.23018862789692787,0.08127376459015068,0.050535850576125085,0.09177861589705572,0.04624943547969451,0.05995463448925875,0.03967639582697302,0.059648301685228944,0.026516641039052047,0.07886603804467995
NVTK,5,R_RSI,meanrev,"{""lo"": 20, ""n"": 2}",X5,True,0,6899,0.6709668067835918,1.3440914983206682,0.00022217602859120108,4.083200463835339,1.5327924308367074,7.911359935766139,17.040488793335573,0.09597160527482629,1.0,0.07251244905637577,0.16917209973325953,0.17031027009296748,0.06614809181030736,0.19507629889213005,0.280901440535672,0.21567316073924303,0.24876740318723023,0.16917209973325953,0.08641209526103921,0.07251244905637577,0.1809806334786117,0.1510308008582797,0.12734234798699617
NVTK,5,R_RSI,meanrev,"{""lo"": 20, ""n"": 2}",X1,True,0,7256,0.6386438809261301,1.2851397273201741,0.0001861610705783001,3.1436052921719955,1.3507847244472941,7.910226333684203,20.58398508709901,0.05563779045769479,1.0,0.0768417338404106,0.15062717138789594,0.1500871916052549,0.04900048876036451,0.24420307418730083,0.2502919683465734,0.18223908985964954,0.1743870180216618,0.13003892975393683,0.0768417338404106,0.12296021432848647,0.15062717138789594,0.09451742103556171,0.16888117787311785
GAZP,5,R_RSI,meanrev,"{""lo"": 30, ""n"": 3}",X2,True,-1,2955,0.6967851099830795,1.4816858757071472,0.0002621952636755963,4.372927241962775,0.7747870060775313,7.900911734351377,16.335671803076767,0.03348723449744284,1.0,0.019315773504786193,0.07522500429331558,0.0860874451197257,0.04211348788268317,0.133331499863269,0.07258280587848276,0.019315773504786193,0.14816296924254857,0.048118644481291994,0.09741156671952922,0.06041166721843183,0.0967047561716754,0.07522500429331558,0.15685381856746972
GAZP,5,R_RSI,meanrev,"{""lo"": 10, ""n"": 2}",X1,True,-1,2128,0.6705827067669173,1.4940382807636856,0.0002484451037893371,3.1296992481203008,0.5286911801983933,7.851583595309059,18.477552365718342,0.0268760547041893,1.0,0.024481629268848337,0.06308235510368831,0.05874346446648815,0.019704677487637608,0.23515512488615783,0.08047868583525997,0.04854013898875564,0.08635657132253982,0.042117394994420465,0.06308235510368831,0.041813276591710746,0.06371250632219017,0.024481629268848337,0.07810862177097988
GMKN,5,V_NR_BREAK,volatility,"{""n"": 4}",X3,True,0,4858,0.4561547962124331,1.2973958472587845,0.00024310211222939665,5.628036228900783,1.1809900605585426,7.839159369378377,20.42907539777914,0.02947821095585823,1.0,0.07331554446136579,0.1172088674211409,0.13122111783983806,0.05052470903324204,0.19913124995146417,0.22522569133434445,0.07331554446136579,0.08083276735851541,0.0916485823399853,0.13517275807680562,0.13640515533916187,0.11203165486222133,0.20914903936500195,0.1172088674211409
NVTK,5,R_RSI,meanrev,"{""lo"": 20, ""n"": 2}",X0,True,0,6899,0.6709668067835918,1.3425669146908523,0.0002214428013886646,4.084070155094941,1.527733896393329,7.831335336327017,16.523807596923852,0.10103013971820474,1.0,0.06745391461299732,0.16917209973325953,0.16974821071036988,0.06699278843251574,0.1899941990947823,0.280901440535672,0.21567316073924303,0.24876740318723023,0.16917209973325953,0.08641209526103921,0.06745391461299732,0.1809806334786117,0.1510308008582797,0.12734234798699617
NVTK,5,R_RSI,meanrev,"{""lo"": 30, ""n"": 2}",X5,True,0,8752,0.6573354661791591,1.305264481036576,0.0001890556614204407,3.957609689213894,1.6546151410148013,7.798154259287271,17.763790705298607,0.10036172508989694,1.0,0.09003666933131171,0.14898892783094198,0.18384612677942236,0.07389882650580666,0.1802528705152798,0.2704590775538236,0.19585718159214593,0.320463900687173,0.14898892783094198,0.12286249437602237,0.09003666933131171,0.1170158776549215,0.14749329330879846,0.2414377186796628
NVTK,5,R_RSI,meanrev,"{""lo"": 10, ""n"": 2}",X3,True,0,4343,0.6334331107529357,1.3005630881491248,0.00020943284470744972,3.171540409854939,0.9095668435184052,7.771822369415848,18.52647932666613,0.025096421595662832,1.0,0.046979985665529966,0.10803860571468249,0.10106298261315613,0.03372202938032011,0.23977095475083668,0.14211407155380584,0.15229551983065903,0.11898965091677383,0.08560790140472818,0.0536233737366274,0.09258570789825171,0.046979985665529966,0.10803860571468249,0.10933202679734677
GAZP,5,R_RSI,meanrev,"{""lo"": 10, ""n"": 2}",X5,True,0,4241,0.6967696298042915,1.434897672214386,0.00022826306407350546,4.124027352039613,0.9680636484180241,7.735854032576609,14.69611584926608,0.0526541723520495,1.0,0.05787460266947164,0.09521716338349506,0.10756262760200268,0.039907584685456965,0.20566857099920965,0.1743017814005725,0.08798335888423026,0.1293283341536835,0.06854085007944377,0.1448226465145126,0.06330302683636546,0.09521716338349506,0.05787460266947164,0.14669188449624926
GAZP,5,R_RSI,meanrev,"{""lo"": 10, ""n"": 2}",X0,True,0,4241,0.6967696298042915,1.434897672214386,0.00022826306407350546,4.124027352039613,0.9680636484180241,7.735854032576609,14.69611584926608,0.0526541723520495,1.0,0.05787460266947164,0.09521716338349506,0.10756262760200268,0.039907584685456965,0.20566857099920965,0.1743017814005725,0.08798335888423026,0.1293283341536835,0.06854085007944377,0.1448226465145126,0.06330302683636546,0.09521716338349506,0.05787460266947164,0.14669188449624926
NVTK,5,R_RSI,meanrev,"{""lo"": 30, ""n"": 2}",X0,True,0,8752,0.6573354661791591,1.3039419149208316,0.00018842749812231625,3.9584095063985374,1.6491174581751693,7.726400276696465,17.24974927961765,0.10585940792952897,1.0,0.08453898649167968,0.14898892783094198,0.18323527313057436,0.07469022288850838,0.1758289831586794,0.2704590775538236,0.19585718159214593,0.320463900687173,0.14898892783094198,0.12286249437602237,0.08453898649167968,0.1170158776549215,0.14749329330879846,0.2414377186796628
NVTK,5,R_RSI,meanrev,"{""lo"": 10, ""n"": 2}",X1,True,0,4343,0.6334331107529357,1.2985146478876775,0.00020800548822861518,3.1899608565507713,0.9033678375853924,7.708725304868396,18.48768595156481,0.024922203505411744,1.0,0.04475479060783982,0.10849917691666633,0.10037420417615471,0.03240005467804815,0.24814952042091856,0.14091354780248366,0.1468187425052747,0.11601988534675911,0.09013911751389969,0.05606688663829118,0.09072515473235399,0.04475479060783982,0.10943053552182391,0.10849917691666633
SBER,5,R_RSI,meanrev,"{""lo"": 30, ""n"": 2}",X2,True,0,8790,0.6617747440273037,1.2599195001882018,8.477605531460061e-05,3.6978384527872583,0.7451815312961116,7.666311720531803,17.743606407312765,0.03517058049328625,0.8888888888888888,-0.009833755204454064,0.08281351906771306,0.08279794792179018,0.043491327861253905,0.08866140814579573,0.14405903237638995,0.07090485404478386,0.12547152250772342,0.11064059697673656,0.08281351906771306,-0.009833755204454064,0.05785937121254392,0.05586918348853942,0.10739720682613552
VTBR,5,R_RSI,meanrev,"{""lo"": 30, ""n"": 2}",X3,True,-1,4575,0.6566120218579234,1.3174057967861463,0.00015118731025447294,3.1230601092896175,0.6916819490702437,7.647767567220545,16.144976587378757,0.022272354690358043,1.0,0.02975977105961647,0.07126015791436657,0.07685354989669374,0.0326979446909014,0.16975767603693714,0.12123877260955851,0.11742540440172888,0.07126015791436657,0.056150763703044504,0.11883739579934627,0.042789235318196006,0.07749472884461284,0.05672571941977367,0.02975977105961647
NVTK,5,R_RSI,meanrev,"{""lo"": 30, ""n"": 3}",X1,True,0,6283,0.6328187171733248,1.2733772336868177,0.00020174435954157263,3.6729269457265636,1.2675598118075868,7.641044065905755,19.614663495547106,0.05126274754002225,1.0,0.05877410490938928,0.1558018324431032,0.14083997908973186,0.04920587926654925,0.22713241940242948,0.2141505947438418,0.19612071269511944,0.16505382070317864,0.1558018324431032,0.09078987606335431,0.10833109957457054,0.05877410490938928,0.10573674034094438,0.17280103033408523
GAZP,5,R_RSI,meanrev,"{""lo"": 20, ""n"": 3}",X0,True,0,3774,0.6944886062533121,1.4173147226436753,0.00025665968650750835,5.419978802331744,0.9686336573795415,7.612324803576196,15.196439419097471,0.04933181335218251,1.0,0.02618023099785205,0.11333662171091419,0.10762596193106017,0.03674974386302281,0.21634098586728592,0.14264094550162554,0.09014370794466231,0.12966030623647384,0.09251067868899554,0.1565938604180701,0.02618023099785205,0.11333662171091419,0.0882571290130727,0.12931017686787527
GAZP,5,R_RSI,meanrev,"{""lo"": 30, ""n"": 5}",X0,True,0,3043,0.7170555372987184,1.4425162402628686,0.00032263729048617686,7.532697995399277,0.981785275398579,7.606714362649861,16.26716403342654,0.03391245089733275,1.0,0.0017030743110808544,0.12215222744271159,0.10908725282206433,0.05451224793475017,0.1318591556742085,0.12837643851526082,0.08009703131392598,0.19809444845304824,0.06331592984497547,0.1613762895576656,0.0017030743110808544,0.13616233600623673,0.09050749995367369,0.12215222744271159
SBER,5,R_RSI,meanrev,"{""lo"": 30, ""n"": 2}",X1,True,0,9110,0.6334796926454446,1.2219046594689005,7.21425261317232e-05,3.118331503841932,0.6572184108517831,7.587819223854618,19.719757042428803,0.050438394071534276,0.8888888888888888,-0.00829118448018562,0.08885953330536722,0.07302426787242035,0.038814178120227284,0.09755373982039803,0.10138220246881247,0.05599036533385515,0.1066439881142287,0.10424276822595857,0.08885953330536722,-0.00829118448018562,0.04280832299264148,0.04820140259107575,0.1173810123000294
SBER,5,R_BB,meanrev,"{""k"": 1.5, ""n"": 20}",X3,True,-1,1269,0.5768321513002365,1.5578817587100815,0.00028369699575031706,6.4775413711583925,0.3600114894834405,7.584030388027705,15.089102225627762,0.022475432138890028,1.0,0.012089901079889387,0.04740025991850416,0.04000127660927117,0.01523066506902991,0.20396687962198856,0.04740025991850416,0.04862756469810847,0.05198176368139684,0.023491026542615145,0.026843636827834416,0.037653230436262675,0.012089901079889387,0.049825859983684495,0.062098246315144934
NVTK,5,R_RSI,meanrev,"{""lo"": 20, ""n"": 2}",X2,True,0,7038,0.6665245808468315,1.2910870144517927,0.00019482290289986567,3.708155726058539,1.3711635881190887,7.579221471750076,17.136310598082446,0.07027423148974776,1.0,0.0640782443806529,0.14796198875410482,0.15235150979100986,0.05106794110391002,0.22796851681632266,0.2396443014149554,0.19737650477327406,0.2021384504623711,0.1607149799747276,0.0640782443806529,0.1089609001064673,0.11804568859952269,0.13224252965301275,0.14796198875410482
GAZP,5,R_RSI,meanrev,"{""lo"": 20, ""n"": 3}",X5,True,0,3775,0.6943046357615894,1.4127861752535733,0.00025447143008735493,5.413509933774835,0.9606296496494906,7.5148495163692015,14.864962018090269,0.05105106020346284,1.0,0.023724325918010436,0.11333662171091419,0.10673662773883229,0.03660726078954055,0.21438844067154578,0.1409216986503452,0.09313976894191,0.12803219628403895,0.09434377576690167,0.1565938604180701,0.023724325918010436,0.11333662171091419,0.08688949019415304,0.123647911765147
SBER,5,R_RSI,meanrev,"{""lo"": 30, ""n"": 3}",X2,True,0,5969,0.6766627575808343,1.2750760529980558,0.00010581718748856265,4.51516166862121,0.6316227943352715,7.496819692857212,14.99855797056785,0.03549115330679342,0.8888888888888888,-0.02264559449395165,0.08132110873702914,0.07018031048169683,0.03603512942696739,0.08737128691701265,0.08293768457951955,0.08132110873702914,0.11000974584021606,0.09074181801406667,0.09431034151930362,-0.02264559449395165,0.07271441984994453,0.05786714912392199,0.06436612116522156
VTBR,5,R_RSI,meanrev,"{""lo"": 30, ""n"": 3}",X3,True,-1,3068,0.666232073011734,1.374863913632646,0.00020973696226827008,3.694589308996089,0.6434730023720476,7.479899140162331,13.143162050661834,0.04362287651747465,1.0,0.01043620752170682,0.05821884993929416,0.07149700026356084,0.04177771763587936,0.10165187925821201,0.1518969036405906,0.10362545780662913,0.08287529344306677,0.056919286129414104,0.10822286397160497,0.04037935385713354,0.03089878606260754,0.05821884993929416,0.01043620752170682
VTBR,5,R_RSI,meanrev,"{""lo"": 20, ""n"": 2}",X3,True,-1,3540,0.6621468926553672,1.3578506974869684,0.0001793846757618438,3.1748587570621467,0.6350217523699939,7.460718583063482,15.553884795192639,0.02756243056501262,1.0,0.009706647484563291,0.05788347944462657,0.07055797248555488,0.042540903913182125,0.09765023348247898,0.12886734772473574,0.11708720121532679,0.05643506514024921,0.05788347944462657,0.13364870089208125,0.041820562502834946,0.02858464841847308,0.06098809954710305,0.009706647484563291
SBER,5,R_RSI,meanrev,"{""lo"": 30, ""n"": 2}",X3,True,0,9118,0.6339109453827594,1.2205493552408797,7.162503867141139e-05,3.101776705417855,0.6530771036923397,7.45379508661381,19.67406727344614,0.050918406108394265,0.8888888888888888,-0.008806862984783947,0.0829126528078632,0.07256412263248219,0.039325628834614365,0.09090459282409652,0.10016388626536354,0.055786048353184015,0.11110862304121838,0.10456708991841879,0.0829126528078632,-0.008806862984783947,0.04394350950315129,0.04529373161494732,0.11810842517297715
NVTK,5,R_RSI,meanrev,"{""lo"": 30, ""n"": 2}",X3,True,0,9302,0.6320146205117179,1.2304445945562774,0.00014643683062009913,3.0597720920232208,1.362155403039651,7.435178221971469,18.16124644096093,0.06812133075436577,1.0,0.0744041505822679,0.12581806111847982,0.151350600337739,0.05720930298514735,0.1947734398664123,0.17633015444152988,0.18900842987932265,0.2507097275229171,0.12581806111847982,0.12480683777539525,0.0842991431709379,0.11745796562172472,0.0744041505822679,0.21932093292707577
SBER,5,R_RSI,meanrev,"{""lo"": 30, ""n"": 3}",X3,True,-1,3067,0.6501467231822627,1.3650893944749944,0.0001288207250129439,3.6785132050864036,0.39509316222392954,7.415138351367064,14.467257464432079,0.018324281263630837,1.0,0.006751719280146062,0.04377963160368381,0.04389924024710328,0.019524105235961837,0.15212697932405625,0.05775737504882272,0.038437865528976545,0.06460771047204616,0.026971987917931983,0.04377963160368381,0.006751719280146062,0.029339532462472562,0.0561238243826665,0.07132351552718319
GAZP,5,R_BB,meanrev,"{""k"": 1.5, ""n"": 10}",X4,True,0,3864,0.6599378881987578,1.3044305214097769,0.00023813321721000263,5.911231884057971,0.9201467557541037,7.414151362426387,16.27240685652961,0.03543877269839868,1.0,0.031984677363652736,0.09818558761617169,0.10223852841712262,0.055549921576560246,0.12560656807267076,0.10887065852875821,0.05013457403401844,0.1861208026530221,0.05803217401262373,0.10675410239491612,0.031984677363652736,0.07602516683982685,0.09818558761617169,0.20403901231111377
NVTK,5,R_RSI,meanrev,"{""lo"": 10, ""n"": 2}",X4,True,0,4267,0.6660417154909772,1.3410543836207307,0.00023855203636677252,3.743145066791657,1.0179015369976696,7.412308341964675,15.285623451294835,0.05406583385774866,1.0,0.042054498771904036,0.1372038337722188,0.11310017077751884,0.05229946782091099,0.1688158699279562,0.1372038337722188,0.161108373926254,0.13738990912679583,0.07178856479004025,0.061321318527916446,0.042054498771904036,0.05353872756313649,0.17143495164054912,0.18206135887885466
MGNT,5,V_NR_BREAK,volatility,"{""n"": 4}",X3,True,-1,1462,0.4425444596443228,1.4744118332567506,0.0007111328097840967,15.08344733242134,1.039676158270595,7.406675132106352,18.7664108448353,0.050370498618576676,1.0,0.006568820157554001,0.09715730802417966,0.11551957314117721,0.09683246603790481,0.061428986103959464,0.3359630829145317,0.07726506123435684,0.03496271693438757,0.05293391154918936,0.006568820157554001,0.11524851497961208,0.09715730802417966,0.09735179657582194,0.22222494590096176
SBER,5,R_MA_DEV,meanrev,"{""k"": 1.0, ""n"": 20}",X3,True,-1,1374,0.5982532751091703,1.5146339349554634,0.0002522203203109575,6.021834061135372,0.3465507239143335,7.354358847135183,14.360992906128716,0.01770702935755253,1.0,0.026066883074236102,0.04020165123074548,0.0385056359904815,0.007611362289875919,0.44561157000936935,0.03176986846665386,0.04264599713496864,0.046456106299956446,0.026066883074236102,0.04111911458312534,0.03912844325896003,0.028891592926811427,0.04020165123074548,0.050271066938876174
GAZP,5,R_RSI,meanrev,"{""lo"": 30, ""n"": 5}",X2,True,-1,1575,0.7257142857142858,1.5551741792556222,0.00038725493024166843,5.957460317460318,0.6099265148186532,7.348890798837404,14.659720499620688,0.037985139060765505,1.0,0.027913068130146712,0.07077939274313394,0.06776961275762813,0.025241946237130313,0.20698655542256442,0.09061007614945993,0.0410674661907251,0.10740275580610614,0.03870045055737137,0.06794110144255683,0.027913068130146712,0.0870623173614149,0.07077939274313394,0.07844988643773831
NVTK,5,R_RSI,meanrev,"{""lo"": 30, ""n"": 2}",X4,True,0,8972,0.6560410164957646,1.2711075303017327,0.00017280585903994307,3.57958091841284,1.5504141756864556,7.337976435242403,16.58706310085892,0.11726777676085476,1.0,0.06677290912193712,0.15421869728015736,0.1722682417429395,0.0701508415616909,0.17654002336188873,0.22330856509506702,0.21194577892310917,0.2775102402083576,0.15421869728015736,0.14902886585332453,0.06677290912193712,0.0975596695971035,0.11042739085678477,0.2596420587506145
SBER,5,R_BB,meanrev,"{""k"": 1.5, ""n"": 20}",X1,True,-1,1257,0.569610182975338,1.5466309050589853,0.0002810860994991687,6.728719172633253,0.3533252269953664,7.331824751751247,14.5654175053364,0.022475432138890028,1.0,0.01037385304516647,0.049522044904733775,0.03925835855504071,0.01696288348675735,0.17899334695666302,0.049522044904733775,0.05025904475769494,0.058158251689746976,0.020483113010413945,0.022366942386724986,0.03326356361503713,0.01037385304516647,0.05017810154822655,0.058720312037621625
TATN,5,V_NR_BREAK,volatility,"{""n"": 4}",X3,True,0,4893,0.47292049867157165,1.3303674563183425,0.0002735300785433741,5.505824647455548,1.3383826715617033,7.303724557309254,15.285523315773363,0.1032958528958261,0.8888888888888888,-0.03375475783832371,0.16502465750090778,0.14870918572907815,0.08859675271201856,0.07162728437098023,0.14338622913055588,0.16502465750090778,0.21328915252888692,0.05044649039336946,-0.03375475783832371,0.19174436898902059,0.23183536669239402,0.2635341726563638,0.11287699150852859
NVTK,5,R_RSI,meanrev,"{""lo"": 30, ""n"": 3}",X4,True,0,6023,0.6712601693508219,1.287264530605766,0.00021815184422993662,4.377220654159057,1.3139285659999587,7.278995701588696,14.973447638121424,0.07926124532241374,1.0,0.06040313345147297,0.16342964494106127,0.1459920628888843,0.05183900380906561,0.2237590743787098,0.16342964494106127,0.20991266213241033,0.21009806729853153,0.1513618481112644,0.0889634870691225,0.06040313345147297,0.08561149400338763,0.16602717561181635,0.17812105338089168
SBER,5,R_RSI,meanrev,"{""lo"": 30, ""n"": 3}",X1,True,-1,3063,0.6490368919360104,1.3617721780786505,0.00012789422571282948,3.7175971269996735,0.39174001292849425,7.278799010214877,14.44826014797104,0.018324281263630837,1.0,0.0035357471206225455,0.043562713100982364,0.04352666810316603,0.020553783361123307,0.1381716580725473,0.056521740145399235,0.036658406927017495,0.06733570377036813,0.027736045074561844,0.043562713100982364,0.0035357471206225455,0.030014544630830642,0.052821513992967084,0.07355359816574492
NVTK,5,R_RSI,meanrev,"{""lo"": 30, ""n"": 2}",X1,True,0,9294,0.6318054658919733,1.2412671182218242,0.00015337172006991425,3.074349042392942,1.4254367795074359,7.2778252501393155,18.9506700268654,0.06810656818561256,1.0,0.07241251516097691,0.1328909011936048,0.1583818643897151,0.05987903340990663,0.19296742340518436,0.18761635367991403,0.19148963154293597,0.24927257234230638,0.11329953180393204,0.1328909011936048,0.11443903157487512,0.11516023450531065,0.07241251516097691,0.24885600770357996
NVTK,5,R_RSI,meanrev,"{""lo"": 20, ""n"": 3}",X3,True,0,4070,0.6245700245700245,1.2768421865323318,0.00022427894270031032,3.7773955773955774,0.9128152962439344,7.272984893418362,15.452264383679747,0.039065172197297215,1.0,0.05715019176932401,0.10567528151295846,0.1014239218048816,0.021976330827747855,0.3909854069341929,0.11651558545418084,0.12820986805672874,0.11888872185954824,0.100084001023788,0.05715019176932401,0.12078317484701984,0.0874680420383811,0.0780404296820052,0.10567528151295846
VTBR,5,R_RSI,meanrev,"{""lo"": 30, ""n"": 2}",X1,True,-1,4573,0.6564618412420731,1.342939922428455,0.0001634212126974252,3.136890443909906,0.747325214031207,7.267044411078196,17.426927971778838,0.018944278359413147,1.0,0.04306448304851074,0.08028692187508568,0.08303613489235634,0.029324434991803816,0.22174275462528356,0.11615889184531625,0.11368497242801823,0.08028692187508568,0.053159661300014704,0.12731308222282678,0.04306448304851074,0.07539100490976125,0.08912627684185281,0.049139919559820555
MGNT,5,V_NR_BREAK,volatility,"{""n"": 4}",X4,True,-1,1250,0.4896,1.697712877500267,0.0008614216127011781,19.1288,1.0767770136735635,7.261317099840204,19.813142314576755,0.048893297323957086,1.0,0.008275343629065901,0.09924233140191063,0.11964189040817372,0.10233248140499104,0.059724188030490157,0.3142644440231379,0.026112559164175764,0.035982116882223636,0.04931827820837498,0.008275343629065901,0.1601479579694569,0.09924233140191063,0.11813589012308512,0.26529809227213264
VTBR,5,R_RSI,meanrev,"{""lo"": 30, ""n"": 3}",X1,True,-1,3067,0.6657971959569612,1.3817475065703146,0.00021365798438547232,3.718291490055429,0.6552890389684762,7.260962695185658,13.34986824028941,0.04362287651747465,1.0,0.009625103499274701,0.07364348671399057,0.07280989321871958,0.041416030051524805,0.11316412169753431,0.14664168620947748,0.10172306194726843,0.0833211138342449,0.050481145255616866,0.11603556769841816,0.04405720200156793,0.02976067180861719,0.07364348671399057,0.009625103499274701
GAZP,5,R_RSI,meanrev,"{""lo"": 30, ""n"": 5}",X5,True,0,3064,0.7173629242819843,1.4230949942339413,0.00031316132027674345,7.413185378590079,0.9595262864022516,7.2600711846576464,14.625895329010689,0.04052788753324421,0.8888888888888888,-0.0030636600058642216,0.1137755902018398,0.1066140318224724,0.05538729823346813,0.09868631223259278,0.1137755902018398,0.06783177034230903,0.19553060058387928,0.06984392076265067,0.1613762895576656,-0.0030636600058642216,0.1427952603189624,0.09059477917617187,0.12084173546463717
SBER,5,R_RSI,meanrev,"{""lo"": 10, ""n"": 2}",X4,True,0,4372,0.6731473010064044,1.3624673506758274,0.0001266634707695507,3.7545745654162856,0.5537726944166934,7.226773459079039,15.7314804127168,0.027781451237387955,1.0,0.0046392184449359775,0.06078553054248914,0.0615302993796326,0.041377214887961186,0.08888233128852438,0.14940423314692453,0.0931722157401964,0.08523664623498917,0.06078553054248914,0.03141878609312698,0.0046392184449359775,0.06783790815097746,0.026672897569369525,0.03460525849368423
SBER,5,R_RSI,meanrev,"{""lo"": 10, ""n"": 2}",X3,True,-1,2148,0.6582867783985102,1.4480940371508322,0.00014116878801145215,3.2742085661080074,0.30323055533608567,7.226263183362025,14.30165983140412,0.015334509080275893,1.0,0.016617679124465212,0.026180531247518957,0.03369228392623174,0.0226272345729387,0.09673690278994809,0.09169087291229516,0.042206321013509296,0.04361313418485224,0.01888546533882618,0.016617679124465212,0.016617723391391337,0.026458126939360227,0.02096070118386706,0.026180531247518957
SBER,5,R_RSI,meanrev,"{""lo"": 30, ""n"": 3}",X0,True,0,5747,0.6834870367148077,1.3175833076361236,0.00011906149443375676,5.249521489472769,0.6842464065075546,7.22578063437495,14.9924528406502,0.03300009993836284,0.8888888888888888,-0.016859562252648175,0.08304739388404414,0.0760273785008394,0.03979654152450069,0.08752316709228844,0.12750600891013164,0.08304739388404414,0.11010383267421275,0.07457487517240224,0.10499232049915008,-0.016859562252648175,0.08563439291901886,0.04883177387455362,0.06641537082668947
SBER,5,R_RSI,meanrev,"{""lo"": 30, ""n"": 3}",X5,True,0,5753,0.6832956718233965,1.3168974478090478,0.00011916681149573525,5.238831913784113,0.6855666654664674,7.218534502063054,14.963271298627753,0.03309453767724335,0.8888888888888888,-0.01695399999152869,0.08347008907003328,0.0761740739407186,0.03939351364655398,0.08928291624813403,0.12681213034375105,0.08347008907003328,0.11033102500368841,0.07328009750199271,0.10467349374084733,-0.01695399999152869,0.08465906139463186,0.053697165072662756,0.06559760333038867
GAZP,5,R_RSI,meanrev,"{""lo"": 30, ""n"": 5}",X4,True,-1,1588,0.7096977329974811,1.5148267113357246,0.00036420020244579165,5.731738035264484,0.578349920513574,7.205695978933227,14.111845204077945,0.038312532589770854,1.0,0.02108700669487007,0.059080165170598775,0.064261102279286,0.027331217644873833,0.16588920509838875,0.10666443663649261,0.0410344916745089,0.09790210900246166,0.03826391202164814,0.059080165170598775,0.02108700669487007,0.07875963050173596,0.05274470170843415,0.08281346710282378
NVTK,5,R_RSI,meanrev,"{""lo"": 30, ""n"": 2}",X3,True,-1,4586,0.644134321849106,1.2915318117336971,0.00018145742906955245,3.092455298735281,0.8321637625294898,7.202005101591571,16.053201683487796,0.04762147710425779,1.0,0.05255987460259348,0.07834061159519479,0.09246264028105441,0.034340664225414604,0.20492112549628771,0.07834061159519479,0.11346960719674826,0.1474954099394381,0.05443471874605166,0.07441780803492293,0.05255987460259348,0.09924950776985497,0.06633432462695055,0.14586190001773502
NVTK,5,R_RSI,meanrev,"{""lo"": 20, ""n"": 2}",X3,True,-1,3533,0.6470421737899802,1.3045065588757385,0.00019939819587309277,3.14973110670818,0.7044738293916453,7.191828964127457,15.15007743905342,0.05101631104480475,1.0,0.03367591311689466,0.06988496700068936,0.07827486993240503,0.035837732647022856,0.15645024864177773,0.13112645910587162,0.06988496700068936,0.1312292743677972,0.044900126740685664,0.033979142375756055,0.03367591311689466,0.09713002759963274,0.06622936128405854,0.09631855780025944
SBER,5,R_RSI,meanrev,"{""lo"": 10, ""n"": 2}",X1,True,-1,2147,0.6571960875640428,1.4455472031147396,0.0001406831720701771,3.3046110852352117,0.3020467676760745,7.181182186977134,14.548817427124986,0.014810660621151328,1.0,0.015034808764539775,0.024884184676920995,0.03356075196400828,0.02300598960685431,0.09131807542152644,0.09138599701691419,0.042194146299152635,0.04645866889040917,0.018500023681554012,0.01580276314052753,0.015034808764539775,0.024884184676920995,0.019941079712225473,0.02784509549383074
SBER,5,R_MA_DEV,meanrev,"{""k"": 1.0, ""n"": 20}",X1,True,-1,1365,0.5912087912087912,1.4973392396956384,0.0002465848976812991,6.17948717948718,0.33658838715018646,7.131985435512247,13.849907127203087,0.01770702935755253,1.0,0.02490414638305083,0.034441696134308586,0.03739870968335405,0.008530583794148706,0.36812450683644593,0.03342111398524139,0.040799031557980925,0.05327969234531338,0.02490414638305083,0.03369017793738749,0.034441696134308586,0.028459804962039925,0.03961464593157871,0.04797807791328523
SBER,5,R_BB,meanrev,"{""k"": 1.5, ""n"": 10}",X1,True,0,3988,0.5907723169508525,1.2934693758249876,0.000138496994449102,4.8031594784353056,0.5523260147165274,7.121178368589687,14.70432302285066,0.01727830688469112,1.0,0.009537641191855073,0.06388619128847495,0.06136955719072527,0.01937626965035324,0.22809689429591054,0.07711162610212341,0.06250560941407457,0.07185499148909003,0.06388619128847495,0.0746705615601968,0.009537641191855073,0.07298057511798106,0.06222560873720795,0.05755320981552359
SBER,5,R_RSI,meanrev,"{""lo"": 20, ""n"": 2}",X0,True,0,6804,0.6671075837742504,1.2951504220565329,9.95520660709148e-05,4.220605526161082,0.6773522563266852,7.1117287858432325,14.067640139219701,0.03140472888480872,0.8888888888888888,-0.01705200677133689,0.08326107315951958,0.07526136181407612,0.04396361189654486,0.07386795098701962,0.1441156716318801,0.09724835971428547,0.1162837011506781,0.08405674381128847,0.08326107315951958,-0.01705200677133689,0.0649036293689278,0.034099026743206196,0.07043605751823634
SBER,5,R_BB,meanrev,"{""k"": 1.5, ""n"": 10}",X3,True,0,3997,0.5924443332499375,1.2880212924630456,0.00013563480249250453,4.720290217663248,0.5421323055161338,7.100720396706729,14.436812747911985,0.01793002407066524,1.0,0.010861659713555127,0.06042178453571978,0.060236922835125974,0.019240202330590542,0.22416225752814264,0.07843913946999237,0.06025899847736582,0.06042178453571978,0.0666047050326597,0.0793244284868706,0.010861659713555127,0.07183630455983803,0.05570367502514273,0.05868161021498963
GAZP,5,R_RSI,meanrev,"{""lo"": 30, ""n"": 5}",X1,True,-1,1683,0.6417112299465241,1.4452188046239094,0.0003083897048126747,4.648841354723707,0.5190198733180296,7.099964175386756,15.999846323364,0.016725425492040813,1.0,0.036300509760621935,0.05593587027397007,0.0576688748131144,0.015277296361187109,0.31467746117070716,0.07017981076205615,0.049134563851112034,0.0852445775817614,0.036300509760621935,0.059592014404188376,0.046070456912275404,0.05593587027397007,0.04227786147384904,0.07428420829819515
SBER,5,R_RSI,meanrev,"{""lo"": 20, ""n"": 2}",X5,True,0,6804,0.6671075837742504,1.2942045626530196,9.930555834891344e-05,4.220017636684303,0.6756750176823516,7.0925205532414966,14.032691154592017,0.03238166618393734,0.8888888888888888,-0.01705200677133689,0.08326107315951958,0.07507500196470573,0.04373125081927474,0.07429827598968136,0.14313873433275148,0.09704701056762133,0.1157847489521373,0.08405674381128847,0.08326107315951958,-0.01705200677133689,0.0649036293689278,0.034099026743206196,0.07043605751823634
NVTK,5,R_RSI,meanrev,"{""lo"": 20, ""n"": 3}",X1,True,0,4069,0.6242319980339149,1.2734013028152293,0.00022162232281422851,3.8021626935364954,0.9017812310994486,7.091620766669281,15.449780349224008,0.039394874358549714,1.0,0.05683537368531688,0.1044684853986837,0.1001979145666054,0.02095068452951251,0.4066084370748094,0.12421628664014861,0.12138884696832974,0.10871795278217178,0.1044684853986837,0.05683537368531688,0.11942086616181768,0.08498634910210967,0.08142625103937462,0.10032081932149595
VTBR,5,R_RSI,meanrev,"{""lo"": 20, ""n"": 2}",X3,True,0,7344,0.639161220043573,1.2304994004900118,0.00012270949511368628,3.116285403050109,0.9011785304392106,7.0911344606110145,13.608072734019494,0.1119094091518491,0.8888888888888888,-0.035443455544736935,0.10398264440300409,0.10013094782657896,0.08050932014487698,0.03380093155286353,0.1944468121509999,0.15816646545863478,0.10398264440300409,0.10993970393610653,0.23514665057882667,0.03291065455414355,0.0490104477503337,0.05301860715189832,-0.035443455544736935
GAZP,5,R_RSI,meanrev,"{""lo"": 10, ""n"": 2}",X2,True,-1,2091,0.7001434720229556,1.50481324613987,0.00026178743181719765,3.6594930655188906,0.5473975229540429,7.078246465663932,13.996375736175018,0.04184808081481606,1.0,0.028888182510854676,0.06827041489304975,0.060821946994893655,0.023997009405630234,0.20294766599370065,0.09216647601533623,0.035597810870967805,0.09246475870895665,0.03976143614272587,0.07325179683539318,0.028888182510854676,0.06827041489304975,0.03753866768397529,0.07945797929278342
TATN,5,V_NR_BREAK,volatility,"{""n"": 4}",X1,True,0,4669,0.4643392589419576,1.4054922650316166,0.0003372286653498676,6.360462625829943,1.574520639507682,7.061830453696968,17.24835593600895,0.10199137992458418,0.8888888888888888,-0.04545950290048495,0.19918785628397018,0.17494673772307578,0.10019447328332001,0.07591823176231227,0.2782255979254842,0.19918785628397018,0.2057125327992253,0.06148694967851043,-0.04545950290048495,0.19181680669134948,0.26314165559597313,0.26565040252171457,0.15475834091193974
GAZP,5,R_RSI,meanrev,"{""lo"": 30, ""n"": 5}",X3,True,-1,1683,0.6417112299465241,1.4327024574752563,0.000299720006762147,4.591800356506239,0.5044287695491221,7.046789866723617,15.27550984875261,0.016810525790788233,1.0,0.03865328029496595,0.051446689350996166,0.056047641061013564,0.01492936926021806,0.31358639344324846,0.06354895188997034,0.049716113331669476,0.08477514525293373,0.03993751242524013,0.05949700099154143,0.03865328029496595,0.051446689350996166,0.04296972157317214,0.07388435443863273
PLZL,5,V_NR_BREAK,volatility,"{""n"": 4}",X1,True,0,4749,0.4550431669825226,1.2794698402528442,0.00023837495863475027,6.433354390397978,1.1320426716993097,7.042229235742369,16.260651813800717,0.035149525851011276,1.0,0.05158934014616534,0.0808098271372728,0.12578251907770108,0.08074780657364411,0.09387759610183802,0.30702845531050116,0.10397115716477856,0.0808098271372728,0.07130930700805038,0.18625420390162617,0.06852455204352736,0.1939909499778878,0.05158934014616534,0.06856487900950015
GZ,5,R_RSI,meanrev,"{""lo"": 30, ""n"": 2}",X1,False,-1,3961,0.6624589750063116,1.3138215928031174,0.00015947767683381942,3.0285281494572076,0.6316910757741425,7.025353094529205,14.330742925491082,0.04473063233308494,0.8888888888888888,-0.01415670503047295,0.06428504569339566,0.07018789730823806,0.05097460115663469,0.04466579483771934,0.05406449001748115,0.011868788162246346,0.10026808822294697,0.05133588396711275,0.06428504569339566,-0.01415670503047295,0.12174894416239113,0.07951428409432992,0.16276225648471154
NVTK,5,R_RSI,meanrev,"{""lo"": 30, ""n"": 2}",X1,True,-1,4582,0.6440419030990834,1.3140339709987434,0.0001954883458566082,3.108904408555216,0.8957276005630774,7.019138698655785,17.30542640072735,0.05015823961002752,1.0,0.04439055275724968,0.0854824012494646,0.09952528895145304,0.0372610210208521,0.19568875388945156,0.08537523652194068,0.11230215732939541,0.15211194171570241,0.04439055275724968,0.0829033208428882,0.0854824012494646,0.09788825596115203,0.06667337656836025,0.16860035761692416
MGNT,5,V_NR_BREAK,volatility,"{""n"": 7}",X3,True,-1,1087,0.44802207911683534,1.5181804919465385,0.0007675699774139679,15.477460901563937,0.8343485676668934,7.017901148138761,15.874004507917737,0.030442821967881173,1.0,0.03016706186463125,0.08311933068034705,0.0927053964074326,0.0630739041821976,0.0933917458545993,0.25264989875722677,0.09429090170306154,0.03016706186463125,0.06110141926910728,0.032043070867075585,0.08617212514218409,0.07046145498316037,0.08311933068034705,0.12434330440009944
ROSN,5,R_RSI,meanrev,"{""lo"": 20, ""n"": 2}",X3,True,0,7257,0.6184373708143861,1.210341341152038,0.00012341415455160689,3.1202976436544025,0.8956165183335543,6.9927524868541395,15.127623100457908,0.03887829673476517,1.0,0.0129703403217718,0.10344534434261732,0.09951294648150603,0.05460917869442439,0.11940868054091786,0.20134735931060277,0.049489875324070454,0.10344534434261732,0.05402279179543257,0.07707606803160161,0.1118048659118358,0.14160201561753638,0.0129703403217718,0.14385785767808557
SBER,5,R_RSI,meanrev,"{""lo"": 30, ""n"": 5}",X3,True,-1,1680,0.6208333333333333,1.3993199122369735,0.00017697541067527968,4.72797619047619,0.2973186912950041,6.985642460469916,13.601072151649301,0.02104460130794905,1.0,0.008841152273816988,0.03631808648970036,0.033035410143889346,0.01317931577386469,0.18599361484279672,0.008841152273816988,0.03631808648970036,0.04665139794815332,0.013738555062445812,0.036184403725201264,0.02788770544430008,0.03638226114708232,0.04101571915089153,0.05029941005341243
SBER,5,R_RSI,meanrev,"{""lo"": 20, ""n"": 3}",X2,True,0,3973,0.6790838157563553,1.3174776003940019,0.00013386900809012246,4.679083815756355,0.5318615684445831,6.985369046014918,15.473884450725654,0.01788141019642353,1.0,0.021803619267302565,0.06310497406957438,0.0590957298271759,0.02736407842068984,0.16055352921886257,0.10852099576732144,0.06162407377269119,0.0878747048554942,0.06805972752044909,0.06430419479147531,0.021803619267302565,0.06310497406957438,0.023347396665485576,0.03322188173478935
GAZP,5,R_RSI,meanrev,"{""lo"": 20, ""n"": 3}",X3,True,-1,1965,0.6564885496183206,1.4216995610823284,0.000254065791755602,3.759796437659033,0.4992392815711355,6.983275509247344,14.684519374805987,0.03310640368727036,1.0,0.03385513534885831,0.055180766925332136,0.055471031285681725,0.017682795854471457,0.25772956167588357,0.03853608560166322,0.03385513534885831,0.0743398937247548,0.055180766925332136,0.06638212893449236,0.03517883365202579,0.06212626659544185,0.045948402359499596,0.08769176842906745
SBER,5,R_RSI,meanrev,"{""lo"": 30, ""n"": 2}",X0,True,0,8575,0.6658892128279883,1.2810471872438598,9.065249545761913e-05,4.099475218658892,0.7773451507646314,6.975720753377191,14.709281142702569,0.04266357007145416,0.8888888888888888,-0.014319234382128343,0.09798161944490857,0.08637168341829238,0.04826268730161712,0.08394727639682947,0.15787168611132074,0.07940930090262555,0.13112261204514652,0.10092435397109512,0.09798161944490857,-0.014319234382128343,0.06512025295523927,0.04238749938667752,0.11684706032974645
SBER,5,R_MA_DEV,meanrev,"{""k"": 1.0, ""n"": 20}",X3,True,0,2795,0.5660107334525939,1.317515782289754,0.00017170148119404952,5.8254025044722715,0.47990563946450493,6.974799192787203,12.787329192526672,0.025401350110769272,1.0,0.03596968866622774,0.05155187085438229,0.05332284882938944,0.009942976866975919,0.46320202384329634,0.03596968866622774,0.0649332326165677,0.07161339092999697,0.047084398931474425,0.05155187085438229,0.04848269134527072,0.055739725357852876,0.057046963485390734,0.047483677277341485
PLZL,5,V_NR_BREAK,volatility,"{""n"": 7}",X3,True,0,3195,0.4582159624413146,1.3226399332389074,0.0003104322663022743,7.118622848200313,0.991831084684236,6.9707831584276425,15.70305046536472,0.05836679571075365,1.0,0.019890553317964077,0.09658443441730924,0.11020345385380399,0.058763095631629854,0.11832205094958914,0.23135993684991263,0.09743818888091482,0.09658443441730924,0.08528968365862966,0.1526965609518811,0.05847131373593584,0.0907665144186467,0.019890553317964077,0.1593338984530419
SBER,5,R_RSI,meanrev,"{""lo"": 10, ""n"": 2}",X2,True,0,4357,0.6745467064493917,1.3528943997035765,0.00012409363922809093,3.8239614413587333,0.5406759892357513,6.962048577917272,14.792645437696235,0.02791854366660118,0.8888888888888888,-0.0005933370266575366,0.05366812503780238,0.06007510991508348,0.04079972019943912,0.058840487474436924,0.15026735194260255,0.08766912890132517,0.08128019364085048,0.06122142547974363,0.03758675290737301,-0.0005933370266575366,0.05366812503780238,0.026781297579873353,0.042795050772838295
VTBR,5,R_RSI,meanrev,"{""lo"": 20, ""n"": 2}",X1,True,-1,3538,0.6619559072922555,1.362410422171603,0.0001817730874972046,3.191351045788581,0.6431131830445338,6.953110080457814,15.69779818737783,0.025001924484968185,1.0,0.019845934468321502,0.05923762475140393,0.07145702033828154,0.042056970285722785,0.10696243000155597,0.12454678677022457,0.11437969075632282,0.059611588512780145,0.05460287658343077,0.1430623158776143,0.04001349973259494,0.02781286559184082,0.05923762475140393,0.019845934468321502
SBER,5,R_RSI,meanrev,"{""lo"": 30, ""n"": 2}",X5,True,0,8576,0.6659281716417911,1.2799687692461994,9.037608777359647e-05,4.098647388059701,0.7750653313096336,6.951736234277563,14.636628931066113,0.04364050742879044,0.8888888888888888,-0.015152861218666658,0.09798161944490857,0.08611837014551485,0.04827210825337903,0.08313162243641448,0.15689474875398446,0.0792079517559614,0.1308547059306875,0.10092435397109512,0.09798161944490857,-0.015152861218666658,0.06512025295523927,0.04238749938667752,0.11684706032974645
GAZP,5,R_RSI,meanrev,"{""lo"": 20, ""n"": 2}",X5,True,-1,3405,0.6860499265785609,1.4274425265193178,0.0002125453709863102,3.9879588839941262,0.7237169862448809,6.926221575959879,11.738020204768011,0.05579249083530158,1.0,0.001199460748466663,0.08183951018145308,0.08041299847165344,0.04819368903590076,0.10150254252769753,0.1023047014605254,0.001199460748466663,0.12570790166500956,0.0208191896090284,0.08183951018145308,0.057753465265022896,0.11163451580796391,0.060449872398748994,0.162008369108662
NVTK,5,R_RSI,meanrev,"{""lo"": 30, ""n"": 3}",X2,True,0,5977,0.6727455245106241,1.2611519314452253,0.00020141091141585022,4.506106742512967,1.203833012474206,6.925874501176393,15.402507457831177,0.055694648646749556,1.0,0.04536430404550629,0.1464170509716496,0.1337592236082451,0.052152067424045837,0.19517334351249324,0.16742562607396394,0.20354446582496166,0.19642473870771937,0.1464170509716496,0.07811402278457535,0.08527776750270277,0.04536430404550629,0.16335874808646622,0.11790628847666085
GAZP,5,R_RSI,meanrev,"{""lo"": 20, ""n"": 2}",X0,True,-1,3404,0.685957696827262,1.4254238879170131,0.00021157411099118184,3.9888366627497063,0.7201982721410332,6.904306650610819,11.684860814047926,0.05579249083530158,1.0,0.001199460748466663,0.08183951018145308,0.08002203023789257,0.04783760838051825,0.10203552687674697,0.1023047014605254,0.001199460748466663,0.12218918756116182,0.0208191896090284,0.08183951018145308,0.057753465265022896,0.11163451580796391,0.060449872398748994,0.162008369108662
PLZL,5,V_NR_BREAK,volatility,"{""n"": 4}",X4,True,0,4655,0.4822771213748657,1.2793020529812296,0.00024325925455399806,6.872824919441461,1.1323718318599276,6.902601768210528,15.39235390498751,0.041694330517202616,1.0,0.04579837794881314,0.09181094463565387,0.12581909242888084,0.07820134124205341,0.0994376059476419,0.29647827584994957,0.10536329317255877,0.06286152775282972,0.09181094463565387,0.17252892118995078,0.06459385331254452,0.2064241711050272,0.04579837794881314,0.08651246689260006
GAZP,5,R_RSI,meanrev,"{""lo"": 20, ""n"": 3}",X1,True,-1,1964,0.6558044806517311,1.4262011494962021,0.0002569611467777904,3.7983706720977595,0.50467169363219,6.894752034496681,14.884109124980405,0.03310640368727036,1.0,0.03351337296771817,0.05140105688769836,0.05607463262579889,0.016096005117585493,0.28107547286953016,0.04110112678608857,0.03351337296771817,0.06979130892977992,0.05140105688769836,0.0690332217636751,0.04507422001915984,0.0631918481667526,0.045041000805213116,0.08652453730610432
GZ,5,R_RSI,meanrev,"{""lo"": 30, ""n"": 2}",X3,False,-1,3962,0.663301362948006,1.3027674165107184,0.00015357180535534673,3.012367491166078,0.6084514919784851,6.890501927084332,13.908696280773135,0.04369766404852271,0.8888888888888888,-0.012988603470148519,0.0609417918312829,0.0676057213309428,0.049069218640242336,0.044626741187025774,0.05251169402617961,0.011144082760438323,0.07906199450371787,0.051727720972849056,0.0609417918312829,-0.012988603470148519,0.1183508726535365,0.08900121180340648,0.15870072689722292
GZ,5,R_RSI,meanrev,"{""lo"": 30, ""n"": 2}",X4,True,-1,3845,0.6853055916775033,1.3560377935378942,0.0001808401256027357,3.4866059817945385,0.6953302811598405,6.880947505328941,13.714386213917836,0.0412386036477983,1.0,1.2039090506732464e-05,0.07635277150257025,0.07725892012887117,0.051064175125132526,0.08803553336808165,0.07635277150257025,1.2039090506732464e-05,0.11926670675165951,0.032438404829008505,0.06817421090090647,0.019982600410003215,0.15209419035818428,0.08082763066340704,0.14618172665359452
NVTK,5,R_RSI,meanrev,"{""lo"": 30, ""n"": 2}",X2,True,0,8950,0.6540782122905028,1.2463909709898422,0.00015938382008625737,3.62,1.4264851902171358,6.8740083395529945,16.449994026056682,0.07630339020397514,1.0,0.07235605991445482,0.12748444464341446,0.15849835446857063,0.06271506073650386,0.1810259558969784,0.20502069903886877,0.17799937771633267,0.274071639199974,0.11152747867163271,0.12748444464341446,0.122067587566562,0.07235605991445482,0.10714630391885294,0.22881159954704344
SBER,5,R_MA_DEV,meanrev,"{""k"": 1.0, ""n"": 20}",X1,True,0,2783,0.5619834710743802,1.314500495503567,0.0001711868444954823,5.937118217750629,0.47641298739108606,6.8644288089443215,12.694851969195081,0.025401350110769272,1.0,0.032851511605258565,0.044973846306675114,0.05293477637678734,0.013991781220875386,0.3032193091888833,0.032851511605258565,0.06262420461280271,0.07891811351873912,0.044973846306675114,0.04412972326645104,0.042916624690406024,0.055663548584561795,0.06951725768158212,0.04481815712460957
LKOH,5,R_RSI,meanrev,"{""lo"": 30, ""n"": 2}",X3,True,0,9234,0.6321204245180854,1.1925100150003702,9.787199818183257e-05,3.073099415204678,0.9037500237609493,6.858382624036591,15.564563283331163,0.03447237750515342,1.0,0.011192417819984257,0.09138781693036435,0.10041666930677214,0.06751240956238376,0.08735474164328577,0.1673689028248191,0.13273879792541265,0.10263631581983645,0.07737816761073191,0.09138781693036435,0.03948188196955016,0.011192417819984257,0.04092317594040651,0.24064254691984388
AFLT,5,R_RSI,meanrev,"{""lo"": 30, ""n"": 3}",X1,True,0,6332,0.6137081490840177,1.1926293976588804,0.00013623936249125036,3.6362918509159825,0.8626676466046774,6.855520362286334,14.01390793442643,0.06894738168921322,1.0,0.013735163913224824,0.07546695561541128,0.09585196073385305,0.05113884754550657,0.11232517180132692,0.013735163913224824,0.05210849564173259,0.16893865042948164,0.11224991828203201,0.13538524159230292,0.07546695561541128,0.06345864324248396,0.07060952301253565,0.17071505487547256
SBER,5,R_RSI,meanrev,"{""lo"": 30, ""n"": 5}",X1,True,-1,1674,0.6188769414575866,1.396777884404736,0.00017629980751959006,4.836320191158901,0.29512587741373864,6.8424985896115835,13.446463875014523,0.019546142022591084,1.0,0.00420037706498988,0.0354225788560143,0.03279176415708207,0.014946237415181253,0.1509748646309933,0.00420037706498988,0.0354225788560143,0.0547720791073516,0.014588430916774087,0.03342099438305013,0.026444144801644143,0.03833947933890158,0.03895371910039103,0.04898407384462189
NVTK,5,R_RSI,meanrev,"{""lo"": 30, ""n"": 3}",X3,True,-1,3070,0.652442996742671,1.319117728701776,0.00022982946612765345,3.6563517915309447,0.7055764577289665,6.841717933045401,13.267242058306232,0.03356584534049034,1.0,0.03908167649024108,0.08543281519087031,0.07839738419210739,0.024248645002067717,0.26502575199700695,0.07355595886474475,0.08655667724087834,0.12076337513281032,0.08069543380406685,0.039287565799895674,0.03908167649024108,0.08887108822818846,0.08543281519087031,0.09133186697727069
MX,5,R_RSI,meanrev,"{""lo"": 20, ""n"": 2}",X4,True,0,6084,0.6605851413543721,1.2449219903541542,9.668653357307878e-05,3.629026955950033,0.5882408731195028,6.834361199043189,16.254055857427765,0.04932251910213381,0.8888888888888888,-0.01363659743219614,0.062262127376016,0.06536009701327809,0.043888419478993114,0.053211657078122414,0.08201299014035612,0.09990903636207804,0.08878654954605736,0.06150706976768561,0.04962270445685135,0.013937084357166896,0.062262127376016,-0.01363659743219614,0.14383990854548756
GZ,5,R_RSI,meanrev,"{""lo"": 20, ""n"": 2}",X2,True,0,6121,0.6683548439797419,1.2442028763933353,0.0001325476626888226,3.671785655938572,0.8113242358340358,6.820423189795411,16.235272698247186,0.034186706761829555,1.0,0.012662694207392633,0.10504824043164263,0.09014713731489286,0.04404890962632625,0.14413313620975268,0.10429183159430977,0.05412985407747328,0.10504824043164263,0.012662694207392633,0.11313847737983451,0.03087540584965609,0.14919656794518232,0.10857390429009683,0.13340726005844772
GAZP,5,R_MA_DEV,meanrev,"{""k"": 1.0, ""n"": 20}",X2,True,0,2448,0.7075163398692811,1.343075936942555,0.00033251873655165297,8.429738562091503,0.8140058678181958,6.817272368242897,13.879232157635785,0.0428671914851293,1.0,0.03001905942801386,0.09505688404897228,0.09044509642424398,0.04308109807469724,0.1525524243805062,0.15828337680432014,0.03344398573972285,0.13414861354976892,0.07821119319123682,0.11092735955026001,0.03001905942801386,0.0503750320058316,0.09505688404897228,0.12354036350006936
NVTK,5,R_RSI,meanrev,"{""lo"": 30, ""n"": 3}",X5,True,0,5753,0.6786024682774204,1.2969895619349252,0.00022156219845608427,5.197983660698766,1.2746473278639314,6.81606347580489,13.475517573996646,0.1179001519922167,1.0,0.015431918669492006,0.17183174473393592,0.14162748087377017,0.06245709552726093,0.16333673787536235,0.17564506188500673,0.18829112424282357,0.23839849057549145,0.17483798164175823,0.09904418946825899,0.015431918669492006,0.10027128018555231,0.17183174473393592,0.11089553646161221
VTBR,5,R_RSI,meanrev,"{""lo"": 30, ""n"": 3}",X3,True,0,6377,0.6407401599498197,1.2355946628663066,0.00014127076302848283,3.614709110867179,0.9008836531193083,6.8133567937714945,12.368802983525628,0.10331051449793449,0.8888888888888888,-0.060683837518809014,0.10006027315102983,0.10009818367992314,0.07664440847243428,0.026523374577242652,0.1759243628475815,0.16213162583881058,0.14538536363397725,0.10006027315102983,0.20086486684158444,0.0552033114945516,0.0694472606992349,0.052550426131347194,-0.060683837518809014
NVTK,5,R_RSI,meanrev,"{""lo"": 30, ""n"": 5}",X3,True,0,3505,0.6019971469329529,1.3002145247717185,0.0002856792480683302,4.650499286733238,1.001305755735757,6.809621256758002,13.811629560494676,0.05857386812567711,1.0,0.027478893141960725,0.1280725024989806,0.11125619508175077,0.04274174830630285,0.19613261669545015,0.13743913371581584,0.15723605174571276,0.15499251336223097,0.1280725024989806,0.056476722131719725,0.027478893141960725,0.08554664280381985,0.1154508815088775,0.138612414826639
VTBR,5,R_RSI,meanrev,"{""lo"": 30, ""n"": 3}",X1,True,0,6375,0.6404705882352941,1.239668807954025,0.0001437393118750111,3.633098039215686,0.9163381178277632,6.806884455267408,12.499303064399557,0.10851606033429562,0.8888888888888888,-0.06899659415103088,0.09051952675508801,0.10181534642530703,0.07932758658915993,0.01890264618683899,0.17190851061604917,0.15814970774226822,0.14531962358159944,0.09051952675508801,0.21861682191956788,0.060572376649361104,0.07017076952615753,0.07007737518870272,-0.06899659415103088
GAZP,5,R_BB,meanrev,"{""k"": 1.5, ""n"": 10}",X2,True,0,3795,0.6766798418972332,1.2866553117500175,0.00022765712781424688,6.257444005270092,0.8639587992699944,6.787759515958703,13.272902492256511,0.06587241232045926,1.0,0.011102450895123184,0.10737064166460186,0.0959954221411105,0.06218456068536507,0.09981552230174906,0.12294920871499926,0.012392983725248996,0.16092396777821705,0.07705372728378279,0.11446335753134917,0.011102450895123184,0.04924088926054537,0.10737064166460186,0.20846157241612673
NVTK,5,R_RSI,meanrev,"{""lo"": 20, ""n"": 2}",X5,True,1,3538,0.6622385528547202,1.3766188544587605,0.00023125612588354035,4.067269643866592,0.8181841694749892,6.77323313262396,12.703554363486365,0.06862837448716164,1.0,0.01541873038513586,0.08262951544020325,0.09090935216388768,0.04483021319267087,0.1310704992358083,0.16059397073695436,0.1394655584008433,0.11403634364251047,0.12747892492916435,0.04810812050709501,0.01541873038513586,0.07168161316076294,0.058771392272319645,0.08262951544020325
NVTK,5,R_RSI,meanrev,"{""lo"": 20, ""n"": 2}",X0,True,1,3538,0.6622385528547202,1.3766188544587605,0.00023125612588354035,4.067269643866592,0.8181841694749892,6.77323313262396,12.703554363486365,0.06862837448716164,1.0,0.01541873038513586,0.08262951544020325,0.09090935216388768,0.04483021319267087,0.1310704992358083,0.16059397073695436,0.1394655584008433,0.11403634364251047,0.12747892492916435,0.04810812050709501,0.01541873038513586,0.07168161316076294,0.058771392272319645,0.08262951544020325
GAZP,5,R_BB,meanrev,"{""k"": 1.5, ""n"": 10}",X3,True,0,4079,0.5984309879872518,1.2369605426703498,0.0001787166232317875,4.730571218435891,0.7289851107889262,6.762927946070848,14.219324231075886,0.04706077533774078,0.8888888888888888,-0.004138003452681005,0.06293238277430646,0.08099834564321402,0.06028853354017114,0.04395245950176261,0.07852151308907196,-0.004138003452681005,0.15005040251708124,0.05503393296385184,0.061098939604562474,0.045549036032753065,0.06553146897931583,0.06293238277430646,0.21440543828066438
AFLT,5,V_NR_BREAK,volatility,"{""n"": 4}",X3,True,0,4900,0.4430612244897959,1.2766653027980048,0.00021874982233033289,5.669795918367347,1.0718741298478562,6.7524263176883785,19.291347281843848,0.028644409030675888,1.0,0.030154324194882065,0.1287268255255185,0.11909712553865069,0.06284032321675015,0.13296998665494655,0.18582033278653398,0.22107634448911995,0.14051473553990945,0.030154324194882065,0.035754955766606145,0.053638607561879326,0.1287268255255185,0.14979109555861214,0.12639690842479467
GAZP,5,R_RSI,meanrev,"{""lo"": 30, ""n"": 2}",X5,True,-1,4389,0.6858054226475279,1.3611916363736545,0.00017455033061583176,3.8758259284575076,0.7661014040754708,6.748623440826673,10.973513126342331,0.05028699740068987,0.8888888888888888,-0.018478698621038347,0.09850757388630882,0.08512237823060786,0.05757061061302008,0.05967574691251524,0.10160918562905863,-0.018478698621038347,0.12327093072235584,0.04916737164603546,0.09850757388630882,0.018696104176342487,0.14384920673910528,0.07525875685360006,0.17422097304370254
GZ,5,R_RSI,meanrev,"{""lo"": 30, ""n"": 2}",X2,True,-1,3833,0.6843203756848422,1.3439347051578936,0.00017537345263315878,3.510044351682755,0.6722064460191177,6.747363812721377,13.298664558751737,0.04781342996284366,0.8888888888888888,-0.0014175254618749022,0.06541066040517762,0.0746896051132353,0.04814660664556647,0.06340724595609126,0.053817149135284126,-0.0014175254618749022,0.12139759366982616,0.026739757835457567,0.06541066040517762,0.03611709800316021,0.1355416172882542,0.0923412948686746,0.14225880027515814
VTBR,5,R_RSI,meanrev,"{""lo"": 20, ""n"": 2}",X1,True,0,7342,0.6390629256333424,1.2325346910972246,0.00012382673166468175,3.128439117406701,0.9091358604091511,6.746878718869208,13.537951650291465,0.10909484946751036,0.8888888888888888,-0.034412031673127785,0.10530383202421945,0.10101509560101679,0.08316213112743145,0.03252407269807447,0.1901262506726198,0.15423718225065386,0.10811168179498054,0.10530383202421945,0.25328434724360704,0.03379591787233949,0.04645179590443149,0.05223688431942719,-0.034412031673127785
NVTK,5,R_RSI,meanrev,"{""lo"": 30, ""n"": 3}",X0,True,0,5748,0.6788448155880307,1.294431383171475,0.00021989793103636165,5.207898399443285,1.263973309451103,6.723402951153847,12.7723181078759,0.12761369929648936,0.8888888888888888,-0.003366184886544943,0.17427834590125713,0.14044147882790034,0.06730921365897606,0.12030576282818117,0.17814699839800596,0.19095679483143613,0.23856427297869232,0.17483798164175823,0.09972319126245566,-0.003366184886544943,0.10027128018555231,0.17427834590125713,0.11056062913849019
GAZP,5,R_RSI,meanrev,"{""lo"": 30, ""n"": 2}",X0,True,-1,4387,0.6856621837246409,1.3597396309268657,0.00017372127026986942,3.877136995669022,0.7621152150386479,6.720253691218528,10.918816204074126,0.05028699740068987,0.8888888888888888,-0.018478698621038347,0.09850757388630882,0.08467946833762754,0.057330392778032646,0.05973737746988406,0.10160918562905863,-0.018478698621038347,0.11975221568718553,0.04916737164603546,0.09850757388630882,0.018696104176342487,0.14384920673910528,0.07479128285194747,0.17422097304370254
MGNT,5,V_NR_BREAK,volatility,"{""n"": 7}",X4,True,-1,973,0.49537512846865367,1.6920821476802848,0.0008672114693334372,19.34840698869476,0.8437967584645741,6.71482255404713,16.440863461405065,0.02338981442153454,1.0,0.014302236759249354,0.0757325462764129,0.09375519538495268,0.07700544056878844,0.065105702842398,0.2691313448303845,0.02653513033874333,0.014302236759249354,0.03593235492007807,0.03533379182044882,0.10656845418270677,0.0757325462764129,0.12932368915062398,0.15093721018592643
RN,5,R_RSI,meanrev,"{""lo"": 30, ""n"": 2}",X3,True,0,7125,0.5797894736842105,1.2066754588539315,0.00012575861882532788,2.9705263157894737,0.8960301602419349,6.713146776594302,15.853256563627554,0.043581579346209764,1.0,0.011373482586350292,0.0795737135631498,0.09955890669354833,0.07666824430530787,0.06958446980391954,0.20559102471452206,0.011373482586350292,0.030743628041818738,0.029791492132062558,0.0795737135631498,0.10956380615243688,0.2243223513214616,0.03851766884326935,0.16655299288686365
NVTK,5,R_RSI,meanrev,"{""lo"": 20, ""n"": 2}",X4,True,-1,3436,0.6752037252619325,1.357601614162289,0.00023459883686610257,3.6743306169965075,0.8060815972130513,6.7097932435849135,14.589741271469666,0.07926076592411846,1.0,0.04005249458714388,0.08494226913899183,0.08956462191256126,0.036394021355200416,0.18391069207703903,0.1538461609998194,0.08072772354353219,0.12883936427533627,0.053589420294883894,0.04005249458714388,0.05086440430022776,0.11930220379144885,0.0939175562816672,0.08494226913899183
ROSN,5,R_RSI,meanrev,"{""lo"": 20, ""n"": 2}",X1,True,0,7252,0.6178985107556536,1.2018792653183772,0.00011863266155116,3.138996138996139,0.8603240606826148,6.705671067989411,14.209590236946386,0.03887829673476517,1.0,0.0024744042893871665,0.09532766361371614,0.09559156229806831,0.05518311351627914,0.10592102551172138,0.20184440369484946,0.05761516134953126,0.10555060425394913,0.047321056423243135,0.07826908043352887,0.09532766361371614,0.1387163589533884,0.0024744042893871665,0.13320532767102122
NVTK,5,R_RSI,meanrev,"{""lo"": 30, ""n"": 5}",X1,True,0,3500,0.6008571428571429,1.2993529158089394,0.0002853095498861786,4.69,0.9985834209910536,6.702218133682602,13.7278310721317,0.05857386812567711,1.0,0.02585173852276057,0.12251076856045984,0.1109537134434504,0.04234312122598276,0.193612801353266,0.14866548392456025,0.15435691707534716,0.14699936256874935,0.12005998002132401,0.06074633317621192,0.02585173852276057,0.08187218153034337,0.12251076856045984,0.13752065561129712
TATN,5,V_NR_BREAK,volatility,"{""n"": 4}",X4,True,0,4594,0.4919460165433174,1.3811099921054517,0.00032864892860882944,6.713974749673487,1.5098131673585158,6.70067750676276,14.42331237370293,0.12674043665174395,0.8888888888888888,-0.0322073478018865,0.2036717422597576,0.16775701859539063,0.09908218253887571,0.07889057385292586,0.1984499454847537,0.22650278720539063,0.20957960234954953,0.046607828204287216,-0.0322073478018865,0.2036717422597576,0.26850786502473056,0.28006901949993335,0.1086317251319997
NVTK,5,R_RSI,meanrev,"{""lo"": 20, ""n"": 3}",X4,True,0,3916,0.6708375893769152,1.3062452827214985,0.0002547559055596239,4.58120531154239,0.9976241255099012,6.700409974973531,13.351416138635233,0.05402855668216944,1.0,0.05491320716100745,0.1187500273808837,0.11084712505665568,0.03839470813432877,0.23242967186519178,0.1388287997979205,0.1478167599561857,0.1187500273808837,0.09453415258030873,0.05491320716100745,0.06662703771144152,0.0690949758318311,0.14091530616860837,0.16614385892171413
VTBR,5,V_NR_BREAK,volatility,"{""n"": 4}",X3,True,0,5012,0.45849960095770154,1.3109258077010897,0.00020862162459887054,5.671588188347965,1.045611591936904,6.680987723919413,18.01321270621044,0.04614424589090049,1.0,0.04843997728312388,0.08818322424485814,0.11617906577076711,0.0753545036188137,0.09741515614515742,0.12103159981779754,0.08230594691121951,0.053829801618121564,0.08818322424485814,0.07372801355086267,0.04843997728312388,0.13846096873749048,0.12790798349305987,0.31172407628037035
GAZP,5,R_BB,meanrev,"{""k"": 1.5, ""n"": 10}",X1,True,0,4078,0.5978420794507111,1.2508214920784733,0.0001893500933639684,4.774153997057381,0.772169685584231,6.677713078299695,14.859221899337966,0.04760420019738376,0.8888888888888888,-0.0018307453719899058,0.06398437883763108,0.08579663173158122,0.06696295207468772,0.039893136866061066,0.09079327498329803,-0.0018307453719899058,0.15295098677961505,0.0543945888930466,0.058896897913655266,0.04580057904240675,0.06398437883763108,0.06650911035831086,0.2406706141482573
LKOH,5,R_RSI,meanrev,"{""lo"": 30, ""n"": 2}",X1,True,0,9228,0.63209796272215,1.188092095072829,9.56336734092011e-05,3.0887516254876464,0.8825075322965859,6.675667744166681,15.096676288771064,0.03320809919387102,1.0,0.022181607724633068,0.07742901539313607,0.09805639247739843,0.06605968241587395,0.08691523984737795,0.16423364501679316,0.12270165979862213,0.09990600899982383,0.07337311959418003,0.07742901539313607,0.03873440724419197,0.022181607724633068,0.04168359684990719,0.2422644716752984
GZ,5,R_RSI,meanrev,"{""lo"": 30, ""n"": 3}",X3,True,0,5543,0.6482049431715677,1.2255043869822164,0.00013722378941739976,3.546094172830597,0.7606314649783599,6.631400078063717,16.83603819045876,0.04522207047557458,1.0,0.02595274767736555,0.07233073655515909,0.08451460721981777,0.054899612284275506,0.09672795378225493,0.0984258545213379,0.049856909085065126,0.053734227767563425,0.04425922081281897,0.08977247889561113,0.02595274767736555,0.1031889137957478,0.07233073655515909,0.2231103758676909
SBER,5,R_BB,meanrev,"{""k"": 1.5, ""n"": 20}",X3,True,0,2657,0.5359427926232593,1.3248570254549175,0.00018147071839656856,6.118554761008657,0.48216769994905917,6.629805266490808,13.176284269345748,0.025033948244526982,1.0,0.018445770590915345,0.05098489954252727,0.0535741888832288,0.028133512440202225,0.13191166209269012,0.12256518384674564,0.05098489954252727,0.06686682574218139,0.05853330086392816,0.040879610234696884,0.030638501310022548,0.018445770590915345,0.03832121154118795,0.05493239627685398
NVTK,5,R_RSI,meanrev,"{""lo"": 20, ""n"": 2}",X1,True,-1,3529,0.6469254746387079,1.3156292935205722,0.00020674082686869972,3.168319637291017,0.729588382091606,6.627882055111876,15.736996943078168,0.053553073783405125,1.0,0.0405858668818837,0.0696959895431064,0.08106537578795622,0.030610686533880164,0.19748162230810634,0.13277610205113888,0.0696959895431064,0.12258043226029258,0.0405858668818837,0.04147350724088028,0.06831715640146285,0.09511254215613008,0.0665684129926376,0.09247837256407365
VTBR,5,R_RSI,meanrev,"{""lo"": 30, ""n"": 3}",X4,True,0,6116,0.6765860039241334,1.2693440429598573,0.0001644809225255581,4.332243296272074,1.0059653215066646,6.621152859721777,11.870018912363445,0.06701530748978257,0.8888888888888888,-0.027597750071436167,0.07454474456608295,0.11177392461185162,0.0882361540980475,0.027679617355742772,0.23614045413705753,0.15215199952945113,0.1862419393437449,0.0679715346195735,0.23350993118947372,0.042592084646457806,0.07454474456608295,0.040410383546259254,-0.027597750071436167
AFLT,5,R_RSI,meanrev,"{""lo"": 30, ""n"": 3}",X3,True,0,6334,0.6136722450268393,1.1873238143656821,0.00013249228172265235,3.6163561730344176,0.8392061119557184,6.618818324361024,13.48967838123856,0.07065712846815586,1.0,0.007189482406829484,0.08786470601990004,0.09324512355063537,0.05149091431129651,0.1116961721760652,0.007189482406829484,0.04665010240569245,0.16710593982134014,0.10949105489999056,0.13326101188431494,0.08786470601990004,0.056708836898906156,0.06744134495966136,0.16349363265908323
GAZP,5,R_RSI,meanrev,"{""lo"": 10, ""n"": 2}",X4,True,-1,2092,0.6993307839388145,1.4588203013534997,0.000243833572202764,3.628585086042065,0.5100998361665461,6.598539195291822,12.511261778878652,0.0409422378288582,1.0,0.01884388373582624,0.06601631623925641,0.056677759574060675,0.022514154472795082,0.19510122494575297,0.0790054317085378,0.0351270527462475,0.0880146200688614,0.04395331343403086,0.06601631623925641,0.01884388373582624,0.06790684285806492,0.035514457426643276,0.07571791794907767
LKOH,5,R_RSI,meanrev,"{""lo"": 20, ""n"": 2}",X3,True,0,7196,0.6281267370761534,1.2072522930734924,0.00011020416529749675,3.1121456364647027,0.7930291746067866,6.594360932926574,15.59146220331308,0.04099031165242195,1.0,0.025406772212591022,0.08508028255891986,0.0881143527340874,0.05060628044600907,0.11664040397395811,0.17757692915620282,0.12734483717940748,0.08508028255891986,0.03892575000645593,0.09372503979830071,0.025406772212591022,0.04647294818074954,0.048592627281323075,0.14990398823283613
NVTK,5,V_NR_BREAK,volatility,"{""n"": 4}",X3,True,0,4948,0.452303961196443,1.252427882421359,0.00022191504543613396,5.627930476960388,1.0980356427826337,6.589304710183817,14.794654669771617,0.11633439820434432,1.0,0.06826385990643757,0.10909879070095485,0.12200396030918152,0.05463042669237808,0.1678277869759638,0.1273075108147168,0.16766089585144073,0.08250611936091445,0.06826385990643757,0.06852235236874549,0.24953859343077056,0.09220167883904651,0.10909879070095485,0.1329358415096067
NVTK,5,R_RSI,meanrev,"{""lo"": 10, ""n"": 2}",X2,True,0,4247,0.6651754179420768,1.2999606332998623,0.0002152292512565701,3.791146691782435,0.9140786293937708,6.578201926752691,13.172180468492707,0.045276140270289034,1.0,0.021282685920596123,0.125855153251905,0.10156429215486343,0.04856639712375493,0.15530286588363415,0.125855153251905,0.15769953839480877,0.1267039601225406,0.0653267745510675,0.05377210489677964,0.06165266135940328,0.021282685920596123,0.1641800117213279,0.13760573917534202
SBER,5,R_RSI,meanrev,"{""lo"": 20, ""n"": 2}",X4,True,1,3591,0.656641604010025,1.3053843195241583,0.00010372290056879167,3.6613756613756614,0.3724689358714386,6.577278732369914,13.610992646939987,0.015890233014943078,0.8888888888888888,-0.008210540399886668,0.04485322051914409,0.04138543731904873,0.030517086218084116,0.04910823130119172,0.08954185568290995,0.07202942855656147,0.03876080387271941,0.06757483673573006,0.04485322051914409,-0.008210540399886668,0.046123354171868414,0.01712540036533028,0.004670576367061585
RN,5,R_RSI,meanrev,"{""lo"": 10, ""n"": 2}",X1,False,0,3303,0.5918861640932486,1.3344454840420825,0.0002190698715225427,3.1080835603996366,0.7235877835373685,6.5668696568295255,14.68799026511892,0.04548829048871994,1.0,0.025338377086882247,0.05596725214854814,0.08039864261526317,0.05297824444619944,0.08924638405667518,0.12414231197908521,0.07658163772430271,0.05596725214854814,0.025338377086882247,0.04589113312977133,0.045816470170393586,0.11687830125447363,0.03468893458193634,0.19828336546197534
GZ,5,R_RSI,meanrev,"{""lo"": 20, ""n"": 2}",X2,False,0,6098,0.6707117087569695,1.2394322339395547,0.00013379217407737023,3.703181370941292,0.8158646714664428,6.560856655450601,14.761359277379368,0.04240516680874862,1.0,0.02076338359620422,0.09888693941047677,0.09065163016293809,0.047731833933995965,0.13262728902723425,0.09888693941047677,0.06234343978576362,0.10399836214855895,0.024439181084744632,0.09677265305072069,0.02076338359620422,0.18720064562512562,0.10728596310946159,0.11417410365538672
GZ,5,R_RSI,meanrev,"{""lo"": 30, ""n"": 3}",X1,True,0,5542,0.647239263803681,1.223499648015364,0.00013624354375943814,3.5635149765427645,0.755061720021331,6.539948902306754,16.632653474391404,0.04522207047557458,1.0,0.025389202350197593,0.06970826027099974,0.08389574666903678,0.05435758046195319,0.09590721925310688,0.10646812996128574,0.04892698861658573,0.05547231341188308,0.03950306108163204,0.09013684597448446,0.025389202350197593,0.10091800954251084,0.06970826027099974,0.21853890881175175
LKOH,5,R_RSI,meanrev,"{""lo"": 20, ""n"": 2}",X3,True,-1,3466,0.6445470282746683,1.3201558270293146,0.0001611103513517603,3.136468551644547,0.5584084795627859,6.5397053984998355,11.08006546175422,0.03681156947277486,1.0,0.039423490496119484,0.050209037988679484,0.062045386618087325,0.022948035042714553,0.20783398918813487,0.08427741244668141,0.0993463781196624,0.050209037988679484,0.04410486758570187,0.04561838510562666,0.039423490496119484,0.05941094031004468,0.040329960582312196,0.09568800692795776
GMKN,5,V_NR_BREAK,volatility,"{""n"": 4}",X1,True,0,4596,0.44625761531766756,1.300397129210487,0.00024712427672355676,6.5248041775456915,1.1357831806963077,6.533590103642489,17.27296517593294,0.03132038831245154,1.0,0.06821374295395799,0.11244526680093259,0.12619813118847864,0.04833374104251341,0.1989922168195821,0.21978072985075414,0.08443660713965073,0.06821374295395799,0.09245464700507,0.13378186494810507,0.12973081355448812,0.11244526680093259,0.1967582772631431,0.09818123118020594
MX,5,R_RSI,meanrev,"{""lo"": 10, ""n"": 2}",X3,True,0,3682,0.6482889733840305,1.2709934790976392,0.0001120748649773015,3.137153720803911,0.41265965095772117,6.527305415984216,14.502107475625587,0.02370754038565792,0.8888888888888888,-0.003192507658241084,0.03655700269155204,0.04585107232863569,0.034482229575204096,0.04293812636623654,0.09897231875220314,0.08740558734280057,0.03655700269155204,0.03644089831504971,0.04401770057120302,-0.003192507658241084,0.009827410136495018,0.01806219227728434,0.08456904852937441
MX,5,R_RSI,meanrev,"{""lo"": 10, ""n"": 2}",X1,True,0,3682,0.6482889733840305,1.2782547447755832,0.00011507790908422883,3.148017381857686,0.42371685881335,6.521604663693303,14.774514504692094,0.02370754038565792,0.8888888888888888,-0.002605581768875709,0.033606911660172045,0.04707965097926111,0.03549331922142773,0.04052782230147079,0.10018019820563495,0.09387346237781458,0.0327873844653368,0.033606911660172045,0.04483670660374628,-0.002605581768875709,0.012798512852896238,0.02099187465501018,0.08724738976161461
NVTK,5,R_RSI,meanrev,"{""lo"": 30, ""n"": 3}",X1,True,-1,3068,0.6522164276401564,1.3255454442730543,0.00023444482434762344,3.6779661016949152,0.7192767223368719,6.52029596602206,13.529607787599632,0.03356584534049034,1.0,0.0442400635802187,0.08284025307511911,0.07991963581520799,0.017774832040641904,0.37854753793132356,0.06988255766918883,0.08572671399451792,0.11622791743138805,0.07665668317349628,0.0442400635802187,0.07336493451111892,0.08468651783186942,0.08565108106995467,0.08284025307511911
VTBR,5,V_NR_BREAK,volatility,"{""n"": 4}",X4,True,0,4705,0.4771519659936238,1.362705040318083,0.0002423591720220956,6.8799149840595115,1.1402999046549667,6.505474559792752,17.689380112957206,0.060669248399790376,1.0,0.0464369650289882,0.11203292210120708,0.1266999894061074,0.08358970946765173,0.09818198871770187,0.05673691019183025,0.11590205662650988,0.0464369650289882,0.09279908682219684,0.11203292210120708,0.057926178677007556,0.1524971210747026,0.1730581743759103,0.33291048975661397
LKOH,5,R_RSI,meanrev,"{""lo"": 20, ""n"": 2}",X1,True,-1,3465,0.6438672438672439,1.3142963003394181,0.00015826919263266576,3.154112554112554,0.5484027550664905,6.471258362489853,10.90386264416749,0.03681156947277486,1.0,0.029353325197007507,0.056356576387770474,0.06093363945183228,0.02405466824462514,0.19073481951348914,0.08215515787014738,0.0983554117847234,0.056356576387770474,0.0408631289137702,0.04285425858688541,0.04045451487763785,0.0626285296457354,0.029353325197007507,0.09538185180281289
SBER,5,R_BB,meanrev,"{""k"": 1.5, ""n"": 20}",X1,True,0,2641,0.5316168118137069,1.326336817959423,0.00018353155066129013,6.304808784551306,0.484706827744958,6.466139236676589,13.23067631450246,0.025033948244526982,1.0,0.01833048965454509,0.053414453606819734,0.053856314193884224,0.029650535390210647,0.12631056597074347,0.12439605843974277,0.057744685193029,0.07331183791393414,0.05451871920922713,0.03691740769863827,0.02508897485677153,0.01833048965454509,0.04098420117225032,0.053414453606819734
SBER,5,R_BB,meanrev,"{""k"": 1.5, ""n"": 10}",X4,True,0,3808,0.6496848739495799,1.2863592425934545,0.00014444982030862135,5.810136554621849,0.550064911829395,6.462543085851215,13.419241819491855,0.02097577323729638,0.8888888888888888,-0.005065838937298395,0.06013902025006246,0.06111832353659944,0.030884101242029973,0.09539491678660936,0.0904489933163859,0.05045741272624582,0.1069825190352276,0.06542039877967909,0.06013902025006246,-0.005065838937298395,0.08530049660475925,0.05789044707125868,0.0384914629830746
LKOH,5,R_RSI,meanrev,"{""lo"": 30, ""n"": 5}",X3,True,0,3450,0.5965217391304348,1.2581187085290073,0.00019404641573882747,4.74,0.6694601309536665,6.459340269034482,12.739995429481867,0.043448348180390894,1.0,0.03307582861452829,0.06998231302713975,0.07438445899485184,0.030541307646910022,0.18113644194836076,0.12850564208929427,0.06998231302713975,0.08269199609640054,0.03307582861452829,0.06049262591113802,0.04900194413494319,0.05154537305861595,0.07176630388130434,0.12239810414030217
MX,5,R_RSI,meanrev,"{""lo"": 20, ""n"": 2}",X2,True,0,6083,0.6605293440736478,1.228072728211384,9.11299741995024e-05,3.665132336018412,0.554343635191799,6.458607951841183,13.694029277859755,0.03976642549969256,0.8888888888888888,-0.004792532650753856,0.06425410055089742,0.06159373724353322,0.037218642788263305,0.07474893358034002,0.08086461087805219,0.09717490378534421,0.07608967988198856,0.05672897663407639,0.053616453500580974,0.01001338375499472,0.06425410055089742,-0.004792532650753856,0.12039405885661836
GZ,5,R_RSI,meanrev,"{""lo"": 20, ""n"": 2}",X1,True,-1,3025,0.651900826446281,1.3184103220084302,0.00016663518048197148,3.07801652892562,0.5040714159913477,6.455770450237886,13.538746274909675,0.027127897599712014,0.8888888888888888,-0.005297999072354287,0.05447454814566299,0.05600793511014975,0.04084277960004899,0.05072353938690346,0.040198549919296056,-0.005297999072354287,0.060926940699573606,0.022319304960547015,0.05447454814566299,0.029245106656162534,0.09406540909549221,0.06496181100374088,0.14317774458322674
ROSN,5,R_RSI,meanrev,"{""lo"": 30, ""n"": 3}",X3,True,0,6328,0.6254740834386852,1.2203857162543148,0.0001445613014677138,3.618204804045512,0.9147839226607175,6.454985542656973,13.282291994476337,0.05852236002101563,1.0,0.017651736066909507,0.1131570324942004,0.10164265807341305,0.0576873177996457,0.11978662618198033,0.2163284529815428,0.07141653849976137,0.12461198472010437,0.027589025849010795,0.07674236975071835,0.1131570324942004,0.13070353973307647,0.017651736066909507,0.13658324256539345
SBER,5,R_BB,meanrev,"{""k"": 1.5, ""n"": 10}",X3,True,-1,1889,0.6109052408681842,1.377573807576654,0.00017098227698297063,4.913710958178931,0.32298552178315276,6.441356558422083,11.612284332035978,0.01921587437391281,1.0,0.023796750847282055,0.03544289292767644,0.035887280198128084,0.008279156264421621,0.3706146012554073,0.05015608231769875,0.03544289292767644,0.028862529899924994,0.023796750847282055,0.04350986187637318,0.026158243184909225,0.04390467882330995,0.035993656201753765,0.03516082570422441
SBER,5,R_BB,meanrev,"{""k"": 1.5, ""n"": 10}",X2,True,0,3717,0.6674737691686844,1.2884307363609566,0.00014689342261492452,6.296475652407856,0.5460028552151925,6.433828418989458,12.986172633244475,0.026558516547083855,1.0,0.005596251925453544,0.06346660029521445,0.06066698391279917,0.02392666126543259,0.17393793155476428,0.07371872675139457,0.05456466654140968,0.0999110717966687,0.07389391951801372,0.06819343435927294,0.005596251925453544,0.05684828234370798,0.04980990168405697,0.06346660029521445
GZ,5,R_RSI,meanrev,"{""lo"": 10, ""n"": 2}",X2,True,0,3614,0.6853901494189264,1.305231092353663,0.00017529593477428194,3.741837299391256,0.6335195099454722,6.432469700952144,12.891329534928907,0.04019727185368538,1.0,0.01616311157704331,0.07608904875814915,0.07039105666060802,0.030202062537140733,0.16789599292253352,0.11891248236497631,0.07608904875814915,0.08602079447882716,0.03473925622893148,0.08052461963961832,0.01616311157704331,0.06617039564298466,0.05350707157049328,0.10139272968444857
LKOH,5,R_RSI,meanrev,"{""lo"": 20, ""n"": 2}",X1,True,0,7194,0.6278843480678343,1.2024434331957166,0.00010765018057758782,3.1283013622463165,0.7744354000221989,6.423976788759701,15.192964768949626,0.04099031165242195,1.0,0.027199483185540885,0.080521687224973,0.08604837778024432,0.049342445414867354,0.11677343847589824,0.17204324883641675,0.12701714248396456,0.09125754196429625,0.03504968871129677,0.080521687224973,0.027199483185540885,0.04983830910875042,0.0446795797906816,0.14682871871627867
MX,5,R_RSI,meanrev,"{""lo"": 30, ""n"": 2}",X4,True,0,7718,0.6579424721430422,1.2142217880355584,8.207812752785725e-05,3.5298004664420835,0.6334789906613878,6.421222050875709,15.295281173343424,0.03281978168524802,1.0,0.01192351704230532,0.058208716836816166,0.07038655451793198,0.04499313309703215,0.09218751751525461,0.09982032509287819,0.08608425440615974,0.09480949302087538,0.04259992580045946,0.04398793398286216,0.01192351704230532,0.058208716836816166,0.027497586721437983,0.1685472377575934
SBER,5,R_BB,meanrev,"{""k"": 2.0, ""n"": 10}",X3,True,0,2449,0.5639036341363822,1.3219925587883432,0.0001605770064268909,4.810534912209065,0.39325308527986635,6.4138961825087675,15.23668745356865,0.024591950292233378,1.0,0.012080316184437834,0.04441811051219702,0.04369478725331848,0.015367823552808725,0.20907348592470973,0.06869116006419063,0.04684818163514137,0.059407942066172836,0.04441811051219702,0.03967843181453645,0.012080316184437834,0.04065134576376295,0.030713908083271235,0.05076368915615603
ROSN,5,R_RSI,meanrev,"{""lo"": 10, ""n"": 2}",X3,True,0,4364,0.6221356553620532,1.2839281290163236,0.0001743024640160316,3.1608615948670944,0.760655945756298,6.411408688446634,16.336827216270112,0.03402103949338198,1.0,0.000590724783251062,0.08152048230112996,0.08451732730625533,0.057554704773304426,0.08409006600159843,0.17169195743917953,0.04170353157678619,0.04812076804228127,0.000590724783251062,0.08152048230112996,0.1319318385430961,0.13882604631362483,0.015923324492177926,0.13034727226477116
SBER,5,R_RSI,meanrev,"{""lo"": 30, ""n"": 2}",X4,True,-1,4405,0.6667423382519864,1.2954951948435247,9.451811984897001e-05,3.6744608399545973,0.41635232077896944,6.4092045605208465,11.466977358009558,0.022642802447080612,1.0,0.007671988729271106,0.040924518019892275,0.04626136897544105,0.018583748055272756,0.16484228084711605,0.07655089721083641,0.04063087332906434,0.06725224646106653,0.03869649274747644,0.040924518019892275,0.007671988729271106,0.039676464322838,0.04908239157521166,0.05586644838331267
GZ,5,R_RSI,meanrev,"{""lo"": 20, ""n"": 2}",X1,True,0,6327,0.6429587482219061,1.2074505704592615,0.00011314214621806028,3.0820293978188715,0.7158503638893308,6.407258054544066,15.881375664575913,0.03218964324332774,1.0,0.009316415547800716,0.07448142713838024,0.07953892932103675,0.04455264804839483,0.11128578320666452,0.08743287244578823,0.07059786462923512,0.05309591570403427,0.02527931280201301,0.07448142713838024,0.009316415547800716,0.14622911782134906,0.10747692690347321,0.1419405108972569
GZ,5,R_RSI,meanrev,"{""lo"": 10, ""n"": 2}",X4,False,0,3618,0.685461580983969,1.300484471460669,0.00017813640164695792,3.72277501381979,0.6444974972491764,6.405147769615565,12.487988045005606,0.03598977066576481,1.0,0.021116631134646013,0.06316306110238656,0.07161083302768627,0.03304173422192245,0.1471318233210827,0.14019232603459386,0.05643007053913607,0.0728284791985061,0.04849305029347306,0.0564085183723364,0.021116631134646013,0.07568981882650405,0.06316306110238656,0.11017554174759425
RN,5,R_RSI,meanrev,"{""lo"": 20, ""n"": 2}",X3,True,0,5615,0.5855743544078361,1.2236011597997727,0.00014038752537450614,3.0039180765805877,0.7882759530693875,6.3927373454237175,14.569507865192408,0.04045379825402051,1.0,0.0057051853073062375,0.06271614599972963,0.08758621700770972,0.05798664753826351,0.08002149014638055,0.12983232985425275,0.06092358811292797,0.04231355802039616,0.0057051853073062375,0.0817862735275412,0.06271614599972963,0.18193589022848755,0.04706622170488117,0.1759967603138648
PLZL,5,R_RSI,meanrev,"{""lo"": 10, ""n"": 2}",X3,True,0,4410,0.6326530612244898,1.2177427242359962,0.0001544876134260473,3.1780045351473922,0.6812903761347116,6.380649852053834,12.457228771549843,0.030420636059716344,1.0,0.035179903235984966,0.0714197076158598,0.07569893068163462,0.02352932282279014,0.24912335042343595,0.10375754436245188,0.0714197076158598,0.09306856798866647,0.08888214411854278,0.06292410322930664,0.035179903235984966,0.06380697514396161,0.052003078533743974,0.11024835190619342
GAZP,15,R_RSI,meanrev,"{""lo"": 20, ""n"": 3}",X2,True,0,1356,0.7109144542772862,1.5689644246764167,0.000584873387844681,4.54424778761062,0.7930883139306388,6.3769255731607615,13.778574592500684,0.05023494642227888,0.8888888888888888,-0.001885674922959879,0.09316910250345245,0.08812092377007098,0.07643823565091347,0.04013793005441974,0.26470367884030566,0.10465575471607735,0.04866797886279528,-0.001885674922959879,0.09316910250345245,0.018513150163926184,0.022175761143444106,0.11846940370742232,0.12461915891617537
GAZP,5,R_MA_DEV,meanrev,"{""k"": 1.0, ""n"": 20}",X4,True,0,2549,0.6571204393879952,1.316444879590252,0.0002989236598872276,7.543742644174186,0.7619564083306614,6.373767023802297,11.127578411596145,0.05287206172943115,1.0,0.005533595918677747,0.09175416035577655,0.08466182314785126,0.05117354983026857,0.10524863599185924,0.15672641497803852,0.005533595918677747,0.15248602468636818,0.07836192118884355,0.09175416035577655,0.009883877588436007,0.054683895665220916,0.10660561558324844,0.10592090236605145
GZ,5,R_RSI,meanrev,"{""lo"": 20, ""n"": 2}",X3,True,-1,3025,0.6525619834710744,1.3099441527901086,0.00016202900784615472,3.064462809917355,0.49013774365448626,6.361860505418091,13.155109295355858,0.026279592071659863,0.8888888888888888,-0.004449693544302136,0.04513374384259805,0.05445974929494292,0.04078262658736057,0.043879516763501915,0.03700434433994815,-0.004449693544302136,0.04513374384259805,0.02611830161185935,0.05200993380276486,0.02769980571611086,0.09232419723412022,0.07112255864194594,0.14317455200944096
RN,5,R_RSI,meanrev,"{""lo"": 30, ""n"": 2}",X1,True,0,7123,0.5796714867331181,1.225831226690267,0.00013741938803783348,2.9869437034957182,0.9788383039922337,6.359938344693158,17.16429397142443,0.04346907651051879,1.0,0.009923539764713496,0.0811088003392797,0.10875981155469264,0.07799202042943633,0.07390497819983469,0.20567917998414487,0.009923539764713496,0.04469885601429269,0.037563694968412165,0.0811088003392797,0.17389814119087532,0.2216264893504558,0.03668389515951276,0.1676557072205469
GZ,5,R_RSI,meanrev,"{""lo"": 30, ""n"": 5}",X4,False,0,2833,0.6854924108718673,1.3268359155463991,0.0002717724621560155,5.834804094599365,0.7699313830257779,6.352386215894269,13.847801064009667,0.04074981025769375,1.0,0.01795345955179073,0.06552360788919032,0.08554793144730866,0.05869898965759203,0.08342304604414616,0.1823015859699808,0.02826738078147173,0.12545703496061833,0.01795345955179073,0.06552360788919032,0.03095185026177205,0.0933280821191147,0.05287271278211847,0.17327566870972078
ALRS,5,R_RSI,meanrev,"{""lo"": 30, ""n"": 2}",X3,True,-1,4491,0.6003117345802716,1.2646647065342487,0.00015338491024791993,3.113783121799154,0.6888516282906494,6.347166848693778,12.68637214737227,0.04685180669184774,0.8888888888888888,-0.016259014926617965,0.0722877710359171,0.07653906981007215,0.06183305970551597,0.03586188451614066,0.1164672718005022,0.0636716957360477,0.003981862915679812,-0.016259014926617965,0.0722877710359171,0.10520598539733328,0.03527913923608139,0.10829462646506727,0.1999222906306386
NVTK,5,R_RSI,meanrev,"{""lo"": 20, ""n"": 2}",X2,True,-1,3427,0.6743507440910417,1.3352079183438628,0.0002227081202029241,3.719871607820251,0.7632207262868178,6.34227110501982,13.879479768961074,0.0586718092818046,1.0,0.0386975262517808,0.07617528944683727,0.08480230292075754,0.029316450310790117,0.21759197355437443,0.12393529649125412,0.07533689995761961,0.11778720025176881,0.044600745241041295,0.0386975262517808,0.07617528944683727,0.11554062110371888,0.09705888794269413,0.0740882596001029
NVTK,5,R_RSI,meanrev,"{""lo"": 30, ""n"": 3}",X2,True,-1,2926,0.6913875598086124,1.337995403248023,0.00025112116766501467,4.475393028024607,0.7347805360914208,6.335298647158713,12.743177467236606,0.06258126559259836,1.0,0.035488673573127016,0.08451239514397457,0.08164228178793564,0.02685736152592541,0.23869458520666417,0.08451239514397457,0.10198623017640784,0.11446950997924432,0.06213417384424247,0.035488673573127016,0.04727709402504843,0.10928203072398901,0.10400821937946603,0.07562220924592111
MX,5,R_RSI,meanrev,"{""lo"": 20, ""n"": 2}",X4,False,0,6072,0.660737812911726,1.2198186668114288,8.943244068949006e-05,3.6490447957839263,0.5430337801189467,6.332306072534658,12.709306852516445,0.03733893881144468,0.8888888888888888,-0.0035923285322496668,0.06498290045419708,0.06033708667988296,0.038149584285724805,0.07156442607695246,0.06498290045419708,0.08859059226233512,0.08753810194320977,0.0719996946354513,0.05264275793882689,0.00273103395011276,0.05525549180674716,-0.0035923285322496668,0.12288553566031624
PLZL,5,V_NR_BREAK,volatility,"{""n"": 4}",X2,True,0,4479,0.48984148247376647,1.258415517936576,0.00024282894272980636,7.534717570886358,1.0876308318329393,6.316784982692345,13.901326190068339,0.040479379473254085,1.0,0.012013008585199714,0.09336849347164389,0.12084787020365992,0.08773220934519074,0.07390245699232163,0.3034894698357675,0.11112285923445597,0.051571155061537866,0.09336849347164389,0.16930947836954147,0.039843624690547585,0.21421690454008058,0.012013008585199714,0.0926958380441647
GZ,5,R_RSI,meanrev,"{""lo"": 20, ""n"": 3}",X1,True,0,3526,0.631310266591038,1.2459176242307919,0.00016672779937067147,3.7076006806579693,0.5878822195918474,6.314132613431728,13.504231886958374,0.03831897354393732,1.0,0.03473346733517246,0.061520246730651706,0.06532024662131637,0.022901579781797778,0.22268401292647166,0.05049594595038798,0.08407630887813866,0.07717820961261168,0.04024028853746131,0.06465993606252596,0.03473346733517246,0.061520246730651706,0.060601646662689745,0.11437616982220788
GZ,5,R_RSI,meanrev,"{""lo"": 30, ""n"": 3}",X3,True,-1,2677,0.6615614493836384,1.3264412328930195,0.00019107867956720857,3.538662682106836,0.5115176259387226,6.303029186147979,13.099903906520368,0.03117023757658899,0.8888888888888888,-0.0030231911223381758,0.03935416280728532,0.05683529177096918,0.04797444025669657,0.03059511872978224,0.033921237161848694,-0.0030231911223381758,0.04873116877206485,0.036781219647309626,0.06772456238832092,0.03935416280728532,0.08199576044171408,0.029479315708158538,0.17655339013435878
GZ,5,R_RSI,meanrev,"{""lo"": 30, ""n"": 5}",X1,True,0,3043,0.6105816628327309,1.2491357603075495,0.00019629402103677612,4.53697009530069,0.5973227077447518,6.298430227917434,14.430031393331827,0.02550957068160642,1.0,0.02321635244152276,0.056018805040366715,0.06636918974941687,0.03843607818981958,0.11287406712898448,0.12660917252651416,0.04671090773626929,0.09807924891356379,0.02514819186035311,0.08145333774155006,0.023394880241539795,0.056018805040366715,0.02321635244152276,0.11669181124307215
AFLT,5,V_NR_BREAK,volatility,"{""n"": 4}",X1,True,0,4722,0.4371029224904701,1.2765659397655649,0.00021975415848902034,6.362770012706481,1.0376791384987882,6.283779947093183,17.431461975854713,0.03375960001721978,0.8888888888888888,-0.010902092675678432,0.13903305889107287,0.11529768205542092,0.07538425107554321,0.07094027126329355,0.1670068785897456,0.2080033482343424,0.18823586695361882,-0.010902092675678432,0.024171769342501648,0.02816007045475999,0.15598716033855453,0.13903305889107287,0.13798307836987078
GZ,5,R_RSI,meanrev,"{""lo"": 20, ""n"": 2}",X4,True,0,6142,0.6683490719635298,1.2254901539454102,0.00012427583702750834,3.634483881471833,0.7633021931251278,6.283198568818345,13.93552015460528,0.037131656892597675,1.0,0.006733781367074698,0.10374899696762441,0.08481135479168087,0.04958747596249496,0.11621785918783006,0.12148582174268086,0.04354568454436958,0.08046825743076624,0.006733781367074698,0.10555047194065992,0.018998754443600774,0.1682754667563131,0.10374899696762441,0.11449495793203823
GZ,5,R_RSI,meanrev,"{""lo"": 20, ""n"": 2}",X4,False,0,6120,0.6705882352941176,1.2271150918531777,0.00012826515692089383,3.6606209150326796,0.784982766685971,6.282736464036957,13.544187694087322,0.037272910587489605,1.0,0.005287674983264878,0.09005232574327238,0.08722030740955233,0.053772222303103454,0.10042749954843863,0.1230694270998356,0.053752773703308776,0.08537085771240527,0.02644183550728485,0.09005232574327238,0.005287674983264878,0.20051471933402354,0.103740928665502,0.09675222393707372
SBER,5,R_RSI,meanrev,"{""lo"": 30, ""n"": 2}",X1,True,-1,4532,0.6440864960282436,1.2622304446006702,8.34699430607538e-05,3.180494263018535,0.3782857799933481,6.280766107051081,11.92845789465681,0.02388664335012436,1.0,0.009303745515353512,0.04606154455723299,0.042031753332594235,0.019508354648839113,0.15367831404489052,0.05106200522277504,0.029949735529953614,0.058772539989149664,0.052203099631697114,0.03717225787113421,0.009303745515353512,0.01810581355675822,0.04606154455723299,0.07565503811929375
NVTK,5,R_RSI,meanrev,"{""lo"": 10, ""n"": 2}",X5,True,1,2169,0.6615952051636699,1.4182224086868458,0.00026689218859598103,4.220839096357769,0.5788891566280654,6.278095433909953,11.406172303555726,0.03024878539144993,1.0,0.022725992486812174,0.07342543679988012,0.06432101740311838,0.02846469832692253,0.17243179912811032,0.09869657482522598,0.09651985124219209,0.07342543679988012,0.0649902174482122,0.022725992486812174,0.033569353763596155,0.024673672538483515,0.08946956596628297,0.07481849155738018
NVTK,5,R_RSI,meanrev,"{""lo"": 10, ""n"": 2}",X0,True,1,2169,0.6615952051636699,1.4182224086868458,0.00026689218859598103,4.220839096357769,0.5788891566280654,6.278095433909953,11.406172303555726,0.03024878539144993,1.0,0.022725992486812174,0.07342543679988012,0.06432101740311838,0.02846469832692253,0.17243179912811032,0.09869657482522598,0.09651985124219209,0.07342543679988012,0.0649902174482122,0.022725992486812174,0.033569353763596155,0.024673672538483515,0.08946956596628297,0.07481849155738018
ROSN,5,R_RSI,meanrev,"{""lo"": 30, ""n"": 2}",X3,True,0,9226,0.6220463906351615,1.1775734937733557,9.995105011731518e-05,3.0812920008671147,0.9221483850187724,6.2729908762804305,13.411480316818922,0.03949664207175374,1.0,0.02269528084434569,0.08980446122586727,0.10246093166875249,0.06615704411554708,0.0949500407142295,0.2715490932605462,0.06922439737536479,0.10094848801963963,0.07652353422599845,0.08980446122586727,0.06549799593631178,0.13429651188198477,0.02269528084434569,0.0916086222487138
ROSN,5,R_RSI,meanrev,"{""lo"": 10, ""n"": 2}",X1,True,0,4361,0.62141710616831,1.2706332161648841,0.0001664895753963426,3.1841320797982116,0.7260610326120513,6.272610002068355,15.090190140508875,0.03063116129487753,0.8888888888888888,-0.0011685322679113597,0.07937468249292579,0.08067344806800571,0.05487981079504609,0.06178570303164583,0.1724115829274524,0.04384986270451918,0.046115580247715116,-0.0011685322679113597,0.07937468249292579,0.11456586323765805,0.13630370184546337,0.01811400100996252,0.11649429041426629
GZ,5,R_RSI,meanrev,"{""lo"": 20, ""n"": 2}",X3,True,0,6328,0.6434892541087232,1.2010853678353923,0.00010951839325717719,3.069848293299621,0.6930323918732029,6.272563837714341,15.458314648719226,0.03477648482657969,1.0,0.015447118341398891,0.07411706003586005,0.07700359909702253,0.04490432511885209,0.11060574394928718,0.08588202984537929,0.0568654962698929,0.03862269886303693,0.02664715817081742,0.07411706003586005,0.015447118341398891,0.1434075534962176,0.10810799256432801,0.14393528428627178
GZ,5,R_RSI,meanrev,"{""lo"": 10, ""n"": 2}",X2,False,0,3607,0.685611311339063,1.29926042680183,0.0001770963867905493,3.770446354311062,0.6387866695658886,6.270698293582963,12.340188139737158,0.039136038394644856,1.0,0.011448303892393596,0.05908111893222667,0.07097629661843206,0.03378260390129616,0.13224218349353764,0.13467810966540128,0.07573429327021586,0.08428565152280498,0.05078016742845648,0.059039520943770185,0.011448303892393596,0.05908111893222667,0.05411278584506363,0.1096267180655559
GAZP,15,R_RSI,meanrev,"{""lo"": 20, ""n"": 3}",X4,True,0,1370,0.7051094890510949,1.5381555878786943,0.0005581070979260426,4.401459854014599,0.7646067251216664,6.270126606977141,13.44451194416444,0.02609531645430252,0.8888888888888888,-0.00682170012169081,0.07711598963942379,0.08495630279129626,0.06886919429311941,0.039424269068222904,0.23854560952167958,0.07711598963942379,0.04982050247781444,-0.00682170012169081,0.10356487712124363,0.019505541044054553,0.03960551676573232,0.12120848974154796,0.12206189893186092
SBER,5,R_RSI,meanrev,"{""lo"": 30, ""n"": 2}",X3,True,-1,4537,0.6446991404011462,1.264191577533938,8.395055759854623e-05,3.158915582984351,0.3808836794096351,6.266996672457764,11.940860917771555,0.0244104927405715,1.0,0.008692506155057345,0.04680933983217983,0.042320408823292785,0.02000249261962887,0.15015649961582514,0.055094992043450475,0.02947034189128317,0.06233956390497042,0.0513554908493461,0.034204883297206834,0.008692506155057345,0.018717589817242697,0.04680933983217983,0.07419897161889821
SBER,5,R_RSI,meanrev,"{""lo"": 30, ""n"": 5}",X4,True,0,3347,0.6719450253958769,1.2839789809058013,0.00014240330837801901,5.608007170600538,0.47662387108812254,6.262415243809759,11.758677015209146,0.025925844674929976,1.0,0.03047590997084626,0.0519059970829403,0.05295820789868028,0.01800729358697212,0.23641952140350622,0.03456395643297583,0.05741301821399247,0.09654339733970119,0.05262323532951996,0.0519059970829403,0.03047590997084626,0.04328264563537232,0.060036657014279626,0.04977905406849459
GAZP,5,R_RSI,meanrev,"{""lo"": 20, ""n"": 3}",X4,True,-1,1897,0.694781233526621,1.469347982561122,0.000286536062292137,4.537691091196626,0.5435589097996854,6.2576019664014,10.818533195595418,0.044422581093385816,1.0,0.021037771031842567,0.06552822195226327,0.06039543442218726,0.025282143363303738,0.18004280318401775,0.04260920756496489,0.03200736781582236,0.09601648722309619,0.046387190581299365,0.07656522853358183,0.021037771031842567,0.06720476601367409,0.06552822195226327,0.09620266908314079
RN,5,R_RSI,meanrev,"{""lo"": 10, ""n"": 2}",X3,False,0,3304,0.5920096852300242,1.3077493487614689,0.0002015222461112569,3.0847457627118646,0.6658294997650955,6.257117038251288,13.59334579340645,0.04548829048871994,1.0,0.016686477389157517,0.04816497913998319,0.07398105552945505,0.053002087661158735,0.07537980435250194,0.11776857502991334,0.0580433719442226,0.03941711378865875,0.016686477389157517,0.04816497913998319,0.046736364252865314,0.1094134378945455,0.0353080873755971,0.19429109295015223
GAZP,15,R_BB,meanrev,"{""k"": 1.5, ""n"": 10}",X4,True,0,1352,0.6834319526627219,1.5249010640584362,0.0006125106275347046,5.72707100591716,0.828114367708622,6.256492385761382,14.592352892147906,0.02785670617595315,1.0,0.013480373425409198,0.07857114565558732,0.09201270752318022,0.05331886493457597,0.10444617935233272,0.21411030581293744,0.09669821005081758,0.06412844836086151,0.05539379984838888,0.07857114565558732,0.013480373425409198,0.0670301970676519,0.11339396302355453,0.12530792446341366
LKOH,5,R_RSI,meanrev,"{""lo"": 30, ""n"": 2}",X3,True,-1,4557,0.6460390607856046,1.2993155555901335,0.00014561350897074446,3.0996269475532148,0.6635607651314785,6.254172796114739,11.575251438716545,0.03157968819141388,1.0,0.024942788179032505,0.06284034914824588,0.07372897390349761,0.03657891425142839,0.13577642676688223,0.08998764300486073,0.12039404646202456,0.06284034914824588,0.07577703621063847,0.056139488602639176,0.04492710763588548,0.024942788179032505,0.04370926585397683,0.14484304003417492
GZ,5,R_RSI,meanrev,"{""lo"": 20, ""n"": 2}",X0,True,0,5984,0.6697860962566845,1.255293846571691,0.0001362789650637535,4.048629679144385,0.8154933207752038,6.253182382683228,12.097836148242076,0.04197949077934027,1.0,0.015264279732946306,0.10048800471122377,0.09061036897502264,0.045699834401571104,0.13745847839659012,0.10048800471122377,0.03728262999538856,0.09315738145960495,0.015264279732946306,0.1318569274735637,0.04754524939926341,0.16606254159705713,0.10923663245557691,0.11459967395057902
GZ,5,R_RSI,meanrev,"{""lo"": 20, ""n"": 2}",X5,True,0,5984,0.6697860962566845,1.2552340176064527,0.00013625352165640495,4.04846256684492,0.815341067229383,6.25149472911431,12.09312239684091,0.04197949077934027,1.0,0.015264279732946306,0.10048800471122377,0.0905934519143759,0.04569891659434838,0.1374432319198813,0.10048800471122377,0.03728262999538856,0.09300512791378424,0.015264279732946306,0.1318569274735637,0.04754524939926341,0.16606254159705713,0.10923663245557691,0.11459967395057902
GAZP,5,R_RSI,meanrev,"{""lo"": 20, ""n"": 3}",X2,True,-1,1896,0.70042194092827,1.4730783281947186,0.00028961179213690176,4.640295358649789,0.5491039570042631,6.250423836514645,10.982260473749337,0.053284503519535065,1.0,0.01349248375481693,0.06529409333597869,0.061011550778251454,0.028038885763742024,0.15404570133362072,0.049484858696814626,0.01349248375481693,0.09540136170107871,0.05592029367107898,0.08116695051285205,0.019251538789831102,0.07454947770747822,0.06529409333597869,0.09454289883433376
SBER,5,R_MA_DEV,meanrev,"{""k"": 1.0, ""n"": 20}",X4,True,0,2646,0.6405895691609977,1.302187183464656,0.00018174654873557886,7.196900982615269,0.4809013675621827,6.246808781700208,13.004850963328174,0.03900858631823212,1.0,0.0237186394915625,0.051014038483117474,0.05343348528468697,0.025860933886562833,0.15055403194315026,0.04946965674753301,0.06257773749530315,0.11136039135453757,0.03166955728374887,0.0245665165130049,0.05390230218472425,0.051014038483117474,0.07262252800865099,0.0237186394915625
GAZP,5,R_MA_DEV,meanrev,"{""k"": 1.0, ""n"": 20}",X0,True,0,2203,0.7358147980027235,1.4667036485881662,0.00042327083964569326,11.985474353154789,0.9324656570606749,6.245616296590877,11.782273683342963,0.039104721043258905,1.0,0.00634725036798045,0.11293073685374111,0.10360729522896388,0.07063404633537707,0.09055779210546427,0.25607510441477643,0.030881934289936908,0.12621216604020447,0.059137842443306,0.12416481232503429,0.00634725036798045,0.06440109596587718,0.11293073685374111,0.15231471435981803
MGNT,5,T_HMA,trend,"{""n"": 16}",X3,True,-1,1592,0.42525125628140703,1.4119216350893433,0.0005960411288932253,14.022613065326633,0.9488974702162523,6.245509534119712,13.709624804885681,0.04764122569758911,0.8888888888888888,-0.0066112921049352735,0.08897155337035656,0.10543305224625026,0.07485865793705102,0.05021379846490486,0.2142771998187527,0.05913007236995327,0.06981499465109664,-0.0066112921049352735,0.051505684125004336,0.08897155337035656,0.10781963774934411,0.11989598092623055,0.24409363931044936
GAZP,5,R_MA_DEV,meanrev,"{""k"": 1.0, ""n"": 20}",X1,True,0,2724,0.5686490455212923,1.2625682362676904,0.00023378414643736108,5.980910425844346,0.6368280169290301,6.241786533034262,11.838924114510798,0.03523571789264679,1.0,0.00569668055686634,0.0720754410722293,0.07075866854767002,0.03999150184779494,0.11208503594028371,0.13758522359421477,0.021875323465792462,0.10091740435746033,0.0720754410722293,0.09960085130296648,0.00569668055686634,0.038665682895043574,0.0669045328249922,0.09350687685946468
NVTK,5,R_RSI,meanrev,"{""lo"": 10, ""n"": 2}",X5,True,0,4163,0.668988710064857,1.330677660509223,0.00022992808068790654,4.232044198895028,0.957190595388056,6.235317149649818,10.970781654003119,0.04761648381827399,1.0,0.040838311848347075,0.11378003863501363,0.10635451059867289,0.04400334530242043,0.18369286707418891,0.11378003863501363,0.1571753837633878,0.1498794251237996,0.07591103354934603,0.04887145290103945,0.040838311848347075,0.08069805972627364,0.164028957253322,0.12600793258752674
PLZL,5,R_RSI,meanrev,"{""lo"": 10, ""n"": 2}",X1,True,0,4410,0.6324263038548753,1.2108325664396673,0.0001496498537842808,3.196145124716553,0.659955853308702,6.227843652982951,12.006866476114778,0.028289736015722156,1.0,0.033497752039693296,0.06258636750862934,0.07332842814541134,0.02378191781027606,0.23017388649608608,0.10476610477780923,0.06258636750862934,0.0944003620352305,0.08768549312662799,0.06125420704483986,0.033497752039693296,0.060874835689674,0.050845689278503414,0.10404504180769436
PLZL,5,V_NR_BREAK,volatility,"{""n"": 4}",X5,True,0,4393,0.501024356931482,1.284711002439518,0.00026158601590884056,7.9285226496699295,1.1491473840433173,6.22301253104864,12.251983789261079,0.07646931521594524,1.0,0.0020961154368706048,0.10178859264124185,0.1276830426714797,0.09563132315335116,0.06891556593988285,0.3504803918185644,0.13875741205993108,0.05708661529934034,0.10178859264124185,0.19207493084832095,0.05684967478737235,0.15617082187964115,0.0020961154368706048,0.09384282927203458
VTBR,5,R_RSI,meanrev,"{""lo"": 10, ""n"": 2}",X3,True,0,4387,0.6389332117620241,1.2564508292177345,0.00014412468777272742,3.1483929792568954,0.6322750027875372,6.216243063656489,11.23085890115868,0.03730766131775454,1.0,0.01917050550400745,0.07191114954184741,0.07025277808750413,0.028034800848306337,0.1815176175799854,0.09021502707037143,0.07539170427480713,0.1274233981675934,0.07031428032496478,0.07570403721911134,0.01917050550400745,0.04994727065786719,0.05219763002696709,0.07191114954184741
SBER,5,R_BB,meanrev,"{""k"": 1.5, ""n"": 10}",X1,True,-1,1881,0.6076555023923444,1.3630672113599676,0.00016528278600371155,5.036682615629984,0.31089692124550083,6.216021420294535,11.111965432734989,0.018564158119261265,1.0,0.023036839076667093,0.035625989257823676,0.0345441023606112,0.006423149715566587,0.47222892472094674,0.044088007464949897,0.035625989257823676,0.03677799044089625,0.023036839076667093,0.039110732861445285,0.02463512384565547,0.039088383127818815,0.035216030722949654,0.0333178244472947
MX,5,R_RSI,meanrev,"{""lo"": 20, ""n"": 2}",X1,True,0,6294,0.638385764219892,1.205432351034267,8.188026408377932e-05,3.0959644105497297,0.5153543830701892,6.208418801841833,14.577712584360617,0.030981246201008616,0.8888888888888888,-0.0030116686184555874,0.05906523094745353,0.057261598118909914,0.04488679625262456,0.04740889040919722,0.05906523094745353,0.0682011311291717,0.06739713432034478,0.04739652544958517,0.04694088418909814,0.001844715268816799,0.06571938418710488,-0.0030116686184555874,0.1618010461970698
VTBR,5,R_RSI,meanrev,"{""lo"": 20, ""n"": 3}",X1,True,0,4140,0.6384057971014493,1.2787970332484797,0.00018165101071695642,3.7944444444444443,0.7520351880430098,6.206113446331332,11.58030652153804,0.045419042464345694,1.0,0.03913007752271369,0.06461723707616329,0.0835594653381122,0.03746159432431983,0.15576262513689704,0.13956384710036218,0.0760904695634963,0.14119652069348376,0.055938216513823136,0.12279703188687563,0.05659723235294223,0.05610455533314962,0.06461723707616329,0.03913007752271369
GAZP,5,R_MA_DEV,meanrev,"{""k"": 1.0, ""n"": 20}",X2,True,-1,1176,0.7270408163265306,1.484421174015191,0.00044242555171793136,8.363945578231293,0.5202924455406901,6.203805187766101,10.758240844655342,0.03593882592394948,0.8888888888888888,-0.0018491755326977,0.06193382113997359,0.05781027172674334,0.03393722542945902,0.08190903331380367,0.10349982093612198,-0.0018491755326977,0.1056670500402106,0.047083912566449726,0.06341641821200028,0.017599035520106554,0.0438450594083406,0.06193382113997359,0.07909650325018447
LKOH,5,R_RSI,meanrev,"{""lo"": 10, ""n"": 2}",X3,True,0,4357,0.6295616249713105,1.2590643154825953,0.00014507695825150227,3.1606610052788615,0.6321003017874318,6.202540096506531,11.981092035434326,0.03461563610471785,1.0,0.018798241741023958,0.04957056776038371,0.07023336686527021,0.03872153032100919,0.10983166955222322,0.10333993051608559,0.12708363018464297,0.08475160468515242,0.03337854678102303,0.04285260406322777,0.04957056776038371,0.018798241741023958,0.045743233160465024,0.12658194289542735
NVTK,5,R_RSI,meanrev,"{""lo"": 10, ""n"": 2}",X0,True,0,4163,0.668988710064857,1.32964958692821,0.0002293904622512153,4.2327648330530865,0.9549524894055139,6.20211534726894,10.856537238174953,0.04985458980081603,1.0,0.03860020586580504,0.11378003863501363,0.10610583215616821,0.044377630153876996,0.18039171850150215,0.11378003863501363,0.1571753837633878,0.1498794251237996,0.07591103354934603,0.04887145290103945,0.03860020586580504,0.08069805972627364,0.164028957253322,0.12600793258752674
GAZP,5,R_MA_DEV,meanrev,"{""k"": 2.0, ""n"": 20}",X1,True,-1,575,0.551304347826087,1.6510282847716953,0.0006703358618685544,7.361739130434783,0.38544312057820207,6.198929573967925,14.648862518528851,0.01489705266430974,1.0,0.010930432006716728,0.04127156885806471,0.04282701339757801,0.025323107979543586,0.11109706574258163,0.06869303764506185,0.010930432006716728,0.04127156885806471,0.024149947912519565,0.02680020860861987,0.04368374047771795,0.02691043881350197,0.04341078983270563,0.0995929564232938
AFLT,5,R_RSI,meanrev,"{""lo"": 30, ""n"": 3}",X1,True,-1,3046,0.6273801707156927,1.2718926994379414,0.00018822069777738262,3.604399212081418,0.5733202508981776,6.197780339116484,11.500657700332791,0.033536631730385125,1.0,0.010351373988669366,0.06422964246303309,0.06370225009979752,0.02858971852851274,0.15162426131430415,0.04706617773263133,0.010351373988669366,0.0941678999352007,0.07623879762468277,0.06422964246303309,0.10560012588393874,0.04704012082947884,0.040713591581152286,0.0879125208593905
NVTK,5,R_RSI,meanrev,"{""lo"": 30, ""n"": 2}",X4,True,-1,4438,0.6669671022983326,1.3161668046670985,0.00020158242603477748,3.5705272645335735,0.8946228050153877,6.192788411639813,12.918203703046816,0.08407799364067614,1.0,0.033528862724779174,0.09989066901471233,0.09940253389059864,0.036649366838889405,0.2016236965164691,0.1250374059927708,0.10973923356505111,0.1488117585540749,0.033528862724779174,0.09002665110165253,0.04816940246382728,0.09989066901471233,0.09727883974846918,0.1421399818500504
MGNT,5,V_NR_BREAK,volatility,"{""n"": 14}",X3,True,-1,670,0.46567164179104475,1.6396288023282062,0.0008878243853570535,15.598507462686568,0.59484233940384,6.187914598811223,14.481601584472035,0.027961229323409498,1.0,0.014185298350639641,0.051446978461171966,0.06609359326709334,0.04361366323089201,0.08839305660862301,0.1547937025752617,0.051446978461171966,0.03219064173390507,0.028459914930863306,0.014185298350639641,0.04993402730906382,0.05261219621752389,0.09533804017701186,0.11588153964839876
MX,5,R_RSI,meanrev,"{""lo"": 30, ""n"": 2}",X2,True,0,7706,0.6576693485595639,1.2035275363188251,7.868525318702852e-05,3.5734492603166363,0.6063485678860161,6.1862378820723185,13.873402166547127,0.0319834400434047,1.0,0.01679561128548812,0.0641431733565696,0.06737206309844623,0.040210985431969215,0.10909451952119681,0.11893981348839588,0.08888240336091258,0.08027010611840524,0.0365362899392494,0.04209369415184483,0.01679561128548812,0.0641431733565696,0.02095222775824368,0.13773524842690676
GAZP,5,R_MA_DEV,meanrev,"{""k"": 1.0, ""n"": 20}",X3,True,0,2733,0.5700695206732528,1.2481797126328154,0.0002203875224525163,5.884742041712404,0.6023190974083263,6.181023187804308,11.41084053575316,0.03645608402439393,0.8888888888888888,-0.0019213089399272576,0.06748322027851827,0.0669243441564807,0.04016599405372362,0.07662859162991215,0.13289888529106975,0.02039750650874339,0.10308545107545797,0.06748322027851827,0.10198507469613105,-0.0019213089399272576,0.04109317492111586,0.0635365423077019,0.07376055126951542
GZ,5,R_RSI,meanrev,"{""lo"": 30, ""n"": 5}",X3,True,0,3045,0.6118226600985222,1.2422767834516268,0.00019053196181868605,4.502134646962233,0.5801698246177693,6.176019913195621,13.85935065074086,0.031808417523279786,1.0,0.021814219529915135,0.058368012392747914,0.06446331384641882,0.034915842991280074,0.12472347915795974,0.11808872704568785,0.035405401278694626,0.09525841966387816,0.02635744489816716,0.08275604428490624,0.03518720239662798,0.058368012392747914,0.021814219529915135,0.10693435312714428
RN,5,R_RSI,meanrev,"{""lo"": 20, ""n"": 2}",X1,False,0,5623,0.5866974924417571,1.2545480344693414,0.00016326745816892344,3.036635248088209,0.9180529254554131,6.17475640152909,15.373033080321697,0.04339470632839948,1.0,0.02595902451139409,0.08112097322009504,0.102005880606157,0.05143199447448602,0.12621509583792592,0.1108301104795828,0.07251770939910784,0.08112097322009504,0.02595902451139409,0.07058730661810841,0.10618809703737497,0.20039251318667084,0.07584544362907764,0.17461174737400142
GZ,5,R_RSI,meanrev,"{""lo"": 10, ""n"": 2}",X4,True,0,3625,0.6844137931034483,1.2842511417590516,0.00016586467408818203,3.6962758620689655,0.6012594384937984,6.174064476041367,12.203373991185831,0.03750213317107409,1.0,0.014056715241167694,0.06870065667317249,0.0668066042770887,0.02904618630797815,0.16122976711497483,0.11753351645893417,0.05540605746318761,0.06870065667317249,0.036086346954107285,0.07634622757905163,0.014056715241167694,0.07650834682863206,0.0594661136274226,0.09715545766812284
SBER,5,R_RSI,meanrev,"{""lo"": 5, ""n"": 2}",X3,True,0,2643,0.6375331063185774,1.3100168807557053,0.00011259185445082882,3.1396140749148693,0.2975802719447529,6.171793668743737,11.740694760316543,0.020779219456017017,0.8888888888888888,-0.002789187230519019,0.03209507959400071,0.0330644746605281,0.024934487239995827,0.04784191664233336,0.09392910008318722,0.03640525556693319,0.03446134128171252,0.03209507959400071,0.02387716319935862,-0.002789187230519019,0.04205465868290048,0.015788433520356193,0.021758427246822976
LKOH,5,R_RSI,meanrev,"{""lo"": 30, ""n"": 2}",X1,True,-1,4553,0.6459477267735559,1.2946350927762345,0.00014339551134785232,3.117724577201845,0.652879764462341,6.170182686242257,11.422994953156607,0.03157968819141388,1.0,0.03183844225713983,0.05913445620353741,0.07254219605137122,0.036432906558853756,0.13698082506956485,0.09204758850682992,0.11822848561860155,0.05913445620353741,0.07113152912643272,0.053617523532011546,0.045790983887854964,0.03183844225713983,0.03614887036383152,0.1449418849661015
GZ,5,R_RSI,meanrev,"{""lo"": 30, ""n"": 2}",X2,True,0,7763,0.6661084632229808,1.2075730785603442,0.00011125881819821396,3.5786422774700504,0.8637022105033338,6.159316105242217,14.819809860160952,0.045763572794385254,0.8888888888888888,-0.01417321595363319,0.11390513740479946,0.0959669122781482,0.05947538087722615,0.07405322747089915,0.10511774977203459,0.05595314468428114,0.1688503406185191,0.017917104734806344,0.11573478288482875,-0.01417321595363319,0.15349537199767838,0.11390513740479946,0.14690179436001927
ROSN,5,R_RSI,meanrev,"{""lo"": 30, ""n"": 3}",X1,True,0,6319,0.6247824022788416,1.2097799423366922,0.00013786646470200577,3.6451970248457033,0.8711781928941491,6.157449236267353,12.309096434910707,0.06064503893139772,1.0,0.010768764332169667,0.08997167981578968,0.09679757698823879,0.05918158514324658,0.09933580370144268,0.21722911694087088,0.07778052525827661,0.11802008559607202,0.018597703383420594,0.07770777327823453,0.08997167981578968,0.1300379267486278,0.010768764332169667,0.13106461754068732
SBER,5,R_RSI,meanrev,"{""lo"": 30, ""n"": 2}",X2,True,-1,4381,0.6683405615156357,1.2933515500203907,9.381071921799176e-05,3.7452636384387126,0.4109847612307931,6.1546705813454325,11.269694443946266,0.024171055818442255,1.0,0.0086988450930221,0.040537157092330744,0.04566497347008812,0.021965099238659726,0.134987837521496,0.06851737789111212,0.03246661571029108,0.0687230630137492,0.05310669369646348,0.040537157092330744,0.0086988450930221,0.023652378302358557,0.03649305860744789,0.07878957182401791
GZ,5,R_RSI,meanrev,"{""lo"": 30, ""n"": 3}",X4,True,0,5299,0.6863559162106058,1.2413032852082464,0.00015122038954920662,4.323079826382337,0.8013168431862141,6.1527647991653165,12.937345837312288,0.046856320564984344,1.0,0.014789251930778846,0.1039705800358206,0.08903520479846823,0.054996509039518394,0.10993140144142835,0.1112157179886708,0.04311008131480776,0.07920455456041964,0.021268585638608783,0.10625244613038376,0.014789251930778846,0.11825160912121646,0.1039705800358206,0.20325401646550745
SBER,5,R_RSI,meanrev,"{""lo"": 20, ""n"": 3}",X1,True,-1,1978,0.6430738119312437,1.3938298037162535,0.00014957646553057303,3.8806875631951465,0.2958622485880369,6.146601780279742,10.959214556277415,0.028437149710953236,1.0,0.017933164053829387,0.036178080961690284,0.03287358317644854,0.011548607703320285,0.23446506810071324,0.036178080961690284,0.038025364781788085,0.04245688392848024,0.017933164053829387,0.025025545633980073,0.021156710252398625,0.04557968433073256,0.019254577782703564,0.050252236862434074
PLZL,5,V_NR_BREAK,volatility,"{""n"": 4}",X0,True,0,4315,0.49942062572421786,1.28736473410838,0.00026581451186662413,8.206720741599073,1.146989625878632,6.142115635842577,12.000281379734368,0.07205804320983589,0.8888888888888888,-0.001873789995443076,0.10318870923947543,0.12744329176429245,0.09223141669872441,0.04921593240301537,0.333158620618633,0.12751907276106067,0.06501862342702225,0.10318870923947543,0.1966851330944337,0.060630120104178786,0.17459936381783336,-0.001873789995443076,0.08806377281143796
NVTK,5,R_RSI,meanrev,"{""lo"": 20, ""n"": 3}",X2,True,0,3888,0.6748971193415638,1.275910856406605,0.0002350075184873501,4.74022633744856,0.9137092268902052,6.136328445586115,13.175889945136452,0.05441518482984975,1.0,0.024060263589490205,0.12121708132326603,0.10152324743224501,0.03937599757971563,0.19615239053440753,0.13367504204506986,0.1397944122145418,0.12643139355350286,0.08257964660879225,0.059711654652346624,0.08094073060783558,0.024060263589490205,0.14529900229535997,0.12121708132326603
RN,5,R_RSI,meanrev,"{""lo"": 10, ""n"": 2}",X1,True,0,3296,0.5904126213592233,1.313376672778844,0.00020317576270063701,3.0904126213592233,0.6696673101505439,6.135616512808208,13.372769782408147,0.04548829048871994,1.0,0.006403829880582634,0.05508073386226897,0.074407478905616,0.05234599036507799,0.07543726371751983,0.11216995608992875,0.08286454214248806,0.04374021355761215,0.006403829880582634,0.05508073386226897,0.04651550599373877,0.09952998184598982,0.030943663106882013,0.19241888367105275
GZ,5,R_RSI,meanrev,"{""lo"": 30, ""n"": 3}",X1,True,-1,2677,0.6600672394471423,1.3241431600182378,0.0001900729418587385,3.558460963765409,0.5088252641398867,6.123785197373108,12.734269930615143,0.03201854298822582,0.8888888888888888,-0.003871496533975005,0.04682126209809212,0.056536140459987415,0.04797146006792048,0.033639249213763024,0.03765640273923054,-0.003871496533975005,0.05409893074465799,0.029593909972390975,0.07018917661480373,0.04682126209809212,0.07873370117340528,0.021007186733186245,0.17459619059809484
GZ,5,R_RSI,meanrev,"{""lo"": 20, ""n"": 3}",X4,False,0,3362,0.6838191552647234,1.2763220806022773,0.00019846229152282,4.577632361689471,0.6672302234692324,6.123369424550339,12.033826765126898,0.04429297801107168,1.0,0.04111145602655597,0.07390640204539523,0.07413669149658138,0.022085399822848534,0.27303766648671335,0.07390640204539523,0.058362457202747464,0.08070729728206061,0.050858570146374404,0.07129584243557474,0.04111145602655597,0.09019273397279903,0.08014750925940461,0.12064795509832038
NVTK,5,V_NR_BREAK,volatility,"{""n"": 4}",X1,True,0,4721,0.4482101249735226,1.2982067917779603,0.00026086455899180144,6.417496293158229,1.2315415897901403,6.122568565188469,15.51047287693742,0.1049674660898745,1.0,0.036482222747508786,0.09924086820501543,0.1368379544211267,0.08805702975712532,0.09123120860536696,0.21821335701315547,0.17392314004246145,0.06814028229564428,0.04436689779686276,0.036482222747508786,0.30779887072276324,0.09924086820501543,0.07940099162806291,0.20397495933866594
ROSN,5,R_RSI,meanrev,"{""lo"": 20, ""n"": 3}",X3,True,0,4015,0.6082191780821918,1.2423731290907973,0.00017548674189982216,3.8104607721046078,0.7045792755234288,6.121526110268833,14.690409373651843,0.030692638451000676,1.0,0.01550389383919537,0.054190750466659665,0.07828658616926987,0.05000296158567004,0.08812720760385875,0.13442032000602921,0.01550389383919537,0.054190750466659665,0.0251514547271654,0.04785926176555222,0.12930819430039264,0.14754024182911962,0.032505689800018445,0.11809946878929622
GZ,5,R_RSI,meanrev,"{""lo"": 20, ""n"": 2}",X0,False,0,5961,0.6738802214393558,1.2608094409508168,0.00014302978233018894,4.085556114745848,0.8526005246621935,6.116499819737569,11.50752380848656,0.05058901495067403,1.0,0.04310432865167968,0.09565811007632874,0.09473339162913261,0.04399796750758283,0.1615024912399107,0.08948801452061161,0.04586250044849294,0.09565811007632874,0.04310432865167968,0.11738499118655454,0.05449540360132232,0.19437516998732463,0.1093014971120283,0.10293050907785073
GZ,5,R_RSI,meanrev,"{""lo"": 20, ""n"": 2}",X5,False,0,5961,0.6738802214393558,1.2607507226079797,0.00014300424075166626,4.085388357658111,0.8524482711163728,6.11490557952326,11.503205752129583,0.05058901495067403,1.0,0.04310432865167968,0.09550585653050803,0.09471647456848586,0.04399763797362009,0.16139815080291703,0.08948801452061161,0.04586250044849294,0.09550585653050803,0.04310432865167968,0.11738499118655454,0.05449540360132232,0.19437516998732463,0.1093014971120283,0.10293050907785073
GZ,5,R_RSI,meanrev,"{""lo"": 30, ""n"": 3}",X1,False,0,5539,0.6488535836793645,1.2144681884572315,0.0001333317496854248,3.5842209785159778,0.7385245634941384,6.114519759389377,14.005077152351662,0.042075520381331444,0.8888888888888888,-0.011075987677031662,0.06921417120611295,0.08205828483268204,0.05879474128503163,0.046235720527287756,0.10363355162553489,0.04151100502349436,0.055392565358488355,0.04471864056540653,0.09348729488556273,-0.011075987677031662,0.13788953005860094,0.06921417120611295,0.20375379244796932
GAZP,15,R_RSI,meanrev,"{""lo"": 10, ""n"": 2}",X2,True,0,1479,0.7099391480730223,1.4784969793183076,0.000418206422522568,3.623394185260311,0.618527298717142,6.1134599344660945,12.679458340732486,0.033091189339756966,1.0,0.00163356501434464,0.08198375662323087,0.06872525541301577,0.04231310168887455,0.10561429181504128,0.12260282982606441,0.09660829429049045,0.07447278534527868,0.003701334284757607,0.10083493473939598,0.00163356501434464,0.03324659273494035,0.10344320585863898,0.08198375662323087
VTBR,5,V_NR_BREAK,volatility,"{""n"": 4}",X1,True,0,4803,0.454507599417031,1.3134067716292208,0.00021191357049186955,6.4480533000208204,1.0178208678989904,6.112959610220238,15.765510383563033,0.05798999103717506,1.0,0.04323311062762514,0.08395254852075595,0.11309120754433227,0.07874552377640144,0.08718671782552276,0.04688493040157482,0.08454549618181773,0.04323311062762514,0.07824827512376942,0.08395254852075595,0.07419472542824224,0.13241636648308486,0.1630528438836336,0.31129257124848664
GAZP,5,R_MA_DEV,meanrev,"{""k"": 1.0, ""n"": 20}",X3,True,-1,1309,0.5974025974025974,1.3830589946816392,0.00032248973203114124,5.8999236058059585,0.42213905787139083,6.112060290631034,10.83598305088892,0.030134493950754404,0.8888888888888888,-0.015794454018760007,0.03946376690873876,0.04690433976348787,0.03218863400403837,0.04129358255829487,0.08904107724083588,0.021468046314112144,0.09556161903310567,0.039144535025116056,0.06048972750431858,-0.015794454018760007,0.03946376690873876,0.03407160563801881,0.05869313422590494
SBER,5,R_RSI,meanrev,"{""lo"": 20, ""n"": 3}",X3,True,-1,1984,0.6451612903225806,1.3933929565525527,0.00014883977272255603,3.8276209677419355,0.2952981074490708,6.11178828823676,10.790675854407713,0.028480255510658026,1.0,0.016952743724687025,0.03742372807028005,0.03281090082767454,0.010573795172447779,0.2587161858473403,0.03832783563120756,0.03742372807028005,0.03939329558352256,0.016952743724687025,0.026339358737459406,0.02267420754833438,0.04551617114339024,0.021125215251231566,0.04754555175895803
GZ,5,R_RSI,meanrev,"{""lo"": 30, ""n"": 5}",X4,True,0,2845,0.6829525483304042,1.2978064526778552,0.00024302015991927917,5.788752196836556,0.6913923568363316,6.111558772066368,12.522078605666472,0.05104366605519317,1.0,0.015434031753102317,0.08487719483673573,0.07682137298181463,0.04784094697233986,0.10770743402105709,0.13297568053894793,0.022280164062976837,0.1252953333168989,0.015434031753102317,0.08487719483673573,0.03330439596902579,0.08528891741298139,0.04310485543101095,0.14883178351465176
RN,5,R_RSI,meanrev,"{""lo"": 20, ""n"": 2}",X3,False,0,5626,0.5867401350870957,1.2204465089268721,0.00014146749257004643,3.0135087095627444,0.7958961148615344,6.106324686706006,13.4606447599594,0.04365134716499597,1.0,0.01030382775934413,0.0708038873563055,0.0884329016512816,0.05487107365228745,0.09253620862832274,0.10399415156280156,0.0665931383264251,0.05176964102429338,0.01030382775934413,0.07780073238245677,0.053742424584925175,0.19405741582158953,0.0708038873563055,0.1668308960433933
VTBR,5,R_RSI,meanrev,"{""lo"": 10, ""n"": 2}",X1,True,0,4386,0.6383948928408573,1.2553427833484299,0.00014363845113971407,3.1666666666666665,0.6299982472237389,6.103365444423613,11.099394199478661,0.03730766131775454,1.0,0.01900853926781565,0.06833368311345112,0.0699998052470821,0.029741717292355196,0.16609676035239132,0.08208288365858607,0.07830594852566719,0.12908207785221748,0.06833368311345112,0.09651979688351275,0.01900853926781565,0.05267164466204122,0.05138611639722512,0.05260755686322227
MX,5,R_RSI,meanrev,"{""lo"": 10, ""n"": 2}",X2,True,0,3598,0.6778765981100612,1.2809323771412393,0.0001200379533488833,3.7409672040022235,0.43189655922378734,6.099670995587961,12.885538713841752,0.024440208901069127,0.8888888888888888,-0.0032829410483827814,0.04297716778819449,0.047988506580420816,0.03342632638309332,0.053702491952851795,0.11604868635185994,0.07821275183232501,0.04297716778819449,0.03554442353924969,0.052861398128698056,-0.0032829410483827814,0.02576838761160616,0.01833099962459528,0.06543568539564149
GAZP,5,R_MA_DEV,meanrev,"{""k"": 1.0, ""n"": 20}",X1,True,-1,1302,0.5960061443932412,1.3986709841483276,0.0003366980441743074,6.053763440860215,0.43838085542665794,6.096535058291335,11.18424080838062,0.030602086801081896,0.8888888888888888,-0.009929534109687665,0.04031318338820711,0.04870898393629533,0.0330315092802936,0.04783478300714009,0.09189478133339435,0.01387642255940591,0.094974126201123,0.04031318338820711,0.05878377097542398,-0.009929534109687665,0.037615374312736094,0.035713927311007865,0.07513880345504731
GZ,5,R_RSI,meanrev,"{""lo"": 20, ""n"": 3}",X3,True,0,3528,0.6323696145124716,1.240854701656316,0.0001629128749972952,3.685374149659864,0.5747566208410717,6.09605009225078,13.029793552115496,0.03821217319637071,1.0,0.03834137780359015,0.06295847537694499,0.06386184676011908,0.023151542135160522,0.22230916990725266,0.04143770677910652,0.07067282818024978,0.07410105050075799,0.03834137780359015,0.06295847537694499,0.04300796820461983,0.06033971760189161,0.06462911982089281,0.11926837657301803
