code,tf,family,group,params,exit,eod,direction,trades,win,pf,avg_trade,hold_bars,total,sharpe,sortino,mdd,pmr,m_min,m_median,m_mean,m_std,score,m202510,m202511,m202512,m202601,m202602,m202603,m202604,m202605,m202606
Si,1440,V_NR_BREAK,volatility,"{""n"": 14}",X3,False,0,11,0.6363636363636364,11.536104840493717,0.021885387641641905,8.090909090909092,0.2407392624336353,3.4888192257634536,6.784638821637855,0.032365443443268305,0.8888888888888888,-0.012321562648139661,0.03284462611190975,0.026748806937070588,0.019613308286382945,0.04363770725036086,0.03284462611190975,0.00096858199685812,0.027210507512791082,0.022782010259106755,-0.012321562648139661,0.03297480731271207,0.038661258353386074,0.054461768944747746,0.04315726459026337
SR,15,R_EXTREME,meanrev,"{""m"": 5, ""z"": 4.0}",X0,False,0,37,0.7567567567567568,4.59736257762419,0.0020945206059710857,12.45945945945946,0.07749726198380813,3.3525077288399387,10.742050048562804,0.005967376288026571,1.0,0.00020269921515136957,0.006838505272753537,0.008610806887089793,0.0061525297973685006,0.07358878811306996,0.022257991950027645,0.004118674551136792,0.00424289470538497,0.013467870652675629,0.0054644583142362535,0.00020269921515136957,0.009720465401187539,0.011183701921254396,0.006838505272753537
LKOH,60,T_KELTNER,trend,"{""k"": 1.0, ""n"": 100}",X3,True,-1,79,0.569620253164557,2.306530662042364,0.002942883508639202,8.278481012658228,0.2324877991050016,3.3290440009293674,7.866234405433039,0.036387425076100044,0.7777777777777778,-0.006749197491444647,0.026409252546727657,0.025831977678333513,0.033248011061642366,-0.017497904734292493,0.10617655812529847,0.039247975568287075,0.0007779254228807986,0.02878223266452551,-0.0033274065208388492,-0.006749197491444647,0.0017433960601920262,0.039427062729373574,0.026409252546727657
SR,1440,R_MA_DEV,meanrev,"{""k"": 1.0, ""n"": 50}",X1,False,0,14,0.8571428571428571,15.068497090193535,0.02122774278096625,6.642857142857143,0.2971883989594062,3.264260020258554,9.153092995642721,0.03175031300634146,0.7777777777777778,-0.003270266461186111,0.021209219412412494,0.033020933217711795,0.05339933237132054,-0.030594196611438258,0.1798560245297267,0.024336729547940195,0.0018099974258802831,0.012966676134965383,0.021209219412412494,0.028315512754488736,0.03318401298020035,-0.0012195073650218546,-0.003270266461186111
SR,1440,R_MA_DEV,meanrev,"{""k"": 1.0, ""n"": 50}",X3,False,0,14,0.8571428571428571,15.068497090193535,0.02122774278096625,6.642857142857143,0.2971883989594062,3.264260020258554,9.153092995642721,0.03175031300634146,0.7777777777777778,-0.003270266461186111,0.021209219412412494,0.033020933217711795,0.05339933237132054,-0.030594196611438258,0.1798560245297267,0.024336729547940195,0.0018099974258802831,0.012966676134965383,0.021209219412412494,0.028315512754488736,0.03318401298020035,-0.0012195073650218546,-0.003270266461186111
ALRS,15,V_RANGE_EXP,volatility,"{""fade"": 0, ""k"": 3.0}",X0,True,-1,49,0.6326530612244898,3.585247174717438,0.006048710184520542,48.87755102040816,0.29638679818890523,3.245307352292684,10.584834052100687,0.038149917498230934,0.8888888888888888,-0.0060300929471850395,0.02067772892769426,0.03293186646543392,0.027563641840352707,0.024585549692501263,0.054344580668839626,-0.0060300929471850395,0.02067772892769426,0.01279943692497909,0.008413843810558319,0.01870596595108509,0.039246546919457614,0.06818202789872885,0.08004676003474742
RN,30,V_REGIME_TREND,volatility,"{""hi"": 1, ""n"": 50}",X0,False,0,18,0.5555555555555556,8.353233539374234,0.03079646050350118,219.66666666666666,0.5543362848111428,3.195301268142815,6.6487735580501734,0.08882123231887817,0.6666666666666666,-0.03369475464569405,0.032772544102044776,0.061592920534571424,0.07636257698080075,-0.05435288842009109,0.0,0.01451106765307486,-0.03369475464569405,0.032772544102044776,-0.003603855235269293,0.21694443037267774,0.11899736383929849,0.07921546418219805,0.12919402454281226
SR,15,R_EXTREME,meanrev,"{""m"": 5, ""z"": 4.0}",X5,False,0,37,0.7567567567567568,4.07069015379513,0.002019189740379923,11.945945945945946,0.0747100199223496,3.1612189301305302,8.653495483486713,0.0063202474266290665,0.8888888888888888,-0.0019092083675786853,0.006838505272753537,0.008301113324705511,0.006533347698927969,0.03354515769206232,0.022257991950027645,0.004118674551136792,0.00424289470538497,0.014012480271048844,0.0054644583142362535,-0.0019092083675786853,0.00850052130408585,0.011183701921254396,0.006838505272753537
SR,60,R_BB,meanrev,"{""k"": 2.0, ""n"": 100}",X3,False,-1,30,0.6333333333333333,3.4617995014944274,0.004835093506764672,15.5,0.14505280638695695,3.152909426943429,7.491398145134542,0.015727134712506086,0.6666666666666666,-0.003312386281322688,0.009884257393423468,0.016116978487439662,0.021065734040570855,-0.04778498604805202,0.046063207322731614,0.057876924984157085,0.018745693552773446,-0.003312386281322688,0.009884257393423468,-0.001882695301901549,0.019650759466458112,0.0010662236891221255,-0.0030391784384846687
BR,1440,T_PRICE_MA,trend,"{""band"": 0.5, ""n"": 50}",X5,False,0,13,0.6153846153846154,7.510812347458256,0.0781955770731011,10.692307692307692,1.0165425063460134,3.1300443016311497,5.400195780523281,0.1676568917464465,0.6666666666666666,-0.08457205980084836,0.07567793229827657,0.11294916737177926,0.16386853884564476,-0.06258668064405132,0.026084760174853727,-0.018388759723166004,-0.0158050456084311,0.1020631161518395,0.07567793229827657,0.476460566977039,0.20113194780424237,-0.08457205980084836,0.2538900480722077
SR,15,R_EXTREME,meanrev,"{""m"": 5, ""z"": 4.0}",X0,True,0,37,0.7297297297297297,3.7306623602226594,0.0018075527088257074,12.378378378378379,0.06687944976147264,3.12363861531523,9.270293919650788,0.005967376288026571,1.0,0.00020269921515136957,0.006838505272753537,0.0074310499734969605,0.004097256649357523,0.10864615832848432,0.011640179727692157,0.004118674551136792,0.00424289470538497,0.013467870652675629,0.0054644583142362535,0.00020269921515136957,0.009720465401187539,0.011183701921254396,0.006838505272753537
GD,60,V_REGIME_TREND,volatility,"{""hi"": 0, ""n"": 20}",X5,False,-1,20,0.65,6.540749717621744,0.0086360543708012,18.3,0.1727210860371997,3.0994513558821146,7.818105031974394,0.016427645226940513,0.4444444444444444,-0.0018018842674791813,0.0,0.01919123178191108,0.03193091782983393,-0.10778420804254947,0.0,0.0,0.0,0.0,0.014662534173112363,0.02359501220053062,-0.0018018842674791813,0.03326232451945543,0.10300309941158048
BR,1440,T_PRICE_MA,trend,"{""band"": 0.5, ""n"": 50}",X3,False,0,11,0.5454545454545454,6.36155279573329,0.03691624381357343,4.545454545454546,0.4060786822519731,3.096905134917875,7.985661190734865,0.07370746371452697,0.5555555555555556,-0.018388759723166004,1.1725351214408875e-05,0.04511985358355256,0.07549478605828329,-0.09260793269857695,0.050484091392718256,-0.018388759723166004,-0.0158050456084311,0.03311110381036997,0.0,0.0,0.20815959246829152,1.1725351214408875e-05,0.14850597456097603
BR,60,R_EXTREME,meanrev,"{""m"": 1, ""z"": 3.0}",X0,True,-1,22,0.7272727272727273,8.880869506134337,0.011434783767374168,7.318181818181818,0.2515652440779377,3.0807306021893717,14.600282451680771,0.018602375173941255,0.8888888888888888,-0.018602375173941255,0.02187654221779667,0.02795169378643752,0.03717870795433986,-0.010209307777638567,-0.018602375173941255,0.0009217241895385087,0.002902840729802847,0.02187654221779667,0.013528193347156048,0.033150056027807295,0.11677762400358915,0.025710715912282467,0.055299922823905945
BR,60,R_EXTREME,meanrev,"{""m"": 1, ""z"": 3.0}",X5,True,-1,22,0.7272727272727273,8.880869506134337,0.011434783767374168,7.318181818181818,0.2515652440779377,3.0807306021893717,14.600282451680771,0.018602375173941255,0.8888888888888888,-0.018602375173941255,0.02187654221779667,0.02795169378643752,0.03717870795433986,-0.010209307777638567,-0.018602375173941255,0.0009217241895385087,0.002902840729802847,0.02187654221779667,0.013528193347156048,0.033150056027807295,0.11677762400358915,0.025710715912282467,0.055299922823905945
BR,1440,M_TSMOM,momentum,"{""n"": 50, ""z"": 0.0}",X5,False,0,11,0.6363636363636364,8.76510398356801,0.07595670888205601,9.181818181818182,0.8355238040094264,3.080457898508324,5.759156407854503,0.16357231559231877,0.5555555555555556,-0.0020468903239816427,0.02720250398851931,0.0928359782232696,0.15243984069518074,-0.07938794992252993,0.0,0.0,0.02720250398851931,-0.0020468903239816427,0.07567793229827657,0.476460566977039,0.0,0.029413940384984016,0.22881575068458915
Si,1440,V_RANGE_EXP,volatility,"{""fade"": 0, ""k"": 1.5}",X1,False,0,10,0.7,11.896277943008045,0.03425671907626306,18.3,0.3425671923014306,3.074263572610763,5.0249118830439885,0.0696587543534406,0.7777777777777778,-0.03854650511129876,0.04949438222683966,0.03806302136682563,0.0381764064852327,-0.020546918130078813,-0.03854650511129876,0.04949438222683966,0.06450168541778112,0.03611955474480055,-0.017274402884140727,0.0787580173346214,0.07600285654189065,0.05402193400004762,0.0394896700308891
SR,1440,R_BB,meanrev,"{""k"": 1.5, ""n"": 10}",X2,False,0,21,0.9047619047619048,22.882190638687913,0.011078387550660537,5.571428571428571,0.23264614189793065,3.0736289028687427,6.261342668289381,0.027343503199517727,0.7777777777777778,-0.005021321267122403,0.019009915286005707,0.025849571321992296,0.023176435580110927,-0.0006758652176780955,0.06712952861562371,0.04663360433187336,-0.003687595366500318,0.019009915286005707,-0.005021321267122403,0.033163897847771295,0.01661412901012227,0.011207977251615375,0.04759600618854165
SR,1440,R_BB,meanrev,"{""k"": 1.5, ""n"": 10}",X5,False,0,21,0.9047619047619048,22.882190638687913,0.011078387550660537,5.571428571428571,0.23264614189793065,3.0736289028687427,6.261342668289381,0.027343503199517727,0.7777777777777778,-0.005021321267122403,0.019009915286005707,0.025849571321992296,0.023176435580110927,-0.0006758652176780955,0.06712952861562371,0.04663360433187336,-0.003687595366500318,0.019009915286005707,-0.005021321267122403,0.033163897847771295,0.01661412901012227,0.011207977251615375,0.04759600618854165
SR,1440,R_BB,meanrev,"{""k"": 1.5, ""n"": 10}",X0,False,0,21,0.9047619047619048,22.882190638687913,0.011078387550660537,5.571428571428571,0.23264614189793065,3.0736289028687427,6.261342668289381,0.027343503199517727,0.7777777777777778,-0.005021321267122403,0.019009915286005707,0.025849571321992296,0.023176435580110927,-0.0006758652176780955,0.06712952861562371,0.04663360433187336,-0.003687595366500318,0.019009915286005707,-0.005021321267122403,0.033163897847771295,0.01661412901012227,0.011207977251615375,0.04759600618854165
SR,1440,R_BB,meanrev,"{""k"": 1.5, ""n"": 10}",X4,False,0,21,0.9047619047619048,22.882190638687913,0.011078387550660537,5.571428571428571,0.23264614189793065,3.0736289028687427,6.261342668289381,0.027343503199517727,0.7777777777777778,-0.005021321267122403,0.019009915286005707,0.025849571321992296,0.023176435580110927,-0.0006758652176780955,0.06712952861562371,0.04663360433187336,-0.003687595366500318,0.019009915286005707,-0.005021321267122403,0.033163897847771295,0.01661412901012227,0.011207977251615375,0.04759600618854165
MX,30,T_SUPERTREND,trend,"{""m"": 3.0, ""n"": 20}",X5,False,-1,65,0.676923076923077,2.7829813929833436,0.0032021279363059593,20.861538461538462,0.20813831638224656,3.0656891599737217,6.1925702148351505,0.028812453499995172,0.8888888888888888,-0.007577626034617424,0.014315394684672356,0.023126479598027397,0.02484358963061726,0.0044076063496294934,0.08066961623262614,0.03778122295625508,0.03960692062537419,-0.007577626034617424,0.0029508763400372118,0.00952933292137459,0.011790554010076448,0.01907202464644797,0.014315394684672356
Si,60,T_EMA_X,trend,"{""f"": 20, ""s"": 100}",X3,False,-1,16,0.6875,4.699073321353247,0.0053897014595956656,13.25,0.08623522357083857,3.0647316756055667,8.275132707879719,0.017833045858424157,0.7777777777777778,-0.010353950026910752,0.012840108945965767,0.009581691507870952,0.010247426015063737,-0.024898443167223352,0.01744896700256504,0.005857305513927713,0.012840108945965767,-0.00490225525572896,-0.010353950026910752,0.014554190449416637,0.020246144151315093,0.0201849500881508,0.010359762702137232
TATN,60,T_EMA_X,trend,"{""f"": 50, ""s"": 400}",X4,True,0,28,0.5357142857142857,5.052169345632652,0.00902581628693584,10.535714285714286,0.25272285676328465,3.061105190783513,13.522222526076002,0.024556487100198865,0.7777777777777778,-0.01162770064547658,0.009584647137671709,0.02808031741814274,0.03448154166280789,-0.033892634415817774,0.050150078895967454,0.06343578919768333,0.007652657106518745,0.0031665866263210773,0.009584647137671709,0.05067283846437931,0.09093075594864786,-0.01162770064547658,-0.011242795968428254
SR,1440,R_MA_DEV,meanrev,"{""k"": 1.0, ""n"": 50}",X2,False,0,14,0.8571428571428571,8.325692217579082,0.020005728302301507,6.785714285714286,0.2800801960474928,3.0560779787442427,8.349137444631168,0.04885851591825485,0.7777777777777778,-0.020378469373099506,0.021209219412412494,0.031120021783054754,0.05493968624642953,-0.04292843789236831,0.1798560245297267,0.024336729547940195,0.0018099974258802831,0.012966676134965383,0.021209219412412494,0.028315512754488736,0.03318401298020035,-0.0012195073650218546,-0.020378469373099506
CR,1440,V_RANGE_EXP,volatility,"{""fade"": 0, ""k"": 1.5}",X2,False,0,11,0.7272727272727273,8.457451334690871,0.03177900674343898,16.90909090909091,0.349569071593578,3.055650159504306,5.02665816969196,0.08587281667860225,0.7777777777777778,-0.046602235932368785,0.04390866249013925,0.038841007954841994,0.03989877662189135,-0.03024414693394699,-0.046602235932368785,0.04390866249013925,0.06083124054566724,0.03223732113838196,-0.009317850672232453,0.08372003567637876,0.06854656521318248,0.042084965942194685,0.07416036719223484
RN,30,T_MTF,trend,"{""k"": 8, ""n"": 40}",X0,False,0,14,0.5,13.591742839277037,0.033225238799050504,184.28571428571428,0.4651533385767834,3.0484382677786352,6.365615282538799,0.09319752268493176,0.4444444444444444,-0.009332727116998285,0.0,0.05168370428630927,0.07184792840168303,-0.10411271389144501,0.0,0.0,0.0,0.0,-0.009332727116998285,0.19123990020307247,0.032621737220324576,0.09914265212137252,0.15148177614901215
MX,30,T_SUPERTREND,trend,"{""m"": 3.0, ""n"": 10}",X5,False,-1,66,0.6212121212121212,2.7650036582216795,0.0031397278283890324,20.863636363636363,0.20722203623745372,3.0431148529937557,6.715521677242234,0.025919658481143415,0.7777777777777778,-0.002726600243477151,0.022184592358826194,0.023024670693050413,0.02885336942110712,-0.013649676946337147,0.0965010234649526,0.026787897455506027,0.022184592358826194,-0.0022803336032666266,-0.002726600243477151,0.002000636712182313,0.00705325811441071,0.031148168025538325,0.026553393952781335
CR,1440,V_RANGE_EXP,volatility,"{""fade"": 0, ""k"": 1.5}",X0,False,0,11,0.7272727272727273,8.186027695824935,0.0316377125384506,17.0,0.3480148357775761,3.038096469773374,4.986129972727149,0.08742705249460414,0.7777777777777778,-0.04815647174837068,0.04390866249013925,0.03866831508639734,0.040269862630635755,-0.0319991036080607,-0.04815647174837068,0.04390866249013925,0.06083124054566724,0.03223732113838196,-0.009317850672232453,0.08372003567637876,0.06854656521318248,0.042084965942194685,0.07416036719223484
CR,30,T_EMA_X,trend,"{""f"": 10, ""s"": 100}",X5,False,-1,42,0.6666666666666666,3.36729233799262,0.002575610095214035,21.0,0.10817562441661721,3.024125308038302,7.410429743394104,0.025120524311205372,0.7777777777777778,-0.01913543976843357,0.013560947176301852,0.01201951382406858,0.01612583967459918,-0.04746725488604771,0.03797034511808306,0.0002878282975871116,0.020712493918836117,0.029892730817664415,-0.01913543976843357,0.013560947176301852,0.015010610135504976,0.010038962347607594,-0.00016285362653434277
GD,15,T_DONCH_STOP,trend,"{""n"": 40}",X0,False,1,93,0.43010752688172044,2.140699180811852,0.003982139783545171,59.01075268817204,0.3703389958391199,3.0070414149444296,5.81129880448818,0.06638709784601815,0.7777777777777778,-0.039195431396365166,0.03529587709635962,0.04114877731545777,0.05105146496786807,-0.036260029202415896,0.08466781268361956,0.04817117322818376,0.03529587709635962,0.12096587405540049,0.10666170390322804,0.017855129088275135,0.004572085075778887,-0.039195431396365166,-0.00865522789536044
RN,30,T_EMA_X,trend,"{""f"": 20, ""s"": 100}",X2,True,-1,119,0.5714285714285714,1.9566486563402254,0.002973774431573009,21.352941176470587,0.3538791578521341,2.9951241445225096,6.684583074887181,0.08816592163384485,0.6666666666666666,-0.023708862016064813,0.019397481810301542,0.039319906428014896,0.06071627271815581,-0.06604050882427638,0.019397481810301542,-0.007884154940256849,-0.022818468080004095,-0.023708862016064813,0.007068231869197916,0.02746202563866973,0.11724771512672305,0.08042285445844755,0.15669233398512006
MGNT,15,I_ORB,intraday,"{""cut"": 480, ""len"": 60, ""start"": 600}",X0,True,-1,131,0.5648854961832062,1.9264073834692421,0.0028355789102879362,43.83969465648855,0.3714608380832942,2.984570764394371,5.480196804859416,0.07337718404596671,0.7777777777777778,-0.04556823492748663,0.03434900504362304,0.04127342645369936,0.051303305707850105,-0.040166788654539085,0.10745650614262559,0.0074942983337678015,0.03434900504362304,-0.005038774106651545,-0.04556823492748663,0.004843653034185991,0.07871755774249323,0.09182627510745078,0.09738055171328597
LKOH,30,T_SUPERTREND,trend,"{""m"": 4.0, ""n"": 20}",X5,True,0,161,0.515527950310559,1.7282003566610495,0.0020841675942068496,16.596273291925467,0.33555098179203924,2.980291706433941,6.493130630242437,0.04736608875100501,0.7777777777777778,-0.019619357350165956,0.010986717534251511,0.037283442421337694,0.05303758194918925,-0.04204944490294613,0.138436948065646,0.030600243422668427,0.004778978240210563,0.006560785899637267,-0.019619357350165956,0.06932894140481949,-0.015551129297818989,0.010986717534251511,0.11002885387279093
RN,30,T_EMA_X,trend,"{""f"": 10, ""s"": 200}",X2,True,-1,115,0.5826086956521739,1.9510127110416775,0.003166750566341174,22.156521739130437,0.36417631493895897,2.9743625229962714,6.071333633901584,0.09010316451531253,0.5555555555555556,-0.0266590829960478,0.03357888292521238,0.040464034993217664,0.058559207159573676,-0.08313580509603091,0.06145126809133217,-0.01639999815961346,-0.02134579129051417,-0.0266590829960478,-0.00675282534211874,0.03357888292521238,0.12635698588564992,0.09353395708603784,0.12041291873902082
GMKN,60,V_SQUEEZE,volatility,"{""lb"": 200, ""n"": 20, ""pct"": 0.2}",X4,True,0,47,0.6170212765957447,3.09886656676113,0.005402314296014134,10.0,0.2539087671902962,2.9724284056664625,8.480164745902472,0.037211700109764934,0.7777777777777778,-0.02285630418919027,0.03235533111728728,0.028212085243366245,0.02559915900112624,-0.010250603879739882,0.02444819686934352,0.01724807685241103,0.03235533111728728,0.04226751299574971,0.055691817426122725,-0.02285630418919027,0.04544613236794248,-0.0010418276069685817,0.060349831357598305
SBER,15,R_EXTREME,meanrev,"{""m"": 3, ""z"": 4.0}",X0,True,1,21,0.6666666666666666,5.939777046724445,0.0022656854048576022,10.571428571428571,0.047579392718034796,2.9714050307083784,11.602401671848755,0.003622444812208414,0.8888888888888888,0.0,0.0025946330279111862,0.005286599190892755,0.0050405622120455575,0.018087116576479642,0.015092225628904998,0.006066909874789417,0.0025946330279111862,0.0025524404627503827,0.0,0.0024679105263203382,0.003576111077563837,0.013425174867734313,0.001803987252060324
Si,60,V_RANGE_EXP,volatility,"{""fade"": 0, ""k"": 3.0}",X4,False,-1,15,0.4666666666666667,6.030979346241214,0.008519544374930297,27.4,0.12779316578962607,2.965624080255108,8.818930921110583,0.02484397077932954,0.6666666666666666,-0.011202592053450644,0.01658641966059804,0.014199240643291786,0.020312918030430543,-0.05601658911605361,0.05983529216609895,-0.001452308613806963,0.009883401449769735,0.019696558360010386,-0.011202592053450644,-0.009017210802994668,0.01763117749214871,0.025832428131252527,0.01658641966059804
ALRS,10,M_TSMOM,momentum,"{""n"": 200, ""z"": 0.0}",X0,True,-1,174,0.5862068965517241,1.749025497488981,0.0033237281039315016,90.25862068965517,0.5783286821751972,2.9607499434281053,5.168871002953295,0.0983907131212618,0.7777777777777778,-0.050635424497158965,0.06597099648206495,0.06425874246391079,0.07388264658170918,-0.025400614031444713,0.06597099648206495,-0.050635424497158965,0.00430170485014969,0.0213152391352196,-0.010969875438604504,0.10792583954753354,0.12928576779086143,0.12381766992621124,0.1873167643789202
GD,2,M_TSMOM,momentum,"{""n"": 200, ""z"": 0.5}",X0,False,0,305,0.380327868852459,1.5607607443815774,0.0019380059538641372,278.55409836065576,0.5910918262015912,2.9603101482172356,5.778713854819736,0.09883905632887036,0.7777777777777778,-0.007426160154864192,0.041043522069230676,0.06567686957795457,0.06440131029362987,-0.006681271289330368,0.13281358996755444,-0.007378288573818281,0.016951948346104473,0.15317270578816533,0.06084906460455386,0.041043522069230676,0.0332657135440968,-0.007426160154864192,0.16779973061056808
GMKN,60,V_SQUEEZE,volatility,"{""lb"": 200, ""n"": 20, ""pct"": 0.2}",X2,True,0,47,0.6170212765957447,3.062518314022575,0.005435188105733659,10.25531914893617,0.25545383692951873,2.957244126675649,8.014041091429165,0.03779264143668115,0.7777777777777778,-0.023437245516106486,0.03235533111728728,0.028383759658835415,0.025505932235605575,-0.01126362630432709,0.02444819686934352,0.029215305345132947,0.03235533111728728,0.038692536763846874,0.05123531760182232,-0.023437245516106486,0.04763045912841335,-0.005035895737819374,0.060349831357598305
Si,1440,V_NR_BREAK,volatility,"{""n"": 7}",X3,False,0,17,0.6470588235294118,7.893345759884862,0.014504222902101918,7.0,0.24657178964480408,2.9548513399209773,5.364162728345811,0.04101956216254621,0.8888888888888888,-0.020975681367417565,0.03297480731271207,0.027396865516089344,0.021543235756075467,0.02487882512608352,0.035309744300320745,0.012170140631496906,0.01662630695500411,0.03186340830870904,-0.020975681367417565,0.03297480731271207,0.038661258353386074,0.03925876569701359,0.06068303945357911
GZ,60,V_REGIME_TREND,volatility,"{""hi"": 0, ""n"": 50}",X4,False,-1,17,0.7058823529411765,7.124359025879938,0.010875433126755228,28.823529411764707,0.18488236045232043,2.9472017204744207,8.361917167244966,0.019343147287145257,0.4444444444444444,-0.004407202504808083,0.0,0.02054248449470227,0.03834093449681631,-0.11332464413665529,0.0,0.0,-0.0016067432006821036,-0.004407202504808083,0.009619010845199227,-0.0017782046925276518,0.11661400817683898,0.009721457783598453,0.056720034044701606
Si,1440,V_RANGE_EXP,volatility,"{""fade"": 0, ""k"": 1.5}",X2,False,0,10,0.7,8.842433069826946,0.033170936708932286,18.4,0.33170936899659864,2.9429894016166216,4.7340244923014545,0.08051657765827258,0.7777777777777778,-0.04940432841613074,0.04949438222683966,0.036856596555177625,0.04066852549378479,-0.033184369632060375,-0.04940432841613074,0.04949438222683966,0.06450168541778112,0.03611955474480055,-0.017274402884140727,0.0787580173346214,0.07600285654189065,0.05402193400004762,0.0394896700308891
Si,1440,V_RANGE_EXP,volatility,"{""fade"": 0, ""k"": 1.5}",X0,False,0,10,0.7,8.842433069826946,0.033170936708932286,18.4,0.33170936899659864,2.9429894016166216,4.7340244923014545,0.08051657765827258,0.7777777777777778,-0.04940432841613074,0.04949438222683966,0.036856596555177625,0.04066852549378479,-0.033184369632060375,-0.04940432841613074,0.04949438222683966,0.06450168541778112,0.03611955474480055,-0.017274402884140727,0.0787580173346214,0.07600285654189065,0.05402193400004762,0.0394896700308891
RN,60,T_ADX,trend,"{""n"": 28, ""thr"": 25}",X2,False,0,14,0.5,8.1246932211087,0.029162456702427706,57.642857142857146,0.40827439358690754,2.9350528667286357,7.282212573448106,0.043369479943066835,0.5555555555555556,-0.015981340780854225,0.014783584920223802,0.04536382150965639,0.07250290828212537,-0.08482684327701218,0.04544449725653976,0.0,0.0,-0.015981340780854225,-0.007628242485225201,0.16895836510229856,0.017255041282624006,0.014783584920223802,0.18544248829130083
GMKN,60,V_SQUEEZE,volatility,"{""lb"": 500, ""n"": 20, ""pct"": 0.2}",X3,True,1,18,0.7222222222222222,5.0837131116169445,0.005605600374261356,5.888888888888889,0.10090080532245338,2.9208581355750276,8.720150341361121,0.013523080386221409,0.6666666666666666,-0.013523080386221409,0.0033892272040247917,0.011211200591383709,0.016874257509669775,-0.07791284813489557,0.0,0.018810749985277653,0.0033892272040247917,0.035186258144676685,0.040946686756797135,-0.013523080386221409,0.0009210199350491166,0.0,0.015169943682849407
SR,15,R_EXTREME,meanrev,"{""m"": 5, ""z"": 4.0}",X5,True,0,37,0.7297297297297297,3.3494842667155087,0.0017322218432345453,11.864864864864865,0.06409220770001411,2.918233440147354,7.423657903387183,0.0063202474266290665,0.8888888888888888,-0.0019092083675786853,0.006838505272753537,0.007121356411112679,0.004570316734718552,0.055329429498400466,0.011640179727692157,0.004118674551136792,0.00424289470538497,0.014012480271048844,0.0054644583142362535,-0.0019092083675786853,0.00850052130408585,0.011183701921254396,0.006838505272753537
RN,30,V_REGIME_TREND,volatility,"{""hi"": 1, ""n"": 50}",X2,False,0,20,0.4,5.17223332238709,0.02426367211716419,178.65,0.4852734392043203,2.9157920936641575,6.031193946554997,0.08882123231887817,0.5555555555555556,-0.038981830701231956,0.032772544102044776,0.053919271022702255,0.07634963807646362,-0.08531367333885165,0.0,-0.038981830701231956,-0.023549120116513222,0.032772544102044776,-0.0020933729538228363,0.19949049857677892,0.11899736383929849,0.06939211941789836,0.1292452370398678
GZ,60,T_KELTNER,trend,"{""k"": 3.0, ""n"": 100}",X3,False,-1,33,0.6060606060606061,2.8770417818816854,0.005649717542452385,22.060606060606062,0.18644067859713687,2.915551533461908,5.212780039741905,0.04633875854779035,0.6666666666666666,-0.013906682630477007,0.023797416099114344,0.02071563095523743,0.02799471008772441,-0.05091538033046911,0.03507446707226336,-0.007718466222286224,0.0007644203724339604,0.02879630238749087,0.023797416099114344,-0.003976149950176477,0.04800604200863745,0.07560332946013659,-0.013906682630477007
BR,60,V_REGIME_TREND,volatility,"{""hi"": 1, ""n"": 100}",X1,False,0,10,0.5,11.241621580836267,0.08748595676292124,97.6,0.8748595695651602,2.913354965339776,5.737120402090979,0.15586973843164742,0.5555555555555556,0.0,0.029197519877925515,0.09720661884057336,0.1692147134862443,-0.08085234718513659,0.0,0.0,0.0,0.12150393635965884,0.07601610117126256,0.5599804492376279,0.08816156291868538,0.029197519877925515,0.0
GZ,60,V_REGIME_TREND,volatility,"{""hi"": 0, ""n"": 50}",X4,False,0,27,0.5555555555555556,3.8824520000017944,0.008049769976097257,23.37037037037037,0.21734378633846063,2.898534106035787,7.188726424788214,0.024402143782936037,0.4444444444444444,-0.0030951113294577226,0.0,0.02414930959316229,0.039022802045035394,-0.10821097828927159,0.0,0.0,-0.0016067432006821036,0.002774659631540999,-0.0030951113294577226,0.05064140004105866,0.11465003315242939,-0.0027404860011301935,0.056720034044701606
BR,1440,M_TSMOM,momentum,"{""n"": 50, ""z"": 0.0}",X4,False,0,11,0.6363636363636364,7.500501574805788,0.05233224241144379,7.818181818181818,0.5756546725169756,2.8984525274457282,5.643984832633519,0.1445279191248119,0.6666666666666666,0.0,0.02720250398851931,0.06396163027966395,0.08312165770572873,-0.045010425432573706,0.0,0.0,0.02720250398851931,0.016997506143525243,0.07567793229827657,0.19754703901708126,0.0,0.029413940384984016,0.22881575068458915
RN,60,V_REGIME_TREND,volatility,"{""hi"": 0, ""n"": 20}",X3,False,-1,29,0.6206896551724138,2.7326294202370884,0.005477237515721297,14.793103448275861,0.15883988761197543,2.898109384081189,5.845714920361011,0.025185522390529513,0.6666666666666666,-0.007038090261630714,0.01626106380717829,0.0176488764013306,0.018553628780489984,-0.03378485443697546,0.0,0.0,-0.007038090261630714,0.01626106380717829,0.031123430424486287,0.025531782768666744,0.04957470080262283,0.004839476750930771,0.03854752331972122
Si,60,T_KELTNER,trend,"{""k"": 2.0, ""n"": 20}",X4,False,-1,37,0.4864864864864865,3.503894919080601,0.004229426113872678,21.43243243243243,0.15648876559316705,2.8958896668168097,7.139197118145842,0.018254663000334403,0.8888888888888888,-0.005730257529648952,0.014166918097544112,0.017387640621463005,0.018562223653832456,0.00926151597476111,0.06017710594460368,3.250884765293449e-05,0.014166918097544112,0.012369295815005898,-0.005730257529648952,0.005373559833969921,0.03156725178268971,0.02408360316621838,0.014448779635131359
SR,1440,R_MA_DEV,meanrev,"{""k"": 1.0, ""n"": 20}",X3,False,0,14,0.8571428571428571,8.028808728737431,0.018997262966525597,6.142857142857143,0.2659616825003468,2.89424407827939,8.056594432122283,0.025236896850401536,0.6666666666666666,-0.008986381770228036,0.009383488562889397,0.02955129805559409,0.058067063164661537,-0.06743427619464021,0.18976061285138712,0.027339608292095363,-0.004264099261490628,0.005964341282378882,-0.008986381770228036,0.01791887456784025,0.0300647453404963,-0.0012195073650218546,0.009383488562889397
Si,1440,V_NR_BREAK,volatility,"{""n"": 4}",X3,False,0,21,0.6190476190476191,5.642750855132364,0.011587111130413172,6.333333333333333,0.243329334192822,2.8849759667016897,5.167986595027704,0.03571252152323723,0.8888888888888888,-0.014823423811321845,0.03033904667245224,0.027036592688091332,0.02194634153982613,0.028296872767612405,0.03724898361542728,0.005762991735537071,0.017386023799190298,0.03186340830870904,-0.014823423811321845,0.03033904667245224,0.0540970909059979,0.020838400327193085,0.06061681263963692
Si,1440,V_RANGE_EXP,volatility,"{""fade"": 0, ""k"": 1.5}",X4,False,0,10,0.7,8.410840462161586,0.03199949252103197,17.4,0.31999492838622245,2.8798781065046453,4.606933824102519,0.08139913804552634,0.7777777777777778,-0.0502868888033845,0.04949438222683966,0.035554992042913604,0.040938219501362505,-0.03567169015280009,-0.0502868888033845,0.04949438222683966,0.06450168541778112,0.03611955474480055,-0.017274402884140727,0.0787580173346214,0.07600285654189065,0.05402193400004762,0.028657789807766676
Si,60,V_SQUEEZE,volatility,"{""lb"": 200, ""n"": 50, ""pct"": 0.2}",X5,False,-1,12,0.8333333333333334,8.40739726889963,0.006520469652934562,20.666666666666668,0.07824563652684446,2.8736298984492166,9.914261017959053,0.008251979495980777,0.7777777777777778,0.0,0.004904167493805289,0.008693959614093829,0.009977348137395559,-0.013587701713274246,0.027356882172171026,0.00016980849613901228,0.019735211215447634,0.019507407676428556,0.005745636066421866,0.0,0.004904167493805289,0.0008265234064310789,0.0
BR,60,T_DONCH,trend,"{""n"": 160}",X3,False,1,22,0.6363636363636364,4.143462206540449,0.013400214810569492,10.454545454545455,0.2948047276586294,2.871863176070708,8.804163160064894,0.0369683641474694,0.4444444444444444,-0.011269811075180769,0.0,0.032756080850958824,0.057396319497024166,-0.11429484497389696,-0.011269811075180769,0.0,-0.007429558085277677,0.06293923291377723,0.023051515454426408,0.1798989325761795,0.04761441587470472,0.0,0.0
GZ,15,R_BB,meanrev,"{""k"": 1.5, ""n"": 100}",X1,False,-1,111,0.4954954954954955,1.704760092074408,0.0019421433685234725,16.963963963963963,0.21557791389568592,2.868353637169885,5.2769646968268,0.03998776094522327,0.7777777777777778,-0.014950645854696631,0.021590847267361823,0.023953101543965103,0.02850161729022812,-0.02598629899416285,0.07418989525831421,0.054087461132439785,-0.007555237039923668,-0.014950645854696631,0.002583074732683599,0.021590847267361823,0.043888868181966245,0.00515072385314852,0.03659292636439204
RN,60,T_ADX,trend,"{""n"": 28, ""thr"": 25}",X0,False,0,14,0.5,7.048820694097619,0.02853771241675605,59.285714285714285,0.39952797212754376,2.86744911008569,7.0859641937282865,0.05211590140243061,0.5555555555555556,-0.0189089709892869,0.014783584920223802,0.04439199690306042,0.07327260073343478,-0.08745732248845275,0.04544449725653976,0.0,0.0,-0.0134470337361563,-0.0189089709892869,0.16895836510229856,0.017255041282624006,0.014783584920223802,0.18544248829130083
ALRS,60,T_HMA,trend,"{""n"": 64}",X0,True,-1,160,0.56875,1.7811079950773328,0.0033174697469194455,14.6625,0.5307951556842454,2.8667818123975435,5.1092523302515565,0.1153043879330653,0.6666666666666666,-0.06914007925661281,0.0964032382289588,0.05897723952047171,0.08196547754585351,-0.05473691429527801,0.0964032382289588,-0.06914007925661281,0.001617099973373115,-0.0024789955950836884,-0.03700663422932848,0.11373731482308358,0.12930371196125634,0.11637060448992997,0.18198889528866857
ALRS,60,T_HMA,trend,"{""n"": 64}",X5,True,-1,160,0.56875,1.7811079950773328,0.0033174697469194455,14.6625,0.5307951556842454,2.8667818123975435,5.1092523302515565,0.1153043879330653,0.6666666666666666,-0.06914007925661281,0.0964032382289588,0.05897723952047171,0.08196547754585351,-0.05473691429527801,0.0964032382289588,-0.06914007925661281,0.001617099973373115,-0.0024789955950836884,-0.03700663422932848,0.11373731482308358,0.12930371196125634,0.11637060448992997,0.18198889528866857
GMKN,60,V_SQUEEZE,volatility,"{""lb"": 200, ""n"": 20, ""pct"": 0.2}",X1,True,0,48,0.5625,2.9082771810051438,0.0050799342395759445,9.208333333333334,0.24383683706400916,2.8656954219971573,8.651306689260986,0.029985488043166697,0.8888888888888888,-0.015630092122592032,0.025832927087321877,0.02709298189600102,0.023309356556406965,0.01811146127554019,0.010233302135020494,0.0190845038741827,0.025832927087321877,0.04316738899797201,0.05123531760182232,-0.015630092122592032,0.04423384420806542,0.005329813924618065,0.060349831357598305
AFLT,30,U_SIGNED_VOL,volume,"{""fade"": 1, ""n"": 100, ""thr"": 0.2}",X0,True,-1,38,0.7105263157894737,3.7745493932148495,0.005429700335961288,21.92105263157895,0.2063286158390838,2.8654628282496106,6.023490256067688,0.0329444445669651,1.0,0.002075490541756153,0.024586807936429977,0.022925401759898198,0.01222375002728381,0.12330371579124846,0.010752257541753352,0.03293827548623085,0.016926972311921418,0.02991242567077279,0.002075490541756153,0.024586807936429977,0.025193456036504358,0.017736786046953057,0.04620614426676184
GZ,15,R_BB,meanrev,"{""k"": 1.5, ""n"": 100}",X3,False,-1,116,0.5344827586206896,1.5783366027340084,0.0015201724270004257,12.586206896551724,0.1763400022064161,2.8615153701505798,5.188036525019954,0.028099036309868097,0.7777777777777778,-0.018185820430517197,0.008670386188896373,0.019593333578490676,0.024858574079570206,-0.0439883808844435,0.05509278360477765,0.05922852031653747,-0.018185820430517197,0.006108684930950403,0.008670386188896373,0.0034542959765531123,0.033478114171884954,-0.0014304681681096554,0.02992350561544299
MGNT,15,I_ORB,intraday,"{""cut"": 240, ""len"": 60, ""start"": 600}",X0,True,-1,111,0.5675675675675675,1.946925070803926,0.0031633549201672165,46.44144144144144,0.35113239627389703,2.860292621358704,5.256984037129321,0.07543447980424389,0.7777777777777778,-0.04556823492748663,0.03323042731790338,0.03901471069709967,0.04915373479753383,-0.04145167952804628,0.11215366813121364,0.002596760226879269,0.03323042731790338,-0.002373217372223735,-0.04556823492748663,0.011044418759411201,0.06490494008176029,0.08796742802951485,0.08717620602692477
Si,1440,V_RANGE_EXP,volatility,"{""fade"": 0, ""k"": 1.5}",X3,False,0,14,0.6428571428571429,5.657686602815811,0.01852598996674215,8.5,0.25936385749446345,2.8568503892492068,4.662348454893945,0.0696587543534406,0.7777777777777778,-0.03854650511129876,0.03036197042092681,0.028818206388273718,0.03345119710528366,-0.04061865103084174,-0.03854650511129876,0.04949438222683966,0.06337151872139657,0.02538965581334196,-0.010420632781460881,0.07451447582570836,0.03036197042092681,0.021626044530421495,0.04357294784858823
BR,60,R_EXTREME,meanrev,"{""m"": 1, ""z"": 3.0}",X4,True,-1,22,0.6818181818181818,6.1810830622759045,0.01076591441121971,6.7727272727272725,0.23685011753696017,2.8542924841340587,10.735049851146046,0.03332086303271353,0.7777777777777778,-0.022753296652808785,0.022801627725129947,0.02631667972632891,0.03881965720193169,-0.04028585730136036,-0.022753296652808785,-0.010567566379904747,0.002902840729802847,0.022801627725129947,0.013528193347156048,0.033150056027807295,0.11677762400358915,0.025710715912282467,0.055299922823905945
SR,1440,R_MA_DEV,meanrev,"{""k"": 1.0, ""n"": 20}",X2,False,0,14,0.9285714285714286,8.584323945866979,0.019015426881215096,6.642857142857143,0.26621598012934555,2.848008388657856,7.792523722723671,0.036204760894179344,0.6666666666666666,-0.007724714349023998,0.005964341282378882,0.02957955334770506,0.056765481970117146,-0.06768045651767683,0.18519306515008793,0.027339608292095363,-0.004264099261490628,0.005964341282378882,0.002461068841512315,0.02840147219831124,0.0300647453404963,-0.0012195073650218546,-0.007724714349023998
GZ,1440,R_MA_DEV,meanrev,"{""k"": 1.0, ""n"": 200}",X3,False,0,12,0.8333333333333334,5.570493450611961,0.029778688044911256,7.083333333333333,0.3573442576744128,2.8434709973100145,5.965749057714221,0.04920825420413166,0.5555555555555556,-0.003836770891211927,0.02078257454559207,0.0397049175193792,0.05261215026850616,-0.06875659558571046,0.1679606843390502,0.02078257454559207,-0.003836770891211927,0.06463170767528936,0.045255419332534075,0.06490298639982939,-0.0023523437266703695,0.0,0.0
GD,30,M_TSMOM,momentum,"{""n"": 20, ""z"": 0.0}",X5,False,1,123,0.5365853658536586,1.917254239290007,0.0030758083463863664,20.991869918699187,0.37832442526269006,2.842443778344077,5.445246104311101,0.08108933802577667,0.8888888888888888,-0.04151332873152569,0.022058123257011175,0.042036047251410004,0.05081578215233684,-0.019970991148138984,0.09921997040510178,0.013788772077532485,0.04382647184684174,0.1204080298775807,0.1009135379572399,0.0026043686375487596,0.01701847993535921,-0.04151332873152569,0.022058123257011175
MX,60,V_REGIME_TREND,volatility,"{""hi"": 0, ""n"": 100}",X2,True,-1,26,0.6153846153846154,4.2385793992159115,0.0037013727694618155,11.923076923076923,0.09623569427640177,2.8397301683788223,8.421202423349094,0.014564682642230764,0.3333333333333333,-0.005714778118999675,0.0,0.010692854919600196,0.020713969524389718,-0.14205528267160067,0.0,0.0,0.0,-0.004111466463655233,-0.005714778118999675,0.01145354367326945,0.05813310312805697,0.0,0.03647529205773026
MX,60,V_REGIME_TREND,volatility,"{""hi"": 0, ""n"": 100}",X4,True,-1,26,0.5769230769230769,4.476934903329615,0.0035968564759208533,10.307692307692308,0.09351826945203356,2.8389437655145273,9.343789070457381,0.009243701497325674,0.3333333333333333,-0.004713542090030387,0.0,0.010390918828003729,0.018893272579748807,-0.1393768409092295,0.0,0.0,0.0,-0.0031267558224499226,-0.004713542090030387,0.01363614376168698,0.05156809790059924,0.0,0.03615432570222765
GMKN,60,V_SQUEEZE,volatility,"{""lb"": 500, ""n"": 20, ""pct"": 0.2}",X1,True,0,41,0.5609756097560976,3.2508491740029095,0.005583657201440818,9.634146341463415,0.2289299393305555,2.8377163304854993,9.374755088730932,0.02112313627731055,0.7777777777777778,-0.003779259161092341,0.026892184745520353,0.025436659925617278,0.024752484370626226,0.004433402493349996,0.0,0.026892184745520353,0.0028479828033596277,0.05329860473284498,0.04453154734801501,-0.003779259161092341,0.03169018734479323,0.004581104964017868,0.06886758655309677
ROSN,60,V_REGIME_TREND,volatility,"{""hi"": 1, ""n"": 20}",X2,True,-1,60,0.6833333333333333,3.177985404627276,0.0057108003578686195,13.933333333333334,0.34264802117832005,2.8359254807404777,7.377489552204966,0.03894459456205368,0.6666666666666666,-0.011907349340617657,0.005324952857336029,0.03807200235314667,0.06695759316004761,-0.06668237159507698,0.0,0.0,0.004509698133915663,-0.011907349340617657,0.013041897589573637,0.020334368222393095,0.11010123672895133,0.005324952857336029,0.20124321698676795
GMKN,60,V_SQUEEZE,volatility,"{""lb"": 200, ""n"": 20, ""pct"": 0.2}",X0,True,0,47,0.6170212765957447,2.8649083504759925,0.0052534211764822475,10.340425531914894,0.2469107912038453,2.8310438297767324,7.30117829447488,0.04580427729524672,0.7777777777777778,-0.031448881374672055,0.03235533111728728,0.02743453235598281,0.02729294263836311,-0.025718270523826914,0.02444819686934352,0.029215305345132947,0.03235533111728728,0.03785129263997078,0.05123531760182232,-0.031448881374672055,0.04763045912841335,-0.004726061481051147,0.060349831357598305
GMKN,60,V_SQUEEZE,volatility,"{""lb"": 200, ""n"": 20, ""pct"": 0.2}",X5,True,0,47,0.6170212765957447,2.8649083504759925,0.0052534211764822475,10.340425531914894,0.2469107912038453,2.8310438297767324,7.30117829447488,0.04580427729524672,0.7777777777777778,-0.031448881374672055,0.03235533111728728,0.02743453235598281,0.02729294263836311,-0.025718270523826914,0.02444819686934352,0.029215305345132947,0.03235533111728728,0.03785129263997078,0.05123531760182232,-0.031448881374672055,0.04763045912841335,-0.004726061481051147,0.060349831357598305
SR,1440,R_MA_DEV,meanrev,"{""k"": 1.0, ""n"": 20}",X1,False,0,14,0.8571428571428571,7.9080979527988084,0.018671009337795644,6.214285714285714,0.2613941347990476,2.823161050499965,7.895134162651876,0.025236896850401536,0.6666666666666666,-0.008986381770228036,0.009383488562889397,0.029043792755449733,0.05666771713086268,-0.06728367484838217,0.18519306515008793,0.027339608292095363,-0.004264099261490628,0.005964341282378882,-0.008986381770228036,0.01791887456784025,0.0300647453404963,-0.0012195073650218546,0.009383488562889397
PLZL,15,R_EXTREME,meanrev,"{""m"": 10, ""z"": 3.0}",X2,True,1,29,0.7931034482758621,3.0087402975780346,0.003866168610573216,7.379310344827586,0.11211888905381784,2.82209435490185,5.920146213205069,0.021722101082559675,0.7777777777777778,-0.013080041389912367,0.012822850840166211,0.012457654339313094,0.012948078140689817,-0.02744701048530663,0.03156803082674742,0.0,0.012822850840166211,0.015219567343592644,0.010238497518002987,0.029964960645884275,-0.013080041389912367,0.009777145052794367,0.015607878216542304
SR,15,R_EXTREME,meanrev,"{""m"": 10, ""z"": 4.0}",X5,True,0,11,0.9090909090909091,35.64729501174298,0.0034755393307291035,11.0,0.03823093289975077,2.819958777261267,39.087422105997796,0.0011034319177269936,0.6666666666666666,-0.0011034319177269936,0.0033391304314136505,0.004247881433305641,0.005053547466783273,-0.03979095778891607,0.0038227823097258806,0.014652422454673797,0.0,0.011471197940409184,0.0,0.0033391304314136505,0.003611135995015502,-0.0011034319177269936,0.002437695686239749
SR,15,R_EXTREME,meanrev,"{""m"": 10, ""z"": 4.0}",X2,True,0,11,0.9090909090909091,35.64729501174298,0.0034755393307291035,11.0,0.03823093289975077,2.819958777261267,39.087422105997796,0.0011034319177269936,0.6666666666666666,-0.0011034319177269936,0.0033391304314136505,0.004247881433305641,0.005053547466783273,-0.03979095778891607,0.0038227823097258806,0.014652422454673797,0.0,0.011471197940409184,0.0,0.0033391304314136505,0.003611135995015502,-0.0011034319177269936,0.002437695686239749
SR,15,R_EXTREME,meanrev,"{""m"": 10, ""z"": 4.0}",X0,True,0,11,0.9090909090909091,35.64729501174298,0.0034755393307291035,11.0,0.03823093289975077,2.819958777261267,39.087422105997796,0.0011034319177269936,0.6666666666666666,-0.0011034319177269936,0.0033391304314136505,0.004247881433305641,0.005053547466783273,-0.03979095778891607,0.0038227823097258806,0.014652422454673797,0.0,0.011471197940409184,0.0,0.0033391304314136505,0.003611135995015502,-0.0011034319177269936,0.002437695686239749
SR,15,R_EXTREME,meanrev,"{""m"": 10, ""z"": 4.0}",X2,False,0,11,0.9090909090909091,35.64729501174298,0.0034755393307291035,11.0,0.03823093289975077,2.819958777261267,39.087422105997796,0.0011034319177269936,0.6666666666666666,-0.0011034319177269936,0.0033391304314136505,0.004247881433305641,0.005053547466783273,-0.03979095778891607,0.0038227823097258806,0.014652422454673797,0.0,0.011471197940409184,0.0,0.0033391304314136505,0.003611135995015502,-0.0011034319177269936,0.002437695686239749
SR,15,R_EXTREME,meanrev,"{""m"": 10, ""z"": 4.0}",X5,False,0,11,0.9090909090909091,35.64729501174298,0.0034755393307291035,11.0,0.03823093289975077,2.819958777261267,39.087422105997796,0.0011034319177269936,0.6666666666666666,-0.0011034319177269936,0.0033391304314136505,0.004247881433305641,0.005053547466783273,-0.03979095778891607,0.0038227823097258806,0.014652422454673797,0.0,0.011471197940409184,0.0,0.0033391304314136505,0.003611135995015502,-0.0011034319177269936,0.002437695686239749
SR,15,R_EXTREME,meanrev,"{""m"": 10, ""z"": 4.0}",X0,False,0,11,0.9090909090909091,35.64729501174298,0.0034755393307291035,11.0,0.03823093289975077,2.819958777261267,39.087422105997796,0.0011034319177269936,0.6666666666666666,-0.0011034319177269936,0.0033391304314136505,0.004247881433305641,0.005053547466783273,-0.03979095778891607,0.0038227823097258806,0.014652422454673797,0.0,0.011471197940409184,0.0,0.0033391304314136505,0.003611135995015502,-0.0011034319177269936,0.002437695686239749
BR,60,T_MTF,trend,"{""k"": 4, ""n"": 40}",X1,False,1,26,0.3076923076923077,5.102616265839384,0.02943380999574027,37.19230769230769,0.7652790619467851,2.814812713680358,6.433890661614078,0.14019261638168246,0.4444444444444444,-0.07665101229213178,0.0,0.08503100688297612,0.17376334007665312,-0.12625561301889532,0.0,0.0,-0.03372467216104269,0.09495024674106389,0.08319761778693646,0.5358977878640871,0.16332854819484055,-0.07665101229213178,-0.0017194541869685054
ALRS,30,V_REGIME_TREND,volatility,"{""hi"": 1, ""n"": 20}",X0,True,-1,105,0.5904761904761905,2.0814836055213037,0.004068894054485033,24.457142857142856,0.427233875150705,2.807901263791305,5.94898265205397,0.05816583544583409,0.6666666666666666,-0.03504303545560106,0.017683151294477284,0.047470430572300555,0.06632329595874176,-0.0665225430088964,0.0,-0.03504303545560106,0.017683151294477284,-0.013895953074097633,0.0039287873660214245,0.07019368361216038,0.08746552182128653,0.12135782599216327,0.1755438935942948
PLZL,15,R_EXTREME,meanrev,"{""m"": 10, ""z"": 3.0}",X2,True,0,49,0.7551020408163265,2.2848308855666675,0.002876914156830109,7.775510204081633,0.14096879391581751,2.7985909753768827,5.435428333874579,0.04049304354703054,0.7777777777777778,-0.008972238312708214,0.013402733486145735,0.015663199323979724,0.016992730754855266,-0.02140182630417753,0.044914428144693375,0.004240385722368956,0.01797681604512036,0.013402733486145735,0.010238497518002987,0.031516763381659985,-0.008972238312708214,-0.004986234416719526,0.03263764234725386
ROSN,15,R_EXTREME,meanrev,"{""m"": 5, ""z"": 4.0}",X3,True,0,30,0.7,3.7411258778097167,0.005321047464021986,6.9,0.15963142226701166,2.7974918120096435,9.026192204180791,0.009450911078602076,0.7777777777777778,-0.004713062662631273,0.011552516836673021,0.017736824696334627,0.01957418189614309,-0.017292144526719712,0.017788933124393225,0.011552516836673021,-0.004713062662631273,0.002201847266405821,0.004268004570803896,0.04110343847423792,0.05166281573474407,-0.0019449545070528984,0.037711883429437876
MX,60,V_SQUEEZE,volatility,"{""lb"": 500, ""n"": 20, ""pct"": 0.1}",X3,False,0,29,0.6206896551724138,3.1099054644587407,0.0029702025548474405,8.89655172413793,0.08613587424042635,2.7931917508121966,6.380599689810863,0.008891360164852813,0.7777777777777778,-0.007624285644851625,0.012401138083077967,0.009570652693380706,0.007589720349415131,0.0037594125588126873,0.0,0.01123843967798166,0.012401138083077967,0.013698150170966983,-0.007624285644851625,0.0101674321340397,0.015037260251119733,0.01530726917553693,0.015910470392555
ALRS,5,M_TSMOM,momentum,"{""n"": 400, ""z"": 0.0}",X0,True,-1,174,0.5747126436781609,1.689645869895097,0.0030975924948535307,181.45977011494253,0.5389810907690844,2.7923442376465237,4.806266471842287,0.11119715999848268,0.6666666666666666,-0.05271026346599683,0.0690956691687461,0.0598867878632316,0.07305399170333707,-0.05061514169522098,0.0690956691687461,-0.05271026346599683,-0.009726046899231733,0.018700653918131138,-0.010463108425028622,0.10973479930544272,0.13046544429380447,0.10422299557831138,0.17966094729490578
GD,60,T_DONCH_STOP,trend,"{""n"": 160}",X4,False,1,26,0.5,3.022482622317471,0.007026498094049843,20.153846153846153,0.18268894866923802,2.7909532493831213,5.813838754277418,0.029345684684813023,0.5555555555555556,-0.02363703027367592,0.014683463610708714,0.02029877207435978,0.03453728828145396,-0.09502087005950687,0.07706556108314544,0.014683463610708714,0.015102785633644089,0.0851524902973324,-0.001463831402361393,0.01578550972044468,-0.02363703027367592,0.0,0.0
SR,1440,R_MA_DEV,meanrev,"{""k"": 1.0, ""n"": 200}",X1,False,0,13,0.8461538461538461,13.099550908946979,0.019661201134987503,6.846153846153846,0.2555956156356842,2.7860794801723356,6.859899667029585,0.03175031300634146,0.7777777777777778,-0.021124388789758086,0.01714033640746493,0.02839951284840936,0.04808589224889943,-0.04442636614535627,0.15708164104580646,0.011648580199107528,0.0045452642953023314,0.01714033640746493,0.03079701354727149,0.02988285548053682,0.02562431344995275,0.0,-0.021124388789758086
SR,1440,R_MA_DEV,meanrev,"{""k"": 1.0, ""n"": 200}",X3,False,0,13,0.8461538461538461,13.099550908946979,0.019661201134987503,6.846153846153846,0.2555956156356842,2.7860794801723356,6.859899667029585,0.03175031300634146,0.7777777777777778,-0.021124388789758086,0.01714033640746493,0.02839951284840936,0.04808589224889943,-0.04442636614535627,0.15708164104580646,0.011648580199107528,0.0045452642953023314,0.01714033640746493,0.03079701354727149,0.02988285548053682,0.02562431344995275,0.0,-0.021124388789758086
ROSN,60,R_MA_DEV,meanrev,"{""k"": 3.0, ""n"": 200}",X4,True,-1,29,0.6206896551724138,3.6585255282622544,0.006125383096599584,9.827586206896552,0.1776361067313701,2.785281608723187,6.458854478894166,0.036543576570693403,0.4444444444444444,-0.015176144428551197,0.0,0.019737345192374453,0.03298673679065171,-0.12179665032871569,0.04955249937484041,0.018840497359633446,0.09186944714747369,-0.015176144428551197,-0.00037111068377271295,-0.008802478667348623,0.0,0.0,0.04172339662909508
ALRS,3,M_TSMOM,momentum,"{""n"": 400, ""z"": 0.0}",X0,True,-1,178,0.5730337078651685,1.6954577531153425,0.002992253474176147,291.62359550561797,0.5326211220781261,2.784867093799135,4.888100483800552,0.08052623659204983,0.7777777777777778,-0.0518350366037339,0.0703788576356601,0.05918012467534734,0.0728709553100637,-0.028407562495251823,0.0703788576356601,-0.0518350366037339,0.021717648922276567,0.0025341499112983,-0.0259618578129448,0.12845911283511668,0.11987793754087761,0.08966428192798048,0.17778602772159502
GD,1,M_TSMOM,momentum,"{""n"": 400, ""z"": 0.5}",X0,False,0,309,0.37216828478964403,1.5124132382774436,0.0017785869929787825,546.6925566343042,0.5495833829918411,2.780156986588041,5.50684969042944,0.1081357141956687,0.7777777777777778,-0.00628157431492582,0.033384753041900694,0.061064820332426786,0.061760654647834826,-0.010070902586097677,0.14796251547522843,-0.00628157431492582,0.015622036240529269,0.14835085289087147,0.055563309404533356,0.033384753041900694,0.022458594787167385,-0.005215326440520585,0.13773822190705687
RN,15,R_MA_DEV,meanrev,"{""k"": 3.0, ""n"": 50}",X1,False,-1,120,0.525,1.6146685438803001,0.0015942977238975183,11.058333333333334,0.19131572927290108,2.7796286533609456,4.671853633369159,0.07401336543262005,0.6666666666666666,-0.04377479571849108,0.01831479210522957,0.021257303252544563,0.03338368118029726,-0.08744698425801133,-0.0047802922781556845,0.05477619543671608,0.01831479210522957,0.03560962155461311,0.013800214976072311,-0.04377479571849108,0.06819787570566405,-0.002834289218299091,0.05200640670955181
ROSN,60,R_MA_DEV,meanrev,"{""k"": 3.0, ""n"": 200}",X1,True,-1,28,0.6071428571428571,3.699274873237525,0.005758981992235161,8.785714285714286,0.16125149402068928,2.7780094020579105,8.331217438521728,0.029064382950309664,0.5555555555555556,-0.00906866043806076,0.00037485407665371895,0.017916832668965474,0.023325421607455918,-0.08704893237921078,0.05830271809827536,0.028331074863672256,0.041959221474826336,-0.00906866043806076,-0.00037111068377271295,0.00037485407665371895,0.0,0.0,0.04172339662909508
GZ,1440,R_MA_DEV,meanrev,"{""k"": 1.0, ""n"": 200}",X1,False,0,12,0.8333333333333334,5.45876912459782,0.029050757048542018,7.166666666666667,0.34860908848349936,2.7759089278195272,5.726228277700614,0.04920825420413166,0.5555555555555556,-0.003836770891211927,0.02078257454559207,0.03873434316483326,0.05026540516400817,-0.06761495014488558,0.15922551514813676,0.02078257454559207,-0.003836770891211927,0.06463170767528936,0.045255419332534075,0.06490298639982939,-0.0023523437266703695,0.0,0.0
SR,60,R_EXTREME,meanrev,"{""m"": 1, ""z"": 4.0}",X4,False,-1,14,0.8571428571428571,7.821742522819856,0.004938656947653839,10.0,0.06914119690191001,2.7753472675852615,11.275564744042242,0.010135415708646178,0.7777777777777778,-0.010135415708646178,0.007411963306367397,0.007682355211323334,0.008462591292732996,-0.038753657606588644,0.007411963306367397,0.019007658818736672,0.01634584181010723,0.005903139128349721,-0.010135415708646178,0.005057415692135692,0.011608275352045894,0.0,0.013942318502813578
GMKN,60,V_SQUEEZE,volatility,"{""lb"": 500, ""n"": 20, ""pct"": 0.2}",X4,True,0,41,0.5853658536585366,3.157467885855627,0.0055358855105769,10.21951219512195,0.22697130165761337,2.7740808313754184,8.14300289334796,0.025360867148265243,0.6666666666666666,-0.011005471227690578,0.02505575818940997,0.025219033517512597,0.026321111933331195,-0.03311595187823996,0.0,0.02505575818940997,0.009370386833325028,0.052398728439584374,0.04898804717231542,-0.011005471227690578,0.03508680226514116,-0.001790536567568779,0.06886758655309677
RN,30,T_EMA_X,trend,"{""f"": 50, ""s"": 100}",X2,True,-1,90,0.5888888888888889,2.088684104714335,0.0034137319126254975,21.444444444444443,0.3072358704121143,2.7733980595210004,6.416133156684774,0.06685486873539048,0.5555555555555556,-0.012593661318533123,0.015196014050161466,0.03413731893467937,0.05411060704951763,-0.08445554593915885,0.015196014050161466,-0.0006479783914983273,-0.012593661318533123,-0.008190919117623707,-0.010835809065611102,0.024904791731387377,0.11707343836314976,0.03960516722872853,0.14272482693195343
RN,15,U_SIGNED_VOL,volume,"{""fade"": 0, ""n"": 100, ""thr"": 0.2}",X0,True,-1,73,0.6027397260273972,2.2655339601052265,0.0033667994784339563,41.794520547945204,0.2457763634956791,2.7665890152020896,5.723893830398091,0.10356976145703811,0.4444444444444444,-0.03611758831539191,-0.004587510658893734,0.027308484832853235,0.0570172279134435,-0.13916631991049985,0.03804681246401742,-0.004587510658893734,-0.021647296802257188,-0.024761809705523774,-0.0068451291881501675,-0.03611758831539191,0.09995461208745837,0.07146066046698252,0.13027361314743757
MGNT,60,V_RANGE_EXP,volatility,"{""fade"": 0, ""k"": 1.5}",X0,True,-1,103,0.5631067961165048,1.976284092428815,0.003454550579169455,11.349514563106796,0.3558187053822621,2.7631931591679355,5.204722940613134,0.10163101779471617,0.7777777777777778,-0.033570453684660606,0.015245322487317026,0.03953541170914024,0.056540430632511275,-0.04833982354644487,0.11394385655876249,0.015245322487317026,0.005773672397481278,0.01385015924461186,-0.033570453684660606,-0.024997577605972765,0.08848136744200019,0.04306882881792262,0.13402352972480003
MGNT,60,V_RANGE_EXP,volatility,"{""fade"": 0, ""k"": 1.5}",X5,True,-1,103,0.5631067961165048,1.976284092428815,0.003454550579169455,11.349514563106796,0.3558187053822621,2.7631931591679355,5.204722940613134,0.10163101779471617,0.7777777777777778,-0.033570453684660606,0.015245322487317026,0.03953541170914024,0.056540430632511275,-0.04833982354644487,0.11394385655876249,0.015245322487317026,0.005773672397481278,0.01385015924461186,-0.033570453684660606,-0.024997577605972765,0.08848136744200019,0.04306882881792262,0.13402352972480003
GMKN,60,V_SQUEEZE,volatility,"{""lb"": 500, ""n"": 20, ""pct"": 0.2}",X2,True,0,40,0.6,3.1182788030399298,0.005679301446570214,10.575,0.22717205359367654,2.758400211557587,7.763562536809868,0.02594180847518146,0.6666666666666666,-0.011586412554606795,0.03508680226514116,0.025241339288186282,0.026448347918646895,-0.0253838477488543,0.0,0.03786299587227404,0.009370386833325028,0.04882375197485089,0.04453154734801501,-0.011586412554606795,0.03508680226514116,-0.005784604698419571,0.06886758655309677
CR,60,V_SQUEEZE,volatility,"{""lb"": 200, ""n"": 50, ""pct"": 0.2}",X5,False,-1,12,0.8333333333333334,5.554107654638254,0.006935072342221041,19.5,0.08322086924704308,2.757865458483808,7.069577144086882,0.019656335120089352,0.7777777777777778,0.0,0.006782419281080365,0.009246763249671454,0.008977402497332681,0.000943247841640342,0.026652654923964292,0.006782419281080365,0.022588985913898796,0.003609402570873499,0.003845751288054089,0.0,0.008204109442885965,0.011537545826286077,0.0
Si,60,T_DONCH,trend,"{""n"": 40}",X4,False,-1,36,0.4444444444444444,2.9797427830032737,0.004176916267438001,21.444444444444443,0.150368985516252,2.753108817858299,6.654430881085364,0.02452190755866468,0.8888888888888888,-0.011451041442342103,0.014007565099745989,0.016707665057361334,0.020172470870135996,-0.005795495036390406,0.060401492490200326,0.008250099475844763,0.00428129849024117,0.014007565099745989,-0.011451041442342103,0.0008647415088489652,0.03781507058010902,0.021750979678472504,0.014448779635131359
CR,1440,V_RANGE_EXP,volatility,"{""fade"": 0, ""k"": 1.5}",X1,False,0,12,0.6666666666666666,6.335243180187099,0.02508745371691148,13.333333333333334,0.30104944238701137,2.747736651003951,4.620810050466077,0.0733338893041946,0.6666666666666666,-0.04532645276049152,0.042084965942194685,0.03344993804300126,0.04097146268328679,-0.060233074018707186,-0.04532645276049152,0.0,0.05494449065736262,0.03223732113838196,-0.009317850672232453,0.08372003567637876,0.06854656521318248,0.042084965942194685,0.07416036719223484
ROSN,60,V_REGIME_TREND,volatility,"{""hi"": 1, ""n"": 20}",X1,True,-1,56,0.6071428571428571,2.4830366073852996,0.004064924114744269,11.428571428571429,0.22763574865530245,2.7475646465047068,7.157175822944032,0.04811232374049723,0.5555555555555556,-0.016654804145218804,0.004509698133915663,0.025292860961700272,0.05126015200425173,-0.09865850489464745,0.0,0.0,0.004509698133915663,-0.015799843706190586,0.0061371008632704616,0.009875716641545296,0.11610599979758263,-0.016654804145218804,0.1234618810703978
BR,60,R_EXTREME,meanrev,"{""m"": 1, ""z"": 3.0}",X4,False,-1,22,0.6363636363636364,5.325973361484954,0.010846564125135563,7.363636363636363,0.2386244120716583,2.7465692932700825,7.994240664477864,0.03967764708795585,0.7777777777777778,-0.026970054022967815,0.013528193347156048,0.02651382356351759,0.0440974070686361,-0.05173133209538246,-0.026970054022967815,-0.010567566379904747,0.002902840729802847,0.012022596172755584,0.013528193347156048,0.033150056027807295,0.13354770746082067,0.025710715912282467,0.055299922823905945
GZ,15,R_BB,meanrev,"{""k"": 1.5, ""n"": 100}",X1,True,-1,124,0.5161290322580645,1.6980655346999831,0.0015292813359915542,13.82258064516129,0.18963088562668418,2.7406255404121684,5.291540287120474,0.040560177294537425,0.7777777777777778,-0.026803793385624886,0.014888896374031901,0.021070098402964907,0.025887425640097165,-0.04747374546723568,0.05836494437608053,0.037534291099291295,-0.006832385202869773,-0.026803793385624886,0.012166078697191551,0.04148984421044588,0.04709459000150673,0.011728419456630945,0.014888896374031901
LKOH,30,T_SUPERTREND,trend,"{""m"": 4.0, ""n"": 10}",X5,True,-1,85,0.5529411764705883,2.091640637444962,0.002751718949869734,17.764705882352942,0.2338961112254765,2.7363928711479226,5.676215453144585,0.07326468965038657,0.5555555555555556,-0.05949371727183461,0.04594227900088299,0.025988456802830722,0.05077421853144023,-0.10523152536283928,0.04982606659177691,-0.01028595375828445,-0.05949371727183461,0.04594227900088299,-0.020489144066232257,0.06195723556447774,-0.003523067745845765,0.050866471603512764,0.11909594130702317
RN,30,T_EMA_X,trend,"{""f"": 5, ""s"": 100}",X2,True,-1,145,0.5448275862068965,1.735061834105549,0.002338060436630308,20.848275862068967,0.3390187621662335,2.7324068051328974,5.656946623137211,0.10372191679562093,0.7777777777777778,-0.04306291218381375,0.030715545639395714,0.037668751351803725,0.060749983625674735,-0.05131241450296915,0.05788833188125864,0.004760327108670026,-0.04306291218381375,-0.042119006564462325,0.009252861542336177,0.030715545639395714,0.08270620333496481,0.08350315125426278,0.15537426015362144
LKOH,15,V_RANGE_EXP,volatility,"{""fade"": 0, ""k"": 3.0}",X2,True,-1,51,0.5686274509803921,2.958919171553008,0.004969393549637226,36.333333333333336,0.25343907621572725,2.7318691700653206,9.265835472811355,0.030157006229273975,0.7777777777777778,-0.018923099618405104,0.0131384456763044,0.028159897357303027,0.040252518964534294,-0.040932209947770214,0.08907087566331029,0.0131384456763044,0.019034286495298147,0.009390383696882054,-0.018923099618405104,0.005138592328876257,-0.001900967094115913,0.029341877903789282,0.10914868116378784
BR,1440,M_ACCEL,momentum,"{""n"": 20}",X1,False,0,16,0.625,5.643384998045534,0.05442576008070506,8.125,0.8708121672680136,2.731151367813993,4.858616945301456,0.2218998223543167,0.5555555555555556,-0.04449266733718105,0.0813326159841381,0.09675690747422373,0.1405504728946869,-0.07583722893240875,0.0,-0.003991832258179784,-0.025435252347961068,0.08580569771584123,0.0813326159841381,0.4229901121580042,-0.04449266733718105,0.13467275991570204,0.2199307334376499
GD,3,U_SIGNED_VOL,volume,"{""fade"": 1, ""n"": 100, ""thr"": 0.4}",X0,False,0,30,0.7333333333333333,5.614018615805917,0.0044936497080751,80.76666666666667,0.13480949334189063,2.7252517335553526,11.732273224473124,0.013718524103751406,0.8888888888888888,-0.007505531975766644,0.011770152486860752,0.014978832593543403,0.013326166917784979,0.013850083686161911,-0.007505531975766644,0.0049541741027496755,0.010099226608872414,0.011770152486860752,0.0122928003402194,0.04135514423251152,0.027824477176181972,0.023410748406604398,0.01060830196365714
BR,60,R_EXTREME,meanrev,"{""m"": 1, ""z"": 3.0}",X0,False,-1,21,0.7142857142857143,5.672129737818527,0.011559522305290325,8.380952380952381,0.24274996799067594,2.7241949964404726,6.767660906716122,0.04003326268866658,0.8888888888888888,-0.03595672873780131,0.01364553623716347,0.02697221866563066,0.04444335798115042,-0.0339227879869113,-0.03595672873780131,0.0009217241895385087,0.002902840729802847,0.01364553623716347,0.013528193347156048,0.033150056027807295,0.13354770746082067,0.025710715912282467,0.055299922823905945
BR,60,R_EXTREME,meanrev,"{""m"": 1, ""z"": 3.0}",X5,False,-1,21,0.7142857142857143,5.672129737818527,0.011559522305290325,8.380952380952381,0.24274996799067594,2.7241949964404726,6.767660906716122,0.04003326268866658,0.8888888888888888,-0.03595672873780131,0.01364553623716347,0.02697221866563066,0.04444335798115042,-0.0339227879869113,-0.03595672873780131,0.0009217241895385087,0.002902840729802847,0.01364553623716347,0.013528193347156048,0.033150056027807295,0.13354770746082067,0.025710715912282467,0.055299922823905945
GMKN,30,V_SQUEEZE,volatility,"{""lb"": 500, ""n"": 20, ""pct"": 0.1}",X2,True,0,56,0.4642857142857143,2.744745964943556,0.005663581244934516,16.125,0.31716054514981806,2.7212183267702144,9.58871412504747,0.046671485470142215,0.6666666666666666,-0.026795485406182706,0.004433333175256848,0.035240060572202005,0.051987675523002784,-0.07187088885501614,0.14484862016979605,0.004433333175256848,0.0456581354374066,-0.002401263453066349,-0.002089546003844589,0.004106040578335524,0.05872374912723899,-0.026795485406182706,0.0906769615248777
RN,60,T_ADX,trend,"{""n"": 28, ""thr"": 20}",X2,False,-1,18,0.5,5.093165848221623,0.021115282595563712,52.44444444444444,0.38007508497685194,2.716149802955563,6.475513276603655,0.04428568761795759,0.5555555555555556,-0.005801304243505001,0.018825158709660172,0.04223056499742799,0.06174595800867667,-0.07508133604035555,0.1060657100751996,0.0,0.0,-0.0015634106821380556,-0.005801304243505001,0.028164495306555182,0.018825158709660172,0.044865998439490795,0.18951843737158924
RN,2,R_EXTREME,meanrev,"{""m"": 10, ""z"": 4.0}",X0,True,-1,12,0.8333333333333334,17.236509395866214,0.004029941240959642,11.0,0.0483592952368781,2.7141416427225287,29.394685040528415,0.0018560036551207304,0.6666666666666666,0.0,0.0026322025805711746,0.005373255026319789,0.006289780055868429,-0.03849027371502332,0.002231552032753825,0.0160637057852,0.0,0.0,0.0026322025805711746,0.005717246211133897,0.0046323733404278755,0.0,0.017082215286791325
RN,2,R_EXTREME,meanrev,"{""m"": 10, ""z"": 4.0}",X5,False,-1,12,0.8333333333333334,17.236509395866214,0.004029941240959642,11.0,0.0483592952368781,2.7141416427225287,29.394685040528415,0.0018560036551207304,0.6666666666666666,0.0,0.0026322025805711746,0.005373255026319789,0.006289780055868429,-0.03849027371502332,0.002231552032753825,0.0160637057852,0.0,0.0,0.0026322025805711746,0.005717246211133897,0.0046323733404278755,0.0,0.017082215286791325
RN,2,R_EXTREME,meanrev,"{""m"": 10, ""z"": 4.0}",X0,False,-1,12,0.8333333333333334,17.236509395866214,0.004029941240959642,11.0,0.0483592952368781,2.7141416427225287,29.394685040528415,0.0018560036551207304,0.6666666666666666,0.0,0.0026322025805711746,0.005373255026319789,0.006289780055868429,-0.03849027371502332,0.002231552032753825,0.0160637057852,0.0,0.0,0.0026322025805711746,0.005717246211133897,0.0046323733404278755,0.0,0.017082215286791325
RN,2,R_EXTREME,meanrev,"{""m"": 10, ""z"": 4.0}",X5,True,-1,12,0.8333333333333334,17.236509395866214,0.004029941240959642,11.0,0.0483592952368781,2.7141416427225287,29.394685040528415,0.0018560036551207304,0.6666666666666666,0.0,0.0026322025805711746,0.005373255026319789,0.006289780055868429,-0.03849027371502332,0.002231552032753825,0.0160637057852,0.0,0.0,0.0026322025805711746,0.005717246211133897,0.0046323733404278755,0.0,0.017082215286791325
Si,1440,V_RANGE_EXP,volatility,"{""fade"": 0, ""k"": 1.5}",X5,False,0,12,0.6666666666666666,7.412952050319375,0.023205376183898535,11.333333333333334,0.2784645105530217,2.713334406193818,4.430334741234082,0.08051657765827258,0.7777777777777778,-0.04940432841613074,0.04042893523001112,0.030940501172557963,0.03740913309240584,-0.042972851772499786,-0.04940432841613074,0.03314302963553928,0.05326075794437202,0.04042893523001112,-0.010420632781460881,0.0787580173346214,0.06330985587555915,0.050079571483365726,0.01930930424714461
GD,60,U_VOL_BREAK,volume,"{""k"": 1.5, ""n"": 50}",X5,False,1,29,0.6206896551724138,2.573910220031058,0.006212574888404429,18.79310344827586,0.1801646722778969,2.7105695758067236,6.108541338547321,0.03963047463912517,0.5555555555555556,-0.0180746978148818,0.0027079221326857805,0.020018296919766324,0.03937842727858,-0.10253526835641012,0.06083810377822374,0.01493882481008768,0.018617100140545517,0.11360111343674362,-0.004648370551876724,0.0027079221326857805,-0.0180746978148818,-0.0041394318686798215,-0.003675891784951091
SR,1440,R_MA_DEV,meanrev,"{""k"": 1.0, ""n"": 50}",X4,False,0,14,0.7857142857142857,5.473618102665628,0.01772012361974134,6.357142857142857,0.24808173023484414,2.708053881970019,7.246542569230916,0.050661658868193626,0.6666666666666666,-0.02218161232303828,0.021209219412412494,0.02756463669276046,0.0570073822227437,-0.0718762282470961,0.1798560245297267,0.024336729547940195,0.0018099974258802831,-0.01722864672774449,0.021209219412412494,0.028315512754488736,0.03318401298020035,-0.0012195073650218546,-0.02218161232303828
BR,1440,T_PRICE_MA,trend,"{""band"": 0.5, ""n"": 50}",X4,False,0,14,0.5714285714285714,5.254610906377169,0.05125392963087542,8.714285714285714,0.7175550178799313,2.7074844235295914,4.682957574468436,0.1692778232973069,0.6666666666666666,-0.09023814904503524,0.07567793229827657,0.07972833531999236,0.11142552611505153,-0.06536100032520006,0.011676888912916183,-0.018388759723166004,-0.0158050456084311,0.1020631161518395,0.07567793229827657,0.19754703901708126,0.20113194780424237,-0.09023814904503524,0.2538900480722077
SR,1440,R_RSI,meanrev,"{""lo"": 30, ""n"": 3}",X5,False,0,35,0.7142857142857143,4.849206668263917,0.007365560671793089,4.4,0.2577946225210326,2.705023060332622,5.592226898181918,0.034890456292487215,0.7777777777777778,-0.017812221485655755,0.018313360524189193,0.028643846946781397,0.04190336895644126,-0.03758482561887498,0.13235692090529483,0.03636075690155849,0.018313360524189193,0.0211891359067522,-0.017812221485655755,0.005312008172040805,-0.0019329614660819061,0.007871613517636433,0.05613600954529829
SR,1440,R_RSI,meanrev,"{""lo"": 30, ""n"": 3}",X0,False,0,35,0.7142857142857143,4.849206668263917,0.007365560671793089,4.4,0.2577946225210326,2.705023060332622,5.592226898181918,0.034890456292487215,0.7777777777777778,-0.017812221485655755,0.018313360524189193,0.028643846946781397,0.04190336895644126,-0.03758482561887498,0.13235692090529483,0.03636075690155849,0.018313360524189193,0.0211891359067522,-0.017812221485655755,0.005312008172040805,-0.0019329614660819061,0.007871613517636433,0.05613600954529829
SR,1440,R_RSI,meanrev,"{""lo"": 30, ""n"": 3}",X2,False,0,35,0.7142857142857143,4.849206668263917,0.007365560671793089,4.4,0.2577946225210326,2.705023060332622,5.592226898181918,0.034890456292487215,0.7777777777777778,-0.017812221485655755,0.018313360524189193,0.028643846946781397,0.04190336895644126,-0.03758482561887498,0.13235692090529483,0.03636075690155849,0.018313360524189193,0.0211891359067522,-0.017812221485655755,0.005312008172040805,-0.0019329614660819061,0.007871613517636433,0.05613600954529829
RN,30,T_HMA,trend,"{""n"": 256}",X2,True,-1,124,0.5403225806451613,1.7870628061998872,0.0026449745707523425,21.088709677419356,0.3279768425018119,2.704330541786205,5.589870453946327,0.07754839077460929,0.4444444444444444,-0.021367699606344104,-0.00032813678262755275,0.03644187138909021,0.0635801569106328,-0.12100554103677041,-0.0075552998459897935,-0.00032813678262755275,-0.021367699606344104,-0.01676188042256399,-0.01145794929470867,0.03192757721990347,0.1390130277723074,0.062212838034611195,0.15229436542722397
ROSN,60,V_REGIME_TREND,volatility,"{""hi"": 1, ""n"": 20}",X4,True,-1,52,0.6346153846153846,2.9555304912068774,0.004471443744539565,12.211538461538462,0.23251507166423835,2.7033294765040865,8.051069326294904,0.05275510041974485,0.5555555555555556,-0.04902991000562906,0.004509698133915663,0.02583500796269315,0.057213668742014986,-0.11649270225431943,0.0,0.0,0.004509698133915663,-0.009959476999938488,0.013041897589573637,0.020235660136677325,0.13630372122861445,-0.04902991000562906,0.11741348158102483
GD,30,M_TSMOM,momentum,"{""n"": 20, ""z"": 0.5}",X4,False,0,254,0.3858267716535433,1.5747981846017374,0.0019760611082625984,18.34251968503937,0.5019195221248083,2.702518102415661,5.195803633665054,0.13343648488807958,0.6666666666666666,-0.06285022990778089,0.09129940887214616,0.05576883579164536,0.08780536106061478,-0.06143761785828655,0.12590920471120626,-0.06285022990778089,0.010023179449490272,0.09714660607278347,0.14018859126372263,0.18952430109493434,-0.05306437819672283,-0.036257161234971136,0.09129940887214616
RN,60,T_EMA_X,trend,"{""f"": 5, ""s"": 50}",X3,False,-1,38,0.5526315789473685,2.3380332802677324,0.005063196759651237,14.368421052631579,0.1924014789692592,2.69942079551571,5.666324688646878,0.03958503156900406,0.7777777777777778,-0.021165378391742706,0.01383548101875931,0.021377942107695464,0.02622109662284923,-0.04243785630404597,0.06156166724395007,0.007313859881833196,0.013144095428287983,-0.021165378391742706,0.04343951493501663,0.04605000847368501,-0.01078593812417239,0.03900816850364208,0.01383548101875931
RN,60,T_ADX,trend,"{""n"": 28, ""thr"": 20}",X0,False,-1,18,0.5,4.990875441690268,0.021009553204809156,53.666666666666664,0.3781719575636089,2.697811591026827,6.391296232857931,0.0442641144618392,0.5555555555555556,-0.007726004812866449,0.018846731865778565,0.042019106395956546,0.061914148942878264,-0.0762986825790725,0.1060657100751996,0.0,0.0,-0.0015634106821380556,-0.007726004812866449,0.028164495306555182,0.018846731865778565,0.044865998439490795,0.18951843737158924
GD,60,T_MTF,trend,"{""k"": 8, ""n"": 10}",X4,False,1,33,0.48484848484848486,2.8142011645142966,0.005570062281114351,18.696969696969695,0.18381205717741977,2.6974553286091614,5.821926842800168,0.033025608863681555,0.4444444444444444,-0.003945926699088886,0.0,0.020423561908602197,0.03568773145211489,-0.11087532065000073,0.0,0.023983631283044815,0.04918796657875646,0.11040328443050385,0.004183101584203541,-0.003945926699088886,0.0,0.0,0.0
RN,60,V_REGIME_TREND,volatility,"{""hi"": 0, ""n"": 50}",X5,True,-1,72,0.5972222222222222,2.4067843003048037,0.003432511979926397,13.222222222222221,0.24714086445601424,2.6968815335713,6.755240667767002,0.027860104280989617,0.6666666666666666,-0.012864978692959994,0.005028754938393831,0.02746009605066825,0.04103346424511266,-0.06472214406396762,0.0,0.0,0.004777261288836598,-0.012864978692959994,0.007933126005809754,0.005028754938393831,0.061865646159276366,0.06223593058530241,0.11816512417135527
RN,60,V_REGIME_TREND,volatility,"{""hi"": 0, ""n"": 50}",X0,True,-1,72,0.5972222222222222,2.4067843003048037,0.003432511979926397,13.222222222222221,0.24714086445601424,2.6968815335713,6.755240667767002,0.027860104280989617,0.6666666666666666,-0.012864978692959994,0.005028754938393831,0.02746009605066825,0.04103346424511266,-0.06472214406396762,0.0,0.0,0.004777261288836598,-0.012864978692959994,0.007933126005809754,0.005028754938393831,0.061865646159276366,0.06223593058530241,0.11816512417135527
GZ,15,R_BB,meanrev,"{""k"": 1.5, ""n"": 100}",X3,True,-1,128,0.5390625,1.581891017434659,0.0012551917484824586,10.4765625,0.1606645441679575,2.6967444230880604,4.869475173469134,0.030150392558425665,0.7777777777777778,-0.012977871345356107,0.009830164024606347,0.017851616018661944,0.022281582859770072,-0.038708181189613305,0.045882342692493694,0.04757433570921421,-0.012977871345356107,-0.010248522507026792,0.007119349000276998,0.030172990052960813,0.04034674909780733,0.0029650074429810047,0.009830164024606347
Si,60,T_KELTNER,trend,"{""k"": 2.0, ""n"": 50}",X4,False,-1,44,0.4772727272727273,2.540184499586347,0.0036030617918157465,22.5,0.15853471908485517,2.6931153492290796,5.873805442317018,0.022623748358455487,0.7777777777777778,-0.009128207457251847,0.017865585032268427,0.01761496878720613,0.01823942981585854,-0.013510352069491988,0.04884277761448175,0.017865585032268427,0.027292384358588606,0.01590630318969488,-0.005087639321573079,-0.009128207457251847,0.03405354905407876,0.028549682392622344,0.0002402842219453305
RN,30,T_MTF,trend,"{""k"": 8, ""n"": 40}",X2,False,0,15,0.4,7.950211021611812,0.028365095724286464,168.26666666666668,0.4254764295910718,2.6918587671380383,5.120545282937788,0.09319752268493176,0.4444444444444444,-0.008965121989604086,0.0,0.047275158843452424,0.06382800161224127,-0.10336962451636014,0.0,0.0,0.0,0.0,-0.008965121989604086,0.15119538608996663,0.032621737220324576,0.09914265212137252,0.15148177614901215
MX,60,T_SUPERTREND,trend,"{""m"": 2.0, ""n"": 20}",X3,False,-1,62,0.5161290322580645,1.9792893845205932,0.0028527205946069175,13.67741935483871,0.17686867761085523,2.68871293009009,4.816590689730137,0.0571663822629489,0.7777777777777778,-0.01919578219531104,0.012416945304721594,0.019652075290095026,0.03647351291538012,-0.0529632025242818,0.11096304818056524,0.029388530288997572,0.0111551398440497,-0.01896494720131159,-0.01919578219531104,0.015510364886722527,0.0038092075978966022,0.031786170904524624,0.012416945304721594
ALRS,10,M_TSMOM,momentum,"{""n"": 100, ""z"": 0.5}",X0,True,-1,155,0.5548387096774193,1.727204338800268,0.0031551136578841306,84.9483870967742,0.48904261254028825,2.688660305386638,4.862135834941342,0.09015466994605958,0.7777777777777778,-0.048947920091450214,0.05736356761190109,0.054338068060032024,0.06695511282877158,-0.03366560685240986,0.05736356761190109,-0.048947920091450214,0.04952524942200398,0.013865709070159937,-0.046761406876612455,0.10289983458642382,0.1337568171293242,0.08141184120904654,0.14592892047949135
BR,1440,T_PRICE_MA,trend,"{""band"": 0.0, ""n"": 50}",X5,False,0,15,0.4666666666666667,4.71067222903734,0.05051257168192795,8.666666666666666,0.7576885780872544,2.688592326003976,4.868879084821131,0.19044846210454125,0.4444444444444444,-0.08648379093210679,0.0,0.08418761978747272,0.16228954721999664,-0.1276781091529565,-0.008171064808266237,-0.08648379093210679,-0.014850921928882599,0.10701857740059495,0.07567793229827657,0.476460566977039,0.0,-0.012659888714551926,0.22069716779515147
MX,30,T_SUPERTREND,trend,"{""m"": 3.0, ""n"": 10}",X5,True,-1,93,0.5806451612903226,1.9792851558826814,0.0020006089659195974,18.483870967741936,0.1860566334798932,2.6856642691687087,5.28020352383821,0.047298640361987054,0.7777777777777778,-0.015007413283456117,0.01653299992904067,0.02067295927554369,0.033012871096460616,-0.04150548619422807,0.1039128047414124,0.022443689755164087,0.0002586923073977232,-0.015007413283456117,-0.011892219190485775,0.029585746000520885,0.016296118788886815,0.023926214431412518,0.01653299992904067
GD,60,M_ROC_VOTE,momentum,"{""base"": 40, ""need"": 4}",X5,False,-1,18,0.6666666666666666,5.151216834018194,0.009017554179127828,19.055555555555557,0.1623159735754598,2.6852156524700805,7.810293011132749,0.016030535101890564,0.4444444444444444,-0.010388744762167335,0.0,0.01803510817505109,0.025476181562782373,-0.11317511736417978,0.0,-0.010388744762167335,0.0,0.0,0.0,0.06009011960122734,0.01839065970852971,0.03543574610375799,0.05878819292411208
Si,60,T_EMA_X,trend,"{""f"": 50, ""s"": 400}",X3,False,0,11,0.7272727272727273,6.138359156232311,0.004565949170425201,8.636363636363637,0.05022544022358488,2.6807182440588493,7.974395287638915,0.006931767333298922,0.5555555555555556,0.0,0.007953233201988041,0.005580604469287209,0.0053169694995704965,-0.024014186099515528,0.007953233201988041,0.0,0.014653697027824819,0.0,0.0,0.008512224434525706,0.008617192885139957,0.0,0.01048909267410636
BR,1440,T_KELTNER,trend,"{""k"": 1.0, ""n"": 50}",X5,False,0,12,0.5,5.459783359428522,0.0726399103778984,11.583333333333334,0.8716789286118001,2.6803397360460988,4.527157944495506,0.20160427480004728,0.6666666666666666,-0.0845837842207402,0.07238561916165054,0.09685321429020001,0.1570662062324553,-0.06697072390927224,0.026084760174853727,-0.03141952204168774,-0.0025822327006608248,0.07238561916165054,0.07567793229827657,0.476460566977039,0.20113194780424237,-0.0845837842207402,0.13852364115882665
MGNT,5,V_NR_BREAK,volatility,"{""n"": 14}",X0,True,-1,192,0.5833333333333334,1.6077231239171748,0.0025603211932506997,148.86458333333334,0.49158168213034514,2.6751456395378157,4.144626026569702,0.10573117764579365,0.7777777777777778,-0.06724124417087296,0.05353548569837585,0.054620186903371684,0.07514453973737661,-0.04507759737003381,0.0748095577582717,0.011464392649941146,0.045423734016367234,-0.03307813334686216,-0.06724124417087296,0.05353548569837585,0.1808155580656603,0.07293315208517015,0.1529191793742939
MGNT,60,M_TSMOM,momentum,"{""n"": 400, ""z"": 1.0}",X5,True,-1,74,0.6351351351351351,2.08499057345625,0.004935860812739897,16.324324324324323,0.3652537009329535,2.673451148588138,4.950762917076141,0.06994851678609848,0.5555555555555556,0.0,0.0003375695087015629,0.04058374454810595,0.06093182839667219,-0.08044780368367087,0.0003375695087015629,0.0,0.0,0.0,0.0,0.0064611127017997205,0.15931264800019562,0.06092968792654574,0.13821268279571086
MGNT,60,M_TSMOM,momentum,"{""n"": 400, ""z"": 1.0}",X0,True,-1,74,0.6351351351351351,2.08499057345625,0.004935860812739897,16.324324324324323,0.3652537009329535,2.673451148588138,4.950762917076141,0.06994851678609848,0.5555555555555556,0.0,0.0003375695087015629,0.04058374454810595,0.06093182839667219,-0.08044780368367087,0.0003375695087015629,0.0,0.0,0.0,0.0,0.0064611127017997205,0.15931264800019562,0.06092968792654574,0.13821268279571086
Si,60,V_SQUEEZE,volatility,"{""lb"": 200, ""n"": 50, ""pct"": 0.2}",X4,False,-1,12,0.5833333333333334,9.299311461639519,0.008901119780297433,26.333333333333332,0.10681343707256019,2.673091637785495,9.468083133906234,0.012175254596513696,0.5555555555555556,-0.007301792094949633,0.00233984412625432,0.01186815967472891,0.016191271980902328,-0.089078053663656,0.033562614175025374,-0.004873462501564063,-0.007301792094949633,0.019696558360010386,0.00233984412625432,0.0,0.02845262248592917,0.03493705252185464,0.0
ALRS,10,T_EMA_X,trend,"{""f"": 50, ""s"": 100}",X0,True,-1,166,0.5843373493975904,1.6850420288167833,0.0030563231927407757,89.0,0.5073496451350366,2.671371995725642,4.650146572655554,0.11266298292321153,0.6666666666666666,-0.06283145828638226,0.059125272353412583,0.05637218279278184,0.08306201660014595,-0.06524672561470997,0.059125272353412583,-0.06283145828638226,-0.008145758183673024,6.283566290221643e-05,-0.024685747164767236,0.11644065217114985,0.10231042455416173,0.10909259645268321,0.21598082757554948
ROSN,15,R_EXTREME,meanrev,"{""m"": 5, ""z"": 4.0}",X1,True,0,30,0.6666666666666666,3.5252812983809676,0.00491156084550648,9.2,0.14734682471043925,2.670119236787069,8.331438917170553,0.01316896842308779,0.6666666666666666,-0.005280815239530057,0.011552516836673021,0.016371869412271027,0.01947821405326024,-0.0449961063504804,0.020239634905010462,0.011552516836673021,-0.004713062662631273,-0.005280815239530057,0.004268004570803896,0.03417882230132818,0.05080429697409272,-0.0019449545070528984,0.038242381531745195
GD,60,T_DONCH_STOP,trend,"{""n"": 80}",X4,False,0,57,0.49122807017543857,2.2088076104706955,0.005479221042546707,20.17543859649123,0.3123156022193143,2.6700275614212043,5.132734197417027,0.06319251062814146,0.6666666666666666,-0.015960100921802223,0.03463261772412807,0.034701733579923816,0.04336333268812035,-0.04631258858538698,0.08573756914120167,0.03463261772412807,0.02277627110015601,0.11362416052725166,-0.01556095496925991,0.06268168782116845,-0.015960100921802223,-0.010814156150445342,0.035198507946915925
GMKN,30,V_SQUEEZE,volatility,"{""lb"": 500, ""n"": 20, ""pct"": 0.1}",X1,True,0,57,0.42105263157894735,2.8174419622438265,0.00527620907523145,13.894736842105264,0.3007439133361913,2.663931180036316,11.806659350077338,0.030240456049796194,0.5555555555555556,-0.018068291014060378,0.014341483416501433,0.033415990370687924,0.051487044303839394,-0.0885815233692811,0.1353808213607408,-0.018068291014060378,0.04098186921328306,-0.0031882314942777157,0.014341483416501433,-0.012359023559838533,0.06879579601809382,-0.015817472129128873,0.0906769615248777
GMKN,60,V_SQUEEZE,volatility,"{""lb"": 500, ""n"": 50, ""pct"": 0.2}",X1,True,1,17,0.7647058823529411,5.6820324166431355,0.008627894595959359,11.235294117647058,0.1466742082266137,2.6623482851797826,10.515876530656861,0.014647160656750202,0.4444444444444444,-0.003280338365584612,0.0,0.01629713424740152,0.023183324478990158,-0.10528618986881637,0.0,0.0,0.0469410577788949,0.03171289467718452,0.00857863761484623,0.0,0.0,-0.003280338365584612,0.06272195652127266
MX,30,T_SUPERTREND,trend,"{""m"": 4.0, ""n"": 10}",X5,False,-1,47,0.6595744680851063,3.222576996430475,0.003153921675850876,20.93617021276596,0.14823431956756394,2.6609090106569053,6.637321690793713,0.026339891330280807,0.6666666666666666,-0.0024354557099286467,0.0043873968097614124,0.01647047995195155,0.02885527772071252,-0.06212772386729071,0.09277930518146604,0.0043873968097614124,-0.0003246665801270865,-0.0008341405773535371,-0.0024354557099286467,0.0015702892196713947,0.00839264297974296,0.011643115169135854,0.03305583307519555
GMKN,60,V_SQUEEZE,volatility,"{""lb"": 200, ""n"": 20, ""pct"": 0.2}",X4,True,1,21,0.7142857142857143,5.803225156306445,0.008330118464741855,11.19047619047619,0.17493248358368874,2.6604042225657394,10.23212913129926,0.02382638491690159,0.7777777777777778,-0.02382638491690159,0.007082476047798991,0.01943694262040986,0.026023892493687115,-0.05327159081383835,0.007082476047798991,0.0044022733345627785,0.044059447944164276,0.04897986073046923,0.055691817426122725,-0.02382638491690159,0.0009210199350491166,0.0,0.03762197308242321
SR,1440,R_RSI,meanrev,"{""lo"": 30, ""n"": 3}",X4,False,0,35,0.7142857142857143,4.509273195661285,0.007221308631456699,4.285714285714286,0.25274580119003076,2.658603426175611,5.505337938216562,0.03923256351845339,0.7777777777777778,-0.02209453674731776,0.018313360524189193,0.028082866798892308,0.04249545268465524,-0.04176788709821484,0.13235692090529483,0.03636075690155849,0.018313360524189193,0.0211891359067522,-0.02209453674731776,0.004545502102700993,-0.0019329614660819061,0.007871613517636433,0.05613600954529829
GMKN,60,V_SQUEEZE,volatility,"{""lb"": 500, ""n"": 20, ""pct"": 0.2}",X1,True,1,18,0.6666666666666666,7.01568702527158,0.009233700136606827,11.11111111111111,0.16620659874752164,2.653058961456928,14.017480478218586,0.013523080386221409,0.6666666666666666,-0.013523080386221409,0.013965137302875519,0.01846739986083574,0.022979681448186698,-0.054273059034301116,0.0,0.020048602484166622,0.013965137302875519,0.0541236437857151,0.04453154734801501,-0.013523080386221409,0.0009210199350491166,0.0,0.04613972827792168
SBER,15,R_EXTREME,meanrev,"{""m"": 3, ""z"": 4.0}",X5,True,1,21,0.6666666666666666,4.509840638801049,0.002120257486600508,10.380952380952381,0.04452540671627503,2.6503844380618435,6.909226512273587,0.006676430813968182,0.7777777777777778,-0.0004593529738485813,0.0025524404627503827,0.004947267412919448,0.0053061638861326985,-0.013445684647513986,0.015092225628904998,0.006066909874789417,-0.0004593529738485813,0.0025524404627503827,0.0,0.0024679105263203382,0.003576111077563837,0.013425174867734313,0.001803987252060324
SR,60,R_EXTREME,meanrev,"{""m"": 1, ""z"": 4.0}",X0,False,-1,14,0.8571428571428571,6.598453178220324,0.004804442091607354,11.142857142857142,0.06726218858239008,2.6495191655744312,8.653548700018096,0.012102384818717837,0.7777777777777778,-0.012014424028166104,0.007411963306367397,0.007473576509154454,0.008910897930966452,-0.04791232627378251,0.007411963306367397,0.019007658818736672,0.01634584181010723,0.005903139128349721,-0.012014424028166104,0.005057415692135692,0.011608275352045894,0.0,0.013942318502813578
SR,60,R_EXTREME,meanrev,"{""m"": 1, ""z"": 4.0}",X5,False,-1,14,0.8571428571428571,6.598453178220324,0.004804442091607354,11.142857142857142,0.06726218858239008,2.6495191655744312,8.653548700018096,0.012102384818717837,0.7777777777777778,-0.012014424028166104,0.007411963306367397,0.007473576509154454,0.008910897930966452,-0.04791232627378251,0.007411963306367397,0.019007658818736672,0.01634584181010723,0.005903139128349721,-0.012014424028166104,0.005057415692135692,0.011608275352045894,0.0,0.013942318502813578
RN,10,U_SIGNED_VOL,volume,"{""fade"": 0, ""n"": 100, ""thr"": 0.4}",X0,False,0,22,0.6818181818181818,6.6193963439905295,0.010182909374522405,92.95454545454545,0.2240240057635674,2.6490069326699768,7.411884519353268,0.018926605582237244,0.7777777777777778,-0.005367783829569817,0.028602363483514637,0.024891556195951934,0.024751197273779474,0.0025783806451319877,0.04239482490811497,-0.005367783829569817,-0.002334623015485704,0.015145504445172264,0.00056715018581599,0.07662209699628875,0.0336199882440269,0.028602363483514637,0.034774484345689416
SR,60,R_MA_DEV,meanrev,"{""k"": 3.0, ""n"": 20}",X4,False,-1,21,0.8095238095238095,3.9093862527263266,0.004208295496230179,11.952380952380953,0.08837420580675825,2.6468236517529498,5.725340487790875,0.02645619382383302,0.7777777777777778,-0.015078986820299178,0.006898132618516684,0.009819356200750917,0.014632335111761438,-0.055593319217794035,-0.015078986820299178,0.04062767559662461,0.020264023856725544,0.018596220848849043,0.006898132618516684,0.0,0.00851062242873013,0.005632695945678279,0.0029238213319331408
GMKN,60,V_SQUEEZE,volatility,"{""lb"": 500, ""n"": 20, ""pct"": 0.2}",X4,True,1,18,0.7222222222222222,7.002039597261739,0.009303842416852075,11.5,0.16746916039846838,2.6414765960689723,10.917950163276783,0.02382638491690159,0.6666666666666666,-0.02382638491690159,0.020048602484166622,0.018607684488718707,0.025290500789594262,-0.06384709660844358,0.0,0.020048602484166622,0.021074503660202026,0.0541236437857151,0.04898804717231542,-0.02382638491690159,0.0009210199350491166,0.0,0.04613972827792168
ALRS,5,M_TSMOM,momentum,"{""n"": 200, ""z"": 0.5}",X0,True,-1,153,0.5620915032679739,1.7088871526028373,0.003118583087155174,169.6143790849673,0.4771432101888422,2.640964840141467,4.729264133059835,0.1041835909954898,0.7777777777777778,-0.05518924019543192,0.04953488544560969,0.05301591224320469,0.07004295022856158,-0.041742238500266975,0.04096756994840689,-0.05518924019543192,0.04953488544560969,0.010675541707314551,-0.04724741182872094,0.10228802065830678,0.1334248015191406,0.08808696724008769,0.15460207569412887
BR,1440,T_PRICE_MA,trend,"{""band"": 0.0, ""n"": 20}",X5,False,0,26,0.4230769230769231,4.28665153892546,0.0358538518933688,7.153846153846154,0.9322001504478976,2.639603302137978,4.486805340706982,0.22000141453463584,0.6666666666666666,-0.055803817085688934,0.07567793229827657,0.10357779449421084,0.15938627368131514,-0.06072978525024071,-0.055803817085688934,-0.041575576877221465,-0.036689710250357166,0.1020631161518395,0.07567793229827657,0.476460566977039,0.1528544745524414,0.03243806748650968,0.22677509719505906
RN,60,R_MA_DEV,meanrev,"{""k"": 2.0, ""n"": 200}",X3,False,-1,17,0.7058823529411765,4.347531346565656,0.007013530065495785,11.470588235294118,0.11923001144896261,2.6360719796179333,6.478180362807359,0.012108434922993183,0.5555555555555556,-0.012108434922993183,0.0027304202085360885,0.013247779049884735,0.024862777737074872,-0.09938248475571479,0.028745965100824833,-0.012108434922993183,0.0767401235352736,0.009801161824725568,0.01332077570259571,0.0027304202085360885,0.0,0.0,0.0
GMKN,60,V_SQUEEZE,volatility,"{""lb"": 500, ""n"": 50, ""pct"": 0.2}",X4,True,1,17,0.7647058823529411,5.681124975308989,0.00862760025233783,11.647058823529411,0.1466692042304203,2.6337424170645156,9.08529881210241,0.02176153101027012,0.4444444444444444,-0.003280338365584612,0.0,0.016296578247824475,0.02468444945279015,-0.10716185896808589,0.0,0.0,0.05405042413622141,0.03171289467718452,0.001464267261326313,0.0,0.0,-0.003280338365584612,0.06272195652127266
GZ,60,V_SQUEEZE,volatility,"{""lb"": 500, ""n"": 20, ""pct"": 0.2}",X3,True,-1,23,0.6521739130434783,3.973751329160092,0.003606452897536557,6.782608695652174,0.08294841690803878,2.6322913669671713,6.518663584715287,0.01371040300000459,0.7777777777777778,-0.01371040300000459,0.006157621101010591,0.009216490767559864,0.015382501933889074,-0.056713349971697,0.0,0.008595459163188934,0.010012960061430931,0.026031737681478262,0.0017211239610332996,0.0015849270857870579,0.042554990854114294,0.006157621101010591,-0.01371040300000459
ALRS,15,T_HMA,trend,"{""n"": 256}",X0,True,-1,166,0.572289156626506,1.6885940481017967,0.002972024939200637,58.58433734939759,0.49335613418770663,2.6307979340205443,4.634111426739392,0.11518466531015292,0.5555555555555556,-0.06770224147476256,0.07905252659111284,0.05481734824307852,0.07635019682416339,-0.08177571696120105,0.07905252659111284,-0.06770224147476256,-0.0032917571952566504,-0.0040185140696848975,-0.02808744495268911,0.118204876256641,0.12546003551688045,0.1184190507628955,0.15531960275257006
GD,60,T_DONCH_STOP,trend,"{""n"": 160}",X4,False,0,41,0.5121951219512195,2.5180251895324215,0.00621577774568895,19.829268292682926,0.25484688868164085,2.6292998674338044,5.511211380924067,0.051727184909395874,0.6666666666666666,-0.025457574985921383,0.015102785633644089,0.02831632096462676,0.0426336067214221,-0.07281027543003005,0.08319218747783452,0.014683463610708714,0.015102785633644089,0.0851524902973324,-0.025457574985921383,0.0729773216880858,-0.015547253773547709,-0.02254063356667757,0.047284102300181985
GMKN,60,V_SQUEEZE,volatility,"{""lb"": 500, ""n"": 20, ""pct"": 0.2}",X0,True,0,40,0.6,2.8882041262312956,0.0054657253046998065,10.675,0.2186290078680031,2.628465372900597,6.99451840790423,0.03395344433374703,0.6666666666666666,-0.019598048413172364,0.03508680226514116,0.024292111985333677,0.02765605181143429,-0.038783810593954506,0.0,0.03786299587227404,0.009370386833325028,0.0479825078509748,0.04453154734801501,-0.019598048413172364,0.03508680226514116,-0.005474770441651344,0.06886758655309677
GMKN,60,V_SQUEEZE,volatility,"{""lb"": 500, ""n"": 20, ""pct"": 0.2}",X5,True,0,40,0.6,2.8882041262312956,0.0054657253046998065,10.675,0.2186290078680031,2.628465372900597,6.99451840790423,0.03395344433374703,0.6666666666666666,-0.019598048413172364,0.03508680226514116,0.024292111985333677,0.02765605181143429,-0.038783810593954506,0.0,0.03786299587227404,0.009370386833325028,0.0479825078509748,0.04453154734801501,-0.019598048413172364,0.03508680226514116,-0.005474770441651344,0.06886758655309677
BR,60,R_EXTREME,meanrev,"{""m"": 1, ""z"": 3.0}",X0,False,0,46,0.6739130434782609,3.262363453233139,0.00754736857421552,9.76086956521739,0.34717895393259823,2.6262964201142243,4.900258201002055,0.06405962305143476,0.6666666666666666,-0.018670300603844225,0.016292727552354336,0.03857543932584425,0.06893533283424302,-0.06707987102600056,-0.018670300603844225,-0.005979603505693376,-0.006748161744326353,0.0049476755084469914,0.016292727552354336,0.0233245330164209,0.21898754173889756,0.07029107864946127,0.04473346332088113
BR,60,T_EMA_X,trend,"{""f"": 50, ""s"": 100}",X1,False,1,17,0.29411764705882354,7.116634787163499,0.04486215344967884,63.64705882352941,0.7626566222461406,2.6239618918846452,5.256399709568086,0.15586973843164742,0.5555555555555556,-0.04569005221128464,0.006724488514009863,0.08473962469401562,0.17695924499984528,-0.09808842952889639,0.006724488514009863,-0.04569005221128464,-0.008120552636682987,0.11228349478915334,0.044472708948887885,0.5599804492376279,0.12322034174576402,-0.030214256141334772,0.0
GD,60,M_ROC_VOTE,momentum,"{""base"": 10, ""need"": 4}",X5,False,1,61,0.39344262295081966,2.06295548245175,0.003924753157388962,12.98360655737705,0.23940994110671454,2.623770844267831,5.175212194466097,0.0803443804870767,0.6666666666666666,-0.039813062408939004,0.029701297404244542,0.02660110456741273,0.04453986550946299,-0.07511686133409844,0.04800186026841402,0.05332900898065418,0.029701297404244542,0.12282391206827015,0.03334495780291036,0.013433204498142004,-0.01049880386563018,-0.010912433641351527,-0.039813062408939004
Si,60,V_RANGE_EXP,volatility,"{""fade"": 0, ""k"": 2.0}",X4,False,-1,44,0.5,2.56470856593631,0.0038357814487392614,21.863636363636363,0.1687743862203206,2.6227032045585412,5.698866166762022,0.03456846484914422,0.7777777777777778,-0.011079399846494198,0.01790059742052108,0.018752709580035623,0.020411858667042197,-0.019529051210166026,0.043110545608215034,0.008367208298295736,0.030778667016420513,0.007798310718499124,-0.011079399846494198,0.02180751704145223,0.0550854440589319,0.01790059742052108,-0.004994504095520824
RN,60,V_REGIME_TREND,volatility,"{""hi"": 1, ""n"": 20}",X1,False,0,23,0.391304347826087,3.40396173092332,0.01730272988530743,59.91304347826087,0.39796278267749585,2.621110839916382,5.472766670616527,0.06217401218600571,0.5555555555555556,-0.002201223047450185,0.0025794445537030697,0.04421808696416621,0.07102823351313922,-0.08280245761168645,0.0,0.0,-0.002201223047450185,-2.098243567161262e-05,0.012228262174176052,0.1639443984895479,0.03506200946867466,0.0025794445537030697,0.18637087347451597
SR,15,R_EXTREME,meanrev,"{""m"": 5, ""z"": 4.0}",X2,False,0,37,0.7567567567567568,3.032517459714293,0.0017940731893480177,11.35135135135135,0.06638070748886093,2.6197706296970145,5.3600120340115325,0.009876616299152374,0.8888888888888888,-0.002947882399894297,0.0054644583142362535,0.007375634165428992,0.007112569673456841,0.011170032722717917,0.022257991950027645,-0.002947882399894297,0.00424289470538497,0.013467870652675629,0.0054644583142362535,0.00020269921515136957,0.008278090273961425,0.011183701921254396,0.004230882856063545
CR,60,V_SQUEEZE,volatility,"{""lb"": 200, ""n"": 50, ""pct"": 0.2}",X4,False,-1,12,0.6666666666666666,7.883056642532909,0.00857209714640611,27.5,0.10286516620544717,2.619683553372192,7.66226516860243,0.017492817423772067,0.6666666666666666,-0.0038196236710064113,0.0016256431117653847,0.011429462911716351,0.015074270213217828,-0.058802488627400264,0.029025139985606074,0.0016256431117653847,-0.0038196236710064113,0.008522392250597477,0.0001867490354925394,0.0,0.030336744035594165,0.03698812145739794,0.0
RN,30,T_EMA_X,trend,"{""f"": 5, ""s"": 200}",X2,True,-1,125,0.544,1.7569497855436704,0.0026201755256281566,21.824,0.32752194017302827,2.6183947464185593,5.243097286444137,0.1057574227997975,0.5555555555555556,-0.03919156425399706,0.03940334473736584,0.03639132668589203,0.05834823036828124,-0.09127287309072468,0.06303725473117083,-0.028918482072185725,-0.03919156425399706,-0.01699463202021434,-0.005841464037075639,0.03940334473736584,0.13098909566178918,0.08702648861799389,0.09801189880818129
Si,60,V_SQUEEZE,volatility,"{""lb"": 500, ""n"": 20, ""pct"": 0.2}",X4,False,0,35,0.4,2.918272357544249,0.004014260897774028,19.17142857142857,0.14049913076451048,2.6116559398901846,6.8217539904074,0.018724073888733983,0.7777777777777778,-0.009022641461342573,0.011428435449488461,0.015611014529390054,0.01576779518320814,-0.019306185982112502,0.0,0.007384104988886975,0.00662403367459774,0.011428435449488461,-0.009022641461342573,0.043252235918771476,0.021285766626533587,0.0332196251329151,0.02632757043465972
ALRS,30,T_EMA_X,trend,"{""f"": 10, ""s"": 50}",X0,True,-1,167,0.5808383233532934,1.6556340645874321,0.002986123750890035,30.449101796407184,0.49868266767407476,2.6115606920574,4.51958949325024,0.1347107910860359,0.5555555555555556,-0.06388616166077554,0.047539912193315104,0.05540918529711942,0.08370683778071705,-0.09250653607662664,0.047539912193315104,-0.06388616166077554,-0.010438342695124447,-0.003743860668691923,-0.024883335165213794,0.11871574318502098,0.1076186602585949,0.11794016236672178,0.2098198898602277
ALRS,60,T_SUPERTREND,trend,"{""m"": 4.0, ""n"": 10}",X4,True,-1,76,0.5657894736842105,2.1872597804712917,0.0042923403931085236,11.789473684210526,0.3262178643781226,2.6096295213672818,5.9336125071990535,0.04976076661841944,0.7777777777777778,-0.030895132396835834,0.021815973916091025,0.03624642937534696,0.048754594430270304,-0.04084961573734015,0.05773041569045745,-0.030895132396835834,0.021815973916091025,8.431641617789865e-05,-0.0035232490627095103,0.05272934609092772,0.10430928599089384,0.0024143692571669817,0.12155253847595304
RN,30,T_MTF,trend,"{""k"": 8, ""n"": 40}",X1,False,0,16,0.375,9.05254531184971,0.025551042320885477,147.5,0.40881667456415016,2.608868507136805,5.1219979669165445,0.09319752268493176,0.3333333333333333,-0.00978466053493321,0.0,0.04542407495157224,0.0693537568323425,-0.13021533922061654,0.0,0.0,0.0,0.0,-0.003985106886830181,0.1642957377625862,-0.00978466053493321,0.10270809149369597,0.15558261272963136
ALRS,60,T_EMA_X,trend,"{""f"": 50, ""s"": 400}",X0,True,-1,167,0.6047904191616766,1.623621879768852,0.0033060240957968274,16.832335329341316,0.5521060155715531,2.606804138257833,4.2525637825748825,0.12169316224753857,0.5555555555555556,-0.056060946839352255,0.10835939354728907,0.06134511284128368,0.07751991344257766,-0.06383492569466447,0.11044519647839479,-0.023130205343477428,-0.007654361659660935,-0.056060946839352255,-0.0021713109454140067,0.1320144911733223,0.16394066449720412,0.12636309466324747,0.10835939354728907
ALRS,60,T_EMA_X,trend,"{""f"": 50, ""s"": 400}",X5,True,-1,167,0.6047904191616766,1.623621879768852,0.0033060240957968274,16.832335329341316,0.5521060155715531,2.606804138257833,4.2525637825748825,0.12169316224753857,0.5555555555555556,-0.056060946839352255,0.10835939354728907,0.06134511284128368,0.07751991344257766,-0.06383492569466447,0.11044519647839479,-0.023130205343477428,-0.007654361659660935,-0.056060946839352255,-0.0021713109454140067,0.1320144911733223,0.16394066449720412,0.12636309466324747,0.10835939354728907
GD,3,M_TSMOM,momentum,"{""n"": 200, ""z"": 0.5}",X0,False,0,196,0.37244897959183676,1.7116370574761242,0.0029723984182952203,289.63775510204084,0.5825900965137407,2.6045643756066257,4.552985457138387,0.1714060358935967,0.6666666666666666,-0.08611509401816875,0.09769031323958188,0.06473223294597119,0.08912871038983504,-0.06069776801368218,0.13149170542601496,-0.0065555121982470155,0.027411848946940154,0.13964335212949663,0.1681485119042918,0.15604370803339407,-0.045168736949563026,-0.08611509401816875,0.09769031323958188
GD,1440,T_DONCH_STOP,trend,"{""n"": 160}",X3,False,0,11,0.7272727272727273,4.478046729311211,0.021848573873740604,4.181818181818182,0.24033430947747547,2.6036894398477672,4.086421569589616,0.06601525144651532,0.3333333333333333,-0.010682455264031887,0.0,0.02670381216416394,0.06320070523998447,-0.1423717669380248,0.03962198279623408,0.0,-0.010682455264031887,0.20145466551184654,0.0,0.0,0.0,0.0,0.009940116433426738
RN,60,R_MA_DEV,meanrev,"{""k"": 2.0, ""n"": 200}",X1,False,-1,16,0.6875,4.320586205326705,0.0073918936295096355,14.5,0.11827029936830513,2.6000838584821375,6.426035874357607,0.012108434922993183,0.5555555555555556,-0.012108434922993183,0.0027304202085360885,0.013141144374256127,0.026103830681971255,-0.10027641291649157,0.025074890814721584,-0.012108434922993183,0.08166425509261899,0.007588392472825944,0.01332077570259571,0.0027304202085360885,0.0,0.0,0.0
GZ,15,R_EXTREME,meanrev,"{""m"": 10, ""z"": 3.0}",X0,True,-1,25,0.68,3.250056151742134,0.002638008059811155,12.48,0.06595020084205316,2.5987371340628753,6.407752825909677,0.008838475681841373,0.7777777777777778,-0.001088238088414073,0.00516300811432302,0.007327800093561463,0.007074857407864912,-0.004112599359607588,0.0031762222715769894,0.012211093679070473,-0.001088238088414073,0.0016338438726961613,0.0,0.016636481741443276,0.008228909224271774,0.00516300811432302,0.019988880027085543
SR,15,R_EXTREME,meanrev,"{""m"": 5, ""z"": 4.0}",X0,False,-1,23,0.7391304347826086,4.0833406978578735,0.0020606963824152803,13.043478260869565,0.04739601700566709,2.5987236708533437,7.569928232206498,0.005100303329527378,0.7777777777777778,-0.0017156401881948113,0.00424289470538497,0.0052662241117407875,0.004972479475379502,-0.006765263200155643,0.014643131638877094,-0.0009522525360807776,0.00424289470538497,0.010037736035883427,0.005127490498125553,-0.0017156401881948113,0.003189851762726903,0.003546116524375975,0.009276688564568758
BR,10,M_TSMOM,momentum,"{""n"": 400, ""z"": 0.0}",X1,False,1,52,0.09615384615384616,4.123651591932786,0.015575157742672884,154.40384615384616,0.8099081979016773,2.596382703966031,5.052032553190894,0.1549758727196604,0.5555555555555556,-0.06963053997606039,0.021024203539127484,0.08998979976685303,0.18655168511144615,-0.10136791277161854,0.021024203539127484,-0.06963053997606039,-0.038161392556503415,0.15290486707817763,0.0887354711885564,0.5688670908275526,0.14911059429869056,-0.043134325416758657,-0.019807771081104875
Si,60,V_SQUEEZE,volatility,"{""lb"": 200, ""n"": 50, ""pct"": 0.2}",X5,False,0,21,0.8095238095238095,3.8773492725375087,0.005002323874016994,20.095238095238095,0.10504880375810899,2.593909207944878,5.550256033572452,0.014348571188747883,0.8888888888888888,-0.006692966970149428,0.013362590689212084,0.011672089306456555,0.012104401587047849,0.011695346179369806,0.01900677237426862,0.00016980849613901228,0.01826686755521223,0.03560475027188659,0.005745636066421866,0.013362590689212084,-0.006692966970149428,0.001608386155567132,0.017976959119550884
GD,30,T_DONCH_STOP,trend,"{""n"": 40}",X4,False,1,81,0.49382716049382713,2.1010340323694474,0.003189701171958248,22.135802469135804,0.2583657907525776,2.5933747706510464,4.731519473018731,0.06470647075911984,0.7777777777777778,-0.03439004736719653,0.024860040517523885,0.028707310083619732,0.03680528935789328,-0.04223837228381725,0.019536179417627864,0.04176990198902786,0.024860040517523885,0.1076610338059254,0.0524280775571242,0.034167030185926706,-0.000851788092404604,-0.03439004736719653,0.013185362739022821
GD,60,T_DONCH_STOP,trend,"{""n"": 40}",X4,False,0,78,0.4358974358974359,1.996661478372257,0.004515732938840928,19.5,0.3522271699766861,2.5921660996939955,4.845522988637549,0.09135016764048487,0.6666666666666666,-0.043661495903506875,0.06111838557990268,0.03913635221963179,0.05683593574847373,-0.05861264270814249,0.08928751514758915,0.0623466030228883,0.029109297145623714,0.13706453831400722,-0.033907408054801635,0.06111838557990268,-0.015056120813824236,-0.043661495903506875,0.06592585553880781
GMKN,30,V_SQUEEZE,volatility,"{""lb"": 200, ""n"": 20, ""pct"": 0.1}",X1,True,0,66,0.45454545454545453,2.46960427955834,0.004469349486051656,14.106060606060606,0.29497706118854694,2.5920888886878215,9.966724994527542,0.04984581429744139,0.7777777777777778,-0.019149613566696644,0.013152334140613675,0.03277522902094966,0.04613566332590505,-0.03969699259943226,0.13545129407430068,0.013152334140613675,0.013764490722678602,0.008790563530055806,0.006352345400955528,-0.019149613566696644,0.06434705946594477,-0.001804374041967094,0.07407296146266162
MX,60,V_REGIME_TREND,volatility,"{""hi"": 0, ""n"": 100}",X4,True,0,37,0.4864864864864865,3.0235381628672484,0.002653795348847241,10.135135135135135,0.09819042921299115,2.5915217067250427,7.524619957663829,0.015810899494681507,0.4444444444444444,-0.009155688807368279,0.0,0.01091004769033235,0.01932940913284371,-0.12402065841670111,0.0,0.0,0.008952088770456612,-0.009155688807368279,-0.005767905560787767,0.01643951120786369,0.05156809790059924,0.0,0.03615432570222765
PLZL,15,R_EXTREME,meanrev,"{""m"": 10, ""z"": 3.0}",X0,True,1,28,0.7857142857142857,3.0061664789495004,0.0039013017508447126,9.5,0.10923644847935066,2.5886483336010966,4.62253221685119,0.027683275286108255,0.7777777777777778,-0.02008962631225586,0.012822850840166211,0.012137383164372295,0.014349543155565966,-0.04759073572712904,0.03156803082674742,0.0,0.012822850840166211,0.022308087209239602,0.010238497518002987,0.01924037281423807,-0.02008962631225586,0.009777145052794367,0.02337109053041786
ALRS,15,T_EMA_X,trend,"{""f"": 20, ""s"": 100}",X0,True,-1,167,0.5688622754491018,1.6434519540777277,0.0029667725310651,60.8502994011976,0.49545101006333425,2.5866538263912275,4.473718463047943,0.13364762847777456,0.6666666666666666,-0.06441063480451703,0.04816749694873579,0.05505011222925936,0.0828344733243732,-0.07014478216901479,0.04816749694873579,-0.06441063480451703,-0.009403256757650524,0.0020116900250286562,-0.027647284034173936,0.11921825335593894,0.10820756043540314,0.11065105104353279,0.20865613385103643
GD,60,T_MTF,trend,"{""k"": 8, ""n"": 10}",X4,False,0,69,0.4927536231884058,2.1852089902181273,0.004589607760045844,16.52173913043478,0.3166829380643321,2.584468155324573,5.081747904097589,0.055480896728113294,0.7777777777777778,-0.01154421316459775,0.023983631283044815,0.035186993118259124,0.03798378547751208,-0.016627155012331744,0.0,0.023983631283044815,0.04918796657875646,0.11040328443050385,0.004183101584203541,0.08465746787260287,0.022017335752025247,-0.01154421316459775,0.0337943637277931
SR,1440,R_MA_DEV,meanrev,"{""k"": 1.0, ""n"": 200}",X2,False,0,13,0.8461538461538461,7.23780403603609,0.018345185542579318,7.0,0.23848741272377083,2.5835790553872733,6.242818301525159,0.04885851591825485,0.7777777777777778,-0.03823259170167148,0.01714033640746493,0.026498601413752314,0.05029355673898687,-0.057808353480782504,0.15708164104580646,0.011648580199107528,0.0045452642953023314,0.01714033640746493,0.03079701354727149,0.02988285548053682,0.02562431344995275,0.0,-0.03823259170167148
GD,15,T_DONCH_STOP,trend,"{""n"": 40}",X2,False,1,104,0.38461538461538464,1.882178812450849,0.003020012559298845,49.86538461538461,0.31408130076306406,2.582732774606793,4.873948150695568,0.07523577997926623,0.8888888888888888,-0.04991447029169649,0.02605487813707441,0.03489792230700712,0.04897487670429225,-0.029435476090877464,0.04845918307546526,0.03721567173488438,0.020507185559836216,0.11851802235469222,0.10551705537363887,0.02605487813707441,0.006438561016693711,-0.04991447029169649,0.0012852138024754822
RN,30,T_EMA_X,trend,"{""f"": 5, ""s"": 400}",X2,True,-1,91,0.5714285714285714,1.950832934214451,0.0031620962748288013,20.846153846153847,0.2877507620723918,2.5822841066897846,5.638244819505159,0.10277744889026508,0.5555555555555556,-0.043627704901155084,0.002282143570482731,0.03197230689693242,0.06674623217119628,-0.11236717118915376,0.08851105923531577,-0.043627704901155084,-0.03782939270604402,-0.0019562323577702045,0.009325013146735728,0.002282143570482731,0.11004726635292172,0.0,0.16099860973190516
RN,60,V_REGIME_TREND,volatility,"{""hi"": 1, ""n"": 20}",X1,True,-1,51,0.5490196078431373,2.44703034264646,0.004017007104308698,10.156862745098039,0.20486735792110267,2.5822299527805472,6.75414105249477,0.034949002554640174,0.3333333333333333,-0.01243375486228615,0.0,0.02276303976901141,0.048099754718724366,-0.14467303367843273,0.0,0.0,-2.4486731490469538e-05,-0.010832158150151372,-0.01243375486228615,0.013598157092928886,0.09769548801705241,-0.007354789995588362,0.12421890255063772
RN,15,V_REGIME_TREND,volatility,"{""hi"": 0, ""n"": 100}",X1,False,-1,22,0.18181818181818182,4.536490824615995,0.012234111075297475,184.04545454545453,0.26915044006091193,2.5821518976422055,6.029917623699453,0.05673997235135175,0.4444444444444444,-0.018089897523168474,-0.00559436809271574,0.029905604451212438,0.053484899986513075,-0.12534050626367135,-0.01483555743470788,-0.008076827070908621,-0.018089897523168474,-0.012282944517210126,0.017558267805725336,-0.00559436809271574,0.11307061498519033,0.0841538884305919,0.1132472634781152
LKOH,30,T_PRICE_MA,trend,"{""band"": 0.5, ""n"": 200}",X5,True,-1,74,0.5,2.0722319228593196,0.0024671908515868247,14.58108108108108,0.18257212247044663,2.5800933962312236,6.2821420631348515,0.02582317785709165,0.7777777777777778,-0.010053810983663425,0.012296395376324654,0.02028579138560518,0.02750575922976361,-0.03294213812456026,0.07570943393511698,0.012656239909119904,0.009675982466433197,0.012377263163216412,0.008143780647515086,0.012296395376324654,-0.010053810983663425,-0.0018856844399124384,0.06365252239629626
GMKN,30,V_SQUEEZE,volatility,"{""lb"": 500, ""n"": 20, ""pct"": 0.1}",X0,True,0,56,0.4642857142857143,2.563418642387074,0.005433964982846435,16.232142857142858,0.30430203420110047,2.5799635472417175,8.162029932045595,0.05986998131265864,0.6666666666666666,-0.02536023815628141,0.004433333175256848,0.033811337133455605,0.05295640686046933,-0.07413847401032965,0.14484862016979605,0.004433333175256848,0.0456581354374066,-0.002401263453066349,-0.015288041846361011,0.004106040578335524,0.05762848677113652,-0.02536023815628141,0.0906769615248777
GMKN,60,V_SQUEEZE,volatility,"{""lb"": 200, ""n"": 20, ""pct"": 0.2}",X2,True,1,21,0.6666666666666666,5.255728163421895,0.008090240356646225,11.285714285714286,0.1698950424324721,2.57884917805786,9.74666776108119,0.024407326243817806,0.7777777777777778,-0.024407326243817806,0.007082476047798991,0.018877226936941344,0.02547262669526855,-0.054717112256665805,0.007082476047798991,0.0044022733345627785,0.044059447944164276,0.04897986073046923,0.05123531760182232,-0.024407326243817806,0.0009210199350491166,0.0,0.03762197308242321
SR,1440,R_MA_DEV,meanrev,"{""k"": 1.0, ""n"": 20}",X4,False,0,14,0.8571428571428571,5.139900240777612,0.01723744736037027,6.357142857142857,0.24132426684445818,2.57873258054311,6.9270699328538585,0.03800790384411812,0.5555555555555556,-0.017124229052569717,0.002461068841512315,0.02681380742716202,0.05839842231879977,-0.1002655801275194,0.18519306515008793,0.027339608292095363,-0.004264099261490628,-0.017124229052569717,0.002461068841512315,0.02840147219831124,0.0300647453404963,-0.0012195073650218546,-0.009527857298962772
VTBR,5,R_RSI,meanrev,"{""lo"": 10, ""n"": 14}",X0,True,0,13,0.7692307692307693,9.622361685555617,0.0066022074627599524,23.692307692307693,0.08582869783276692,2.5777987374301676,14.16557088924267,0.009166071424260736,0.5555555555555556,-0.006013697478920221,0.0015989094390533864,0.009536521981418546,0.014218036547767232,-0.09169638868040289,0.0015989094390533864,0.0070460455026477575,-0.003152373945340514,-0.006013697478920221,0.02858171158004552,0.0,0.023683860898017883,0.03408424183726311,0.0
SR,10,R_EXTREME,meanrev,"{""m"": 10, ""z"": 4.0}",X0,False,0,22,0.7272727272727273,6.234661105610768,0.0026206239684829808,10.772727272727273,0.05765372724272311,2.5776863427171524,12.76124766068588,0.004205696866847575,0.7777777777777778,-0.0026793619617819786,0.0035591382766142488,0.0064059696936359005,0.006558536294928811,-0.019523618577606188,0.018382103880867362,0.003227118751965463,0.0,0.012076729093678296,-0.0026793619617819786,0.001875662594102323,0.0035591382766142488,0.007965333003085107,0.013247003604192287
SR,10,R_EXTREME,meanrev,"{""m"": 10, ""z"": 4.0}",X5,False,0,22,0.7272727272727273,6.234661105610768,0.0026206239684829808,10.772727272727273,0.05765372724272311,2.5776863427171524,12.76124766068588,0.004205696866847575,0.7777777777777778,-0.0026793619617819786,0.0035591382766142488,0.0064059696936359005,0.006558536294928811,-0.019523618577606188,0.018382103880867362,0.003227118751965463,0.0,0.012076729093678296,-0.0026793619617819786,0.001875662594102323,0.0035591382766142488,0.007965333003085107,0.013247003604192287
Si,60,V_REGIME_TREND,volatility,"{""hi"": 0, ""n"": 100}",X4,False,0,14,0.5,4.66815348930024,0.008600566442683717,26.357142857142858,0.12040793053347443,2.577134500408176,8.458716568254973,0.027804743906017393,0.6666666666666666,0.0,0.0025746527826413512,0.013378658948163825,0.015605773753466107,-0.04467769460039173,0.0,0.0,0.0,0.0025746527826413512,0.0005272047128528357,0.04266744971391745,0.019767210818827152,0.03372703288914636,0.02114437961608928
GMKN,30,V_SQUEEZE,volatility,"{""lb"": 500, ""n"": 20, ""pct"": 0.1}",X4,True,0,56,0.4642857142857143,2.671652914501157,0.005271649977248648,14.375,0.29521239310270175,2.577047426717707,8.512928509558375,0.05410195898730308,0.5555555555555556,-0.02088372898288071,0.0010322679299861193,0.03280137701141131,0.05218162651598059,-0.09701849770049603,0.1307834181934595,-0.02088372898288071,0.04376411600969732,-0.0054291314445436,-0.009520019521005452,0.0010322679299861193,0.06732928135897964,-0.011589537025429308,0.09972572658443823
GMKN,30,V_SQUEEZE,volatility,"{""lb"": 200, ""n"": 20, ""pct"": 0.1}",X5,True,-1,35,0.6,3.10364615870044,0.005483378424401999,14.8,0.1919182421406731,2.575322985292044,7.896014405389376,0.04362383019179106,0.6666666666666666,-0.023480120580643415,0.01341096218675375,0.021324249126741454,0.033216847067612215,-0.07379381809417532,0.08548545988742262,0.022022928344085813,-0.003125143819488585,-0.013139422982931137,-0.023480120580643415,0.01341096218675375,0.05547765688970685,0.008772193337790668,0.04649372887797654
GAZP,60,T_MTF,trend,"{""k"": 8, ""n"": 20}",X4,True,-1,41,0.5609756097560976,3.2495587400569272,0.0046988731858226196,10.926829268292684,0.19265379960415885,2.573782500879093,7.731384710909415,0.01987755938898772,0.3333333333333333,-0.00962785817682743,0.0,0.021405977733795427,0.04593390639253982,-0.14143700571307324,0.0,0.0,0.0,0.0,0.0,-0.00962785817682743,0.027014961931854486,0.028762533445842564,0.14650416240328923
SR,1440,R_MA_DEV,meanrev,"{""k"": 1.0, ""n"": 50}",X0,False,0,14,0.8571428571428571,6.8789798406246385,0.019431395186297544,7.214285714285714,0.2720395326105063,2.5737713010357504,5.140599693990075,0.10044525563716888,0.7777777777777778,-0.028419132810086012,0.021209219412412494,0.0302266147345007,0.05582806430523076,-0.04855130039198304,0.1798560245297267,0.024336729547940195,0.0018099974258802831,0.012966676134965383,0.021209219412412494,0.028315512754488736,0.03318401298020035,-0.0012195073650218546,-0.028419132810086012
SR,1440,R_MA_DEV,meanrev,"{""k"": 1.0, ""n"": 50}",X5,False,0,14,0.8571428571428571,6.8789798406246385,0.019431395186297544,7.214285714285714,0.2720395326105063,2.5737713010357504,5.140599693990075,0.10044525563716888,0.7777777777777778,-0.028419132810086012,0.021209219412412494,0.0302266147345007,0.05582806430523076,-0.04855130039198304,0.1798560245297267,0.024336729547940195,0.0018099974258802831,0.012966676134965383,0.021209219412412494,0.028315512754488736,0.03318401298020035,-0.0012195073650218546,-0.028419132810086012
GMKN,30,V_SQUEEZE,volatility,"{""lb"": 200, ""n"": 20, ""pct"": 0.1}",X2,True,-1,34,0.5882352941176471,3.374868851986777,0.006295915377264298,17.558823529411764,0.21406111808028072,2.573419766542535,8.942342241530467,0.04362383019179106,0.6666666666666666,-0.023480120580643415,0.014109889511018991,0.023784568675586745,0.038222863407045324,-0.07297551012172143,0.10201938694808632,0.023090707836672664,-0.006678220466710627,-0.013139422982931137,-0.023480120580643415,0.014109889511018991,0.06206604139879346,0.006738815340213478,0.04933404107578099
BR,60,T_DONCH,trend,"{""n"": 160}",X1,False,1,11,0.2727272727272727,9.849238480305022,0.06485315309765573,72.9090909090909,0.7133846716897096,2.5729899631474082,5.173473229471977,0.1523547642864287,0.3333333333333333,-0.029152595903724432,0.0,0.07926496352107885,0.1788575112676521,-0.14153832144873024,-0.029152595903724432,0.0,-0.007429558085277677,0.13811576645821333,-0.004911311203613877,0.5674694183690008,0.04929295205511153,0.0,0.0
GD,1440,T_DONCH_STOP,trend,"{""n"": 160}",X3,False,1,10,0.7,4.334196314346512,0.023039419584732858,4.1,0.23039419304404873,2.57254586458124,4.009382884248008,0.06601525144651532,0.2222222222222222,-0.010682455264031887,0.0,0.02559935478267208,0.06356978312589597,-0.1655553567668437,0.03962198279623408,0.0,-0.010682455264031887,0.20145466551184654,0.0,0.0,0.0,0.0,0.0
GD,1440,T_DONCH_STOP,trend,"{""n"": 80}",X3,False,1,10,0.7,4.334196314346512,0.023039419584732858,4.1,0.23039419304404873,2.57254586458124,4.009382884248008,0.06601525144651532,0.2222222222222222,-0.010682455264031887,0.0,0.02559935478267208,0.06356978312589597,-0.1655553567668437,0.03962198279623408,0.0,-0.010682455264031887,0.20145466551184654,0.0,0.0,0.0,0.0,0.0
GD,1440,T_DONCH_STOP,trend,"{""n"": 40}",X3,False,1,10,0.7,4.334196314346512,0.023039419584732858,4.1,0.23039419304404873,2.57254586458124,4.009382884248008,0.06601525144651532,0.2222222222222222,-0.010682455264031887,0.0,0.02559935478267208,0.06356978312589597,-0.1655553567668437,0.03962198279623408,0.0,-0.010682455264031887,0.20145466551184654,0.0,0.0,0.0,0.0,0.0
BR,1440,T_PRICE_MA,trend,"{""band"": 0.5, ""n"": 50}",X1,False,0,14,0.5714285714285714,4.5019156662608735,0.06412959996562761,9.357142857142858,0.8978144047432579,2.567675710209098,4.068225854764735,0.18480331636965275,0.6666666666666666,-0.090462826192379,0.07567793229827657,0.09975715608258422,0.1585992836556093,-0.066914356791792,0.0206473934231326,-0.018388759723166004,-0.0158050456084311,0.10472773527726531,0.07567793229827657,0.46341646762448363,0.10411145957186818,-0.090462826192379,0.2538900480722077
BR,60,U_VOL_BREAK,volume,"{""k"": 1.5, ""n"": 50}",X4,False,1,21,0.5238095238095238,5.630530227562003,0.022151182127225524,21.428571428571427,0.465174821580149,2.5663510461784957,9.629977836973168,0.03616404253989458,0.6666666666666666,-0.031713481061160564,0.022129697259515524,0.05168609128668322,0.09787708623226847,-0.07098795269124464,0.047850875824224204,-0.024416535976342857,0.02049662690842524,0.04243948551811627,0.022129697259515524,0.31249182764440775,0.07749909412814304,-0.0016027686651796103,-0.031713481061160564
RN,60,V_REGIME_TREND,volatility,"{""hi"": 0, ""n"": 20}",X1,False,0,23,0.391304347826087,3.887138900359079,0.014245629364416737,62.69565217391305,0.3276494763267692,2.565541340728369,5.2079813279688665,0.057704340550117195,0.5555555555555556,-0.013398245791904628,0.0058142360066995025,0.03640549736964102,0.05292076560727551,-0.08506232158799958,0.0,0.0,-0.013398245791904628,0.021050230192486197,-0.005528864450752735,0.14277387750917114,0.0058142360066995025,0.07417298236396164,0.1027652604971081
ROSN,15,R_EXTREME,meanrev,"{""m"": 5, ""z"": 4.0}",X2,True,0,30,0.7333333333333333,3.286968225256006,0.004964729896749256,10.133333333333333,0.14894189646020095,2.5654496754588854,6.055452009663726,0.01961386895254691,0.7777777777777778,-0.008119354955852032,0.011552516836673021,0.016549099606688995,0.01860457410558327,-0.023431429270202257,0.0245406161993742,0.011552516836673021,-0.008119354955852032,-0.002182310854550451,0.004268004570803896,0.042763940524309874,0.04359966842457652,0.0004955451004207134,0.03202327061444521
RN,30,V_REGIME_TREND,volatility,"{""hi"": 1, ""n"": 50}",X2,False,-1,10,0.6,10.230574557048275,0.03686604740628144,273.1,0.3686604728573002,2.565365180990875,5.272064672028564,0.08356893248856068,0.6666666666666666,-0.010814648994710296,0.02354881289647892,0.04096227476192224,0.05346085027637668,-0.04954431298853155,0.0,-0.009808129630982876,-0.010814648994710296,0.010518107243115082,0.024024184589507058,0.02354881289647892,0.11899736383929849,0.06939211941789836,0.14280266349669546
GMKN,60,V_SQUEEZE,volatility,"{""lb"": 500, ""n"": 50, ""pct"": 0.2}",X3,True,1,17,0.7647058823529411,4.082112855340103,0.005679615705820218,7.823529411764706,0.09655346802901477,2.5604272328185256,6.92244642514874,0.014647160656750202,0.4444444444444444,-0.003280338365584612,0.0,0.010728163114334974,0.014084643160094956,-0.1051429431860696,0.0,0.0,0.030001322738826275,0.02420263586100191,0.010907219722867012,0.0,0.0,-0.003280338365584612,0.03472262807190418
Si,60,V_SQUEEZE,volatility,"{""lb"": 500, ""n"": 20, ""pct"": 0.2}",X0,False,0,34,0.4411764705882353,3.0309381421990897,0.00459425700067753,23.147058823529413,0.1562047367260675,2.5590174380514057,5.965922342321523,0.026059813797473907,0.7777777777777778,-0.005934631859418005,0.01710544245725032,0.017356081858451944,0.01702051899029095,-0.003987910392388841,0.0,0.01710544245725032,0.012439654907211661,0.011252555646933615,-0.005934631859418005,0.057806063909083605,0.020694163453299552,0.02471602679725038,0.018125461414456367
RN,10,R_VOLSPIKE_FADE,meanrev,"{""k"": 5.0, ""z"": 3.0}",X2,True,1,52,0.6923076923076923,2.5257970177126308,0.0023366041443801085,7.019230769230769,0.12150341513915919,2.558665783543725,6.824845982487575,0.011535306461155415,0.6666666666666666,-0.0006526034558191895,0.004468986619031057,0.013500379459906576,0.020388895039342485,-0.0543928317897432,-0.0006364230066537857,0.006756518268957734,-0.00059309764765203,-0.0006526034558191895,0.004468986619031057,0.06167353957425803,0.013810080708935857,0.00033852620981633663,0.03633788786828518
SR,1440,R_MA_DEV,meanrev,"{""k"": 1.0, ""n"": 200}",X4,False,0,13,0.8461538461538461,6.911825372003297,0.018206482240631355,7.0,0.23668426977383206,2.5580468005046972,6.119340684354676,0.050661658868193626,0.7777777777777778,-0.040035734651610255,0.01714033640746493,0.02629825219709245,0.05055393808196241,-0.05915628638159984,0.15708164104580646,0.011648580199107528,0.0045452642953023314,0.01714033640746493,0.03079701354727149,0.02988285548053682,0.02562431344995275,0.0,-0.040035734651610255
GMKN,60,V_SQUEEZE,volatility,"{""lb"": 500, ""n"": 20, ""pct"": 0.2}",X2,True,1,18,0.6666666666666666,6.172368109878074,0.009023984624073838,11.61111111111111,0.16243171924725175,2.5568431491351955,10.338681450250531,0.024407326243817806,0.6666666666666666,-0.024407326243817806,0.020048602484166622,0.018047968805250194,0.024838112443132596,-0.0651818002796875,0.0,0.020048602484166622,0.021074503660202026,0.0541236437857151,0.04453154734801501,-0.024407326243817806,0.0009210199350491166,0.0,0.04613972827792168
GMKN,30,V_SQUEEZE,volatility,"{""lb"": 200, ""n"": 20, ""pct"": 0.1}",X0,True,-1,34,0.5882352941176471,3.3343523946401987,0.006263701780461533,17.61764705882353,0.21296585572417825,2.5566342315821404,8.76196783535363,0.04362383019179106,0.6666666666666666,-0.023480120580643415,0.014109889511018991,0.023662872858242028,0.038102340817657086,-0.073076083582552,0.10201938694808632,0.023090707836672664,-0.006678220466710627,-0.013139422982931137,-0.023480120580643415,0.014109889511018991,0.06097077904269099,0.006738815340213478,0.04933404107578099
RN,30,T_EMA_X,trend,"{""f"": 50, ""s"": 400}",X1,False,0,21,0.19047619047619047,3.5495268195818004,0.01864421372330513,128.1904761904762,0.3915284876857186,2.5544769998988475,4.928010455052584,0.09745522575394716,0.4444444444444444,-0.03696430797572248,-0.005054805427789688,0.04350316529841317,0.07098337381883371,-0.12743309629639993,-0.03696430797572248,-0.011355397757142782,-0.03115423652343452,-0.005054805427789688,-0.007034671158180572,0.1320046769687906,0.12179557420313358,0.08922118146438152,0.14007047389168292
ALRS,30,T_HMA,trend,"{""n"": 128}",X0,True,-1,164,0.5609756097560976,1.6615813779783495,0.00290955335434078,29.359756097560975,0.47716674525690905,2.5528114782558506,4.493933899833542,0.12371416128189594,0.5555555555555556,-0.06585821672342718,0.09289256719057448,0.05301852725076767,0.07573861590093069,-0.07820769461728069,0.09289256719057448,-0.06585821672342718,-0.009777623461559415,-0.0008819163795124041,-0.03586359758628532,0.11795219755731523,0.12635124864755198,0.10545574070420116,0.1468963453080505
AFLT,30,U_SIGNED_VOL,volume,"{""fade"": 1, ""n"": 100, ""thr"": 0.2}",X5,True,-1,36,0.6944444444444444,3.1105055019411028,0.004409076075400247,16.88888888888889,0.1587267410068307,2.5527168728834346,4.59220967720033,0.03868531854823232,0.8888888888888888,-0.023685851600021124,0.02088912553153932,0.017636304556314524,0.0186452765589147,-0.010735286267719081,-0.023685851600021124,0.025730731897056103,0.016926972311921418,0.02991242567077279,0.0010073529556393623,0.012663055211305618,0.03084729562397115,0.04443563340464607,0.02088912553153932
BR,1440,M_TSMOM,momentum,"{""n"": 50, ""z"": 0.0}",X1,False,0,12,0.5833333333333334,6.033382402282228,0.06466032890444885,8.583333333333334,0.7759239501610864,2.551437859883787,4.204634819603131,0.18480331636965275,0.6666666666666666,-0.09702048823237419,0.029413940384984016,0.08621377224012071,0.15610029103780926,-0.07833214826455148,0.0,0.0,0.02720250398851931,0.04841784341260791,0.07567793229827657,0.46341646762448363,-0.09702048823237419,0.029413940384984016,0.22881575068458915
GZ,15,V_SQUEEZE,volatility,"{""lb"": 500, ""n"": 50, ""pct"": 0.2}",X5,False,-1,53,0.49056603773584906,2.3017393379035846,0.002267357525011154,19.09433962264151,0.12016994931400404,2.5507634989819694,6.358517021881826,0.023782453892636113,0.6666666666666666,-0.010286043223459274,0.00278443309434806,0.013352216590444894,0.022956114903590945,-0.07648364459599852,0.04174093352048658,0.00278443309434806,-0.005639029783196747,-0.007749854863504879,-0.010286043223459274,0.0002770638675428927,0.057911027572117746,0.01056562946178019,0.030565789667889476
MX,60,V_SQUEEZE,volatility,"{""lb"": 500, ""n"": 20, ""pct"": 0.1}",X3,True,0,30,0.5666666666666667,2.948262980012432,0.0023764213242460056,7.133333333333334,0.07129263931710739,2.550483212545973,6.15019919163165,0.014246698803617619,0.6666666666666666,-0.009935090187354945,0.012401138083077967,0.007921404368567487,0.00973423518470574,-0.05271363166719249,0.0,0.007585180981550366,0.012401138083077967,0.01983131025917828,-0.009935090187354945,-0.00420272396877408,0.015924696810543537,0.013777656946331263,0.015910470392555
RN,30,V_REGIME_TREND,volatility,"{""hi"": 0, ""n"": 50}",X1,False,-1,20,0.25,4.468228688738961,0.01417127661779087,117.0,0.28342553006950766,2.549497489105934,5.798555070635144,0.08758286832016893,0.5555555555555556,-0.029623587266542017,0.008974736061645672,0.03149172556327863,0.054344630332661376,-0.09962257580302486,0.0,-0.00230673560872674,-0.029623587266542017,-0.019021824817173183,0.008974736061645672,0.010365973692387342,0.11968654813244939,0.0794113319425378,0.1159390879329294
BR,60,U_SIGNED_VOL,volume,"{""fade"": 0, ""n"": 10, ""thr"": 0.4}",X0,False,1,72,0.4861111111111111,2.797768543320894,0.009122657182476821,15.430555555555555,0.6568313049629069,2.5492793835362355,5.808674661898821,0.06530593293609854,0.5555555555555556,-0.027619075961411,0.010111772688105702,0.07298125610698965,0.17929123509540434,-0.09760402720788776,0.042911169584840536,-0.027619075961411,-0.006487770093372092,0.027919476427996415,-0.00015608198009431362,0.5749127471353859,0.010111772688105702,0.05347264581359923,-0.01823357865214348
MGNT,3,V_NR_BREAK,volatility,"{""n"": 14}",X0,True,-1,190,0.6368421052631579,1.54974620177038,0.0026455765768739234,269.3578947368421,0.5026595449171509,2.5471742600900718,3.783734028406998,0.15027474575526867,0.7777777777777778,-0.07060180566622876,0.07132266652479302,0.055851060546350105,0.0789358235296834,-0.04287674117736032,0.13249366218224168,0.019201111442271213,0.019932430470362306,-0.0578157765121432,-0.07060180566622876,0.07132266652479302,0.16763156501110643,0.10830188606632873,0.1121938053984195
RN,60,T_EMA_X,trend,"{""f"": 10, ""s"": 50}",X3,False,-1,36,0.5555555555555556,2.252933245104973,0.005118884937008904,14.277777777777779,0.18427985385642387,2.5429642550588096,4.901769792923829,0.05673249572282657,0.7777777777777778,-0.03184234828222543,0.014370948076248169,0.02047553931738043,0.03304351292009186,-0.058853358581442874,0.08929224358871579,0.008846197568345815,-0.03184234828222543,-0.010822201787959784,0.041811661096289754,0.0302241928584408,0.003163608897011727,0.039235551841557026,0.014370948076248169
GZ,1440,R_MA_DEV,meanrev,"{""k"": 1.0, ""n"": 200}",X2,False,0,12,0.8333333333333334,4.216112606778724,0.02826587086220626,8.583333333333334,0.33919045426591765,2.5411482808740704,4.942508776092875,0.07658857524802443,0.6666666666666666,-0.038669170418870635,0.023310100194066763,0.037687828251768626,0.0531722766736966,-0.0674889181698638,0.15922551514813676,0.02078257454559207,0.023310100194066763,0.06438302906462923,0.045255419332534075,0.06490298639982939,-0.038669170418870635,0.0,0.0
BR,30,M_TSMOM,momentum,"{""n"": 400, ""z"": 0.5}",X1,False,0,42,0.16666666666666666,3.0072729908439357,0.020626031946328473,84.80952380952381,0.8662933449668344,2.5402390210934476,4.7147377677727205,0.19959027229924686,0.5555555555555556,-0.09162697615101933,0.08147641195682809,0.09625481610742605,0.1816265120445253,-0.09454354301355887,-0.010729521163739264,-0.05184806196484715,-0.03395826159976423,0.1475313421105966,0.08147641195682809,0.5476614450744819,-0.09162697615101933,0.11645640910137445,0.16133055760292336
GD,60,V_REGIME_TREND,volatility,"{""hi"": 0, ""n"": 20}",X3,False,-1,22,0.6363636363636364,3.4768867408760835,0.005746196975882262,12.181818181818182,0.12641633511157124,2.5399284039013903,4.823939100761921,0.0181897459551692,0.5555555555555556,0.0,0.007721445756033063,0.014046259456841249,0.018627367467201932,-0.06582256291344593,0.0,0.0,0.0,0.0,0.017089212487917393,0.033758553850930184,0.010412201547296718,0.007721445756033063,0.057434921469393885
BR,1440,T_EMA_X,trend,"{""f"": 10, ""s"": 50}",X1,False,0,12,0.6666666666666666,5.6288696910191245,0.06617122757178621,12.083333333333334,0.7940547294274438,2.539704286558316,4.18300934600092,0.19597132969647646,0.6666666666666666,-0.09702048823237419,0.027110291295684874,0.08822830326971598,0.1560389434459648,-0.07828972869376224,-0.006720166769810021,0.027110291295684874,0.026265480555593967,0.07778011658228934,0.07567793229827657,0.46341646762448363,-0.09702048823237419,0.0,0.22754509607329965
GMKN,30,V_SQUEEZE,volatility,"{""lb"": 500, ""n"": 50, ""pct"": 0.2}",X5,True,0,46,0.5869565217391305,2.5323107497557498,0.005055053019902558,16.347826086956523,0.23253243655199185,2.5396012633556495,6.226200661261256,0.05894399352837354,0.7777777777777778,-0.020335124689154327,0.022727858275175095,0.025836937394665763,0.03563926810124991,-0.03693084033995683,0.10405424365308136,0.04401643737219274,0.03965449589304626,0.04190062452107668,0.014463780913501978,-0.020335124689154327,-0.014387623348738998,0.0004377439618110657,0.022727858275175095
RN,30,U_SIGNED_VOL,volume,"{""fade"": 1, ""n"": 10, ""thr"": 0.4}",X4,True,-1,225,0.5244444444444445,1.538319876362467,0.0010361164483706662,8.035555555555556,0.23312620615615742,2.5375013362295444,4.394344106366551,0.05069795770396013,0.6666666666666666,-0.011926034465432167,0.020976310945115983,0.025902911795128603,0.03691500579137921,-0.054602777259173584,0.07292105513624847,0.020976310945115983,0.028404755517840385,-0.010432437164126895,0.025495228692307137,-0.011926034465432167,0.009350517131679226,-0.00521551410201937,0.10355232446454465
PLZL,15,R_EXTREME,meanrev,"{""m"": 10, ""z"": 3.0}",X5,True,1,28,0.7857142857142857,2.9475185406812336,0.0038626081829970854,9.142857142857142,0.10815302788978443,2.537242991499012,4.438305619596846,0.028766695875674486,0.7777777777777778,-0.02117304690182209,0.012822850840166211,0.012017003098864935,0.014621364460221489,-0.05067278904900565,0.03156803082674742,0.0,0.012822850840166211,0.022308087209239602,0.010238497518002987,0.01924037281423807,-0.02117304690182209,0.009777145052794367,0.02337109053041786
ALRS,60,T_HMA,trend,"{""n"": 64}",X4,True,-1,149,0.4899328859060403,1.6916576377533081,0.002758345009334739,10.751677852348994,0.4109934000225621,2.536983214504262,5.573332735849649,0.13037901413190411,0.6666666666666666,-0.0628651951556094,0.049291944636934204,0.045665933335840236,0.07095132306095359,-0.07214809190144622,0.08657528854018892,-0.0628651951556094,0.006663344684056938,-0.020408135082107037,-0.01736407575663179,0.049291944636934204,0.09761889502988197,0.09665555943502113,0.1748257736908272
RN,30,V_REGIME_TREND,volatility,"{""hi"": 0, ""n"": 50}",X2,False,-1,15,0.3333333333333333,4.207214620141322,0.01890252416708551,176.0,0.28353786093066446,2.536331964349516,5.651119211660651,0.10624414964695461,0.5555555555555556,-0.041107616154477,0.002193118882132694,0.03150420677007383,0.05726305617667427,-0.1101431073091361,0.0,-0.0069824750535190105,-0.041107616154477,-0.0217234498122707,0.002193118882132694,0.02771942177787423,0.1193246676120907,0.08807854109909385,0.11603565257973969
GMKN,60,V_SQUEEZE,volatility,"{""lb"": 500, ""n"": 20, ""pct"": 0.2}",X3,True,0,41,0.5853658536585366,2.3589968761230704,0.003274436533135093,6.634146341463414,0.13425189431291074,2.5359034921779178,5.52881864201598,0.02112313627731055,0.6666666666666666,-0.007727927295491099,0.010009739140514284,0.01491687714587897,0.018142124257704745,-0.05159023041311105,0.0,0.02160701109096408,-0.007727927295491099,0.03436121909180656,0.040946686756797135,-0.005919216782785952,0.010009739140514284,0.0030765803530812263,0.0378978019580245
BR,1440,T_PRICE_MA,trend,"{""band"": 0.5, ""n"": 50}",X0,False,0,13,0.6153846153846154,6.738676891038892,0.06892214476217216,11.846153846153847,0.895987888390664,2.5354004483239887,4.084542910074109,0.20182247273623943,0.6666666666666666,-0.08457205980084836,0.07567793229827657,0.09955420982118489,0.15781106179148546,-0.06571444953337441,0.0206473934231326,-0.018388759723166004,-0.0158050456084311,0.1020631161518395,0.07567793229827657,0.46341646762448363,0.09905879595316947,-0.08457205980084836,0.2538900480722077
BR,1440,T_PRICE_MA,trend,"{""band"": 0.5, ""n"": 50}",X2,False,0,13,0.6153846153846154,6.738676891038892,0.06892214476217216,11.846153846153847,0.895987888390664,2.5354004483239887,4.084542910074109,0.20182247273623943,0.6666666666666666,-0.08457205980084836,0.07567793229827657,0.09955420982118489,0.15781106179148546,-0.06571444953337441,0.0206473934231326,-0.018388759723166004,-0.0158050456084311,0.1020631161518395,0.07567793229827657,0.46341646762448363,0.09905879595316947,-0.08457205980084836,0.2538900480722077
PLZL,15,R_EXTREME,meanrev,"{""m"": 5, ""z"": 3.0}",X5,True,1,37,0.7027027027027027,2.758419865579087,0.0027763696972153457,10.08108108108108,0.10272567986976355,2.53473036792482,4.709296179139845,0.03024253831245005,0.8888888888888888,-0.017962913028895855,0.011717900750227273,0.011413964429973729,0.012009062484006574,-0.021010438106722415,0.01798289699945599,0.008182583376765251,0.01349924213718623,0.029300870839506388,0.010238497518002987,0.018853698391467333,-0.017962913028895855,0.01091290288604796,0.011717900750227273
ALRS,15,M_TSMOM,momentum,"{""n"": 100, ""z"": 0.0}",X0,True,-1,173,0.5549132947976878,1.6319853141197416,0.002788952872876491,59.75722543352601,0.48248884134773107,2.5341010957948322,4.387672940191083,0.13667167563107796,0.5555555555555556,-0.07039969752077013,0.06329731779987924,0.053609871260859004,0.08267129122693219,-0.09136906685641023,0.06329731779987924,-0.07039969752077013,-0.022562825120985508,-0.005126892241605674,-0.017325019907730166,0.1115005192841636,0.10738675436004996,0.11441149318125099,0.20130719151347876
Si,60,V_SQUEEZE,volatility,"{""lb"": 500, ""n"": 50, ""pct"": 0.1}",X5,False,0,13,0.8461538461538461,5.080188460772098,0.006210389177163657,20.46153846153846,0.08073506172513589,2.5334993152258534,6.8328663658100215,0.01342840246798005,0.8888888888888888,0.0,0.0071449791139457375,0.008970562413903989,0.007249474967906802,0.03928784937885617,0.0,0.00016980849613901228,0.017078067583497614,0.019507407676428556,0.005745636066421866,0.013362590689212084,0.0071449791139457375,0.001608386155567132,0.01611818594392389
GD,60,M_ROC_VOTE,momentum,"{""base"": 10, ""need"": 3}",X5,False,1,64,0.390625,1.9905909156928754,0.0036286722081011165,12.9375,0.23223502000109875,2.5311758548480814,4.938844251110097,0.0803443804870767,0.6666666666666666,-0.039813062408939004,0.029701297404244542,0.025803891111233195,0.043837134022190714,-0.07576084968149505,0.0426837470731698,0.05332900898065418,0.029701297404244542,0.12096710415789858,0.03334495780291036,0.013433204498142004,-0.01049880386563018,-0.010912433641351527,-0.039813062408939004
BR,60,R_EXTREME,meanrev,"{""m"": 1, ""z"": 4.0}",X0,False,-1,15,0.7333333333333333,7.4559544427386175,0.009489569731387999,8.733333333333333,0.1423435457109008,2.529079854879621,8.696283706977276,0.017479886155342683,0.7777777777777778,-0.011277812998741865,0.013528193347156048,0.01581594952343342,0.02072282481840058,-0.03376583558607041,-0.011277812998741865,0.0009217241895385087,0.002902840729802847,-0.008107363275485113,0.013528193347156048,0.033150056027807295,0.030215268954634666,0.025710715912282467,0.055299922823905945
BR,60,R_EXTREME,meanrev,"{""m"": 1, ""z"": 4.0}",X5,False,-1,15,0.7333333333333333,7.4559544427386175,0.009489569731387999,8.733333333333333,0.1423435457109008,2.529079854879621,8.696283706977276,0.017479886155342683,0.7777777777777778,-0.011277812998741865,0.013528193347156048,0.01581594952343342,0.02072282481840058,-0.03376583558607041,-0.011277812998741865,0.0009217241895385087,0.002902840729802847,-0.008107363275485113,0.013528193347156048,0.033150056027807295,0.030215268954634666,0.025710715912282467,0.055299922823905945
MX,30,T_SUPERTREND,trend,"{""m"": 4.0, ""n"": 10}",X5,True,-1,72,0.5833333333333334,2.1717325890981845,0.0021210721986886444,18.65277777777778,0.15271719810698414,2.5265363920917907,5.158820510459086,0.04089274280704558,0.5555555555555556,-0.019216038868762553,0.0037327290847315453,0.01696857756744268,0.0315795669507494,-0.10606411469679722,0.08645386272110045,-0.019216038868762553,-0.00026566628366708755,-0.008853113511577249,-0.010228948929579929,0.03531406901311129,0.0037327290847315453,0.025285287338192575,0.0404950175434351
MGNT,60,R_RSI,meanrev,"{""lo"": 5, ""n"": 3}",X4,True,-1,25,0.68,4.88623993305717,0.003944514297284557,5.28,0.09861285507213324,2.525131768477901,9.36551761543317,0.013883684994652867,0.6666666666666666,-0.013296849152538925,0.011586960346903652,0.010956983896903694,0.017716658865329662,-0.06762699820813316,0.053323612664826214,-0.0009590373374521732,0.011586960346903652,-0.013296849152538925,0.0122126794885844,0.0,0.019104391103610396,0.015300442930310965,0.0013406550278887153
MGNT,60,R_RSI,meanrev,"{""lo"": 5, ""n"": 3}",X0,True,-1,25,0.68,4.88623993305717,0.003944514297284557,5.28,0.09861285507213324,2.525131768477901,9.36551761543317,0.013883684994652867,0.6666666666666666,-0.013296849152538925,0.011586960346903652,0.010956983896903694,0.017716658865329662,-0.06762699820813316,0.053323612664826214,-0.0009590373374521732,0.011586960346903652,-0.013296849152538925,0.0122126794885844,0.0,0.019104391103610396,0.015300442930310965,0.0013406550278887153
MGNT,60,R_RSI,meanrev,"{""lo"": 5, ""n"": 3}",X5,True,-1,25,0.68,4.88623993305717,0.003944514297284557,5.28,0.09861285507213324,2.525131768477901,9.36551761543317,0.013883684994652867,0.6666666666666666,-0.013296849152538925,0.011586960346903652,0.010956983896903694,0.017716658865329662,-0.06762699820813316,0.053323612664826214,-0.0009590373374521732,0.011586960346903652,-0.013296849152538925,0.0122126794885844,0.0,0.019104391103610396,0.015300442930310965,0.0013406550278887153
ROSN,15,R_EXTREME,meanrev,"{""m"": 5, ""z"": 4.0}",X4,True,0,30,0.7,3.169908626309506,0.004756889298327986,9.133333333333333,0.1427066779579036,2.5238568332974056,6.685099437780344,0.020980648521799594,0.7777777777777778,-0.006215499714016914,0.011552516836673021,0.015856297550878178,0.01835344293676789,-0.02115364480585187,0.021884639281779528,0.011552516836673021,-0.006215499714016914,-0.000973316899035126,0.0007038258481770754,0.028579892124980688,0.049182450864464045,0.0004955451004207134,0.037496624514460564
SR,15,R_EXTREME,meanrev,"{""m"": 5, ""z"": 4.0}",X5,False,-1,23,0.7391304347826086,3.911493970280437,0.0020313340132469856,12.304347826086957,0.04672068252693862,2.523705942084373,6.67175773385918,0.0063202474266290665,0.7777777777777778,-0.0017156401881948113,0.00424289470538497,0.005191186947437624,0.005104763529261905,-0.009124493815863312,0.014643131638877094,-0.0009522525360807776,0.00424289470538497,0.010582345654256642,0.005127490498125553,-0.0017156401881948113,0.0019699076656252146,0.003546116524375975,0.009276688564568758
MX,1440,R_RSI,meanrev,"{""lo"": 20, ""n"": 2}",X3,False,-1,20,0.9,5.8924985762839786,0.00807151426985217,2.9,0.16143028387523373,2.523552245182272,4.988967858457672,0.02438657455786597,0.8888888888888888,-0.009399560047313571,0.020303246565163136,0.017936698208359303,0.016141030529343025,0.021993141275950027,0.025434699880861444,-0.009399560047313571,0.03347378165926784,0.0019484709046082571,0.011648185783997178,0.035213222341553774,0.020303246565163136,0.0030110470252111554,0.03979718976188451
MX,1440,R_RSI,meanrev,"{""lo"": 20, ""n"": 2}",X1,False,-1,20,0.9,5.8924985762839786,0.00807151426985217,2.9,0.16143028387523373,2.523552245182272,4.988967858457672,0.02438657455786597,0.8888888888888888,-0.009399560047313571,0.020303246565163136,0.017936698208359303,0.016141030529343025,0.021993141275950027,0.025434699880861444,-0.009399560047313571,0.03347378165926784,0.0019484709046082571,0.011648185783997178,0.035213222341553774,0.020303246565163136,0.0030110470252111554,0.03979718976188451
PLZL,15,R_EXTREME,meanrev,"{""m"": 3, ""z"": 3.0}",X5,True,1,58,0.6551724137931034,2.2576659427055943,0.0023921910590557036,10.137931034482758,0.13874708241201006,2.522026919106936,4.086428507998562,0.05889791512163356,0.8888888888888888,-0.049611317517701536,0.01804497721605003,0.01541634249022334,0.025933727553210457,-0.05855726123968993,0.05308161734137684,0.010407235939055681,0.012140826671384275,0.030955689027905464,0.01762060960754752,0.02292061148909852,-0.049611317517701536,0.01804497721605003,0.023186832637293264
GD,30,M_TSMOM,momentum,"{""n"": 20, ""z"": 0.5}",X0,False,0,184,0.3804347826086957,1.7432473092833425,0.0030995347854892307,33.266304347826086,0.5703144081999199,2.5219949912809527,4.25886748744823,0.14373802413319936,0.7777777777777778,-0.06235141611978179,0.04843171310494654,0.06336826757776887,0.08510198874414981,-0.04317275245170915,0.09259055589791387,0.008900582033675164,0.04843171310494654,0.12607542739715427,0.17098986546625383,0.1959614139632322,-0.06235141611978179,-0.04288514598738402,0.032601412443909794
Si,15,T_DONCH,trend,"{""n"": 80}",X0,False,-1,39,0.5384615384615384,2.9224313390131202,0.004893974497781388,120.0,0.1908650068435236,2.520631231938604,4.976779203748929,0.03867893561255187,0.7777777777777778,-0.012269150058273226,0.012849832186475396,0.02120722298261373,0.027719787254351338,-0.034132512482587016,0.0731729822291527,0.026374910594313405,0.012849832186475396,0.003015071648405865,0.00014943064888939261,-0.012269150058273226,0.058061330928467214,0.034528461554145906,-0.00501786288805306
GD,30,V_SQUEEZE,volatility,"{""lb"": 500, ""n"": 20, ""pct"": 0.2}",X3,True,1,46,0.5652173913043478,2.3551232440070704,0.0018957646307615342,8.26086956521739,0.08720517301389918,2.520422123051072,5.618442593074414,0.01752409262553556,0.6666666666666666,-0.009690701896033715,0.00460793141155591,0.00968946366821102,0.013274864055050238,-0.06982490014078865,0.0,0.017166926292702556,-0.009690701896033715,0.01865656382869929,0.0026988750651071314,-0.0024516372941434383,0.021800917573273182,0.00460793141155591,0.03441629803273827
GZ,60,V_SQUEEZE,volatility,"{""lb"": 500, ""n"": 20, ""pct"": 0.1}",X3,True,-1,15,0.6,6.595903903281214,0.004086177262031763,6.666666666666667,0.06129265922936611,2.519948019819045,11.183723509929099,0.00807326938956976,0.5555555555555556,-0.0017500064568594098,0.0017211239610332996,0.0068102954699295675,0.010069831198603735,-0.08111073734917595,0.0,0.013575461693108082,0.0,0.014755109790712595,0.0017211239610332996,0.0,0.03023959929123521,0.0027513709501363337,-0.0017500064568594098
GD,30,V_SQUEEZE,volatility,"{""lb"": 200, ""n"": 20, ""pct"": 0.1}",X2,False,1,29,0.4827586206896552,3.3626079198395367,0.004956622746546625,21.482758620689655,0.14374206104548648,2.5193791731212705,6.999114484160531,0.017017759731970727,0.5555555555555556,-0.008463800186291337,0.007387249861494638,0.015971340116165165,0.025057984307769496,-0.08807934972679904,0.04088874033186585,0.007387249861494638,-0.008463800186291337,0.07019032281823456,0.02375907264649868,0.024001955054700375,-0.001410548109561205,-0.0062616122886538506,-0.00634931908280123
LKOH,60,T_KELTNER,trend,"{""k"": 1.0, ""n"": 100}",X1,True,-1,115,0.5043478260869565,1.7877024429095467,0.0023558611762144735,10.721739130434782,0.27092403583810665,2.517871956965448,6.100537989074564,0.03625858043960761,0.5555555555555556,-0.008325281320139766,0.004124594634049572,0.030102670648678515,0.05056536536575057,-0.08809489729491034,0.15677822282304987,-0.0016400766908191144,-0.003957311564590782,0.01950615970417857,-0.0033274065208388492,-0.008325281320139766,0.004124594634049572,0.06581853504758328,0.04194659972563386
GD,30,V_SQUEEZE,volatility,"{""lb"": 200, ""n"": 20, ""pct"": 0.1}",X0,False,1,29,0.4827586206896552,3.385145141198503,0.004970590201720958,21.96551724137931,0.14414711768040434,2.51756781236331,6.830752836190038,0.021838448359631002,0.6666666666666666,-0.011170007710461505,0.006962335799471475,0.016016346408933815,0.02509209441329095,-0.06887108298372066,0.04088874033186585,0.006962335799471475,-0.004822965245693922,0.07019032281823456,0.02375907264649868,0.024001955054700375,0.0005992762744426727,-0.0062616122886538506,-0.011170007710461505
LKOH,60,T_KELTNER,trend,"{""k"": 1.0, ""n"": 100}",X4,True,-1,103,0.5242718446601942,1.9322551333875295,0.002610282675374417,10.737864077669903,0.2688591142941732,2.515546930218562,5.839200312409349,0.03459189813293051,0.6666666666666666,-0.007331192260608077,0.011369883504812606,0.0298732349215748,0.047794656458206755,-0.06030942288907147,0.15300931062665768,-0.005464406101964414,0.0013786866911686957,0.03145134181249887,0.011369883504812606,-0.007331192260608077,-0.004470061641768552,0.045424176030792296,0.043491375632584095
BR,1440,T_EMA_X,trend,"{""f"": 5, ""s"": 50}",X1,False,0,10,0.7,6.153961801801867,0.07953380291672266,14.6,0.7953380327962805,2.5144423145041284,4.130844691950788,0.2378517733886838,0.6666666666666666,-0.09702048823237419,0.027110291295684874,0.08837089253292005,0.15526421377936203,-0.07817706284868235,-0.006720166769810021,0.027110291295684874,0.026265480555593967,0.08667778258677572,0.07567793229827657,0.46341646762448363,-0.09702048823237419,0.0,0.2199307334376499
MX,1440,R_RSI,meanrev,"{""lo"": 20, ""n"": 2}",X0,False,-1,19,0.8947368421052632,7.340336925882105,0.008548516550514765,3.1578947368421053,0.16242181261259248,2.5144328247564487,4.94986783546368,0.02650315318896901,0.8888888888888888,-0.009399560047313571,0.020303246565163136,0.01804686806806583,0.016034560306259257,0.022796273256611474,0.025434699880861444,-0.009399560047313571,0.03347378165926784,0.002939999641967006,0.011648185783997178,0.035213222341553774,0.020303246565163136,0.0030110470252111554,0.03979718976188451
MX,1440,R_RSI,meanrev,"{""lo"": 20, ""n"": 2}",X4,False,-1,19,0.8947368421052632,7.340336925882105,0.008548516550514765,3.1578947368421053,0.16242181261259248,2.5144328247564487,4.94986783546368,0.02650315318896901,0.8888888888888888,-0.009399560047313571,0.020303246565163136,0.01804686806806583,0.016034560306259257,0.022796273256611474,0.025434699880861444,-0.009399560047313571,0.03347378165926784,0.002939999641967006,0.011648185783997178,0.035213222341553774,0.020303246565163136,0.0030110470252111554,0.03979718976188451
MX,1440,R_RSI,meanrev,"{""lo"": 20, ""n"": 2}",X5,False,-1,19,0.8947368421052632,7.340336925882105,0.008548516550514765,3.1578947368421053,0.16242181261259248,2.5144328247564487,4.94986783546368,0.02650315318896901,0.8888888888888888,-0.009399560047313571,0.020303246565163136,0.01804686806806583,0.016034560306259257,0.022796273256611474,0.025434699880861444,-0.009399560047313571,0.03347378165926784,0.002939999641967006,0.011648185783997178,0.035213222341553774,0.020303246565163136,0.0030110470252111554,0.03979718976188451
MX,1440,R_RSI,meanrev,"{""lo"": 20, ""n"": 2}",X2,False,-1,19,0.8947368421052632,7.340336925882105,0.008548516550514765,3.1578947368421053,0.16242181261259248,2.5144328247564487,4.94986783546368,0.02650315318896901,0.8888888888888888,-0.009399560047313571,0.020303246565163136,0.01804686806806583,0.016034560306259257,0.022796273256611474,0.025434699880861444,-0.009399560047313571,0.03347378165926784,0.002939999641967006,0.011648185783997178,0.035213222341553774,0.020303246565163136,0.0030110470252111554,0.03979718976188451
GMKN,60,V_SQUEEZE,volatility,"{""lb"": 500, ""n"": 50, ""pct"": 0.2}",X2,True,1,17,0.7647058823529411,4.91328381065905,0.00833956919516525,11.705882352941176,0.14177267521154135,2.5137367709093636,7.749728156509133,0.026658060029149055,0.3333333333333333,-0.0034322617575526237,0.0,0.01575251946794904,0.02505652295253918,-0.13181220716546746,0.0,0.0,0.05405042413622141,0.03171289467718452,-0.0034322617575526237,0.0,0.0,-0.003280338365584612,0.06272195652127266
MGNT,5,I_ORB,intraday,"{""cut"": 240, ""len"": 60, ""start"": 600}",X0,True,-1,124,0.5725806451612904,1.732584055874491,0.0027611750654866762,137.32258064516128,0.342385709300288,2.512154964890398,4.102384781503113,0.09962108678882942,0.6666666666666666,-0.05452824890380725,0.03199005438364111,0.03804285658892089,0.06242790447460466,-0.08030138203051983,0.11457289376994595,-0.024383548588957638,0.01803421952354256,-0.03434007382020354,-0.05452824890380725,0.03199005438364111,0.07823928282596171,0.11396036681253463,0.09884076329763047
CR,1440,V_NR_BREAK,volatility,"{""n"": 14}",X3,False,0,10,0.6,4.757778406873547,0.016230025548953652,8.0,0.16230025323602604,2.507695354831479,4.337523372161461,0.04568681144155562,0.7777777777777778,-0.02346932713408023,0.022266121115535498,0.01803336147066956,0.022366110106193673,-0.0382845882247356,0.022266121115535498,0.037582584605843294,0.004735861090011895,0.042826974764466286,-0.007970039499923587,-0.02346932713408023,0.036134140100330114,0.009533012984320521,0.04066092520952225
Si,60,V_SQUEEZE,volatility,"{""lb"": 500, ""n"": 20, ""pct"": 0.2}",X2,False,0,34,0.4411764705882353,2.930377778519497,0.004516628390156395,23.11764705882353,0.15356536389299436,2.5075929330429747,5.776808752136421,0.026059813797473907,0.7777777777777778,-0.005934631859418005,0.01710544245725032,0.017062818210332707,0.017125119381895867,-0.005243957782262651,0.0,0.01710544245725032,0.009800282074138522,0.011252555646933615,-0.005934631859418005,0.057806063909083605,0.020694163453299552,0.02471602679725038,0.018125461414456367
GZ,5,R_EXTREME,meanrev,"{""m"": 10, ""z"": 4.0}",X0,True,-1,17,0.7647058823529411,7.297644218168593,0.0036355147421125514,11.647058823529411,0.06180375030817231,2.5070606309667043,11.387855565046731,0.005233146715909243,0.7777777777777778,-0.003705421811901033,0.005085363052785397,0.006867083367574701,0.007408004191624403,-0.021217281847534478,0.01080384012311697,0.01740728924050927,0.005085363052785397,0.001472180534619838,0.0023557784952572547,0.019113097107037902,0.0,-0.003705421811901033,0.009271623566746712
GZ,5,R_EXTREME,meanrev,"{""m"": 10, ""z"": 4.0}",X0,False,-1,17,0.7647058823529411,7.297644218168593,0.0036355147421125514,11.647058823529411,0.06180375030817231,2.5070606309667043,11.387855565046731,0.005233146715909243,0.7777777777777778,-0.003705421811901033,0.005085363052785397,0.006867083367574701,0.007408004191624403,-0.021217281847534478,0.01080384012311697,0.01740728924050927,0.005085363052785397,0.001472180534619838,0.0023557784952572547,0.019113097107037902,0.0,-0.003705421811901033,0.009271623566746712
SR,1440,R_BB,meanrev,"{""k"": 1.5, ""n"": 10}",X2,False,-1,10,0.9,18.965704637848763,0.012475675271894596,5.7,0.1247567546179198,2.5057502954303175,5.862380538694496,0.02243270055623725,0.7777777777777778,-0.013617922144476324,0.012922288326080889,0.013861861624213311,0.01633164550397084,-0.032703069389492564,0.047356626484543085,0.024336729547940195,0.0,0.016900671791518107,-0.013617922144476324,0.023167135872427025,0.012922288326080889,0.003210289287380874,0.010480935452505946
