code,tf,family,group,params,exit,eod,direction,trades,win,pf,avg_trade,hold_bars,total,sharpe,sortino,mdd,pmr,m_min,m_median,m_mean,m_std,score,m202510,m202511,m202512,m202601,m202602,m202603,m202604,m202605,m202606
ROSN,60,R_MA_DEV,meanrev,"{""k"": 3.0, ""n"": 200}",X2,False,-1,20,0.85,5.589737405622821,0.012392444884735598,22.75,0.24784889830334578,3.4917615732223948,7.792168922205777,0.023409336805343628,0.6666666666666666,-0.010320387780666351,0.01725166290998459,0.02753876647814953,0.034557328244781395,-0.04846643128112267,0.06968794322165195,0.01725166290998459,0.09826422069454566,-0.010320387780666351,0.03025864524533972,0.0009890388464555144,0.0,0.0,0.0417177751660347
MGNT,60,V_RANGE_EXP,volatility,"{""fade"": 0, ""k"": 1.5}",X5,False,-1,80,0.6,2.4484863052216093,0.005453550549511184,20.825,0.4362840432149824,3.455145121308918,6.999174623986938,0.055590596923138946,0.6666666666666666,-0.012492544832639396,0.048515991220483556,0.04847600480166471,0.05718528558324412,-0.03715177126242032,0.08298361784545705,-0.012364402995444834,0.007427750446368009,-0.012492544832639396,-0.012391628930345178,0.07611217378871515,0.10078103689011186,0.048515991220483556,0.15771204978227615
GMKN,60,V_SQUEEZE,volatility,"{""lb"": 500, ""n"": 50, ""pct"": 0.2}",X3,False,1,14,0.8571428571428571,11.537988296120938,0.011025115300506264,12.5,0.15435161525965668,3.330396686183097,13.705312540662794,0.014647160656750202,0.5555555555555556,0.0,0.010907219722867012,0.017150179473295186,0.018413211762141734,-0.052509620495302736,0.0,0.0,0.05140908507746644,0.035315209650434554,0.010907219722867012,0.0,0.0,0.02199747273698449,0.03472262807190418
ROSN,60,R_MA_DEV,meanrev,"{""k"": 3.0, ""n"": 200}",X1,False,-1,22,0.6818181818181818,4.632073153972041,0.009634112654248949,16.545454545454547,0.21195047786750365,3.269242717482435,9.1250276421949,0.0167822043877095,0.6666666666666666,-0.008965518092736602,0.028292464092373848,0.023550053096389294,0.02404668214644197,-0.024677472018031554,0.06968794322165195,0.028292464092373848,0.041354108485393226,-0.008965518092736602,0.03025864524533972,0.00960505974944681,0.0,0.0,0.0417177751660347
LKOH,30,T_SUPERTREND,trend,"{""m"": 4.0, ""n"": 20}",X5,False,0,109,0.5137614678899083,2.234477281213893,0.003359641918855437,19.504587155963304,0.36620097208651714,3.234687969824609,8.92231002981241,0.038894962694030255,0.7777777777777778,-0.02459533984074369,0.020903482392895967,0.0406889968985019,0.052108666793137845,-0.035438078502000314,0.14707784913480282,0.020903482392895967,0.03796070464886725,-0.006027523217198905,0.0091956205360475,0.08066764241084456,-0.02459533984074369,0.008719064760953188,0.09229947126004845
ALRS,60,T_HMA,trend,"{""n"": 64}",X5,False,-1,62,0.5806451612903226,2.7986057003947256,0.006180549581276695,21.0,0.3831940753134404,3.193227338055354,6.821952318232416,0.08774205460213125,0.6666666666666666,-0.07646070758346468,0.04465515783522278,0.042577119479271154,0.06765511497437268,-0.08052899253167076,0.08965808240463957,-0.07646070758346468,0.04393103707116097,-0.007363014034126536,-0.020611667481716722,0.04465515783522278,0.16610868416319136,0.0455023320246255,0.09777417091390816
MGNT,60,T_MTF,trend,"{""k"": 4, ""n"": 40}",X1,False,-1,10,0.3,9.063121621684017,0.03897241504731251,151.3,0.38972415335592814,3.1197853432210567,6.359998728364513,0.06642594875302166,0.5555555555555556,-0.011624536127783358,0.0009170007251668721,0.043302683706214234,0.061683342113592304,-0.08516495365988302,0.0,0.0009170007251668721,-0.011624536127783358,0.0,-0.01099380967207253,0.04512375744525343,0.1450155763886869,0.0699409618973732,0.15134520269930363
AFLT,1440,V_RANGE_EXP,volatility,"{""fade"": 1, ""k"": 1.5}",X4,False,0,13,0.6923076923076923,11.605413504361664,0.05307506268398416,12.76923076923077,0.6899758087674854,3.080476511678849,6.267048708714002,0.10253607807680964,0.6666666666666666,-0.03088151983683929,0.021804300500662066,0.07666397875194282,0.12786675023147498,-0.0661093674408713,0.2302181617997121,-0.03088151983683929,-0.025757279945537448,0.021804300500662066,0.02373379352502525,0.10276571358554065,-0.004262338567059487,0.006613933655899018,0.36574104405008256
ROSN,60,R_MA_DEV,meanrev,"{""k"": 3.0, ""n"": 200}",X3,False,-1,24,0.7083333333333334,3.9545804672071747,0.007324104040642858,13.125,0.175778497257852,3.032813217021726,7.680611193654361,0.016051333863288164,0.6666666666666666,-0.0003675150219351053,0.014588294550776482,0.019530944139761332,0.01910163589363794,-0.022037816420901996,0.05853575521905441,0.014588294550776482,0.027627736912108958,-0.0003675150219351053,0.027512751461472362,0.00960505974944681,0.0,0.0,0.03827641438692808
PLZL,60,V_SQUEEZE,volatility,"{""lb"": 500, ""n"": 20, ""pct"": 0.1}",X4,False,0,27,0.5555555555555556,4.196102670616689,0.012803522562645789,19.074074074074073,0.3456951084372122,3.032780634124961,9.808479680224666,0.04039711400400847,0.6666666666666666,-0.01627274788916111,0.04113257396966219,0.038410567604134686,0.03723030750332255,-0.02628191198371054,0.0,-0.003118563792668283,0.04452703971765004,0.07227626617532223,0.07240571640431881,0.04113257396966219,0.10098493663826957,0.03375988721381873,-0.01627274788916111
AFLT,1440,V_RANGE_EXP,volatility,"{""fade"": 1, ""k"": 1.5}",X0,False,0,11,0.9090909090909091,224.47500600628123,0.06540317681347306,18.0,0.7194349398778286,3.0230699043699225,5.663230222645087,0.12336302595213056,0.7777777777777778,-0.05260209593689069,0.024058316368609667,0.07993721554198095,0.1268709320354993,-0.045968336020374374,0.2302181617997121,-0.05260209593689069,0.0017870096489787102,0.014365755952894688,0.024058316368609667,0.10447751847095788,-0.0022673997445963323,0.033656629268079996,0.36574104405008256
AFLT,1440,V_RANGE_EXP,volatility,"{""fade"": 1, ""k"": 1.5}",X2,False,0,11,0.9090909090909091,224.47500600628123,0.06540317681347306,18.0,0.7194349398778286,3.0230699043699225,5.663230222645087,0.12336302595213056,0.7777777777777778,-0.05260209593689069,0.024058316368609667,0.07993721554198095,0.1268709320354993,-0.045968336020374374,0.2302181617997121,-0.05260209593689069,0.0017870096489787102,0.014365755952894688,0.024058316368609667,0.10447751847095788,-0.0022673997445963323,0.033656629268079996,0.36574104405008256
PLZL,30,T_EMA_X,trend,"{""f"": 20, ""s"": 200}",X5,False,0,48,0.5416666666666666,3.8486207189943524,0.005969403685929009,20.354166666666668,0.286531378296786,3.0013466239221307,10.262838126840157,0.028570501759531908,0.6666666666666666,-0.014864106138702482,0.025711019698064774,0.031836819810754,0.037809910570575554,-0.04709035988114876,0.08337639912497252,-0.006921657244674861,-0.014864106138702482,0.07227550669631455,0.03459608816774562,-0.010180014767684042,0.08536976196046453,0.017168380800285377,0.025711019698064774
MGNT,15,I_ORB,intraday,"{""cut"": 480, ""len"": 60, ""start"": 600}",X0,True,-1,131,0.5648854961832062,1.9264073834692421,0.0028355789102879362,43.83969465648855,0.3714608380832942,2.984570764394371,5.480196804859416,0.07337718404596671,0.7777777777777778,-0.04556823492748663,0.03434900504362304,0.04127342645369936,0.051303305707850105,-0.040166788654539085,0.10745650614262559,0.0074942983337678015,0.03434900504362304,-0.005038774106651545,-0.04556823492748663,0.004843653034185991,0.07871755774249323,0.09182627510745078,0.09738055171328597
NVTK,60,R_VOLSPIKE_FADE,meanrev,"{""k"": 5.0, ""z"": 2.0}",X0,False,1,15,0.7333333333333333,8.178558192176972,0.006367753788630513,10.533333333333333,0.09551630762871355,2.9618770862448893,10.115056122584866,0.014524305355735123,0.7777777777777778,-0.0019425225327722728,0.01067493506707251,0.010612923069857061,0.00982613670553848,0.005678128864103092,0.01067493506707251,0.011347907595336437,0.021655131597071886,0.013101943593937904,0.0,-0.0019425225327722728,0.030683762626722455,0.00643472489900887,0.003560424782335758
SBER,15,R_EXTREME,meanrev,"{""m"": 3, ""z"": 4.0}",X0,False,1,21,0.6666666666666666,5.8533258663900884,0.002250542916139852,10.571428571428571,0.047261400817660615,2.9574670409769626,11.445890225329626,0.003637895919382572,0.8888888888888888,0.0,0.0025639068335294724,0.005251266757517846,0.005029592660302247,0.017725583848120417,0.01504333852790296,0.0060354534070938826,0.0025639068335294724,0.0025215658242814243,0.0,0.002438338124193251,0.0035323974152561277,0.013366883504204452,0.001759517181199044
ALRS,60,T_EMA_X,trend,"{""f"": 50, ""s"": 400}",X1,False,0,14,0.14285714285714285,5.871099484810696,0.03386298234119763,205.92857142857142,0.4740817541751312,2.9385882510743673,4.800664487181426,0.1240218350867508,0.6666666666666666,-0.03559491100895684,0.07328495246474631,0.052675750463903465,0.06728717839062723,-0.04465536022869453,0.08293299982324243,-0.0128440375556238,-0.02586152288131416,-0.03559491100895684,0.006970095681026578,0.14417475604568608,0.14781553600914776,0.09320388559717685,0.07328495246474631
GMKN,30,V_SQUEEZE,volatility,"{""lb"": 500, ""n"": 20, ""pct"": 0.1}",X5,False,0,55,0.4727272727272727,2.8655099782098703,0.005553785724450924,15.018181818181818,0.30545821589475963,2.9159786260530383,8.974945631261395,0.035543174992199056,0.7777777777777778,-0.026018138974905014,0.017445391466026194,0.0339398017660844,0.04391801192106224,-0.039549169926071784,0.11475275317206979,0.0086266347207129,0.03895633528009057,-0.004533329047262669,0.017445391466026194,0.003407113254070282,0.06467478862032294,-0.026018138974905014,0.08814666740363464
MGNT,30,V_REGIME_TREND,volatility,"{""hi"": 0, ""n"": 100}",X1,False,0,14,0.07142857142857142,4.913862792132117,0.02334255529932794,216.07142857142858,0.3267957716016099,2.915740085648238,5.699369839283304,0.08505637157941237,0.4444444444444444,-0.02807345293695107,0.0,0.03631064128906777,0.06194487832695489,-0.12508847312492702,0.0,-0.01043535373173654,-0.02807345293695107,-0.012390075717121363,-0.026663076598197222,0.07802442577667534,0.142966830462683,0.0661855018697679,0.11718097247648984
ALRS,1440,V_NR_BREAK,volatility,"{""n"": 4}",X3,False,-1,12,0.6666666666666666,4.445771044282688,0.04242763342033128,11.333333333333334,0.5091316013858886,2.9023154412836045,5.076341500175194,0.12738609136431478,0.7777777777777778,-0.042282378213712946,0.036635819589719176,0.05657017793176541,0.0645252618108267,-0.03180630751356561,0.022641850053332746,-0.004289794247597456,-0.042282378213712946,0.0023320912005146965,0.036635819589719176,0.11445922579150647,0.15707809675950557,0.1055081735830754,0.11704851686954498
NVTK,60,T_EMA_X,trend,"{""f"": 10, ""s"": 200}",X3,False,-1,20,0.65,3.553587338952369,0.008204487226181436,13.85,0.16408974697696976,2.8878234496303627,6.894270887563233,0.022331516491249204,0.8888888888888888,-0.007498287130147219,0.01618301495909691,0.018232194108552195,0.016236566148288136,0.01972978847388944,0.04862163003417663,0.012945438735187054,0.01618301495909691,0.004502382827922702,0.02520302578341216,0.018473325995728374,0.007410795660689473,-0.007498287130147219,0.03824842011090368
ALRS,60,V_RANGE_EXP,volatility,"{""fade"": 1, ""k"": 3.0}",X1,False,-1,11,0.09090909090909091,4.932892013049418,0.03688608011406155,222.36363636363637,0.4057468835826512,2.8840943183797414,5.039128787181747,0.11523488769307733,0.7777777777777778,-0.05828854301944375,0.02529898751527071,0.045082987064739025,0.06444773704403539,-0.053845264228897766,-0.05828854301944375,-0.018045605160295963,0.020044691453222185,0.0022999085049377754,0.02529898751527071,0.13661453596432693,0.14006439736112952,0.0883164675324224,0.0694420434310814
ALRS,60,T_DONCH,trend,"{""n"": 40}",X0,False,-1,26,0.5384615384615384,4.156969719146693,0.018172240224584215,71.84615384615384,0.4724782411376509,2.860952337619323,5.553260916811713,0.06999953794547764,0.6666666666666666,-0.02703849639510736,0.030141025315970182,0.05249758234862788,0.0643761461811163,-0.05367026766552084,0.030141025315970182,-0.01251588697778061,-0.006594125346964574,0.0004758478607982397,-0.02703849639510736,0.11838853999506682,0.11044451629277319,0.11438164510764182,0.1447951752852532
MGNT,15,I_ORB,intraday,"{""cut"": 240, ""len"": 60, ""start"": 600}",X0,True,-1,111,0.5675675675675675,1.946925070803926,0.0031633549201672165,46.44144144144144,0.35113239627389703,2.860292621358704,5.256984037129321,0.07543447980424389,0.7777777777777778,-0.04556823492748663,0.03323042731790338,0.03901471069709967,0.04915373479753383,-0.04145167952804628,0.11215366813121364,0.002596760226879269,0.03323042731790338,-0.002373217372223735,-0.04556823492748663,0.011044418759411201,0.06490494008176029,0.08796742802951485,0.08717620602692477
PLZL,60,T_SUPERTREND,trend,"{""m"": 3.0, ""n"": 20}",X5,False,1,40,0.775,3.360296057950609,0.0072482190158335725,21.0,0.2899287603213452,2.8457336982991848,5.3828130872153235,0.05209735594689846,0.7777777777777778,-0.03472285717725754,0.0350554809847381,0.03221430670237169,0.04126350332266529,-0.03913361991668063,0.08168014127295464,0.0350554809847381,0.023209553794004023,0.09186180241522379,0.024715632491279393,-0.03472285717725754,0.04866725183092058,0.05103291943669319,-0.031571164727211
ROSN,1440,V_RANGE_EXP,volatility,"{""fade"": 1, ""k"": 2.0}",X1,False,0,10,0.6,3.6721532525606566,0.05057908977080065,12.0,0.5057908957096515,2.8407495008878625,4.939038113916712,0.09582176804542542,0.6666666666666666,0.0,0.032796644140034914,0.0561989884121835,0.057498577431287966,-0.028537008746906546,0.1448436517821392,0.008656736696138978,0.0,0.0,0.0,0.13935038121417165,0.10430385518702678,0.07583962669014,0.032796644140034914
GMKN,60,V_SQUEEZE,volatility,"{""lb"": 500, ""n"": 20, ""pct"": 0.2}",X3,False,1,18,0.7222222222222222,3.8419200251728225,0.006209176351835762,6.833333333333333,0.11176517326384783,2.8246617481276575,6.65938088023887,0.030657762195914984,0.5555555555555556,-0.017134681809693575,0.0033892272040247917,0.012418352584871981,0.023209573078562477,-0.10928043001498322,0.0,0.02714219130575657,0.0033892272040247917,0.04115721536800265,0.05556435789912939,-0.013523080386221409,-0.017134681809693575,0.0,0.015169943682849407
AFLT,30,U_SIGNED_VOL,volume,"{""fade"": 1, ""n"": 100, ""thr"": 0.2}",X0,False,-1,19,0.8421052631578947,8.132856574064004,0.015411296830481659,65.52631578947368,0.29281464318046346,2.8197848725341332,4.847043601593538,0.0584199083968997,0.7777777777777778,-0.011541289743036032,0.02800606144592166,0.03253496035338483,0.03955540765066099,-0.020744231274825043,-0.011541289743036032,-0.008620604872703552,0.056122784910257906,0.02800606144592166,0.004066130146384239,0.04007821925915778,0.04759745347837452,0.012967714108526707,0.12413817444758024
PLZL,15,R_EXTREME,meanrev,"{""m"": 10, ""z"": 3.0}",X2,False,1,29,0.7931034482758621,2.9980347333295128,0.003851000357887496,7.379310344827586,0.11167900974396616,2.8130574835440076,5.887308701209493,0.02181386691518128,0.7777777777777778,-0.013149993726983666,0.012764412676915526,0.012408778860440684,0.012932842988442161,-0.02786473172811149,0.03144724550656974,0.0,0.012764412676915526,0.015184449031949043,0.010226226411759853,0.029896628577262163,-0.013149993726983666,0.009731540223583579,0.01557850104290992
MGNT,60,T_MTF,trend,"{""k"": 8, ""n"": 20}",X0,False,0,18,0.2777777777777778,5.293278178718493,0.022262480740623276,101.16666666666667,0.40072465571574867,2.7972029458996452,5.279038134651771,0.08963823039084673,0.5555555555555556,-0.01683461933862418,0.015332680544815958,0.044524961746194296,0.06064040862058415,-0.07933810003155664,0.0,0.0,0.0,0.03849971364252269,-0.01683461933862418,0.015332680544815958,0.14789515506708995,0.06448652310064062,0.15134520269930363
AFLT,1440,V_RANGE_EXP,volatility,"{""fade"": 1, ""k"": 1.5}",X1,False,0,12,0.75,8.011100029864954,0.05335910993165815,13.833333333333334,0.6403093137050746,2.7921708900732445,5.352210541498173,0.12336302595213056,0.6666666666666666,-0.05260209593689069,0.021804300500662066,0.07114547930056385,0.13243284263316565,-0.07525786348877239,0.2302181617997121,-0.05260209593689069,-0.04547642241232097,0.021804300500662066,0.02373379352502525,0.10276571358554065,-0.012489115062635392,0.006613933655899018,0.36574104405008256
MGNT,60,T_MTF,trend,"{""k"": 8, ""n"": 20}",X1,False,0,21,0.23809523809523808,5.031764784737516,0.018449978909046476,83.47619047619048,0.3874495576892514,2.788027392405512,5.405185091826054,0.07931995904073119,0.4444444444444444,-0.015259825508110225,0.0,0.043049950854361266,0.06276918164782909,-0.11020411385284871,0.0,0.0,0.0,0.0481164145458024,-0.015259825508110225,-0.010811534360982478,0.14979887154186144,0.06426042877137661,0.15134520269930363
ALRS,1440,U_BAR_PRESSURE,volume,"{""n"": 5, ""thr"": 0.7}",X3,False,-1,11,0.6363636363636364,4.417695141107276,0.032003648777830886,5.636363636363637,0.35204013798283995,2.7843039037086026,5.260322815512751,0.12648291973164305,0.5555555555555556,-0.05532960407435894,0.024161180732335197,0.03911557088698222,0.07191847304398694,-0.10632482999225745,0.07358564413152635,-0.05532960407435894,0.0,-0.023336971818935126,-0.03519645519554615,0.09975980437593535,0.17607250134460628,0.092324038487277,0.024161180732335197
LKOH,30,V_SQUEEZE,volatility,"{""lb"": 500, ""n"": 50, ""pct"": 0.1}",X4,False,1,12,0.6666666666666666,9.314470599402425,0.014001398034437014,24.833333333333332,0.16801677562762052,2.7838822082567094,12.800004155502508,0.013976821908727288,0.4444444444444444,-0.006596819031983614,0.0,0.01866853062529117,0.02674669989652707,-0.10913402106236729,0.062647202052176,0.0,0.06021109642460942,0.010351871373131871,-0.006596819031983614,0.04325903207063675,-0.0017362295184284449,-0.00011937774252146482,0.0
PLZL,60,V_SQUEEZE,volatility,"{""lb"": 500, ""n"": 20, ""pct"": 0.1}",X5,False,0,27,0.5555555555555556,3.472447999839245,0.010492393218391472,14.851851851851851,0.2832946200214792,2.781353996002955,7.702393549764068,0.035259785363450646,0.6666666666666666,-0.01015675812959671,0.02710457518696785,0.03147718000238658,0.033603919453863956,-0.035184761308259226,0.0,-0.007760626962408423,0.06395549673470668,0.09532195003703237,0.02710457518696785,0.05594772845506668,0.03786707861581817,0.021015176083892584,-0.01015675812959671
ALRS,60,V_REGIME_TREND,volatility,"{""hi"": 0, ""n"": 20}",X1,False,-1,13,0.46153846153846156,6.492024772183858,0.025830819141140656,111.76923076923077,0.3358006471826229,2.772439760660806,4.77667893200878,0.06305694091133773,0.3333333333333333,-0.01999043091200292,0.0,0.03731118302029143,0.06975986045480226,-0.1440855525547604,0.0,0.0,-0.01955809915671125,-0.014858546142932028,-0.012530456064268947,0.12535751448012888,0.1608557808212936,0.1165248841571156,-0.01999043091200292
ROSN,15,R_EXTREME,meanrev,"{""m"": 5, ""z"": 4.0}",X3,False,0,30,0.7,3.70279782921283,0.005250842118064778,7.066666666666666,0.15752526376036258,2.7681033250286284,8.900973327479552,0.009473417419940233,0.7777777777777778,-0.004724321886897087,0.011524655390530825,0.01750280708448473,0.019760087082928042,-0.018428969990457903,0.017762673553079367,0.011524655390530825,-0.004724321886897087,0.00019776588305830956,0.004260017104570579,0.04109736252576113,0.0516542480327189,-0.001949803438037634,0.037702666595578194
ALRS,60,M_TSMOM,momentum,"{""n"": 200, ""z"": 1.0}",X1,False,-1,11,0.09090909090909091,5.256778156086776,0.03447836700694508,172.54545454545453,0.379262048547389,2.7645988874121534,4.663848445157541,0.11944553480134346,0.4444444444444444,-0.04599819891154766,0.0,0.042140227616376556,0.07206487695777468,-0.12985285376550298,-0.0198157410195563,-0.04599819891154766,0.0,-0.023282091278815642,-0.0019940240308642387,0.14790837094187737,0.151643430814147,0.09561753273010254,0.07518276930204593
ALRS,60,T_DONCH_STOP,trend,"{""n"": 40}",X0,False,-1,30,0.4666666666666667,3.2594263121219913,0.015756124125051656,67.56666666666666,0.4726837371708825,2.760837195370739,5.267212445299627,0.09283674997277558,0.6666666666666666,-0.0240013194270432,0.012321639456786215,0.05252041524120917,0.06687837508952377,-0.06082196517979267,0.012321639456786215,-0.0240013194270432,-0.012781439872924238,0.007835421478375793,-0.012030585203319788,0.12251582453609444,0.1293525945802685,0.10104657855117694,0.14842502307146788
ROSN,15,R_EXTREME,meanrev,"{""m"": 5, ""z"": 4.0}",X1,False,0,30,0.7,3.6205055827244226,0.005090969415348663,8.566666666666666,0.1527290828862533,2.760629995708682,8.629964874516999,0.009473417419940233,0.7777777777777778,-0.004724321886897087,0.011524655390530825,0.01696989809847259,0.018862506099223887,-0.0174139897782196,0.020199690479785204,0.011524655390530825,-0.004724321886897087,0.00022890930995345116,0.004260017104570579,0.03416857961565256,0.05079101072624326,-0.001949803438037634,0.03823034558445215
AFLT,60,R_VOLSPIKE_FADE,meanrev,"{""k"": 5.0, ""z"": 2.0}",X0,False,1,20,0.75,7.864149537172539,0.007530958253619999,8.05,0.15061916316335555,2.7266294205118675,5.630104701921033,0.02407902106642723,0.7777777777777778,-0.0054507117019966245,0.020029655192047358,0.016735462573706172,0.015154529143744686,0.006349438905540079,0.020029655192047358,0.04606803889328148,0.027021433226764202,-0.004021986620500684,-0.0054507117019966245,0.02025982108898461,0.007795743178576231,0.013998898677527905,0.024918271228671074
AFLT,60,R_VOLSPIKE_FADE,meanrev,"{""k"": 5.0, ""z"": 2.0}",X5,False,1,20,0.75,7.864149537172539,0.007530958253619999,8.05,0.15061916316335555,2.7266294205118675,5.630104701921033,0.02407902106642723,0.7777777777777778,-0.0054507117019966245,0.020029655192047358,0.016735462573706172,0.015154529143744686,0.006349438905540079,0.020029655192047358,0.04606803889328148,0.027021433226764202,-0.004021986620500684,-0.0054507117019966245,0.02025982108898461,0.007795743178576231,0.013998898677527905,0.024918271228671074
PLZL,60,V_SQUEEZE,volatility,"{""lb"": 500, ""n"": 20, ""pct"": 0.2}",X4,False,0,50,0.44,2.372699025784359,0.006792115448044106,17.32,0.3396057741028926,2.719884326451682,7.223347260343908,0.09931408309967082,0.6666666666666666,-0.048916470957919955,0.04586323426337913,0.037733974900321404,0.06505899179068843,-0.07205740424373375,0.0,-0.048916470957919955,0.04586323426337913,0.07227626617532223,0.05077766673639417,0.09684638865292072,0.16418851900380105,0.00588331650942564,-0.047313146280430374
PLZL,60,M_TSMOM,momentum,"{""n"": 400, ""z"": 0.0}",X5,False,-1,14,0.7857142857142857,8.073196363313366,0.011585975820827427,21.0,0.16220366126071895,2.718054199211157,8.359839971071926,0.021209431812167168,0.6666666666666666,0.0,0.012230894528329372,0.01802262902896877,0.019501902690358716,-0.029780201852475076,0.012230894528329372,0.001162333479442168,0.0,0.0,0.019185822922736406,0.0,0.05529736971948296,0.03905362603836693,0.03527361457236111
ALRS,30,V_REGIME_TREND,volatility,"{""hi"": 1, ""n"": 50}",X1,False,-1,16,0.375,6.926259969427545,0.027187290186186947,201.4375,0.43499663788861653,2.7161246817402245,5.104025888033453,0.05552750773495063,0.4444444444444444,-0.020403652102686465,0.0,0.048332959765401834,0.06843535889793412,-0.11262515565578014,0.0,-0.013869176618754864,-0.020403652102686465,-0.005486492824275047,-0.014112319564446807,0.12797998130554333,0.16081331064924598,0.09361327523947693,0.10646171180451347
ALRS,60,M_TSMOM,momentum,"{""n"": 400, ""z"": 0.0}",X1,False,-1,10,0.1,5.63755593090399,0.03933948243409492,245.0,0.39339482544710336,2.7157287747250924,4.432992524122201,0.13128428999334574,0.5555555555555556,-0.04658627952449024,0.010207170620560646,0.043710536160789265,0.06914376403545802,-0.10173545370151232,-0.011310691945254803,0.010207170620560646,-0.01857565902173519,-0.04658627952449024,-0.0019560390210244805,0.14516129321418703,0.1488269802648574,0.09384164097718894,0.07378640988281404
PLZL,15,R_EXTREME,meanrev,"{""m"": 10, ""z"": 3.0}",X2,False,0,48,0.75,2.2340440075457093,0.0028248423256217376,7.791666666666667,0.13559242982591968,2.699545200346309,5.218257978111626,0.04062300524674356,0.7777777777777778,-0.009096231267903931,0.013198261382058263,0.015065825536213297,0.01697044754311534,-0.023642267692079742,0.044742044527083635,0.004221152048557997,0.013198261382058263,0.013308447785675526,0.010226226411759853,0.03143610409460962,-0.009096231267903931,-0.005044315243139863,0.03260074008721858
MGNT,60,M_TSMOM,momentum,"{""n"": 400, ""z"": 0.0}",X1,False,-1,11,0.09090909090909091,4.147903721475069,0.028450077432198417,152.1818181818182,0.31295085142483003,2.690592758864451,4.981819425189351,0.11913878709310666,0.4444444444444444,-0.037241843063384295,0.0,0.034772316824981116,0.06295018780666099,-0.13112822262758278,-0.011939285788685083,-0.013952388078905642,-0.02576776285422966,-0.037241843063384295,0.0,0.07666735735256225,0.1424636588199064,0.06595256077707745,0.1167685542604886
NVTK,60,T_EMA_X,trend,"{""f"": 10, ""s"": 200}",X5,False,-1,19,0.7368421052631579,5.693175995536466,0.009923118214716323,21.0,0.18853924729046412,2.689196938970758,7.778605366486618,0.024427898228168488,0.7777777777777778,-0.008478329982608557,0.012107394722988829,0.020948805254496012,0.02090706662132303,-0.018186361891563953,0.056874694128055125,0.009451420628465712,0.029611172853037715,-0.008478329982608557,0.012107394722988829,0.03573323675664142,-0.003493602212984115,0.011546000372618437,0.045187260024249554
AFLT,30,R_RSI,meanrev,"{""lo"": 20, ""n"": 14}",X2,False,1,10,0.8,11.247205619174826,0.009705064841602228,15.6,0.09705064748413861,2.6649375993623026,11.260677652170903,0.008859077468514442,0.5555555555555556,-0.0033477814868092537,0.007331143133342266,0.010783405276015401,0.013052923479323077,-0.06637803663355739,0.03690937743522227,0.0,0.011350558139383793,0.007331143133342266,0.0,-0.0033477814868092537,0.019240936264395714,0.0,0.02556641399860382
PLZL,60,V_SQUEEZE,volatility,"{""lb"": 500, ""n"": 20, ""pct"": 0.1}",X1,False,0,27,0.5185185185185185,4.133536189640098,0.011214954621824954,20.51851851851852,0.302803775673965,2.6569052169798413,8.55021981974285,0.03520824550651014,0.7777777777777778,-0.009789302945137024,0.032465310767292976,0.03364486396377389,0.03132126892637254,0.0006280159830043333,0.0,0.0049665276892483234,0.021503871510503814,0.06475134647917002,0.07438925746828318,0.0338432602584362,0.0806735044461675,0.032465310767292976,-0.009789302945137024
ROSN,15,R_EXTREME,meanrev,"{""m"": 5, ""z"": 4.0}",X2,False,0,30,0.7666666666666667,3.372018248132207,0.005144022247986297,9.5,0.15432066706580372,2.6520060887102836,6.271550409157587,0.016309735365211964,0.8888888888888888,-0.008130636997520924,0.011524655390530825,0.017146740785089303,0.018057928817457766,0.0024522062576777144,0.02449837513267994,0.011524655390530825,-0.008130636997520924,0.003327009966596961,0.004260017104570579,0.042753362096846104,0.0435863914899528,0.0004902493674308062,0.032011243514716625
MGNT,60,T_PRICE_MA,trend,"{""band"": 0.0, ""n"": 400}",X1,False,-1,26,0.11538461538461539,4.069866867695437,0.014388087572443033,79.96153846153847,0.3740902816934977,2.644076920926023,4.458525727657342,0.17804265359882265,0.5555555555555556,-0.03503951814491302,0.05262468568980694,0.041565586854833074,0.06342007354425869,-0.08224150970643178,0.08419993473216891,-0.03503951814491302,-0.005938659538514912,-0.018706379574723542,-0.03226473764516413,0.05262468568980694,0.14422928169369698,0.06676994785084389,0.11821572663029656
ALRS,60,M_TSMOM,momentum,"{""n"": 100, ""z"": 1.0}",X1,False,-1,12,0.08333333333333333,4.352685922534873,0.03072071429483726,181.91666666666666,0.3686485791604355,2.643829169870615,4.411532000099085,0.11278842299361713,0.5555555555555556,-0.053330074733821675,0.009052418870851398,0.040960953240048385,0.07157458737538361,-0.10863274525262354,-0.013729371828958392,-0.053330074733821675,-0.010072194039821625,-0.02455035102320835,0.009052418870851398,0.1450549481669441,0.1487179526593536,0.09377289487747476,0.07373235621162166
ALRS,60,M_ROC_VOTE,momentum,"{""base"": 40, ""need"": 4}",X0,False,-1,23,0.43478260869565216,5.739327325907227,0.018107179125223357,77.82608695652173,0.4164651198680076,2.642175122113163,4.8248262404408955,0.09030054972390644,0.6666666666666666,-0.017538492189487442,0.007285085244802758,0.0462739022075564,0.06366264247909965,-0.06308934186657358,0.007285085244802758,0.0018129447707906365,-0.008224880555644631,-0.017538492189487442,-0.017085973755456507,0.08188844472169876,0.16789896541740745,0.09559713769704103,0.10483188851685554
AFLT,60,R_VOLSPIKE_FADE,meanrev,"{""k"": 5.0, ""z"": 2.0}",X2,False,1,20,0.75,6.275437334209714,0.007253201429174974,7.45,0.1450640270340955,2.64036349233093,5.464784930630126,0.02407902106642723,0.7777777777777778,-0.009577122749760747,0.020029655192047358,0.01611822522601061,0.016072714608517266,-0.008239064572897192,0.020029655192047358,0.04606803889328148,0.027021433226764202,-0.009577122749760747,-0.0054507117019966245,0.02025982108898461,0.007795743178576231,0.013998898677527905,0.024918271228671074
SBER,15,R_EXTREME,meanrev,"{""m"": 3, ""z"": 4.0}",X5,False,1,21,0.6666666666666666,4.455892070485759,0.002105116123431195,10.380952380952381,0.04420743809896521,2.6359415844812353,6.834690364740821,0.006691858638077974,0.7777777777777778,-0.0004900558851659298,0.0025215658242814243,0.00491193756655169,0.005295446729501101,-0.013988859843034916,0.01504333852790296,0.0060354534070938826,-0.0004900558851659298,0.0025215658242814243,0.0,0.002438338124193251,0.0035323974152561277,0.013366883504204452,0.001759517181199044
PLZL,60,V_SQUEEZE,volatility,"{""lb"": 500, ""n"": 20, ""pct"": 0.1}",X5,False,1,15,0.6,4.737327127995951,0.014602453144244515,16.0,0.21903679965180345,2.625568034050838,9.6427793785001,0.018362059956416488,0.7777777777777778,-0.01015675812959671,0.008059024810791016,0.024337422183533717,0.0330451667577169,-0.03591453823223016,0.0,0.007657406851649284,0.07262902587535791,0.08924603927880526,0.0003325110301375389,0.008059024810791016,0.011893048009369522,0.03937650192528963,-0.01015675812959671
ALRS,60,T_MTF,trend,"{""k"": 4, ""n"": 40}",X0,False,-1,16,0.4375,7.397089142049614,0.025917383120867554,115.625,0.414678135946815,2.624644247500561,4.411141716137107,0.08100437303073704,0.5555555555555556,-0.02278300642501563,0.018132118973881006,0.046075348438535,0.06094115560381534,-0.08075622657815187,0.0,-0.02278300642501563,-0.006778372568078339,-0.0007420721231028438,0.018132118973881006,0.1349577158689499,0.1533232636284083,0.081820237217471,0.05674825137430162
VTBR,1440,M_TSMOM,momentum,"{""n"": 20, ""z"": 0.0}",X5,False,0,21,0.42857142857142855,6.325757103251797,0.02179777632294058,7.809523809523809,0.4577533055926324,2.6214537057110343,5.513657849944855,0.08058294758666307,0.6666666666666666,-0.025002023205161095,0.04722266795579344,0.05086147839918138,0.059797429518104524,-0.0442440872634661,-0.025002023205161095,0.04722266795579344,-0.021188172278925776,0.04744448186829686,0.135126649052836,-0.0011213085890631191,0.07478674955200404,0.15482284146128222,0.04566141977556981
ALRS,30,M_TSMOM,momentum,"{""n"": 400, ""z"": 0.5}",X1,False,-1,17,0.058823529411764705,4.088396262102872,0.021261439255616604,250.41176470588235,0.36144447086189757,2.6167024527351863,4.445318327263602,0.12396128330146894,0.4444444444444444,-0.044230104656890035,0.0,0.040160496762433065,0.07175551352387978,-0.1312750405075581,-0.030187827942427248,-0.023859150358475745,0.0,-0.044230104656890035,-0.0016692656208761036,0.14509037585230544,0.14875427447259426,0.09379579982487485,0.07375036929079215
ALRS,15,V_RANGE_EXP,volatility,"{""fade"": 1, ""k"": 3.0}",X1,False,-1,14,0.07142857142857142,5.755411660521083,0.030035057453074315,846.2857142857143,0.4204908097317457,2.61652808651931,4.254454946222498,0.10653230347088538,0.6666666666666666,-0.015824151574634016,0.02529898751527071,0.04672120108130508,0.060079581741753096,-0.052682998980019345,-0.015824151574634016,-0.013796500948956236,-0.0119248780538328,0.0022999085049377754,0.02529898751527071,0.13661453596432693,0.14006439736112952,0.0883164675324224,0.0694420434310814
ALRS,60,V_REGIME_TREND,volatility,"{""hi"": 0, ""n"": 20}",X2,False,-1,12,0.5,5.834644923459669,0.027409310924355616,131.75,0.3289117291860748,2.6092946162450383,4.391644391701363,0.06305694091133773,0.3333333333333333,-0.03419660130748525,0.0,0.036545747687341645,0.07064957846223668,-0.15037538909701575,0.0,0.0,-0.03419660130748525,-0.012425085238646716,-0.0072143328143283725,0.12535751448012888,0.1608557808212936,0.1165248841571156,-0.01999043091200292
MGNT,60,T_DONCH_STOP,trend,"{""n"": 80}",X0,False,-1,15,0.6,5.646026680580562,0.027383521335629914,135.06666666666666,0.4107528187450953,2.605306724913733,4.64194126539059,0.07360724377213046,0.5555555555555556,-0.018583480967208743,0.023122799873817712,0.04563920208278836,0.059682443787933026,-0.07785336947123661,0.1383714945986867,-0.018583480967208743,-0.007702601084019989,-0.0020011679735034704,-0.015768688637763262,0.07979582855477929,0.08123253256781027,0.023122799873817712,0.13228610181249678
SBER,1440,R_BB_LIMIT,meanrev,"{""k"": 2.0, ""n"": 10}",X3,False,0,31,0.7741935483870968,2.7932784092642433,0.007512487843611533,5.096774193548387,0.23288712245266652,2.6008833967320952,4.892631635685493,0.06132401982904412,0.8888888888888888,-0.018266369792399928,0.011105449157184921,0.02587634693918517,0.029210939016152446,-0.012532666424698476,0.08474193362053484,0.04267861880362034,0.055065958469640464,0.005258413992123678,-0.018266369792399928,0.011105449157184921,0.010586793774564285,0.010758391057606786,0.030957933369791135
GMKN,30,V_SQUEEZE,volatility,"{""lb"": 500, ""n"": 20, ""pct"": 0.1}",X5,False,-1,28,0.5714285714285714,3.9089803615610683,0.006814007544916323,16.214285714285715,0.190792211520602,2.5973478917922015,8.620101541277672,0.023326619528234005,0.6666666666666666,-0.014836342073976994,0.012891196645796299,0.02119913461340022,0.03155978839945021,-0.06445351486882983,0.07296861009672284,0.012891196645796299,0.0018938721623271704,-0.00733267143368721,-0.005278607350192033,0.01341096218675375,0.06801708089187741,-0.014836342073976994,0.04905811039498076
SBER,60,R_VOLSPIKE_FADE,meanrev,"{""k"": 5.0, ""z"": 3.0}",X5,False,1,13,0.7692307692307693,6.301891386815962,0.0019282929092278682,9.846153846153847,0.02506780820840504,2.596954228292747,6.055124596322716,0.003916152287274599,0.5555555555555556,-0.0015678710769861937,0.0020369976336951368,0.0027853120231561158,0.0037708923463766713,-0.07814262636753556,0.0,0.0038592770506511442,-0.0013478512410074472,-0.0015678710769861937,0.0,0.004552667960524559,0.0020369976336951368,0.008661567058879882,0.008873020822647959
SBER,60,R_VOLSPIKE_FADE,meanrev,"{""k"": 5.0, ""z"": 3.0}",X2,False,1,13,0.7692307692307693,6.301891386815962,0.0019282929092278682,9.846153846153847,0.02506780820840504,2.596954228292747,6.055124596322716,0.003916152287274599,0.5555555555555556,-0.0015678710769861937,0.0020369976336951368,0.0027853120231561158,0.0037708923463766713,-0.07814262636753556,0.0,0.0038592770506511442,-0.0013478512410074472,-0.0015678710769861937,0.0,0.004552667960524559,0.0020369976336951368,0.008661567058879882,0.008873020822647959
SBER,60,R_VOLSPIKE_FADE,meanrev,"{""k"": 5.0, ""z"": 3.0}",X0,False,1,13,0.7692307692307693,6.301891386815962,0.0019282929092278682,9.846153846153847,0.02506780820840504,2.596954228292747,6.055124596322716,0.003916152287274599,0.5555555555555556,-0.0015678710769861937,0.0020369976336951368,0.0027853120231561158,0.0037708923463766713,-0.07814262636753556,0.0,0.0038592770506511442,-0.0013478512410074472,-0.0015678710769861937,0.0,0.004552667960524559,0.0020369976336951368,0.008661567058879882,0.008873020822647959
ROSN,15,R_EXTREME,meanrev,"{""m"": 5, ""z"": 4.0}",X4,False,0,30,0.7,3.2350892231897364,0.004905271547246298,9.166666666666666,0.1471581469522789,2.5958220093026365,6.887615592670196,0.01805215678177774,0.8888888888888888,-0.0062335096299648285,0.011524655390530825,0.01635090521691988,0.01793453429779057,0.003807443818090315,0.021837882231920958,0.011524655390530825,-0.0062335096299648285,0.003625554731115699,0.0006949506932869554,0.02856733649969101,0.04916795389726758,0.0004902493674308062,0.03748307377099991
MGNT,30,T_MTF,trend,"{""k"": 8, ""n"": 40}",X2,False,0,23,0.21739130434782608,4.214709599955078,0.015811464861922375,146.1304347826087,0.36366369340976235,2.5901314880601123,4.880120414756266,0.10429556133749429,0.4444444444444444,-0.03463205056323204,0.0,0.04040707704552915,0.06606248053735489,-0.1231593096426041,0.0,0.0,0.0,0.047319797333329916,-0.019174351473338902,-0.03463205056323204,0.14979887154186144,0.0686451614019461,0.15170626516919583
LKOH,30,V_SQUEEZE,volatility,"{""lb"": 500, ""n"": 50, ""pct"": 0.2}",X4,False,1,15,0.6,5.4446341302389865,0.01068925790708978,23.533333333333335,0.16033886827062815,2.586002809769706,9.389938214788247,0.01845215237699449,0.4444444444444444,-0.011391621083021164,0.0,0.017815429807847574,0.029255575472803275,-0.1200159463086117,0.062647202052176,0.0,0.06021109642460942,0.010351871373131871,-0.011072149500250816,0.05144807626493275,-0.0017362295184284449,-0.00011937774252146482,-0.011391621083021164
MGNT,60,T_EMA_X,trend,"{""f"": 50, ""s"": 100}",X0,False,0,17,0.5294117647058824,4.314942610449346,0.030249090602131344,209.76470588235293,0.5142345470958389,2.5803165404511685,4.22851816130187,0.16974997913348489,0.7777777777777778,-0.024387875135289505,0.061711586196906865,0.05713717189953766,0.058317000733744004,-0.00797449563782806,0.06770444981520995,-0.024387875135289505,-0.012549622799269855,0.061711586196906865,0.008102800813503563,0.050190394744277,0.14515123231103644,0.06815760509925894,0.15015397605020553
PLZL,15,R_EXTREME,meanrev,"{""m"": 10, ""z"": 3.0}",X0,False,1,28,0.7857142857142857,2.994868993415998,0.003885706245084989,9.5,0.1087997731519863,2.5798608716249936,4.598646702860959,0.02772819297388196,0.7777777777777778,-0.020164434565231204,0.012764412676915526,0.012088863683554033,0.014342049643597745,-0.0480097117433529,0.03144724550656974,0.0,0.012764412676915526,0.022270717890933156,0.010226226411759853,0.01918360684067011,-0.020164434565231204,0.009731540223583579,0.023340458166785538
ALRS,60,V_REGIME_TREND,volatility,"{""hi"": 1, ""n"": 20}",X1,False,-1,15,0.4,5.391430471189072,0.027427177162622052,107.53333333333333,0.4114076581226982,2.5756696275843387,4.842559704205853,0.07908099629821663,0.4444444444444444,-0.028218025332535035,0.0,0.04571196201363313,0.0710045378048254,-0.11977087430494543,0.0,0.0,-0.028218025332535035,-0.01945331078604795,-0.027913634839933366,0.09394234250066802,0.166393440682441,0.11710914794821292,0.10954769794989261
AFLT,30,U_SIGNED_VOL,volume,"{""fade"": 1, ""n"": 100, ""thr"": 0.2}",X2,False,-1,22,0.7272727272727273,2.867998972600127,0.010442317686486432,50.0,0.22973099548835307,2.568877990149118,4.636115251146508,0.05649703834205866,0.6666666666666666,-0.027010640129446983,0.02800606144592166,0.025525666165372565,0.04359877101170303,-0.06883274813507091,-0.027010640129446983,-0.007018003612756729,0.040859806758817285,0.02800606144592166,0.004066130146384239,0.04007821925915778,0.04759745347837452,-0.020986206305678934,0.12413817444758024
ALRS,30,M_TSMOM,momentum,"{""n"": 200, ""z"": 0.5}",X1,False,-1,11,0.09090909090909091,6.388371932732002,0.036970036399195334,435.72727272727275,0.40667040685366374,2.5685434495514854,4.102816194838642,0.11231328352005221,0.6666666666666666,-0.040661977749550715,0.02399672835599631,0.045185600761518195,0.06797560392795901,-0.07093582325445023,-0.004237471235683188,-0.033122847438789904,0.002550448407419026,-0.040661977749550715,0.02399672835599631,0.1440698528313078,0.14770797942765057,0.0931360655813478,0.07323162867396604
PLZL,60,V_SQUEEZE,volatility,"{""lb"": 500, ""n"": 20, ""pct"": 0.1}",X2,False,0,27,0.5555555555555556,3.600432197363238,0.011105542522593801,21.962962962962962,0.2998496502696071,2.5685428907985552,7.084171762241652,0.0510202303994447,0.6666666666666666,-0.01832650788128376,0.025190530810505152,0.03331662780773412,0.03714181289947098,-0.04587113394015017,0.0,-0.006244006101042032,0.02052965175244026,0.08776384347584099,0.07438925746828318,0.0365146710537374,0.0800322096911259,0.025190530810505152,-0.01832650788128376
LKOH,30,V_SQUEEZE,volatility,"{""lb"": 200, ""n"": 50, ""pct"": 0.1}",X4,False,1,12,0.6666666666666666,5.527618217116206,0.010726463844545746,21.583333333333332,0.1287175667239353,2.567007495319619,8.200321740308489,0.023330760188400745,0.4444444444444444,-0.01337286364287138,0.0,0.014301951858215034,0.026225514311467895,-0.1248246919304902,0.062647202052176,0.0,0.06021109642460942,0.00440179742872715,-0.01337286364287138,-0.0017688523512333632,0.0,-0.00011937774252146482,0.016718564555048943
PLZL,60,V_SQUEEZE,volatility,"{""lb"": 500, ""n"": 20, ""pct"": 0.1}",X0,False,0,27,0.5555555555555556,3.6232766045468647,0.011132468572565382,22.11111111111111,0.3005766518472228,2.566762290810105,6.935138531569131,0.04413420637138188,0.6666666666666666,-0.012403028551489115,0.023906805086880922,0.03339740576080254,0.036797110421074926,-0.04187654640365425,0.0,-0.012403028551489115,0.02052965175244026,0.08776384347584099,0.07438925746828318,0.0365146710537374,0.0800322096911259,0.023906805086880922,-0.01015675812959671
SBER,60,R_BB,meanrev,"{""k"": 3.0, ""n"": 100}",X3,False,-1,14,0.7142857142857143,3.7881998822910106,0.0048691624558021415,16.285714285714285,0.06816827392322011,2.5647069785245518,6.248326255243066,0.009388699196279049,0.7777777777777778,-0.00525953431497328,0.007048410130664706,0.007574252658135568,0.008795172334023028,-0.02462270835510053,0.007048410130664706,0.02845445228740573,0.007499080616980791,0.008903357782401145,0.0,0.006178569165058434,0.0035414928570389748,-0.00525953431497328,0.011802445398643613
PLZL,60,T_SUPERTREND,trend,"{""m"": 3.0, ""n"": 10}",X5,False,1,43,0.7209302325581395,2.5233685316223426,0.006306150510413785,21.0,0.27116447196749505,2.5635267313535834,4.8384830888974,0.055543605238199234,0.7777777777777778,-0.03924946393817663,0.037193419702816755,0.030129385774166115,0.04054019397038949,-0.04295055681451519,0.03645815316122025,0.04240546069922857,0.018149553900002502,0.09615500635118224,0.03899932373315096,-0.03924946393817663,0.0703837054898031,0.037193419702816755,-0.029330687131732702
ALRS,60,U_SIGNED_VOL,volume,"{""fade"": 0, ""n"": 30, ""thr"": 0.2}",X5,False,-1,78,0.46153846153846156,1.9269091177398183,0.004169883157200862,15.833333333333334,0.3252508779414711,2.561834117696105,5.253825057379619,0.10797537234611809,0.6666666666666666,-0.05011055967770517,0.014580192480934784,0.03613898643794124,0.06705103004714316,-0.08436250510471355,-0.015368756605312228,-0.05011055967770517,0.001058019232004881,-0.011729629128240049,0.014580192480934784,0.05628821533264272,0.13517001451691613,0.03212435427121818,0.16323902751901187
ALRS,30,V_REGIME_TREND,volatility,"{""hi"": 1, ""n"": 50}",X2,False,-1,15,0.4,4.84242561056411,0.027740803382934366,229.33333333333334,0.41611204586843087,2.5612070647186322,4.701999737281862,0.08714872269774787,0.5555555555555556,-0.033416835707612336,0.010478917974978685,0.046234671763158985,0.06947004213215031,-0.0947445698100308,0.0,-0.024194028694182634,-0.033416835707612336,-0.015888354129856452,0.010478917974978685,0.12797998130554333,0.16081331064924598,0.08387734266580082,0.10646171180451347
MGNT,30,V_REGIME_TREND,volatility,"{""hi"": 0, ""n"": 50}",X0,False,-1,14,0.42857142857142855,5.82292600014979,0.02612623876509291,273.0,0.36576733592664823,2.556192242360754,4.773793604556746,0.06067941046785563,0.5555555555555556,-0.035770283662714064,0.014560147188603878,0.040640815102960914,0.06299307241795911,-0.09592350080081175,0.0,-0.035770283662714064,0.014560147188603878,-0.027348601957783103,-0.0034977374598383904,0.06736376893240958,0.14658212783979252,0.07437778683379292,0.12950012821238488
GMKN,30,V_SQUEEZE,volatility,"{""lb"": 200, ""n"": 20, ""pct"": 0.1}",X5,False,-1,36,0.5277777777777778,3.0813092286430694,0.005390973944961034,15.083333333333334,0.194075061896001,2.5558217741056053,8.042339761123552,0.042723116450360976,0.6666666666666666,-0.022579406839213334,0.01341096218675375,0.02156389576622233,0.03496875871980508,-0.07387494171436688,0.08849162934347987,0.020707586780190468,-0.005110414465889335,-0.013139422982931137,-0.022579406839213334,0.01341096218675375,0.06801708089187741,0.007377552334219217,0.036899494647514075
PLZL,30,T_EMA_X,trend,"{""f"": 20, ""s"": 200}",X5,False,-1,24,0.5833333333333334,5.6254161249618555,0.006778796276335771,21.0,0.16269111061410513,2.553541553059612,8.242591044274436,0.021389098939835094,0.7777777777777778,-0.008098982507362962,0.008400292485021055,0.018076790068233903,0.021152865600358083,-0.02911594869456677,0.025197098846547306,-0.0023966379230841994,-0.008098982507362962,0.03267585708817933,0.03144595306366682,0.006626537186093628,0.06375578853476327,0.005085203840280883,0.008400292485021055
MGNT,60,T_EMA_X,trend,"{""f"": 10, ""s"": 400}",X1,False,-1,12,0.08333333333333333,4.062215843886785,0.025757153803697263,154.33333333333334,0.309085844506626,2.5532378336435535,4.46386892435636,0.10093535734631587,0.4444444444444444,-0.03784924349747598,-0.0037138336338102818,0.034342871611847334,0.06295455850684692,-0.13336864474842958,-0.0037138336338102818,-0.019434587098658085,-0.012700419363682158,-0.017276777187362313,-0.03784924349747598,0.07357698789564893,0.14303272479446605,0.06621600882499479,0.11723498377250507
ALRS,60,V_REGIME_TREND,volatility,"{""hi"": 0, ""n"": 20}",X0,False,-1,12,0.5,5.416644285832777,0.02697180880383024,132.33333333333334,0.32366170550812967,2.5531656230680317,4.258562172382188,0.06305694091133773,0.3333333333333333,-0.04035479674348608,0.0,0.03596241172312552,0.071289935878411,-0.15342468922966873,0.0,0.0,-0.04035479674348608,-0.011516913480591029,-0.0072143328143283725,0.12535751448012888,0.1608557808212936,0.1165248841571156,-0.01999043091200292
ALRS,60,T_KELTNER,trend,"{""k"": 3.0, ""n"": 100}",X0,False,-1,19,0.5789473684210527,5.2009830690985845,0.0221649627601114,99.63157894736842,0.421134285221342,2.5497820604168075,4.596564227652182,0.08778821260784753,0.6666666666666666,-0.021213049563812092,0.025319267064332962,0.04679269835792689,0.06027575637111408,-0.05520078896825813,0.025319267064332962,0.0026072622276842594,-0.018240107514429837,-0.021213049563812092,-0.004517602093983442,0.0909220328903757,0.152375060133636,0.11529236054047942,0.07858906153705902
MGNT,30,V_REGIME_TREND,volatility,"{""hi"": 1, ""n"": 100}",X1,False,-1,13,0.07692307692307693,3.9753849295569537,0.021496185180027234,192.84615384615384,0.2794504033518024,2.5489266004315168,4.98245934729518,0.09392075869254768,0.3333333333333333,-0.031222020043060184,-0.008147509768605232,0.03105004481686693,0.06338698753390838,-0.15526965393617628,0.0,-0.008249999955296516,-0.00947759859263897,-0.008147509768605232,-0.031222020043060184,-0.010234857443720102,0.1519255856401287,0.07033289840910584,0.12452390510588884
ALRS,60,V_REGIME_TREND,volatility,"{""hi"": 1, ""n"": 50}",X3,False,0,23,0.6086956521739131,3.0800010046653217,0.008315637319365818,12.347826086956522,0.19125965744024143,2.5359965702661107,7.1332975261743465,0.02284242829773575,0.4444444444444444,-0.007672383275348693,0.0,0.021251073048915714,0.0401773716442906,-0.1167343234623542,0.0,0.0,-0.007672383275348693,0.040943839063402265,-0.0070860241539776325,-0.0018440135172568262,0.0037149880081415176,0.0399354740511626,0.1232677772641182
ALRS,60,U_SIGNED_VOL,volume,"{""fade"": 1, ""n"": 30, ""thr"": 0.4}",X5,False,-1,13,0.7692307692307693,6.185677835951289,0.009313296445446404,16.615384615384617,0.12107285612728447,2.531882742279323,6.999946707274807,0.022739629028365016,0.7777777777777778,0.0,0.0035234736278653145,0.013452539569698274,0.015452216607151271,-0.020214367069688453,0.03232734196353704,0.003502249950543046,0.0016986229456961155,0.0035234736278653145,0.007782735396176577,0.0,0.0,0.04031962528824806,0.031918806955218315
AFLT,30,U_SIGNED_VOL,volume,"{""fade"": 1, ""n"": 100, ""thr"": 0.2}",X5,False,-1,29,0.7241379310344828,3.3285856497529402,0.005736165368492084,20.413793103448278,0.16634879480989184,2.529946560274752,4.592804659943345,0.03213360160589218,0.8888888888888888,-0.007261060178279877,0.02153628144878894,0.018483199423321314,0.013824640516981143,0.042523422750762284,-0.007261060178279877,0.0149305728264153,0.02850411826511845,0.02800606144592166,0.0007412941195070744,0.012528429739177227,0.03768523223698139,0.029677864906261675,0.02153628144878894
ALRS,60,T_DONCH_STOP,trend,"{""n"": 40}",X2,False,-1,32,0.4375,2.963319212010072,0.013588064838863809,61.625,0.4348180878732819,2.5293902315957446,4.7551940568382784,0.08006423967890441,0.6666666666666666,-0.013027818873524666,0.016928802826441824,0.0483131208748091,0.06100797679432603,-0.05390999455377852,0.016928802826441824,-0.013027818873524666,-0.012691639887634665,0.007835421478375793,-0.012030585203319788,0.10241770051652566,0.1293525945802685,0.06848882237682119,0.14754479005932808
PLZL,15,R_EXTREME,meanrev,"{""m"": 10, ""z"": 3.0}",X5,False,1,28,0.7857142857142857,2.936535851593859,0.003847012956184229,9.142857142857142,0.10771636187564582,2.5284839071244654,4.415414566766032,0.028811604250222445,0.7777777777777778,-0.02124784584157169,0.012764412676915526,0.011968484652849535,0.01461422452366573,-0.05108597355309646,0.03144724550656974,0.0,0.012764412676915526,0.022270717890933156,0.010226226411759853,0.01918360684067011,-0.02124784584157169,0.009731540223583579,0.023340458166785538
LKOH,30,T_EMA_X,trend,"{""f"": 10, ""s"": 50}",X5,False,-1,67,0.6119402985074627,2.203285100883746,0.003008360449318465,21.0,0.20156015097018098,2.5224657255030376,4.96795552466019,0.05738751275930554,0.6666666666666666,-0.026836201781407,0.0013159469235688448,0.02239557233002011,0.04742626531579706,-0.08962820045719717,0.12044794415123761,-0.026836201781407,-0.021420269389636815,0.0261311573558487,0.00025589457800379023,0.0013159469235688448,-0.02106070186709985,0.047018788172863424,0.07570759282680228
PLZL,15,R_EXTREME,meanrev,"{""m"": 5, ""z"": 3.0}",X5,False,1,37,0.7027027027027027,2.743005701829035,0.002760650737938627,10.08108108108108,0.10214407683815807,2.5219366706887385,4.673796889112112,0.030302818166092038,0.8888888888888888,-0.01805203570984304,0.011687404126860201,0.011349341870906452,0.012010740648319059,-0.021573327977140004,0.01781480247154832,0.00816221535205841,0.013427385536488146,0.029263362288475037,0.010226226411759853,0.018769569520372897,-0.01805203570984304,0.010845146840438247,0.011687404126860201
MGNT,60,T_MTF,trend,"{""k"": 4, ""n"": 40}",X1,False,0,24,0.2916666666666667,4.022659389201672,0.016368320594509392,89.33333333333333,0.39283969582174905,2.5151771559046776,4.663943388679478,0.10610492585692555,0.5555555555555556,-0.03400160151068121,0.015270359814167023,0.04364885509130545,0.06462092192483626,-0.09202863222875544,0.0,-0.007646052137715742,-0.012628065538592637,0.06554331420920789,-0.03400160151068121,0.015270359814167023,0.1450155763886869,0.0699409618973732,0.15134520269930363
ALRS,1440,T_DONCH,trend,"{""n"": 10}",X3,False,-1,10,0.7,4.828821418554847,0.03704684879565272,9.5,0.37046849014950567,2.5126342443818985,4.249519486160347,0.09750257479026914,0.6666666666666666,-0.023336971818935126,0.015163238742388785,0.041163165572167294,0.0593781800971639,-0.06417948349983382,8.746981620788574e-06,-0.016564715246204287,0.0,-0.023336971818935126,0.015163238742388785,0.10579140391200781,0.16182401776313782,0.0781984468922019,0.04938432292328798
AFLT,1440,R_RSI,meanrev,"{""lo"": 20, ""n"": 2}",X1,False,-1,14,0.9285714285714286,5.646454499105877,0.01545385919834125,3.2857142857142856,0.21635403571417555,2.5095861030833873,5.470456970463344,0.054979964275844395,0.8888888888888888,0.0,0.02022690838202834,0.02403933730157506,0.0191559397646465,0.04192190725457947,0.04492195707280189,0.0044516673078760505,0.03193864366039634,0.02022690838202834,0.00919749797321856,0.0,0.06264343846123666,0.014262690849136561,0.028711232007481158
AFLT,1440,R_RSI,meanrev,"{""lo"": 20, ""n"": 2}",X3,False,-1,14,0.9285714285714286,5.646454499105877,0.01545385919834125,3.2857142857142856,0.21635403571417555,2.5095861030833873,5.470456970463344,0.054979964275844395,0.8888888888888888,0.0,0.02022690838202834,0.02403933730157506,0.0191559397646465,0.04192190725457947,0.04492195707280189,0.0044516673078760505,0.03193864366039634,0.02022690838202834,0.00919749797321856,0.0,0.06264343846123666,0.014262690849136561,0.028711232007481158
LKOH,60,T_PRICE_MA,trend,"{""band"": 0.5, ""n"": 100}",X3,False,-1,56,0.4642857142857143,1.9088474861896467,0.0030087965218092458,12.339285714285714,0.16849260541494004,2.5067423452490916,4.691778912734051,0.0352249361021677,0.7777777777777778,-0.006386631343048066,0.009151484569883905,0.018721400601660006,0.030313695612106256,-0.03817994558330834,0.09808348957449198,0.014531766064465046,0.0007244721637107432,0.0025963247753679752,0.009151484569883905,-0.0039541632431792095,-0.006386631343048066,0.026034211739897728,0.027711651113349944
AFLT,30,U_SIGNED_VOL,volume,"{""fade"": 1, ""n"": 100, ""thr"": 0.2}",X1,False,-1,25,0.56,2.7112308644993965,0.007895716478406667,38.72,0.19739291648147628,2.5048885826929452,5.682871144726483,0.03585826978087425,0.6666666666666666,-0.015644173487089574,0.0009271185845136642,0.021932546275719587,0.0411357545631434,-0.07659560049779138,-0.003799893893301487,0.0009271185845136642,-0.00012935983249917626,0.0001592477783560753,0.004066130146384239,0.04007821925915778,0.04759745347837452,-0.015644173487089574,0.12413817444758024
TATN,60,V_NR_BREAK,volatility,"{""n"": 14}",X5,False,-1,43,0.5813953488372093,2.82538456122646,0.008610257268050824,20.953488372093023,0.37024105824821163,2.504800399902898,7.070999563774559,0.07293257096171146,0.6666666666666666,-0.043593885231530294,0.028050501823599916,0.041137895360912405,0.07249329399039514,-0.07503568697880522,0.09538701450219378,0.028050501823599916,0.03584061529545579,-0.001939740963280201,0.010060543689178303,-0.03774799674283713,0.08065999067184748,-0.043593885231530294,0.20352401520358399
ALRS,30,T_DONCH_STOP,trend,"{""n"": 80}",X0,False,-1,32,0.4375,2.659225375766581,0.013558755911230885,123.40625,0.4338801921403501,2.502817364334424,4.653408708113723,0.11271281592780724,0.6666666666666666,-0.04881618852959946,0.034856318263337016,0.04820891023781668,0.07083901342455813,-0.06947499649238835,0.034856318263337016,-0.04881618852959946,-0.016530503111425787,0.005844255181727931,-0.022747600451111794,0.12276777616352774,0.12425031684688292,0.07406068179989234,0.1601951359771192
ALRS,60,M_TSMOM,momentum,"{""n"": 200, ""z"": 0.5}",X1,False,-1,13,0.07692307692307693,4.100391162693698,0.028013685741098235,171.6153846153846,0.3641779126628535,2.498476220661414,4.008723134860261,0.15352675868416554,0.5555555555555556,-0.045340178126934916,0.01491433207411319,0.04046421251809483,0.07182243010393688,-0.10476648740488614,-0.045340178126934916,-0.024376376997679472,0.0,-0.039610302566870814,0.01491433207411319,0.14420975907705724,0.147851423593238,0.09322651039110497,0.0733027452188253
ROSN,60,R_BB,meanrev,"{""k"": 1.5, ""n"": 20}",X1,False,-1,109,0.5963302752293578,1.7639409820481888,0.0028295757464142533,7.073394495412844,0.3084237518382906,2.4980532213610784,6.028483637746226,0.04508938125218265,0.6666666666666666,-0.018156382895540446,0.0245024724281393,0.03426930575981007,0.05208057483876001,-0.05920605637950696,0.0245024724281393,-0.013711541250813752,-0.018156382895540446,0.03027159396560819,0.010201747994869947,0.03407029915251769,0.1555631379596889,-0.0008111267816275358,0.08649355126544833
ALRS,60,M_ROC_VOTE,momentum,"{""base"": 40, ""need"": 4}",X2,False,-1,25,0.48,4.454605340131705,0.015766116004970732,71.44,0.39415290020588145,2.4968923588405576,4.538082224023457,0.1126127693860326,0.6666666666666666,-0.028920835989993066,0.007285085244802758,0.04379476668954238,0.06625522514285719,-0.07224426092932654,0.007285085244802758,0.0018129447707906365,-0.008224880555644631,-0.028920835989993066,-0.028015849617077038,0.08188844472169876,0.16789896541740745,0.09559713769704103,0.10483188851685554
ALRS,30,M_TSMOM,momentum,"{""n"": 200, ""z"": 0.0}",X1,False,-1,20,0.05,3.5818872640775967,0.018090137550439485,261.3,0.3618027436823468,2.496546078829852,4.106848863366992,0.1323180796171073,0.6666666666666666,-0.07615561905549839,0.025658969418145716,0.040200304853594084,0.07053291592652727,-0.08948014722791732,-0.011946938000619411,-0.07615561905549839,-0.018705376744037494,0.002332631149329245,0.025658969418145716,0.13855842920020223,0.14205738459713757,0.08957312803249806,0.07043013508518925
ALRS,30,V_RANGE_EXP,volatility,"{""fade"": 1, ""k"": 3.0}",X1,False,-1,19,0.05263157894736842,3.6408055580292187,0.019428090400820924,259.63157894736844,0.36913371957871277,2.4956818838238095,4.200735651577508,0.15184805169701576,0.6666666666666666,-0.05916644213721156,0.02529898751527071,0.041014857730968086,0.06707664434668809,-0.08141077421743304,-0.05916644213721156,-0.014145115856081247,-0.019591062737163156,0.0022999085049377754,0.02529898751527071,0.13661453596432693,0.14006439736112952,0.0883164675324224,0.0694420434310814
MGNT,60,U_BAR_PRESSURE,volume,"{""n"": 20, ""thr"": 0.7}",X0,False,-1,12,0.5833333333333334,5.901913608833451,0.010720033182515576,25.0,0.1286403964531928,2.493308787436739,8.318925977948783,0.019734987057745457,0.3333333333333333,-0.011674819979816675,0.0,0.01429337738368809,0.024934023210896984,-0.1453125815452728,0.0,-0.005990135648971773,0.0,-0.011674819979816675,0.0,0.05264279106631875,0.03961078576321597,0.05405177525244653,0.0
MGNT,60,U_BAR_PRESSURE,volume,"{""n"": 20, ""thr"": 0.7}",X2,False,-1,12,0.5833333333333334,5.901913608833451,0.010720033182515576,25.0,0.1286403964531928,2.493308787436739,8.318925977948783,0.019734987057745457,0.3333333333333333,-0.011674819979816675,0.0,0.01429337738368809,0.024934023210896984,-0.1453125815452728,0.0,-0.005990135648971773,0.0,-0.011674819979816675,0.0,0.05264279106631875,0.03961078576321597,0.05405177525244653,0.0
LKOH,60,M_TSMOM,momentum,"{""n"": 200, ""z"": 0.5}",X4,False,0,45,0.4666666666666667,2.804438490874349,0.007241456307614547,24.822222222222223,0.32586553130386164,2.493279015484538,7.635660239695434,0.0769570508855395,0.6666666666666666,-0.04972960992017761,0.021706642852223013,0.03620728125598463,0.05750581710234617,-0.07975916189691672,0.12737855198793113,0.013530153315514326,0.08103466946340632,0.021706642852223013,-0.015604070678818971,0.11594699881970882,-0.011173356440849602,-0.04972960992017761,0.042775551904924214
ALRS,60,T_KELTNER,trend,"{""k"": 3.0, ""n"": 100}",X2,False,-1,20,0.55,4.788186818562839,0.02062459465219252,94.45,0.4124918870511465,2.4931800738709406,4.484526450826716,0.09068463605944999,0.6666666666666666,-0.021213049563812092,0.010287361801601946,0.04583243189457183,0.06034300497763771,-0.06167653495930586,0.010287361801601946,0.0026072622276842594,-0.011850600421894342,-0.021213049563812092,-0.004517602093983442,0.0909220328903757,0.152375060133636,0.11529236054047942,0.07858906153705902
MGNT,60,T_PRICE_MA,trend,"{""band"": 0.0, ""n"": 400}",X2,False,-1,25,0.12,3.5410147887536394,0.014235624542161823,81.88,0.3558906250691507,2.4891844021278673,4.096862166018956,0.19801471999380738,0.5555555555555556,-0.04492597666103393,0.055876491125673056,0.03954340278546119,0.06590552340919868,-0.0891026316187653,0.08192789135500789,-0.04492597666103393,-0.005938659538514912,-0.019505500909872353,-0.04075857647694647,0.055876491125673056,0.14422928169369698,0.06676994785084389,0.11821572663029656
AFLT,1440,V_RANGE_EXP,volatility,"{""fade"": 1, ""k"": 1.5}",X5,False,0,13,0.7692307692307693,7.2080600649604305,0.0431630699714129,10.923076923076923,0.5611199029190175,2.488647256743343,4.81494665991451,0.11516121248132549,0.6666666666666666,-0.04144876293139532,0.011918343778233975,0.06234665587989083,0.12260281337678403,-0.07567388984568263,0.2302181617997121,-0.04144876293139532,-0.011421385748690227,0.021804300500662066,0.011918343778233975,-0.02242617029696703,0.029101803025696427,0.006613933655899018,0.33675967913586646
SBER,1440,R_RSI,meanrev,"{""lo"": 20, ""n"": 3}",X3,False,0,26,0.7307692307692307,3.5269947741414986,0.007311471495268159,3.3846153846153846,0.19009825684770476,2.485547635253988,5.965088423725666,0.03582530994026456,0.7777777777777778,-0.01780172804137692,0.006711357244057581,0.02112202853863386,0.03592436570649952,-0.05255599064177726,0.10683367232559249,0.039853646187111735,0.0027071829535998404,-0.01780172804137692,-0.01318260190600995,0.006711357244057581,0.005168211762793362,0.01827968898578547,0.04152882733615115
SBER,1440,R_RSI,meanrev,"{""lo"": 20, ""n"": 3}",X1,False,0,26,0.7307692307692307,3.5269947741414986,0.007311471495268159,3.3846153846153846,0.19009825684770476,2.485547635253988,5.965088423725666,0.03582530994026456,0.7777777777777778,-0.01780172804137692,0.006711357244057581,0.02112202853863386,0.03592436570649952,-0.05255599064177726,0.10683367232559249,0.039853646187111735,0.0027071829535998404,-0.01780172804137692,-0.01318260190600995,0.006711357244057581,0.005168211762793362,0.01827968898578547,0.04152882733615115
MGNT,30,T_MTF,trend,"{""k"": 8, ""n"": 40}",X0,False,0,22,0.22727272727272727,4.002108588646069,0.016288690383242887,153.9090909090909,0.35835118788236286,2.479976917059204,4.557008965875203,0.10429556133749429,0.4444444444444444,-0.020499347840086557,0.0,0.03981679865359587,0.06448391706497938,-0.1166031957532417,0.0,0.0,0.0,0.028024735860526562,-0.019174351473338902,-0.020499347840086557,0.14963034115498886,0.06866354501107708,0.15170626516919583
ALRS,30,T_PRICE_MA,trend,"{""band"": 0.0, ""n"": 400}",X0,False,-1,54,0.18518518518518517,3.111637697548547,0.008632995308293276,95.64814814814815,0.46618174662398815,2.478909873937979,4.245171008771901,0.14997778632096015,0.5555555555555556,-0.09598461314453743,0.07064416547655128,0.0517979718471098,0.08210061866974384,-0.09895090144849014,0.07064416547655128,-0.09598461314453743,-0.0040771858766674995,-0.01975390873849392,-0.011578782461583614,0.1291412278660573,0.15297663607634604,0.12564860237762332,0.11916560504869267
SBER,1440,R_BB_LIMIT,meanrev,"{""k"": 2.0, ""n"": 10}",X1,False,0,31,0.7741935483870968,2.6936658262284414,0.007095186037455154,5.096774193548387,0.21995076660095947,2.4733633847965244,4.620856952637437,0.06132401982904412,0.8888888888888888,-0.018266369792399928,0.011105449157184921,0.024438974066773273,0.029243785928497756,-0.01502919982833101,0.08474193362053484,0.04267861880362034,0.055065958469640464,0.005258413992123678,-0.018266369792399928,0.011105449157184921,0.010586793774564285,0.010758391057606786,0.018021577518084086
ALRS,60,T_MTF,trend,"{""k"": 4, ""n"": 40}",X2,False,-1,17,0.4117647058823529,5.598957810569954,0.023168231833098546,109.52941176470588,0.39385995088559866,2.472483130940611,4.109839931245089,0.08100437303073704,0.5555555555555556,-0.020344096119515598,0.018132118973881006,0.04376221676506652,0.059558171661624464,-0.08067752007208731,0.0,-0.020344096119515598,-0.006778372568078339,-0.0007420721231028438,0.018132118973881006,0.1349577158689499,0.1533232636284083,0.05856314185075462,0.05674825137430162
PLZL,15,R_EXTREME,meanrev,"{""m"": 3, ""z"": 3.0}",X5,False,1,56,0.6607142857142857,2.2725014759305493,0.0023814203258851765,10.0,0.13335953679052182,2.468895894561541,3.968537816924018,0.05901580076897517,0.8888888888888888,-0.049728182901162654,0.02280910051194951,0.014817726310057979,0.02458389478555086,-0.055697625685717726,0.04249514639377594,0.010366942267864943,0.012043816270306706,0.030905700521543622,0.017557540209963918,0.02280910051194951,-0.049728182901162654,0.023775249253958464,0.023134224262321368
MGNT,60,T_MTF,trend,"{""k"": 8, ""n"": 20}",X2,False,0,21,0.23809523809523808,3.540477748482811,0.01652245372891746,84.04761904761905,0.34697152936132625,2.466058403675017,4.596140503981932,0.09366352902725339,0.4444444444444444,-0.031503959209658206,0.0,0.03855239215125847,0.06520748218345422,-0.1227464949729185,0.0,0.0,0.0,0.02990560489706695,-0.01683461933862418,-0.031503959209658206,0.14979887154186144,0.06426042877137661,0.15134520269930363
ALRS,60,T_HMA,trend,"{""n"": 64}",X3,False,-1,65,0.5230769230769231,1.752251046770196,0.003930086524499189,14.661538461538461,0.2554556234681513,2.4654036032591633,4.191967814342652,0.09079230987117626,0.8888888888888888,-0.061366996756987646,0.030628150328993797,0.028383958163127925,0.039531231789515356,-0.03938540627514936,0.024406960350461304,-0.061366996756987646,0.030628150328993797,0.004502604831941426,0.03727516083745286,0.042152466194238514,0.022412791498936713,0.08879576728213578,0.06664871890097857
ALRS,15,V_RANGE_EXP,volatility,"{""fade"": 1, ""k"": 1.5}",X1,False,-1,13,0.07692307692307693,7.346416181959932,0.03381850812037204,1037.1538461538462,0.43964060730013443,2.4643556282392227,3.792042897382304,0.16082351130899042,0.7777777777777778,-0.08011994167463854,0.0694420434310814,0.0488489563666816,0.06802966574846628,-0.04506503861684147,0.07066022286744555,-0.012936014201841317,-0.08011994167463854,0.0022999085049377754,0.02529898751527071,0.13661453596432693,0.14006439736112952,0.0883164675324224,0.0694420434310814
PLZL,15,R_EXTREME,meanrev,"{""m"": 10, ""z"": 3.0}",X4,False,1,30,0.7666666666666667,2.3929666004030166,0.003172167349419226,6.666666666666667,0.09516501997131854,2.463967997000321,5.006566021308721,0.02814978687092662,0.7777777777777778,-0.011170706013217568,0.010226226411759853,0.010573891107924283,0.012460387174796079,-0.033889924244247464,0.02763785608112812,0.0,0.012764412676915526,0.018662527669221163,0.010226226411759853,0.029222226236015558,-0.011170706013217568,0.001204757485538721,0.006617719423957169
PLZL,60,T_KELTNER,trend,"{""k"": 3.0, ""n"": 100}",X3,False,-1,29,0.5862068965517241,2.5393267037143077,0.007712680463724129,9.310344827586206,0.22366773383691907,2.46177183699561,5.926783639132189,0.044562807655893266,0.7777777777777778,-0.013082904275506735,0.028253482654690742,0.02485197042632434,0.02331322668236348,-0.0029937467193979495,0.030646950122900307,-0.013082904275506735,0.0,0.028253482654690742,0.017350079491734505,0.049579649697989225,0.03623440081719309,0.008356990292668343,0.06632908503524959
ROSN,30,R_EXTREME,meanrev,"{""m"": 3, ""z"": 4.0}",X1,False,-1,16,0.8125,5.942468774039253,0.008010777866846557,8.8125,0.12817244419420604,2.4595592411893703,9.596928160288709,0.016066941432654858,0.6666666666666666,-0.016066941432654858,0.005836032098159194,0.014241382688245116,0.021298879783139945,-0.07443404133378714,0.007956481786095537,-0.016066941432654858,0.0,0.004418088588863611,0.005836032098159194,0.05294797057285905,0.041981554590165615,0.0,0.031099257990717888
PLZL,60,T_KELTNER,trend,"{""k"": 3.0, ""n"": 100}",X4,False,-1,27,0.6666666666666666,3.622212478295275,0.01041162196947064,23.14814814814815,0.28111378735047765,2.4591292896350616,5.959782829687037,0.04807425430044532,0.6666666666666666,-0.004324631299823523,0.015793271362781525,0.031234865261164185,0.03761308140926492,-0.04367073013013057,-0.004324631299823523,-0.003448524046689272,0.0,0.015793271362781525,0.05058937496505678,0.10997767225489952,0.07415535452309996,0.006077295634895563,0.032293973956257105
PLZL,15,R_EXTREME,meanrev,"{""m"": 5, ""z"": 3.0}",X0,False,1,37,0.7027027027027027,2.672595175533042,0.002718923746931319,10.324324324324325,0.10060017777141184,2.4581479597304927,4.451062351227641,0.03184671723283827,0.8888888888888888,-0.019595934776589274,0.011687404126860201,0.011177797530156871,0.012433044296404955,-0.026928696362012117,0.01781480247154832,0.00816221535205841,0.013427385536488146,0.029263362288475037,0.010226226411759853,0.018769569520372897,-0.019595934776589274,0.010845146840438247,0.011687404126860201
LKOH,30,T_SUPERTREND,trend,"{""m"": 4.0, ""n"": 20}",X4,False,0,109,0.4954128440366973,1.8823613343668009,0.002786730207500959,22.045871559633028,0.3037535907333222,2.458011000721884,5.6584619341674305,0.06408391642617062,0.6666666666666666,-0.03549684543395415,0.03493834874825552,0.03375039897036913,0.04811047611761963,-0.06334510918135637,0.13443725064280443,0.0514656507584732,0.041595597635023296,-0.006923116190591827,-0.013558943321186234,0.0729929928202182,-0.03549684543395415,0.03493834874825552,0.024302655074279755
ALRS,15,T_DONCH_STOP,trend,"{""n"": 160}",X0,False,-1,32,0.4375,2.6618470452027676,0.013357153733885022,237.0,0.42742892141359334,2.457074288364372,4.564203656826516,0.10824778397545742,0.6666666666666666,-0.04703761987366306,0.04222100606421009,0.04749210237928815,0.0689862136235107,-0.06513080352058123,0.04924368346109986,-0.04703761987366306,-0.019383639621082693,0.006082351057557389,-0.009823329513892531,0.12252600575448014,0.11972271240665577,0.04222100606421009,0.16387775167822838
ALRS,60,T_DONCH_STOP,trend,"{""n"": 160}",X2,False,-1,10,0.4,6.030013709446679,0.04071784690418549,224.9,0.40717846859479323,2.4568891832023056,3.9826769173904477,0.09660097461892292,0.6666666666666666,-0.034953398193465546,0.034477504930691794,0.04524205206608814,0.06267763654417012,-0.06091896909972849,0.034477504930691794,-0.034953398193465546,-0.003162793756928295,-0.020026014681207016,0.015644813945982605,0.14530332572758198,0.14897260256111622,0.05357964907307178,0.06734277898794971
GAZP,60,T_HMA,trend,"{""n"": 256}",X5,False,1,27,0.5925925925925926,3.516878828260566,0.007574726888781035,21.0,0.204517627164023,2.4567551381193953,6.308067998118694,0.042933802818879485,0.7777777777777778,-0.030329975998029113,0.010538829956203699,0.022724180796002556,0.034123981656032386,-0.055585260986139806,0.08398536418098956,0.04300111881457269,0.002065276261419058,0.010538829956203699,0.007675384666072205,0.069241265184246,0.0,0.01834036409854889,-0.030329975998029113
MGNT,60,T_MTF,trend,"{""k"": 4, ""n"": 40}",X2,False,0,21,0.3333333333333333,3.989461327356944,0.018246646719039365,104.76190476190476,0.3831795841542771,2.456006135406397,4.547902848784493,0.10856024594977498,0.5555555555555556,-0.04560260032303631,0.02441603853367269,0.04257550935047524,0.06655293091969819,-0.09596175901226163,0.0,-0.014704392262501642,-0.012774516988429241,0.06554331420920789,-0.04560260032303631,0.02441603853367269,0.1450155763886869,0.0699409618973732,0.15134520269930363
ROSN,30,R_EXTREME,meanrev,"{""m"": 3, ""z"": 4.0}",X3,False,-1,16,0.8125,6.0231807701119005,0.008141596269812278,8.3125,0.130265537663945,2.4550171019966935,9.753648801672577,0.016066941432654858,0.6666666666666666,-0.016066941432654858,0.005836032098159194,0.014473948629327223,0.021316700525734825,-0.07390294606132006,0.007956481786095537,-0.016066941432654858,0.0,0.004418088588863611,0.005836032098159194,0.051054919604212046,0.041981554590165615,0.0,0.03508540242910385
ALRS,1440,T_DONCH,trend,"{""n"": 20}",X3,False,-1,10,0.7,3.9611782182824,0.034704169930332505,6.4,0.3470417007083597,2.4539902122613024,4.183742508079209,0.1359250172972679,0.5555555555555556,-0.05392430303618312,0.01448751986026764,0.03856018896759553,0.07049987185584677,-0.10789766160427641,0.01448751986026764,-0.03962333733215928,0.0,0.0,-0.05392430303618312,0.13669503363780677,0.16182401776313782,0.0781984468922019,0.04938432292328798
ALRS,1440,T_DONCH,trend,"{""n"": 40}",X3,False,-1,10,0.7,3.9611782182824,0.034704169930332505,6.4,0.3470417007083597,2.4539902122613024,4.183742508079209,0.1359250172972679,0.5555555555555556,-0.05392430303618312,0.01448751986026764,0.03856018896759553,0.07049987185584677,-0.10789766160427641,0.01448751986026764,-0.03962333733215928,0.0,0.0,-0.05392430303618312,0.13669503363780677,0.16182401776313782,0.0781984468922019,0.04938432292328798
MGNT,1440,R_RSI,meanrev,"{""lo"": 20, ""n"": 2}",X0,False,-1,18,0.8333333333333334,5.7958766019752375,0.011425772504066425,2.8333333333333335,0.2056639090878889,2.452801264810485,4.493392794563173,0.04999461228726432,0.7777777777777778,-0.01674267987255007,0.02825685392599553,0.02285154545420988,0.02784703790188537,-0.023788039192196016,0.044648838229477406,-0.011883795901667327,0.0002109934575855732,0.06233454495668411,-0.01674267987255007,0.034324769920203835,0.006562225520610809,0.02825685392599553,0.05795215885154903
MGNT,1440,R_RSI,meanrev,"{""lo"": 20, ""n"": 2}",X4,False,-1,18,0.8333333333333334,5.7958766019752375,0.011425772504066425,2.8333333333333335,0.2056639090878889,2.452801264810485,4.493392794563173,0.04999461228726432,0.7777777777777778,-0.01674267987255007,0.02825685392599553,0.02285154545420988,0.02784703790188537,-0.023788039192196016,0.044648838229477406,-0.011883795901667327,0.0002109934575855732,0.06233454495668411,-0.01674267987255007,0.034324769920203835,0.006562225520610809,0.02825685392599553,0.05795215885154903
MGNT,1440,R_RSI,meanrev,"{""lo"": 20, ""n"": 2}",X2,False,-1,18,0.8333333333333334,5.7958766019752375,0.011425772504066425,2.8333333333333335,0.2056639090878889,2.452801264810485,4.493392794563173,0.04999461228726432,0.7777777777777778,-0.01674267987255007,0.02825685392599553,0.02285154545420988,0.02784703790188537,-0.023788039192196016,0.044648838229477406,-0.011883795901667327,0.0002109934575855732,0.06233454495668411,-0.01674267987255007,0.034324769920203835,0.006562225520610809,0.02825685392599553,0.05795215885154903
MGNT,1440,R_RSI,meanrev,"{""lo"": 20, ""n"": 2}",X5,False,-1,18,0.8333333333333334,5.7958766019752375,0.011425772504066425,2.8333333333333335,0.2056639090878889,2.452801264810485,4.493392794563173,0.04999461228726432,0.7777777777777778,-0.01674267987255007,0.02825685392599553,0.02285154545420988,0.02784703790188537,-0.023788039192196016,0.044648838229477406,-0.011883795901667327,0.0002109934575855732,0.06233454495668411,-0.01674267987255007,0.034324769920203835,0.006562225520610809,0.02825685392599553,0.05795215885154903
SBER,1440,R_BB_LIMIT,meanrev,"{""k"": 2.0, ""n"": 10}",X2,False,0,26,0.8461538461538461,3.556965783639844,0.008236098651269135,6.115384615384615,0.21413856358412886,2.4514678804321823,4.591353155202039,0.05788720949203707,0.8888888888888888,-0.016796623618574813,0.011105449157184921,0.023793173731569875,0.029368796330908567,-0.01473656163759308,0.08474193362053484,0.04267861880362034,0.055065958469640464,0.0024695493339095265,-0.016796623618574813,0.011105449157184921,0.010511764565308113,0.010758391057606786,0.013603522194898687
ROSN,1440,M_ACCEL,momentum,"{""n"": 10}",X5,False,0,18,0.5555555555555556,6.058113568408983,0.025662861402086984,7.722222222222222,0.4619315050804289,2.4497964120569953,5.348696492796014,0.09031488094478846,0.6666666666666666,-0.05614732101093978,0.029421575280139223,0.05132572278671432,0.09723481451480125,-0.07856632854011862,0.0037116666208021343,0.05242290301248431,-0.05614732101093978,0.029421575280139223,-0.03232208770350553,0.2780768034281209,0.08430975524242967,-0.023910629970487207,0.12636884018138517
ROSN,1440,M_ACCEL,momentum,"{""n"": 10}",X1,False,0,18,0.5555555555555556,6.058113568408983,0.025662861402086984,7.722222222222222,0.4619315050804289,2.4497964120569953,5.348696492796014,0.09031488094478846,0.6666666666666666,-0.05614732101093978,0.029421575280139223,0.05132572278671432,0.09723481451480125,-0.07856632854011862,0.0037116666208021343,0.05242290301248431,-0.05614732101093978,0.029421575280139223,-0.03232208770350553,0.2780768034281209,0.08430975524242967,-0.023910629970487207,0.12636884018138517
ROSN,1440,M_ACCEL,momentum,"{""n"": 10}",X0,False,0,18,0.5555555555555556,6.058113568408983,0.025662861402086984,7.722222222222222,0.4619315050804289,2.4497964120569953,5.348696492796014,0.09031488094478846,0.6666666666666666,-0.05614732101093978,0.029421575280139223,0.05132572278671432,0.09723481451480125,-0.07856632854011862,0.0037116666208021343,0.05242290301248431,-0.05614732101093978,0.029421575280139223,-0.03232208770350553,0.2780768034281209,0.08430975524242967,-0.023910629970487207,0.12636884018138517
ROSN,1440,M_ACCEL,momentum,"{""n"": 10}",X2,False,0,18,0.5555555555555556,6.058113568408983,0.025662861402086984,7.722222222222222,0.4619315050804289,2.4497964120569953,5.348696492796014,0.09031488094478846,0.6666666666666666,-0.05614732101093978,0.029421575280139223,0.05132572278671432,0.09723481451480125,-0.07856632854011862,0.0037116666208021343,0.05242290301248431,-0.05614732101093978,0.029421575280139223,-0.03232208770350553,0.2780768034281209,0.08430975524242967,-0.023910629970487207,0.12636884018138517
ALRS,30,M_TSMOM,momentum,"{""n"": 400, ""z"": 0.5}",X2,False,-1,10,0.1,4.140974615244406,0.03629304473788786,508.6,0.3629304532187234,2.4484228052432253,3.876014830568785,0.14686525496654212,0.5555555555555556,-0.06599738006480038,0.00839752476895228,0.04032560591319149,0.07303335076502056,-0.11412673963109818,-0.0024402650888077915,-0.014003500429680571,-0.024416745407506824,-0.06599738006480038,0.00839752476895228,0.14509037585230544,0.14875427447259426,0.09379579982487485,0.07375036929079215
MGNT,30,T_PRICE_MA,trend,"{""band"": 0.5, ""n"": 400}",X1,False,-1,39,0.1794871794871795,2.9893914066652547,0.009617435209159182,125.25641025641026,0.3750799762638053,2.4481408006437,4.024773303234293,0.19748731685103849,0.5555555555555556,-0.06424810801399872,0.04683224286418408,0.04167555291820059,0.07651275734531032,-0.1027275965332328,0.13836335913219955,-0.06424810801399872,-0.028400126844644547,-0.006905247224494815,-0.04343847534619272,0.04683224286418408,0.14583333098562434,0.06751253118272871,0.11953046952839941
AFLT,30,R_RSI,meanrev,"{""lo"": 20, ""n"": 14}",X0,False,1,10,0.8,7.651333357659526,0.009259962250780338,19.3,0.0925996215082705,2.4475186670377274,6.995923754296993,0.014384880661964417,0.5555555555555556,-0.00779880746267736,0.007331143133342266,0.010288846834252277,0.013649648756909076,-0.08023058503541401,0.03690937743522227,0.0,0.011350558139383793,0.007331143133342266,0.0,-0.00779880746267736,0.019240936264395714,0.0,0.02556641399860382
GAZP,30,V_SQUEEZE,volatility,"{""lb"": 500, ""n"": 50, ""pct"": 0.1}",X5,False,-1,17,0.7647058823529411,6.411632265261779,0.0045985503029381345,20.352941176470587,0.07817535703725298,2.44700016875206,7.186332708811478,0.010981559753417969,0.7777777777777778,0.0,0.0072947821172419935,0.008686150781916998,0.00868469189494416,0.001562921100198733,0.0,0.01581702590920031,0.019250491561251692,0.002153314184397459,0.0072947821172419935,0.0,0.02451364812804968,0.008845224045217037,0.00030087109189480543
ALRS,60,T_KELTNER,trend,"{""k"": 2.0, ""n"": 100}",X1,False,-1,32,0.375,3.4822423576910486,0.013299614837740982,63.625,0.42558767230366357,2.437652327677374,4.5578161995217235,0.11034419000498019,0.6666666666666666,-0.03076062139007263,0.016063858463894576,0.047287519144851506,0.06669711298378676,-0.06729105989972749,0.016063858463894576,0.004679932084400207,-0.012961212371010333,-0.03076062139007263,-0.02308953762985766,0.09073758585145697,0.15993574494495988,0.10891184594947845,0.11207007640041411
MGNT,60,V_RANGE_EXP,volatility,"{""fade"": 0, ""k"": 2.0}",X3,False,-1,59,0.4745762711864407,1.695384226277638,0.004138579999586698,14.152542372881356,0.24417622439796105,2.4372885711134478,4.862274965057594,0.07292047649389133,0.5555555555555556,-0.015938349883072078,0.0037920880131423473,0.02713069159977345,0.04694007038874602,-0.09603810285755726,0.1247271066531539,-0.015938349883072078,0.012697190977633,-0.010958351602312177,0.0037920880131423473,-0.009724500123411417,0.06041438726242632,-0.0020717568695545197,0.08123840996995568
ALRS,60,T_MTF,trend,"{""k"": 4, ""n"": 40}",X1,False,-1,20,0.35,5.141565128247246,0.019235961353669735,90.2,0.38471923646466166,2.4368081690644363,4.107396700196205,0.08100437303073704,0.4444444444444444,-0.014349025557748973,0.0,0.042746581829406854,0.06059330113386995,-0.10955820540368852,0.0,-0.014349025557748973,-0.006778372568078339,-0.0007420721231028438,-0.008672073134221137,0.12888212758116424,0.1533232636284083,0.07630713726393878,0.05674825137430162
ALRS,60,T_MTF,trend,"{""k"": 8, ""n"": 20}",X0,False,-1,10,0.4,5.740299491358326,0.03699888583820837,158.7,0.3699888592254865,2.436639353334426,4.192186301362596,0.08085703966207802,0.4444444444444444,-0.028506505477707833,0.0,0.04110987324727628,0.061207939454373535,-0.1173728624263247,0.0,0.0,0.0,-0.028506505477707833,-0.0067557527218014,0.1298906643060036,0.15449010580778122,0.06404369347728789,0.056826653833923046
MGNT,60,T_SUPERTREND,trend,"{""m"": 3.0, ""n"": 10}",X3,False,-1,43,0.5813953488372093,2.177814504000527,0.005475991270526236,18.976744186046513,0.2354676261638815,2.433744903746815,4.180509824898108,0.07865040132310241,0.8888888888888888,-0.050461170030757785,0.026901815002929652,0.026163069573764613,0.0458655647695771,-0.03765448285843277,0.1327865261118859,-0.050461170030757785,0.0017042105318978429,0.01238287502201274,0.029252675478346646,0.03849217016249895,0.0033436851808801293,0.04106483870418742,0.026901815002929652
ALRS,30,T_DONCH,trend,"{""n"": 80}",X0,False,-1,28,0.5,2.8487393738232143,0.014637989745155466,131.53571428571428,0.4098637094575679,2.4317981198758543,4.481967222092899,0.10900686333479825,0.6666666666666666,-0.03146416445088107,0.02320549648720771,0.04554041216195199,0.06660748474949238,-0.06725622416656514,0.02320549648720771,-0.02148715389193967,-0.03146416445088107,0.0006554816500283778,-0.027083113498520106,0.11571341753005981,0.10619178391061723,0.09557289723306894,0.14855906448792666
LKOH,60,M_TSMOM,momentum,"{""n"": 200, ""z"": 0.5}",X3,False,-1,25,0.6,2.5763974267101304,0.005288545403856173,17.68,0.13221363723278046,2.4288034703291306,4.795866476224059,0.030609358102083206,0.7777777777777778,-0.008973321877419949,0.01628460641950369,0.014690404136975607,0.015930973036467785,-0.014993876346231366,0.05156497983261943,0.016811543609946966,0.0,0.019383887061849236,0.0048943666042760015,0.019246915820986032,0.01628460641950369,-0.008973321877419949,0.013000659761019051
MGNT,1440,T_DONCH,trend,"{""n"": 10}",X5,False,0,10,0.7,6.963282219182437,0.04599325912342105,16.6,0.45993258350063115,2.4286003072020863,4.1087751993909025,0.14196401636581868,0.7777777777777778,-0.029033677303232253,0.04604941117577255,0.05110362038895902,0.054939556489976546,-0.020000568127710987,0.012014317093417048,-0.029033677303232253,0.09263391408603638,0.04604941117577255,-0.01851327414624393,0.04489165195263922,0.12585022032726556,0.05131388863082975,0.13472613168414682
ALRS,60,T_PRICE_MA,trend,"{""band"": 0.5, ""n"": 400}",X1,False,-1,26,0.19230769230769232,3.4144814777246726,0.01679534321086332,104.3076923076923,0.436678921127168,2.4273460916641882,4.1464832787739665,0.18385713551469962,0.5555555555555556,-0.053973579702869756,0.054369582183426246,0.04851988012524089,0.078503679801857,-0.09216262109448123,0.054369582183426246,-0.053973579702869756,-0.021737384842708707,-0.04877505701733753,-0.006968356086872518,0.14509037585230544,0.14875427447259426,0.09379579982487485,0.1261232664437557
ALRS,60,V_REGIME_TREND,volatility,"{""hi"": 1, ""n"": 100}",X1,False,0,10,0.1,4.6076761777524435,0.03260106154029084,133.5,0.32601060722299735,2.4221929475197164,4.403307825772002,0.0903658194001764,0.4444444444444444,-0.05055340495891869,0.0,0.03622340080255526,0.06747973238413796,-0.1354397601061023,0.0,0.0,-0.020922052673995495,-0.05055340495891869,-0.01889036176726222,0.06237588915973902,0.16648441134020686,0.1049753951956518,0.08254073092757608
ALRS,60,M_TSMOM,momentum,"{""n"": 100, ""z"": 0.5}",X1,False,-1,12,0.08333333333333333,4.07188787963621,0.0302875420527222,196.58333333333334,0.36345050898671616,2.4221728597477172,3.9123959059383995,0.14532917363976594,0.5555555555555556,-0.05199149786494672,0.023286409210413694,0.040383389887412906,0.0729257082094972,-0.10505474014064561,-0.05199149786494672,-0.014533289708197117,-0.0029860782087780535,-0.04880416455853265,0.023286409210413694,0.14417475604568608,0.14781553600914776,0.09320388559717685,0.07328495246474631
ALRS,30,T_PRICE_MA,trend,"{""band"": 0.0, ""n"": 400}",X2,False,-1,55,0.18181818181818182,2.9673264724963024,0.008280819109936648,93.94545454545455,0.45544505113321065,2.417638186418163,4.131782978110128,0.15313462339690886,0.5555555555555556,-0.09914145022048615,0.0630643070617225,0.05060500568146785,0.08257425194687706,-0.10322195203552866,0.0630643070617225,-0.09914145022048615,-0.0040771858766674995,-0.01975390873849392,-0.011578782461583614,0.1291412278660573,0.15297663607634604,0.12564860237762332,0.11916560504869267
ALRS,60,T_EMA_X,trend,"{""f"": 10, ""s"": 20}",X5,False,-1,52,0.5961538461538461,2.2848378843420343,0.004758542132257342,21.0,0.2474441924423445,2.417494018007033,4.737988000766251,0.09782061335863546,0.6666666666666666,-0.0889110008138232,0.03550515399547294,0.0274937991602605,0.058024473535882755,-0.1025032510153123,0.0440448138397187,-0.0889110008138232,0.03550515399547294,-0.010065539390780032,-0.021323019871488214,0.024772783188382164,0.11726833099965006,0.0871683363802731,0.058984334114938974
ALRS,30,V_REGIME_TREND,volatility,"{""hi"": 0, ""n"": 100}",X2,False,0,10,0.2,5.5530370681009105,0.03436466374323504,432.2,0.3436466375715099,2.415293937448856,3.8436036516562577,0.1105605378979817,0.4444444444444444,-0.03907636005897075,0.0,0.03818295973016777,0.0714508726465451,-0.13097527374347714,0.0,-0.018106950912624598,0.053157592890784144,-0.03907636005897075,-0.01286125904880464,0.14681166707305238,0.1505190331954509,0.0949085506144911,-0.03170563618186861
PLZL,60,V_SQUEEZE,volatility,"{""lb"": 500, ""n"": 50, ""pct"": 0.2}",X4,False,-1,13,0.5384615384615384,5.151736566327913,0.012660296517301958,23.076923076923077,0.16458385449368507,2.4152451893472286,7.621212328699441,0.019343154737725854,0.4444444444444444,-0.011017074342817068,0.0,0.018287094943742786,0.02856493614587175,-0.11774147336190981,0.0,-0.008144928142428398,-0.011017074342817068,-0.0001811522524803877,0.047468542121350765,0.046242396812886,0.0739358477294445,-0.0012129099341109395,0.01749313250184059
GMKN,30,V_SQUEEZE,volatility,"{""lb"": 200, ""n"": 20, ""pct"": 0.1}",X5,False,0,67,0.4626865671641791,2.0699561202754073,0.003991707727544364,14.164179104477611,0.2674444178264821,2.4129741443788384,6.097248052554701,0.08120450195565354,0.6666666666666666,-0.023079042832250707,0.02309579076245427,0.029716046425164677,0.03947451700688922,-0.05911011358724916,0.11310668895021081,0.038062316831201315,0.01751840114593506,0.02309579076245427,-0.023079042832250707,-0.009308738633990288,0.05600952683016658,-0.003804244566708803,0.05584371933946386
ALRS,60,M_TSMOM,momentum,"{""n"": 20, ""z"": 1.0}",X5,False,-1,69,0.6086956521739131,2.034632811165451,0.004405684813450901,21.0,0.3039922512398334,2.4127258102062625,4.137196977571832,0.09600002865772694,0.6666666666666666,-0.05940079817082733,0.016916434571612626,0.03377691680442593,0.0605528411616712,-0.09041480662676038,0.06592634553089738,-0.05940079817082733,0.016916434571612626,-0.004338957951404154,-0.03542819613358006,0.1008182791993022,0.1350907592131989,0.011735958978533745,0.07267242600210011
LKOH,30,V_SQUEEZE,volatility,"{""lb"": 200, ""n"": 50, ""pct"": 0.2}",X4,False,1,22,0.5454545454545454,3.641688638716095,0.0071782609648677,21.727272727272727,0.15792174119269475,2.4116687370077914,7.236904633225986,0.0309464376186952,0.6666666666666666,-0.013843702501617372,0.004380498416139744,0.01754686013252164,0.027755108466856335,-0.07347830371641556,0.062647202052176,0.004380498416139744,0.06040080355887767,0.010351871373131871,-0.008889793214621022,0.041490179719403386,-0.0017362295184284449,-0.013843702501617372,0.003120911307632923
VTBR,60,T_MTF,trend,"{""k"": 8, ""n"": 10}",X5,False,-1,22,0.45454545454545453,4.570888087449623,0.01007235953934938,16.454545454545453,0.2215919082518667,2.411229296578303,8.586030942423267,0.04112258070381358,0.2222222222222222,-0.014512546767946333,0.0,0.0246213231390963,0.054325569550033925,-0.1676227020361023,0.0,-0.014512546767946333,0.0,-0.013732676015933976,0.0,-0.0015749910089652985,0.0,0.12329930136911571,0.1281128206755966
ALRS,30,V_REGIME_TREND,volatility,"{""hi"": 1, ""n"": 100}",X2,False,0,10,0.3,4.638830892192715,0.041247492335208184,495.9,0.4124749280472315,2.409274497481044,3.9766817603383307,0.12432320191874169,0.6666666666666666,-0.055398100259481,0.03894267854229838,0.0458305475608035,0.06630020735038909,-0.06817820866828168,0.0,-0.002715295646339655,0.042944986023940146,-0.055398100259481,0.0008707449305802584,0.14516129321418703,0.1488269802648574,0.09384164097718894,0.03894267854229838
ALRS,15,T_DONCH,trend,"{""n"": 160}",X0,False,-1,29,0.41379310344827586,2.7814238187733245,0.01409100613397946,241.17241379310346,0.40863917277602013,2.406278485895995,4.400730642982566,0.09086206289066467,0.5555555555555556,-0.02368634364393074,0.03834108624141663,0.04540435253066891,0.06376887752796005,-0.07812558695948246,0.03834108624141663,-0.018755841068923473,-0.02368634364393074,-0.004929483577143401,-0.016708434442989528,0.11375354451593012,0.10802998510189354,0.055026974994689226,0.15756768465507776
ALRS,60,T_EMA_X,trend,"{""f"": 50, ""s"": 400}",X2,False,0,14,0.21428571428571427,4.033150277392911,0.031908698721375625,237.0,0.4467217810015427,2.4047987375323143,3.7355345558182926,0.16008411526854616,0.6666666666666666,-0.08137987081136089,0.06977208191528916,0.049635753444615856,0.07176344875601853,-0.06845979518092975,0.06977208191528916,-0.0128440375556238,0.013184376060962677,-0.08137987081136089,-0.0004898987244814634,0.14417475604568608,0.14781553600914776,0.09320388559717685,0.07328495246474631
ALRS,60,T_PRICE_MA,trend,"{""band"": 0.0, ""n"": 400}",X1,False,-1,33,0.15151515151515152,3.2682537147170323,0.013184357490844316,82.78787878787878,0.43508379625927773,2.40220543555915,4.068392347177425,0.15293821020168252,0.6666666666666666,-0.04750142359989695,0.06946898243040778,0.04834264402880864,0.07182597365641108,-0.058771041539544835,0.06946898243040778,-0.04750142359989695,-0.04290861077606678,-0.018230921938084066,0.008092712028883398,0.14509037585230544,0.14875427447259426,0.09379579982487485,0.0785226079642598
MGNT,30,T_PRICE_MA,trend,"{""band"": 0.5, ""n"": 400}",X2,False,-1,37,0.1891891891891892,2.906765268191915,0.009992449603840405,134.48648648648648,0.36972063696885016,2.398037550973594,3.8990254721059516,0.20152265817159787,0.5555555555555556,-0.06751597224501893,0.052335699554532766,0.04108007077431668,0.07776824368364794,-0.10325339557571679,0.1370393611578038,-0.06751597224501893,-0.01873329177033156,-0.0121450403239578,-0.05413645110093057,0.052335699554532766,0.14583333098562434,0.06751253118272871,0.11953046952839941
PLZL,15,R_EXTREME,meanrev,"{""m"": 10, ""z"": 3.0}",X0,False,0,44,0.7272727272727273,2.2665600465158278,0.002892819294020692,10.522727272727273,0.12728404642257374,2.3967927174343484,4.099714169485827,0.03839894593693316,0.8888888888888888,-0.01919350582465995,0.010226226411759853,0.014142671824730415,0.018559603645752074,-0.026945872296755297,0.044742044527083635,0.004221152048557997,0.002925849286839366,0.017536539817228913,0.010226226411759853,0.020723082358017564,-0.01919350582465995,0.00573996058665216,0.0403626972110942
GMKN,60,V_SQUEEZE,volatility,"{""lb"": 200, ""n"": 50, ""pct"": 0.2}",X3,False,1,12,0.75,5.004807350292851,0.009349632229042526,12.583333333333334,0.1121955873677507,2.393118398197414,7.711262758621885,0.026274082716554403,0.6666666666666666,-0.010956693440675735,0.02199747273698449,0.012466176374194523,0.0154794060909299,-0.0407401617574763,0.022416818886995316,-0.009026231709867716,0.022941185161471367,0.024596338742412627,0.005504068918526173,0.0,-0.010956693440675735,0.02199747273698449,0.03472262807190418
MGNT,60,T_PRICE_MA,trend,"{""band"": 0.5, ""n"": 400}",X1,False,-1,27,0.1111111111111111,3.123439363635693,0.013762166847524968,95.0,0.3715785105305258,2.3911052759269587,3.9258367282979703,0.20078495785128325,0.5555555555555556,-0.051778326655039564,0.047215377824613824,0.04128650117005842,0.07878405862198942,-0.10017453505685772,0.15170837519690394,-0.051778326655039564,-0.03450407728087157,-0.021309141302481294,-0.04896865342743695,0.047215377824613824,0.14422928169369698,0.06676994785084389,0.11821572663029656
ALRS,60,V_REGIME_TREND,volatility,"{""hi"": 1, ""n"": 20}",X2,False,-1,13,0.46153846153846156,4.222859877000751,0.029652531040973824,130.15384615384616,0.38548290466678736,2.3906233453472745,4.415013783909059,0.09136910109918972,0.4444444444444444,-0.038082114877397544,0.0,0.04283143385186526,0.0710234615658064,-0.12623641546861386,0.0,0.0,-0.038082114877397544,-0.025511900865240023,-0.024279060016851872,0.09394234250066802,0.166393440682441,0.10347249929327518,0.10954769794989261
ALRS,30,M_TSMOM,momentum,"{""n"": 400, ""z"": 1.0}",X1,False,-1,17,0.058823529411764705,3.927606141719197,0.01912763088964429,187.88235294117646,0.3251697233408777,2.38846525942317,4.168768700882328,0.1258148268043442,0.4444444444444444,-0.030465713003650308,0.0,0.03612996926009752,0.06309932271752147,-0.12619745329880439,-0.012091702374164015,-0.030465713003650308,0.0,-0.019643210820504464,-0.013275271776365116,0.05870371561286447,0.16081331064924598,0.10139952402096242,0.07972907103248872
PLZL,15,R_EXTREME,meanrev,"{""m"": 10, ""z"": 3.0}",X4,False,0,50,0.7,1.947543119659983,0.0023337922219746287,6.96,0.11668960911629256,2.387686077559554,4.613946417595764,0.038992515997961164,0.7777777777777778,-0.007317781914025545,0.01151593727990985,0.012965512124032507,0.014534284987679134,-0.02248281160483392,0.04093265492701903,0.004221152048557997,0.01151593727990985,0.01286451006308198,0.010226226411759853,0.026010802248492837,-0.005403850416769274,-0.007317781914025545,0.02363995846826583
PLZL,60,V_SQUEEZE,volatility,"{""lb"": 200, ""n"": 20, ""pct"": 0.2}",X4,False,0,53,0.4528301886792453,2.240650454458496,0.006172658538854982,17.358490566037737,0.32715090301462624,2.383022482727401,5.6648116260702555,0.09961846077931114,0.7777777777777778,-0.05707095819525421,0.04113257396966219,0.036350100334958474,0.058798686044627714,-0.053569322200776884,0.010850472608581185,-0.05707095819525421,0.0402796448324807,0.05601589020807296,0.05778289074078202,0.04113257396966219,0.16418851900380105,0.04431054648011923,-0.03033867663361889
ALRS,60,T_KELTNER,trend,"{""k"": 2.0, ""n"": 100}",X0,False,-1,27,0.4444444444444444,3.4599044271683463,0.015594484021136988,77.55555555555556,0.42105106520466506,2.3823151584775064,4.32816491385456,0.10061105736531317,0.5555555555555556,-0.025120965961832553,0.019871297117788345,0.04678345168940723,0.06521914808142376,-0.08529375895597612,0.019871297117788345,-0.00460031459806487,-0.025120965961832553,-0.010630002478137612,-0.0213852699380368,0.09525193745503202,0.15993574494495988,0.09565856226254255,0.11207007640041411
AFLT,30,U_SIGNED_VOL,volume,"{""fade"": 0, ""n"": 100, ""thr"": 0.2}",X0,False,-1,22,0.6363636363636364,3.4780246487776068,0.014369277508453538,103.86363636363636,0.3161241040970708,2.3806389020216248,4.3553421140056345,0.06807294767349958,0.6666666666666666,-0.024068841186817735,0.006809768994571641,0.03512490045523009,0.060601951943751176,-0.0739039099209526,0.05901060359155963,-0.024068841186817735,0.0242135712178424,-0.0012714883123408072,-0.019355558208189905,0.091951506678015,0.006809768994571641,0.0038581215776503086,0.1749764197447803
NVTK,60,T_EMA_X,trend,"{""f"": 5, ""s"": 200}",X3,False,-1,25,0.6,2.73772757050227,0.006303731743167265,9.2,0.15759329518914456,2.378716238183289,5.072775858421592,0.02470927033573389,1.0,0.0028143851086497307,0.015472046099603176,0.017510366132127173,0.01236752371081705,0.08275633974706478,0.04455510593834333,0.0028143851086497307,0.015472046099603176,0.007072567590512335,0.01720178558025509,0.0077926828525960445,0.02098179724998772,0.011176667409017682,0.030526257360179443
ALRS,30,V_REGIME_TREND,volatility,"{""hi"": 1, ""n"": 20}",X0,False,-1,30,0.43333333333333335,3.2326917242672075,0.012862372445191705,114.2,0.38587117263523396,2.375769842203896,4.678259971975356,0.08790016945567913,0.6666666666666666,-0.058134640130447224,0.01673458138247952,0.04287457473724822,0.06800899111418827,-0.08145721082346498,0.0,-0.058134640130447224,-0.01645600562915206,0.01673458138247952,0.004615433630533516,0.07013300707330927,0.11491973338706885,0.08331971673760563,0.17073934618383646
ALRS,60,T_KELTNER,trend,"{""k"": 2.0, ""n"": 100}",X2,False,-1,28,0.42857142857142855,3.430170598474497,0.014984548199378419,74.57142857142857,0.4195673478534445,2.3755387568757698,4.3234657742039575,0.09883787506259978,0.5555555555555556,-0.025241823692340404,0.01676861516898498,0.04661859420593828,0.06520864188226007,-0.08650034638000578,0.01676861516898498,-0.002706274564843625,-0.025241823692340404,-0.010630002478137612,-0.0213852699380368,0.09525193745503202,0.15993574494495988,0.09550434455741197,0.11207007640041411
PLZL,30,R_VWAP,meanrev,"{""k"": 3.0, ""n"": 60}",X0,True,1,18,0.6666666666666666,3.77204525328562,0.0056219920876137384,10.944444444444445,0.10119585826760158,2.371729919152149,7.189937051047295,0.024382076284382492,0.6666666666666666,-0.016160845814738423,0.005924120545387268,0.01124398425195573,0.021623871272602877,-0.08279081670588452,0.005924120545387268,0.01551161240786314,-0.016160845814738423,0.06559042725712061,0.0,0.014253173023462296,0.01634739525616169,0.004152281675487757,-0.004422306083142757
PLZL,30,R_VWAP,meanrev,"{""k"": 3.0, ""n"": 60}",X5,True,1,18,0.6666666666666666,3.77204525328562,0.0056219920876137384,10.944444444444445,0.10119585826760158,2.371729919152149,7.189937051047295,0.024382076284382492,0.6666666666666666,-0.016160845814738423,0.005924120545387268,0.01124398425195573,0.021623871272602877,-0.08279081670588452,0.005924120545387268,0.01551161240786314,-0.016160845814738423,0.06559042725712061,0.0,0.014253173023462296,0.01634739525616169,0.004152281675487757,-0.004422306083142757
ALRS,60,T_PRICE_MA,trend,"{""band"": 0.5, ""n"": 400}",X0,False,-1,24,0.25,3.2894723666043046,0.017970617593045576,119.08333333333333,0.431294817761227,2.3700310614460247,4.007062446469068,0.18197173620501417,0.5555555555555556,-0.05737372945804964,0.04710007950779982,0.04792164641791411,0.07810142662468353,-0.09571491337989547,0.04710007950779982,-0.05737372945804964,-0.021737384842708707,-0.0398473679961171,-0.010610496043227613,0.14509037585230544,0.14875427447259426,0.09379579982487485,0.1261232664437557
ROSN,60,R_BB,meanrev,"{""k"": 1.5, ""n"": 20}",X3,False,-1,109,0.5963302752293578,1.5808517774383202,0.0021514281080909524,6.770642201834862,0.23450566493556835,2.367811083722963,4.583672832233022,0.04546164206112735,0.6666666666666666,-0.018528643704485148,0.016754598502302542,0.026056184992840927,0.038140139234387874,-0.06380235511518771,0.02503541245823726,-0.013711541250813752,-0.018528643704485148,0.03758624760666862,0.010201747994869947,0.016754598502302542,0.08785870997235179,-0.002987506566569209,0.0922966399230063
PLZL,60,T_SUPERTREND,trend,"{""m"": 3.0, ""n"": 40}",X5,False,1,43,0.6976744186046512,2.5032374285783168,0.005434848605314081,21.0,0.23369849292794243,2.367422630537507,4.659000940308415,0.05473307427018881,0.7777777777777778,-0.031571164727211,0.032347273867344484,0.025966499214215826,0.03523038413648032,-0.041625356512893286,0.05031827330822125,0.032347273867344484,0.009112126717809588,0.07710264963679947,0.024715632491279393,-0.029205931583419442,0.043963333358988166,0.056916299858130515,-0.031571164727211
NVTK,60,R_VOLSPIKE_FADE,meanrev,"{""k"": 5.0, ""z"": 2.0}",X5,False,1,15,0.7333333333333333,4.562666723558136,0.005664769405887837,10.266666666666667,0.08497154188808054,2.365717109486362,4.665237962995733,0.025069071096368134,0.6666666666666666,-0.006984340958297253,0.01067493506707251,0.009441282432008948,0.011138262163103183,-0.04545341717398966,0.01067493506707251,0.011347907595336437,0.021655131597071886,0.013101943593937904,0.0,-0.0019425225327722728,0.030683762626722455,0.00643472489900887,-0.006984340958297253
MGNT,60,V_REGIME_TREND,volatility,"{""hi"": 1, ""n"": 50}",X1,False,0,13,0.15384615384615385,3.5368722528336463,0.02382805228111814,140.69230769230768,0.30976467445725575,2.3633220599469147,4.305599326137948,0.12986476917285472,0.5555555555555556,-0.05429684545379132,0.014578011119738221,0.034418297161917306,0.06196897207373683,-0.10926596728037741,0.0,0.0,-0.025167088489979506,0.04456633632071316,-0.05429684545379132,0.014578011119738221,0.14461012539686635,0.06694625783711672,0.11852787772659212
PLZL,60,T_KELTNER,trend,"{""k"": 3.0, ""n"": 100}",X3,False,0,69,0.4927536231884058,1.7775826254563243,0.004144150975153072,11.594202898550725,0.2859464212669991,2.362168430419333,4.372505588328427,0.06887531827669591,0.6666666666666666,-0.02277076884638518,0.040028741117566824,0.031771824585222125,0.03686429159202105,-0.04253101501473107,-0.02277076884638518,-0.014314629603177309,0.08543566189473495,0.04814691748470068,0.017350079491734505,0.040028741117566824,0.07825032074470073,-0.0004787198267877102,0.05429881880991161
MGNT,30,T_PRICE_MA,trend,"{""band"": 0.0, ""n"": 400}",X2,False,-1,50,0.12,2.710845362203926,0.007179369010071066,86.9,0.3589684590988327,2.361277413474085,3.8770097799481116,0.20660892082378268,0.5555555555555556,-0.0847158853430301,0.0423459179000929,0.03988538434431474,0.07905778650111421,-0.11278183685407835,0.137283782241866,-0.0847158853430301,-0.003568340209312737,-0.012143968604505062,-0.052121616434305906,0.0423459179000929,0.1454005951527506,0.06731219912762754,0.11917577526764944
LKOH,60,T_SUPERTREND,trend,"{""m"": 2.0, ""n"": 20}",X5,False,0,144,0.4930555555555556,1.5769979132523029,0.002660277511847578,16.430555555555557,0.3830799708230188,2.3611786681068283,4.368537570424085,0.12523659080034122,0.6666666666666666,-0.05914312176173553,0.05978377165592974,0.042564441202557646,0.06448165075710471,-0.06725403956173934,0.14753760094754398,0.01990679391019512,0.07914122595684603,-0.01357878401177004,-0.029891020465584006,0.1128053511492908,-0.05914312176173553,0.06651815344230272,0.05978377165592974
ALRS,15,M_TSMOM,momentum,"{""n"": 400, ""z"": 0.5}",X2,False,-1,11,0.09090909090909091,4.553259233547387,0.034204797379472546,900.6363636363636,0.37625276802282315,2.3583891783101194,3.7042355914623566,0.13793801213614643,0.5555555555555556,-0.04164703676360659,0.007559419493190944,0.041805863113647014,0.06980056294352292,-0.10327083441614021,-0.01063815105590038,-0.032225119590293616,-0.004941870574839413,-0.04164703676360659,0.007559419493190944,0.1440698528313078,0.14770797942765057,0.0931360655813478,0.07323162867396604
PLZL,15,R_EXTREME,meanrev,"{""m"": 3, ""z"": 4.0}",X5,False,1,19,0.7368421052631579,3.779216030848865,0.0041969391092673974,10.368421052631579,0.0797418425208889,2.357639505897432,4.83801917440369,0.01990141160786152,0.7777777777777778,-0.009072509361431003,0.00816221535205841,0.00886020472454321,0.009955730744805677,-0.0331312508655469,0.017376585630699992,0.00816221535205841,0.006904208625201136,0.01654476672410965,0.010226226411759853,0.004688815213739872,-0.009072509361431003,-0.0014986221212893724,0.026410156046040356
PLZL,15,R_EXTREME,meanrev,"{""m"": 3, ""z"": 4.0}",X0,False,1,19,0.7368421052631579,3.779216030848865,0.0041969391092673974,10.368421052631579,0.0797418425208889,2.357639505897432,4.83801917440369,0.01990141160786152,0.7777777777777778,-0.009072509361431003,0.00816221535205841,0.00886020472454321,0.009955730744805677,-0.0331312508655469,0.017376585630699992,0.00816221535205841,0.006904208625201136,0.01654476672410965,0.010226226411759853,0.004688815213739872,-0.009072509361431003,-0.0014986221212893724,0.026410156046040356
ROSN,60,R_MA_DEV,meanrev,"{""k"": 3.0, ""n"": 200}",X4,False,-1,25,0.56,3.004148868943807,0.006289103920792008,14.64,0.15722759831987787,2.353476918216457,4.525114118116239,0.025287225551437587,0.6666666666666666,-0.019186552613973618,0.018794873729348183,0.017469733146653097,0.0254679994777722,-0.06193905783302904,0.024773931261734106,0.018794873729348183,0.0717633857857436,-0.019186552613973618,0.018937746935989708,0.00042643805500119925,0.0,0.0,0.0417177751660347
LKOH,60,T_KELTNER,trend,"{""k"": 1.0, ""n"": 100}",X5,False,-1,47,0.6170212765957447,2.3425810918451813,0.004205611052391582,17.574468085106382,0.19766372241429053,2.353304226619288,5.20077621163626,0.026950578205287457,0.7777777777777778,-0.008903312322217971,0.002615306177176535,0.02196263582381006,0.026803445623870905,-0.03646387328569375,0.06146528493263759,0.03624561883043498,0.002615306177176535,-0.0013456522137857974,0.0009631853899918497,0.0017816078616306186,-0.008903312322217971,0.04443955956958234,0.06040212418884039
PLZL,60,M_ROC_VOTE,momentum,"{""base"": 40, ""need"": 3}",X3,False,-1,29,0.5517241379310345,2.3069376846184095,0.005872579141024719,15.172413793103448,0.1703047938644886,2.3507287639103507,5.493336185036706,0.04083696799352765,0.4444444444444444,-0.030965304700657725,0.0,0.018922754873832066,0.034689375249949646,-0.13629752856215144,0.08856697636656463,0.0,0.0,0.0,0.019701250246725976,0.03246614045929164,-0.001159624895080924,-0.030965304700657725,0.061695356387645006
MGNT,60,T_PRICE_MA,trend,"{""band"": 0.0, ""n"": 400}",X0,False,-1,25,0.12,3.2251210867963924,0.012789668226223593,86.36,0.31974171331967227,2.3485232695197142,3.9294347301254504,0.15502403263235465,0.5555555555555556,-0.05013360927114263,0.04991239868104458,0.03552685703551914,0.06497284988993278,-0.09648981516065211,0.04991239868104458,-0.05013360927114263,-0.005938659538514912,-0.019505500909872353,-0.03968436294235289,0.055876491125673056,0.14422928169369698,0.06676994785084389,0.11821572663029656
LKOH,60,U_VOL_BREAK,volume,"{""k"": 3.0, ""n"": 20}",X4,False,0,63,0.5396825396825397,2.4116870580055485,0.005641224116609502,18.38095238095238,0.35539712058380246,2.3463324152532263,5.425599695936851,0.11152111820410937,0.6666666666666666,-0.05504383170045912,0.04666900006122887,0.039488568953755826,0.06429139212223733,-0.0728540361874793,0.1459071992430836,0.0773403900093399,0.06057969224639237,0.007102418167050928,-0.013866225373931229,0.11780056252609938,-0.05504383170045912,-0.031092084595002234,0.04666900006122887
MGNT,30,T_MTF,trend,"{""k"": 8, ""n"": 40}",X1,False,0,31,0.12903225806451613,3.2630502692972705,0.01054559292771309,103.25806451612904,0.32691338162112515,2.3452409798564124,4.43403972827446,0.1445771611906821,0.4444444444444444,-0.06811597582418472,0.0,0.03632370906901391,0.07151990635326608,-0.14175567979290132,0.0,0.0,0.0,0.04982039815513417,-0.06811597582418472,-0.024941338822827674,0.14979887154186144,0.0686451614019461,0.15170626516919583
ALRS,60,T_PRICE_MA,trend,"{""band"": 0.5, ""n"": 400}",X2,False,-1,25,0.24,3.2071076204034132,0.017058272530566587,114.12,0.42645680851273937,2.3435990977086454,3.9654439282927085,0.1828167652238335,0.5555555555555556,-0.05737372945804964,0.0431070992781315,0.047384089834748816,0.07822151491321054,-0.0974226202981634,0.0431070992781315,-0.05737372945804964,-0.021737384842708707,-0.04069239701493643,-0.010610496043227613,0.14509037585230544,0.14875427447259426,0.09379579982487485,0.1261232664437557
ALRS,30,T_PRICE_MA,trend,"{""band"": 0.0, ""n"": 400}",X1,False,-1,57,0.15789473684210525,2.8233499727404348,0.0076748045547838884,85.3157894736842,0.43746385963277135,2.3425733726956843,4.015380618830646,0.1766395322920289,0.5555555555555556,-0.0910447841451969,0.06858802445640322,0.04860709551475237,0.08487515581517394,-0.10242341492800697,0.06858802445640322,-0.0910447841451969,-0.0040771858766674995,-0.03239678358659148,-0.033725587418302894,0.13232933270046487,0.15297663607634604,0.12564860237762332,0.11916560504869267
ALRS,60,M_TSMOM,momentum,"{""n"": 100, ""z"": 0.0}",X1,False,-1,17,0.058823529411764705,3.1852081132767944,0.020255947929851977,158.35294117647058,0.34435110803315183,2.3419623310224202,3.7660796450485026,0.1535074266139418,0.6666666666666666,-0.06323505064938217,0.025658969418145716,0.03826123422590576,0.07129631024772831,-0.08769270590846423,-0.02622310898732394,-0.06323505064938217,-0.034801409812644124,0.002332631149329245,0.025658969418145716,0.13855842920020223,0.14205738459713757,0.08957312803249806,0.07043013508518925
MGNT,60,T_MTF,trend,"{""k"": 4, ""n"": 40}",X0,False,0,21,0.3333333333333333,3.613331430349965,0.017611286264726644,107.57142857142857,0.36983701422286686,2.3399511550126597,4.257479508139798,0.11364388547372073,0.5555555555555556,-0.05068623984698206,0.02441603853367269,0.04109300158031854,0.06821515014031193,-0.10043496744672285,0.0,-0.009177343890769407,-0.02656049576762598,0.06554331420920789,-0.05068623984698206,0.02441603853367269,0.1450155763886869,0.0699409618973732,0.15134520269930363
ROSN,1440,V_RANGE_EXP,volatility,"{""fade"": 1, ""k"": 2.0}",X4,False,0,11,0.5454545454545454,2.8029432698778707,0.041397903742162984,15.363636363636363,0.45537693734513596,2.338221858096375,3.7411419012492884,0.1020797851961106,0.6666666666666666,-0.012315814848989248,0.04389496729709208,0.050597437482792884,0.051630989360244316,-0.029669455759633152,0.13148688462388236,0.04389496729709208,-0.012315814848989248,-0.008991387905552983,0.0,0.1030880669131875,0.10430385518702678,0.07583962669014,0.018070739388349466
PLZL,60,T_SUPERTREND,trend,"{""m"": 3.0, ""n"": 10}",X4,False,1,46,0.5869565217391305,2.6000620091747715,0.006439971297290773,23.847826086956523,0.29623868394992314,2.3381658685963873,5.385882063856318,0.049132334534078836,0.8888888888888888,-0.020371544640511274,0.02319730940507725,0.032915409327769235,0.02901095329985846,0.00804101993768273,0.05755790858529508,0.02157958663883619,0.02319730940507725,0.051478646928444505,0.022906045895069838,-0.020371544640511274,0.09027873753802851,0.02043756376951933,0.029174429830163717
AFLT,1440,V_RANGE_EXP,volatility,"{""fade"": 1, ""k"": 1.5}",X3,False,0,14,0.6428571428571429,3.6830866071542987,0.035779807103815765,9.0,0.5009173029247904,2.337962293242942,4.64958365256324,0.10865271533839405,0.6666666666666666,-0.06090530613437295,0.006613933655899018,0.05565747810275449,0.12654236921009746,-0.0856197116242963,0.23551808018237352,-0.06090530613437295,-0.04547642241232097,0.021804300500662066,0.02373379352502525,0.001194576732814312,-0.012489115062635392,0.006613933655899018,0.33092346193734556
ALRS,30,V_REGIME_TREND,volatility,"{""hi"": 0, ""n"": 20}",X2,False,-1,34,0.4117647058823529,3.0351406752009398,0.011229964954634901,98.91176470588235,0.38181881139644247,2.3373511155780804,4.756071130593132,0.10027115054072056,0.4444444444444444,-0.03887239676078025,0.0,0.0424243123773825,0.06964331314426912,-0.1268686916329012,0.0,-0.03887239676078025,-0.03234213078394532,-0.001450034906156361,-0.018367375014349818,0.10439082136144862,0.10768277826718986,0.11525260261259973,0.145524546620436
AFLT,1440,R_RSI,meanrev,"{""lo"": 30, ""n"": 3}",X3,False,-1,13,0.9230769230769231,5.38356804238653,0.015701013893330427,3.6923076923076925,0.2041131883743219,2.3367571970845504,4.745061741985,0.04807263717520982,0.7777777777777778,-0.01891581027302891,0.02022690838202834,0.022679243152702436,0.023352586608876947,-0.023982595044584616,0.04492195707280189,-0.01891581027302891,0.05799173470586538,0.02022690838202834,0.00919749797321856,0.0,0.047716977656818926,0.014262690849136561,0.028711232007481158
AFLT,1440,R_RSI,meanrev,"{""lo"": 30, ""n"": 3}",X1,False,-1,13,0.9230769230769231,5.38356804238653,0.015701013893330427,3.6923076923076925,0.2041131883743219,2.3367571970845504,4.745061741985,0.04807263717520982,0.7777777777777778,-0.01891581027302891,0.02022690838202834,0.022679243152702436,0.023352586608876947,-0.023982595044584616,0.04492195707280189,-0.01891581027302891,0.05799173470586538,0.02022690838202834,0.00919749797321856,0.0,0.047716977656818926,0.014262690849136561,0.028711232007481158
MGNT,30,T_PRICE_MA,trend,"{""band"": 0.5, ""n"": 400}",X0,False,-1,37,0.1891891891891892,2.7243449537751823,0.009641547608903444,134.59459459459458,0.35673726360255387,2.3366361910787754,3.7457977440782204,0.20450250204885378,0.5555555555555556,-0.06751597224501893,0.052335699554532766,0.0396374737336171,0.07670470284230428,-0.10426211154577447,0.12703583166876342,-0.06751597224501893,-0.01873329177033156,-0.014695843448862433,-0.054565491853281856,0.052335699554532766,0.14583333098562434,0.06751253118272871,0.11953046952839941
ALRS,1440,T_PRICE_MA,trend,"{""band"": 0.0, ""n"": 100}",X0,False,0,11,0.18181818181818182,4.664945824206589,0.03805048457784332,17.636363636363637,0.41855533824127633,2.33308164881161,3.5621368817484207,0.17835916148032993,0.6666666666666666,-0.06234951049555093,0.07328495246474631,0.04650614869347515,0.07614045950180247,-0.06724206424258779,0.08665137030766346,-0.012820512885809876,-0.057848722412018105,-0.06234951049555093,0.006443583610234782,0.14417475604568608,0.14781553600914776,0.09320388559717685,0.07328495246474631
ALRS,1440,T_PRICE_MA,trend,"{""band"": 0.0, ""n"": 100}",X2,False,0,11,0.18181818181818182,4.664945824206589,0.03805048457784332,17.636363636363637,0.41855533824127633,2.33308164881161,3.5621368817484207,0.17835916148032993,0.6666666666666666,-0.06234951049555093,0.07328495246474631,0.04650614869347515,0.07614045950180247,-0.06724206424258779,0.08665137030766346,-0.012820512885809876,-0.057848722412018105,-0.06234951049555093,0.006443583610234782,0.14417475604568608,0.14781553600914776,0.09320388559717685,0.07328495246474631
ALRS,1440,T_PRICE_MA,trend,"{""band"": 0.0, ""n"": 100}",X1,False,0,11,0.18181818181818182,4.664945824206589,0.03805048457784332,17.636363636363637,0.41855533824127633,2.33308164881161,3.5621368817484207,0.17835916148032993,0.6666666666666666,-0.06234951049555093,0.07328495246474631,0.04650614869347515,0.07614045950180247,-0.06724206424258779,0.08665137030766346,-0.012820512885809876,-0.057848722412018105,-0.06234951049555093,0.006443583610234782,0.14417475604568608,0.14781553600914776,0.09320388559717685,0.07328495246474631
MGNT,60,R_RSI,meanrev,"{""lo"": 5, ""n"": 3}",X4,False,-1,26,0.6538461538461539,4.664394310525726,0.0036717959470574965,6.153846153846154,0.09546669304836541,2.332450626039732,6.640850992803725,0.015142098534852266,0.6666666666666666,-0.01116312324302271,0.005042951088398695,0.010607410338707268,0.01883984228678175,-0.07571093304661065,0.05824132461566478,0.0030956738628447056,0.011586960346903652,-0.01116312324302271,0.0122126794885844,0.0,0.019104391103610396,0.005042951088398695,-0.002654164214618504
MGNT,60,R_RSI,meanrev,"{""lo"": 5, ""n"": 3}",X0,False,-1,26,0.6538461538461539,4.664394310525726,0.0036717959470574965,6.153846153846154,0.09546669304836541,2.332450626039732,6.640850992803725,0.015142098534852266,0.6666666666666666,-0.01116312324302271,0.005042951088398695,0.010607410338707268,0.01883984228678175,-0.07571093304661065,0.05824132461566478,0.0030956738628447056,0.011586960346903652,-0.01116312324302271,0.0122126794885844,0.0,0.019104391103610396,0.005042951088398695,-0.002654164214618504
MGNT,60,R_RSI,meanrev,"{""lo"": 5, ""n"": 3}",X5,False,-1,26,0.6538461538461539,4.664394310525726,0.0036717959470574965,6.153846153846154,0.09546669304836541,2.332450626039732,6.640850992803725,0.015142098534852266,0.6666666666666666,-0.01116312324302271,0.005042951088398695,0.010607410338707268,0.01883984228678175,-0.07571093304661065,0.05824132461566478,0.0030956738628447056,0.011586960346903652,-0.01116312324302271,0.0122126794885844,0.0,0.019104391103610396,0.005042951088398695,-0.002654164214618504
ALRS,60,T_PRICE_MA,trend,"{""band"": 0.0, ""n"": 400}",X2,False,-1,33,0.15151515151515152,3.0775949378707197,0.012824266145766122,83.0909090909091,0.4232007814462122,2.3317748734060655,3.940886312998921,0.1586082100693602,0.6666666666666666,-0.05136625954764895,0.060918196948478,0.04702230904957913,0.07247438721700152,-0.06469364771625809,0.060918196948478,-0.05136625954764895,-0.04290861077606678,-0.020036085858009756,0.008092712028883398,0.14509037585230544,0.14875427447259426,0.09379579982487485,0.08086037850080174
VTBR,30,V_RANGE_EXP,volatility,"{""fade"": 0, ""k"": 3.0}",X0,False,0,40,0.525,3.2734439078615702,0.012331538768844946,173.975,0.4932615496509243,2.3307365717459048,3.9733829801653875,0.16378221416380256,0.7777777777777778,-0.02345944964326918,0.0386697631329298,0.0548068388501027,0.058658661209652144,-0.020358169798046024,0.0386697631329298,0.021366599947214127,-0.02345944964326918,0.0581152067752555,0.15116461570141837,0.03671589301666245,0.09384399952250533,0.13681310409447178,-0.019968182896263897
ALRS,30,T_DONCH_STOP,trend,"{""n"": 40}",X0,False,-1,60,0.5166666666666667,2.4878635127348634,0.006744046173374555,57.93333333333333,0.40464277914725244,2.3298259261327305,4.492951277861697,0.11284275556681678,0.7777777777777778,-0.027716364187654108,0.026976744760759175,0.04496030879413916,0.05156477057501998,-0.03016640583433828,0.026976744760759175,-0.027716364187654108,0.002722460310906172,0.02467361936578527,-0.009032778616528958,0.0668726441799663,0.1026052157394588,0.08359536761417985,0.13394586998037994
ALRS,15,M_TSMOM,momentum,"{""n"": 400, ""z"": 0.0}",X1,False,-1,31,0.03225806451612903,2.9914995736430705,0.010865470052713764,324.5483870967742,0.3368295756790758,2.3297449468942166,3.8787161689840133,0.16498233989113942,0.6666666666666666,-0.08814298326615244,0.02545117901172489,0.037425508408786196,0.0731355298137201,-0.09723242142283325,-0.017536759143695235,-0.08814298326615244,-0.022306510247290134,0.0023137447278713807,0.02545117901172489,0.13743637219886295,0.14090699143707752,0.0888477538828738,0.06985978707780305
ROSN,60,V_REGIME_TREND,volatility,"{""hi"": 1, ""n"": 20}",X0,False,0,20,0.45,3.6094001109926603,0.02292522510746824,102.8,0.45850450730358716,2.3241137434669454,4.672391616350436,0.10707237425958738,0.3333333333333333,-0.025970451009925455,0.0,0.05094494525595413,0.1116238133017632,-0.14465619031975252,0.0,0.0,-0.019721006276085973,-0.006223167205462232,-0.01491777878254652,0.3225728339748457,-0.025970451009925455,0.03223419183632359,0.17052988476643804
VTBR,1440,V_NR_BREAK,volatility,"{""n"": 7}",X5,False,0,11,0.7272727272727273,7.2959787640614415,0.04361714405087577,14.818181818181818,0.47978858870919794,2.3233531515864274,4.012541517886399,0.11492200032807887,0.8888888888888888,-0.06725789059419185,0.024696906679309905,0.05330984318991088,0.0674996531918546,-0.029032312262415955,0.023568269331008196,-0.06725789059419185,0.024696906679309905,0.05248676222981885,0.16421295673353598,0.02037543261758401,0.13942372950259596,0.10497540625874535,0.017307015950791538
NVTK,60,R_VOLSPIKE_FADE,meanrev,"{""k"": 5.0, ""z"": 2.0}",X2,False,1,15,0.7333333333333333,4.424692727971797,0.0056151877344446455,10.133333333333333,0.08422781561966985,2.323317273328334,4.467540720441965,0.025812797364778817,0.6666666666666666,-0.007728067226707935,0.01067493506707251,0.009358646179963317,0.011261892288785626,-0.04834548281647824,0.01067493506707251,0.011347907595336437,0.021655131597071886,0.013101943593937904,0.0,-0.0019425225327722728,0.030683762626722455,0.00643472489900887,-0.007728067226707935
MGNT,60,T_DONCH,trend,"{""n"": 80}",X0,False,-1,15,0.6,4.002504391234281,0.02362979794191513,125.13333333333334,0.35444696620106697,2.318692238294847,4.08391632499181,0.07960720168193802,0.6666666666666666,-0.028155667998362333,0.019988736137747765,0.039382996244563,0.0550614367735819,-0.06515507004470135,0.11436256556771696,-0.028155667998362333,0.004991017864085734,-0.0021682234946638346,-0.024613893125206232,0.06834707409143448,0.07509242644300684,0.019988736137747765,0.1266029307153076
MGNT,60,V_REGIME_TREND,volatility,"{""hi"": 0, ""n"": 20}",X2,False,-1,15,0.3333333333333333,5.44721444614085,0.022165565139115613,110.8,0.3324834808590822,2.3179220478753106,4.088762220366772,0.08920996193774045,0.5555555555555556,-0.025651648873463273,0.003960669273510575,0.036942608984342463,0.05669489766271869,-0.09437822595015861,0.0,0.0,0.003960669273510575,-0.010114516830071807,-0.025651648873463273,0.036562341498211026,0.149180953274481,0.06800584140000865,0.11053984111640602
MGNT,60,V_REGIME_TREND,volatility,"{""hi"": 0, ""n"": 20}",X0,False,-1,15,0.3333333333333333,5.408717815775454,0.022130090406558216,111.4,0.3319513588794507,2.315654335576652,4.0905845848696885,0.08974208391737193,0.5555555555555556,-0.0249305481556803,0.003960669273510575,0.036883484319938965,0.0566093253722045,-0.09401173205884475,0.0,0.0,0.003960669273510575,-0.010114516830071807,-0.0249305481556803,0.03530911880079657,0.149180953274481,0.06800584140000865,0.11053984111640602
NVTK,1440,V_RANGE_EXP,volatility,"{""fade"": 1, ""k"": 2.0}",X3,False,0,10,0.7,4.060975535531158,0.0328630787913532,5.0,0.32863078743685037,2.3153058970734715,4.187377136284625,0.07317571516614407,0.3333333333333333,0.0,0.0,0.03651453193742782,0.07895747464300562,-0.13521042311962472,0.05200012354180217,0.0,0.0,0.0,0.0,0.2548101164866239,0.0,0.0,0.021820547408424318
PLZL,15,R_EXTREME,meanrev,"{""m"": 10, ""z"": 3.0}",X5,False,0,44,0.7272727272727273,2.2009179386003637,0.002824699364513063,10.090909090909092,0.12428677098068874,2.3105934401852806,3.8650541051392238,0.039482357213273644,0.8888888888888888,-0.020276917101000436,0.010226226411759853,0.013809641220076527,0.01891247968328443,-0.029955038870721238,0.044742044527083635,0.004221152048557997,0.001011985121294856,0.017536539817228913,0.010226226411759853,0.020723082358017564,-0.020276917101000436,0.00573996058665216,0.0403626972110942
NVTK,60,R_VOLSPIKE_FADE,meanrev,"{""k"": 5.0, ""z"": 2.0}",X4,False,1,15,0.6666666666666666,3.8911227601178853,0.004919301349718789,9.4,0.07378952100407332,2.308818684591553,5.94015667934982,0.014881246839649975,0.6666666666666666,-0.011441218783147633,0.01067493506707251,0.008198835667119257,0.012768344653661758,-0.06981037489840909,0.01067493506707251,0.011347907595336437,0.021655131597071886,0.013101943593937904,0.0,-0.008667665591929108,0.030683762626722455,0.00643472489900887,-0.011441218783147633
ALRS,60,V_REGIME_TREND,volatility,"{""hi"": 1, ""n"": 20}",X0,False,-1,13,0.46153846153846156,3.7936474795041484,0.02861156723099416,131.3846153846154,0.37195037787569163,2.3052671490113625,4.262358500016381,0.11021360966515203,0.4444444444444444,-0.05168093041538668,0.0,0.04132781976396574,0.07392280131781312,-0.13365595172722078,0.0,0.0,-0.05168093041538668,-0.030757593893213198,-0.024279060016851872,0.09394234250066802,0.166393440682441,0.10878448106814176,0.10954769794989261
ALRS,30,T_DONCH_STOP,trend,"{""n"": 160}",X2,False,-1,21,0.5238095238095238,4.263999861869306,0.01809253364796985,172.14285714285714,0.37994319914650987,2.302943101179712,4.006245807722859,0.09827814879827201,0.4444444444444444,-0.015270628384314477,-0.005954380612820387,0.042215911016278876,0.06236188187896964,-0.11539778399157734,-0.013100995682179928,-0.005954380612820387,-0.011427166289649904,-0.015270628384314477,-0.00616751704365015,0.11495968891540542,0.14976449264213443,0.10380363569129258,0.06333606991029228
PLZL,1440,T_PRICE_MA,trend,"{""band"": 0.0, ""n"": 20}",X3,False,-1,15,0.5333333333333333,3.61857125652773,0.021228992146819572,4.333333333333333,0.31843487892183475,2.301500190956178,5.122132177557058,0.061642785323783755,0.4444444444444444,-0.03371821128530428,0.0,0.035381653213537194,0.06836829913648482,-0.12805562856867336,0.14888974564382806,-0.03371821128530428,-0.010451922251377255,0.0,0.01119947386905551,-0.01789878960698843,0.06865476723760366,-0.0055008697672747076,0.15726068508229218
MGNT,30,T_EMA_X,trend,"{""f"": 20, ""s"": 400}",X0,False,0,31,0.2903225806451613,2.9329121808237906,0.014732755765019496,223.96774193548387,0.4567154335672967,2.300180402084374,3.6972613516680704,0.16950395092135295,0.7777777777777778,-0.05735230032587424,0.06442713411524892,0.050746159285255193,0.06024142409411866,-0.03136381647184069,0.07712840364547446,-0.05735230032587424,0.05016314494423568,0.010333834448829293,-0.01827425858937204,0.06442713411524892,0.14470002858433872,0.06698787637287751,0.1186015703715384
ALRS,30,T_MTF,trend,"{""k"": 8, ""n"": 40}",X0,False,-1,12,0.4166666666666667,5.207351520434492,0.028749331249973326,307.0833333333333,0.34499196673641563,2.2994852480787324,3.6169987379719313,0.13726152060553432,0.4444444444444444,-0.036090216566663,0.0,0.038332440748490626,0.07143412853597392,-0.12728395678919557,0.0,0.0,0.0,-0.032994961860822514,0.0072620774153620005,0.14969758200459182,0.15347781986929476,0.10363966587465256,-0.036090216566663
NVTK,30,T_EMA_X,trend,"{""f"": 20, ""s"": 400}",X5,False,-1,19,0.7368421052631579,5.68286664274678,0.0060432543988453965,21.0,0.11482183248881483,2.2969121112712725,6.952669565508872,0.019110780442133546,0.8888888888888888,-0.0030424122232943773,0.011419152258895338,0.012757981387646092,0.01208069639603382,0.021516801830691372,0.011419152258895338,0.00530405156314373,0.019046535715460777,0.013258704508189112,0.0050805360078811646,0.025734183378517628,-0.0030424122232943773,0.0008285105286631733,0.03719257075135829
MGNT,60,V_REGIME_TREND,volatility,"{""hi"": 0, ""n"": 50}",X1,False,-1,11,0.09090909090909091,3.7504002732516066,0.023498579178728038,113.81818181818181,0.25848436835804023,2.2962792757047996,4.318437541063496,0.11372223237412982,0.3333333333333333,-0.02836123271845281,0.0,0.02872048537311558,0.05824930713118941,-0.15189828951753745,0.0,0.0,-0.00806037150323391,0.0,-0.026966585050104186,-0.02836123271845281,0.12050957209430635,0.07268128031864762,0.12868170521687716
MGNT,30,T_PRICE_MA,trend,"{""band"": 0.0, ""n"": 400}",X0,False,-1,50,0.12,2.5461878444043475,0.006907996005589837,86.96,0.34539980909903534,2.2961411806852166,3.7106213282422047,0.21017404133453965,0.5555555555555556,-0.0847158853430301,0.0423459179000929,0.03837775656655948,0.0780610718213808,-0.11398710084466873,0.12728025275282562,-0.0847158853430301,-0.003568340209312737,-0.014694771729409695,-0.05313593382015824,0.0423459179000929,0.1454005951527506,0.06731219912762754,0.11917577526764944
TATN,60,V_REGIME_TREND,volatility,"{""hi"": 0, ""n"": 20}",X3,False,-1,30,0.5,2.1810989280373136,0.004494160472230691,12.133333333333333,0.13482481566097704,2.290689607581759,4.469947231401778,0.02419085253495723,0.6666666666666666,-0.010177128249779344,0.01562849257970811,0.014980535073441893,0.016409679717699327,-0.04116164312018354,0.0,0.0,0.03255655232351273,0.005470606731250882,0.01562849257970811,-0.010177128249779344,0.03982867101149168,0.03254888183437288,0.0189687394304201
ALRS,30,V_REGIME_TREND,volatility,"{""hi"": 0, ""n"": 20}",X0,False,-1,33,0.42424242424242425,2.9371037236484927,0.011464313991485644,103.48484848484848,0.3783223632362933,2.2892089236517204,4.5735730571927675,0.11500559859086934,0.4444444444444444,-0.0421801546599454,0.0,0.04203581813736593,0.07449901064554125,-0.13007318606242346,0.0,-0.0421801546599454,-0.04052545374725014,-0.001450034906156361,-0.023388524306938052,0.10439082136144862,0.10984238306991756,0.10397105826996267,0.16766226815525442
LKOH,30,U_VOL_BREAK,volume,"{""k"": 3.0, ""n"": 20}",X1,False,1,57,0.45614035087719296,2.2362920220079743,0.0038477047294733072,20.649122807017545,0.2193191697297152,2.2881594559030525,5.054289294981668,0.037020186748122796,0.6666666666666666,-0.012871797458501533,0.012990581337362528,0.024368796636635024,0.035530560075704126,-0.06304467841994169,0.07259192410856485,0.03141101042274386,0.054961672867648304,-0.012871797458501533,-0.012588149460498244,0.0824922367464751,-0.011341801146045327,0.012990581337362528,0.0016734923119656742
ALRS,60,T_PRICE_MA,trend,"{""band"": 0.0, ""n"": 400}",X0,False,-1,33,0.15151515151515152,2.9875301918243276,0.012638179944704057,83.6969696969697,0.41705993689902243,2.285340193510189,3.827303513010296,0.1586082100693602,0.6666666666666666,-0.05136625954764895,0.054777352401288226,0.04633999298878027,0.07236918176371422,-0.06724720993059753,0.054777352401288226,-0.05136625954764895,-0.04290861077606678,-0.020036085858009756,0.008092712028883398,0.14509037585230544,0.14875427447259426,0.09379579982487485,0.08086037850080174
MGNT,30,V_REGIME_TREND,volatility,"{""hi"": 1, ""n"": 50}",X0,False,-1,12,0.5,5.58128528476631,0.027119779052535514,305.0833333333333,0.3254373535164632,2.284930554964837,4.063803164735287,0.09380549972411245,0.5555555555555556,-0.04391033761203289,0.022691544145345688,0.036159705946273685,0.06423639774615243,-0.10032063553522413,0.0,-0.01555081526748836,0.022691544145345688,-0.013608000590465963,-0.04391033761203289,0.05489370517898351,0.13935544464038685,0.031124748406000435,0.15044106461573392
MGNT,1440,T_DONCH_STOP,trend,"{""n"": 10}",X3,False,-1,11,0.6363636363636364,3.7392521326017225,0.03532863945040516,13.0,0.3886150339967571,2.284583947335048,3.545710662152343,0.15210125577868894,0.6666666666666666,-0.039076039334759116,0.03476887219585478,0.0431794482218619,0.06298165563519144,-0.06578431555169251,0.03476887219585478,-0.026673525280784816,0.009557707700878382,-0.010062818764708936,-0.039076039334759116,0.07623229478485882,0.15232099866261706,0.06855057721259072,0.12299696682021022
ROSN,15,R_EXTREME,meanrev,"{""m"": 5, ""z"": 4.0}",X2,False,-1,16,0.875,4.972043593311351,0.005390309272447954,9.125,0.08624494742707611,2.2839353658783055,6.146410195874223,0.013582354411482811,0.6666666666666666,-0.008130636997520924,0.007411562604829669,0.009582771936341791,0.011694813764894299,-0.056096067611318204,0.0,0.011524655390530825,-0.008130636997520924,0.007411562604829669,0.002545811618801963,0.02309690322726965,0.028342606034129858,0.0,0.021454045549035072
PLZL,60,V_SQUEEZE,volatility,"{""lb"": 500, ""n"": 20, ""pct"": 0.2}",X1,False,0,53,0.39622641509433965,2.124125203361819,0.00537386635718226,17.50943396226415,0.284814918979464,2.281805020937784,6.070349818656224,0.0927497299726383,0.6666666666666666,-0.04599307161879551,0.011127594974823296,0.03164610210882933,0.05724686746775628,-0.0870993184997506,0.0,-0.034863254928495735,0.004524594260146841,0.07677332742605358,0.0489136956166476,0.08402451680740342,0.1403075164416805,0.011127594974823296,-0.04599307161879551
ALRS,1440,T_HMA,trend,"{""n"": 256}",X4,False,0,14,0.35714285714285715,3.6918220809506206,0.031249263721838363,13.785714285714286,0.43748969371699786,2.2808018408900064,3.6866724314293906,0.10927105916198343,0.7777777777777778,-0.046828082951833494,0.03550191386057122,0.04860996596855532,0.06313992721079832,-0.04120723948463781,0.013945946004241705,-0.018772738010738976,0.04123759997310117,-0.046828082951833494,0.030179619090631604,0.1430635845172219,0.1466763000935316,0.09248555114027113,0.03550191386057122
PLZL,60,V_SQUEEZE,volatility,"{""lb"": 500, ""n"": 20, ""pct"": 0.2}",X0,False,0,50,0.42,2.141226340911435,0.00579965367771015,19.96,0.2899826861348629,2.2781079104109567,5.493697184995353,0.09786518207874906,0.5555555555555556,-0.057042053376790136,0.015420842287312553,0.03222029845942921,0.06168756817150033,-0.1133787686281012,0.0,-0.057042053376790136,0.015420842287312553,0.08776384347584099,0.053889262839220464,0.08669592760270461,0.14323579205665737,-0.0018042487790808082,-0.03817667997100216
PLZL,60,V_SQUEEZE,volatility,"{""lb"": 500, ""n"": 20, ""pct"": 0.2}",X2,False,0,50,0.42,2.135117512642829,0.005785113610725496,19.88,0.28925568455724715,2.277348732881008,5.552195065342933,0.10475120610681188,0.5555555555555556,-0.050883030926343054,0.015420842287312553,0.03213952050636079,0.06175024026942154,-0.11101657869959282,0.0,-0.050883030926343054,0.015420842287312553,0.08776384347584099,0.053889262839220464,0.08669592760270461,0.14323579205665737,-0.0005205230554565787,-0.04634642972268921
PLZL,1440,M_ACCEL,momentum,"{""n"": 10}",X3,False,-1,13,0.6153846153846154,6.38666682298649,0.022611300346781434,5.230769230769231,0.2939469031407498,2.2766733612496295,4.020393215649634,0.0635217553935945,0.5555555555555556,-0.0229305476823356,0.01820451079402119,0.032660767015638865,0.050120487734076125,-0.08747147681471339,0.02839611319359392,-0.0006499830633401871,-0.010769562388304621,0.0,0.04690740583464503,0.1356415021873545,0.01820451079402119,-0.0229305476823356,0.09914746426511556
ALRS,60,V_RANGE_EXP,volatility,"{""fade"": 1, ""k"": 3.0}",X0,False,0,25,0.64,3.094200130330874,0.01979254556441413,143.32,0.49481364821440366,2.275825190948477,3.7769754964853073,0.136612548987614,0.5555555555555556,-0.0891509366047103,0.06101408296672162,0.05497929424604485,0.08840221175966283,-0.09783918459405874,-0.0891509366047103,0.06101408296672162,-0.0034879418089985847,-0.013740820344537497,-0.006428823689930141,0.11548454087460414,0.22632320201955736,0.09548318188171834,0.10931716291997873
ROSN,60,V_REGIME_TREND,volatility,"{""hi"": 1, ""n"": 20}",X5,False,-1,29,0.6896551724137931,3.2766385700656055,0.006411873034453186,19.482758620689655,0.1859443193534389,2.2725069430051743,5.539724779478259,0.03559392999159172,0.5555555555555556,-0.02495975961210206,0.004373845586087555,0.020660479928159878,0.03579226019520271,-0.10444579158292477,0.0,0.0,0.004373845586087555,-0.007509783376008272,0.012520035088527948,0.04321662528673187,0.07145263231359422,-0.02495975961210206,0.08685072406660765
SBER,60,R_BB,meanrev,"{""k"": 3.0, ""n"": 100}",X1,False,-1,14,0.6428571428571429,4.116431736378748,0.006710063257685052,33.142857142857146,0.09394088681438006,2.2721635030324125,5.245615779941636,0.02107268405961804,0.6666666666666666,-0.010365305468440056,0.01566942222416401,0.010437876312708896,0.01231034927103533,-0.04555164128709901,0.019205249613150954,0.024332932895049453,0.01566942222416401,0.02053678419906646,0.0,0.006650409544818103,-0.010365305468440056,-0.00525953431497328,0.02317092812154442
PLZL,60,V_SQUEEZE,volatility,"{""lb"": 500, ""n"": 20, ""pct"": 0.2}",X5,False,0,50,0.42,2.0080340461030564,0.005122777273147721,14.46,0.25613886949849984,2.272080580303173,5.395758610129683,0.0882230255392642,0.5555555555555556,-0.052399651787709445,0.0066045805579051375,0.028459874388722203,0.055019182714680884,-0.11837655854760105,0.0,-0.052399651787709445,0.06329236500914703,0.09532195003703237,0.0066045805579051375,0.09715853139641695,0.08826591650722548,-0.004695877782069147,-0.03740894443944853
MGNT,30,T_PRICE_MA,trend,"{""band"": 0.0, ""n"": 400}",X1,False,-1,51,0.11764705882352941,2.5488100885794474,0.006777051457500626,83.03921568627452,0.3456296337826643,2.272020016732612,3.733477999854028,0.2161914260359481,0.5555555555555556,-0.09433534718118608,0.03872832946944982,0.03840329264251826,0.08000432454154623,-0.11827175427734732,0.13352746213786304,-0.09433534718118608,-0.005314906360581517,-0.006904175505042076,-0.05196029832586646,0.03872832946944982,0.1454005951527506,0.06731219912762754,0.11917577526764944
LKOH,30,T_EMA_X,trend,"{""f"": 5, ""s"": 200}",X5,False,0,80,0.55,1.8960516281262456,0.0024952897296891285,17.325,0.19962317687168252,2.271879440321773,6.098461308361071,0.05607864330522716,0.5555555555555556,-0.023052338394336402,0.01728343621653039,0.022180352985742502,0.04618607594248437,-0.09756495060194449,0.14397059340262786,0.023571112018544227,0.01728343621653039,-0.002193912921939045,-0.0023504744458477944,0.027759395423345268,-0.023052338394336402,-0.010357433697208762,0.02499279926996678
ROSN,30,V_REGIME_TREND,volatility,"{""hi"": 1, ""n"": 100}",X1,False,0,20,0.1,3.5786745518809697,0.01681605847253672,167.0,0.33632116635271814,2.270299508526595,4.419497136322187,0.0993620454100892,0.4444444444444444,-0.0381626789458096,0.0,0.03736901848363535,0.06819236013640496,-0.1303807258864595,0.0,-0.022090472280979156,-0.0381626789458096,-0.01670657060458325,-0.017291060532443225,0.15757499157916754,0.06264483113773167,0.08260347886243835,0.1277486471371958
ALRS,1440,M_ACCEL,momentum,"{""n"": 10}",X1,False,-1,12,0.5833333333333334,4.111883641215283,0.02523972559919691,7.333333333333333,0.3028767058895028,2.2694418450059,3.6882162109540193,0.06721250024565961,0.6666666666666666,-0.0349111407995224,0.019524700288457097,0.03365296732105586,0.053086731831115126,-0.07367162019039097,0.011356710456311703,-0.025772905151825398,-0.0349111407995224,-0.0010000004549510777,0.027791366999736056,0.10931725974660367,0.12194591794104781,0.07462479686364532,0.019524700288457097
ROSN,60,V_REGIME_TREND,volatility,"{""hi"": 0, ""n"": 20}",X0,False,-1,14,0.5,5.6846085163718625,0.021563511227358327,111.85714285714286,0.301889153153752,2.266660244488191,4.5447154757969725,0.04703252948820591,0.5555555555555556,-0.018108687887433916,0.00860499928239733,0.03354323923930577,0.058639159264381305,-0.09273519228484876,0.0,0.0,-0.018108687887433916,-0.017735569388605654,0.00860499928239733,0.034696508664637804,0.04255096905399114,0.07292941561900079,0.17895151780976448
SBER,1440,R_RSI,meanrev,"{""lo"": 20, ""n"": 3}",X1,False,1,13,0.8461538461538461,6.963351984882934,0.009035797176665392,3.1538461538461537,0.11746536252030637,2.26496769678779,5.851494815860082,0.019173740583937615,0.8888888888888888,0.0,0.005670809419825673,0.013051706946700707,0.012884574557703626,0.014429451201153312,0.03813479281961918,0.027369400020688772,0.0027071829535998404,0.0,0.0040240322559839115,0.00040481050382368267,0.005670809419825673,0.018707461043959484,0.02044687350280583
SBER,1440,R_RSI,meanrev,"{""lo"": 20, ""n"": 3}",X3,False,1,13,0.8461538461538461,6.963351984882934,0.009035797176665392,3.1538461538461537,0.11746536252030637,2.26496769678779,5.851494815860082,0.019173740583937615,0.8888888888888888,0.0,0.005670809419825673,0.013051706946700707,0.012884574557703626,0.014429451201153312,0.03813479281961918,0.027369400020688772,0.0027071829535998404,0.0,0.0040240322559839115,0.00040481050382368267,0.005670809419825673,0.018707461043959484,0.02044687350280583
MGNT,1440,T_DONCH_STOP,trend,"{""n"": 20}",X3,False,0,12,0.5833333333333334,3.3636890502119945,0.03419893964506494,12.916666666666666,0.41038727575869416,2.263545912368708,3.5888870950688845,0.1212655461677059,0.6666666666666666,-0.023694190371315926,0.02910916763357818,0.04559858619541046,0.05610662427665387,-0.054077443277583535,0.10995700943749398,-0.023694190371315926,0.02910916763357818,-0.010258870082907379,-0.021180814947001636,0.022375767137418734,0.11253166291862726,0.06855057721259072,0.12299696682021022
MGNT,1440,R_RSI,meanrev,"{""lo"": 20, ""n"": 2}",X3,False,-1,18,0.8333333333333334,3.7845054904205586,0.010159577367319095,2.7222222222222223,0.18287239491473883,2.259766326103487,4.147550471738887,0.05905102303950116,0.6666666666666666,-0.02258052071556449,0.02825685392599553,0.020319154990526538,0.030682747066242806,-0.06320171976770148,0.044648838229477406,-0.011883795901667327,-0.02258052071556449,0.06233454495668411,-0.01674267987255007,0.034324769920203835,0.006562225520610809,0.02825685392599553,0.05795215885154903
MGNT,1440,R_RSI,meanrev,"{""lo"": 20, ""n"": 2}",X1,False,-1,18,0.8333333333333334,3.7845054904205586,0.010159577367319095,2.7222222222222223,0.18287239491473883,2.259766326103487,4.147550471738887,0.05905102303950116,0.6666666666666666,-0.02258052071556449,0.02825685392599553,0.020319154990526538,0.030682747066242806,-0.06320171976770148,0.044648838229477406,-0.011883795901667327,-0.02258052071556449,0.06233454495668411,-0.01674267987255007,0.034324769920203835,0.006562225520610809,0.02825685392599553,0.05795215885154903
ALRS,30,T_DONCH_STOP,trend,"{""n"": 80}",X2,False,-1,37,0.3783783783783784,2.4200959818593932,0.010408065188007604,97.67567567567568,0.38509841804625466,2.2586498519903677,4.173228092018073,0.0888431583007332,0.6666666666666666,-0.024404811672866344,0.034135045018047094,0.042788713116250515,0.05911176879237146,-0.05694597166353102,0.034135045018047094,-0.02179150824667886,-0.013255843019578606,0.009726369782583788,-0.024404811672866344,0.10578015219653025,0.12402234305045567,0.039358730195090175,0.1315279407426715
MGNT,30,T_EMA_X,trend,"{""f"": 50, ""s"": 400}",X0,False,0,15,0.4666666666666667,3.589200466672348,0.029456608367097868,461.8,0.44184911812772043,2.257983297840865,3.479499348670556,0.1313003153190948,0.7777777777777778,-0.06891740235732868,0.05200761882588267,0.049094346458635606,0.06118413767277449,-0.042561534651886085,0.09079790237592533,-0.0007723121962044388,0.0325116760795936,0.009988524368964136,-0.06891740235732868,0.05200761882588267,0.14292293175822124,0.0661651830887422,0.11714499618392438
PLZL,30,V_REGIME_TREND,volatility,"{""hi"": 0, ""n"": 20}",X5,False,1,55,0.5272727272727272,2.203115874850113,0.0035062864624416496,18.763636363636362,0.19284575262281578,2.2572850371539865,6.072973465838223,0.04064222925808281,0.6666666666666666,-0.019449146813713014,0.016298112459480762,0.021427305846979532,0.03342975559993571,-0.0657052679517966,0.0,0.05632994358893484,0.0012449491041479632,0.09677105699665844,0.023101677506929263,-0.0029979726823512465,0.02154713246272877,0.016298112459480762,-0.019449146813713014
ALRS,60,T_PRICE_MA,trend,"{""band"": 0.5, ""n"": 200}",X0,False,-1,31,0.3225806451612903,2.9437179442030232,0.013832832881278997,86.80645161290323,0.42881781712821976,2.2554650883961513,3.802180678735102,0.1535936241853051,0.5555555555555556,-0.07220321625936776,0.05012218144838698,0.04764642412535775,0.07844664821902524,-0.09995129759007626,0.05012218144838698,-0.07220321625936776,-0.015623839397449046,-0.027025019167922437,-0.017796767759136856,0.12471508095040917,0.1585524589754641,0.12102159531787038,0.10705534301996522
ALRS,60,T_SUPERTREND,trend,"{""m"": 4.0, ""n"": 10}",X5,False,-1,25,0.56,3.0531706597782944,0.00809820796622206,21.0,0.20245520020762342,2.2527042541698807,5.599063945254458,0.03137590573169291,0.6666666666666666,-0.024681646726094186,0.012634055758098839,0.022495022245291492,0.035906755554770964,-0.07534621204751842,0.033732097945176065,-0.024681646726094186,0.03501277673058212,0.003929176018573344,-0.008882171707227826,0.012634055758098839,0.08550161868333817,-0.009194598998874426,0.07440389250405133
VTBR,60,T_EMA_X,trend,"{""f"": 50, ""s"": 100}",X3,False,-1,15,0.6666666666666666,3.10969207836233,0.005646714005034306,14.266666666666667,0.08470070754992776,2.2525645865380213,5.195121176726685,0.015458040434168652,0.7777777777777778,-0.015458040434168652,0.012129507027566433,0.009411189727769751,0.011787998670635782,-0.04510546767441231,0.016826121136546135,0.008394119562581182,-0.015458040434168652,0.005432641599327326,-0.0026208581402897835,0.023390736430883408,0.012129507027566433,0.013079982250928879,0.02352649811655283
MGNT,60,T_HMA,trend,"{""n"": 64}",X5,False,-1,63,0.6190476190476191,1.837530896055158,0.004684898818990069,21.0,0.2951486296406074,2.25111745810335,3.828800730294309,0.12846061049276614,0.6666666666666666,-0.033520692988531664,0.024318901501828805,0.032794292182289714,0.0638306584777369,-0.07746556866659295,0.1643893783329986,-0.027938533923588693,0.010207102473941632,-0.033520692988531664,-0.029117562477040337,0.036515236424747854,0.024318901501828805,0.03484077251050621,0.11545402778574498
ALRS,60,M_ROC_VOTE,momentum,"{""base"": 40, ""need"": 4}",X1,False,-1,29,0.3793103448275862,3.380065459274046,0.012146542597100893,57.06896551724138,0.35224974080119864,2.251048611729561,4.0443385918270645,0.09991578891640529,0.5555555555555556,-0.023873544936577673,0.0018129447707906365,0.03913886008902207,0.0649056502543578,-0.09912317517979964,-0.023873544936577673,0.0018129447707906365,-0.01317471475340426,-0.019872576522175223,-0.02354811888653785,0.08601926919072866,0.15745015372522175,0.08255906775593758,0.10487726045721502
NVTK,30,T_EMA_X,trend,"{""f"": 5, ""s"": 400}",X5,False,-1,28,0.6071428571428571,2.811404512404132,0.0055081291083304475,20.571428571428573,0.1542276137004137,2.250748784294233,5.126357315402582,0.031192008405923843,0.7777777777777778,-0.0032560168765485287,0.02096281573176384,0.01713640152226819,0.014360013979828714,0.018867811751385744,0.034220225032186136,0.01061963067331817,0.004082904197275639,0.02096281573176384,-0.002382449631113559,0.02589223743416369,0.03508942146777372,-0.0032560168765485287,0.02899884567159461
ROSN,30,R_EXTREME,meanrev,"{""m"": 3, ""z"": 4.0}",X4,False,-1,16,0.875,4.6574015256336265,0.007699309563746679,9.0625,0.12318895153293852,2.2505115476465574,5.834962344624667,0.02342797606252134,0.6666666666666666,-0.012921432498842478,0.005836032098159194,0.013687661281437613,0.019252803285286717,-0.06904854132162118,0.007956481786095537,-0.012921432498842478,0.0,0.004418088588863611,0.005836032098159194,0.04481896897777915,0.041981554590165615,0.0,0.031099257990717888
ROSN,15,R_GAP_FADE,meanrev,"{""z"": 0.5}",X3,True,-1,14,0.7142857142857143,5.143679642498729,0.00627557334237685,18.571428571428573,0.08785802568309009,2.2502146384301103,8.979095612539542,0.011022938415408134,0.6666666666666666,-0.003577705007046461,0.0035379028413444757,0.009762002853676677,0.013319460033298805,-0.05658799617663399,0.002892222721129656,0.0,0.0,0.0035379028413444757,-0.003577705007046461,0.03994954889640212,0.02432380523532629,0.007355005946010351,0.013377245049923658
ALRS,30,U_SIGNED_VOL,volume,"{""fade"": 0, ""n"": 100, ""thr"": 0.4}",X5,False,-1,10,0.8,14.264296157464212,0.00474482498080975,20.7,0.04744824950103066,2.2492760998710537,12.834270411565598,0.005398329347372055,0.6666666666666666,-0.0014831000007689,0.0007565838750451803,0.00527202772233674,0.007613059891223509,-0.060509807018356815,0.010919228196144104,0.004447368253750028,0.0,-0.0014831000007689,0.0007565838750451803,0.023558329652587418,0.00863872841000557,0.0,0.0006111111142672598
MGNT,60,T_EMA_X,trend,"{""f"": 10, ""s"": 200}",X0,False,0,27,0.2962962962962963,2.8188082183646666,0.016369857874972624,132.44444444444446,0.44198616774519905,2.2488299977988295,3.6586574132257144,0.15702780050924048,0.7777777777777778,-0.046093019016552716,0.04425398830790073,0.04910957419391101,0.05950946517529047,-0.03556284426548555,0.0841116796946153,-0.046093019016552716,0.04425398830790073,0.00933148618787527,-0.024687847471795976,0.043284951127134264,0.14535518881166354,0.06729117810027674,0.1191385620040819
ALRS,60,T_DONCH,trend,"{""n"": 40}",X2,False,-1,30,0.4666666666666667,2.7780450097069824,0.012541171788124635,59.56666666666667,0.3762351485220279,2.246948917783079,4.204767361873205,0.08730176154313085,0.6666666666666666,-0.02703849639510736,0.02329963876400143,0.04180390539133643,0.058244727563202654,-0.06219213880345058,0.02329963876400143,-0.016765215259511024,-0.006594125346964574,0.0024954339023679495,-0.02703849639510736,0.09644918487174436,0.11044451629277319,0.0503470990806818,0.1435971126120421
ALRS,30,T_PRICE_MA,trend,"{""band"": 0.5, ""n"": 400}",X0,False,-1,42,0.23809523809523808,2.78127573707418,0.010141383620943797,125.35714285714286,0.42593811018195993,2.244312058620058,3.7806064516809093,0.16150816722074524,0.5555555555555556,-0.09391429260722362,0.06289701591595076,0.047326456686884434,0.08087753791745476,-0.10403616740654124,0.06289701591595076,-0.09391429260722362,-0.013851653144229203,-0.027434783842181787,-0.007724141527432948,0.1291412278660573,0.15297663607634604,0.11951699515338987,0.1043311062912835
MGNT,30,T_EMA_X,trend,"{""f"": 10, ""s"": 400}",X1,False,-1,18,0.05555555555555555,3.2203172771514614,0.015513024744988089,193.22222222222223,0.2792344467306975,2.24213860776538,3.771743260153733,0.12120955565478653,0.4444444444444444,-0.03373766306322068,-0.006497465539723635,0.03102604963674417,0.06348751042624794,-0.13663136059095193,-0.006497465539723635,-0.03373766306322068,-0.010304189403541386,-0.02209062234032899,-0.03149170964024961,0.054090135963633657,0.14425162982661277,0.06678029111935757,0.11823403980815783
ROSN,30,R_EXTREME,meanrev,"{""m"": 3, ""z"": 4.0}",X2,False,-1,16,0.875,4.58406749212803,0.007697200181382543,9.125,0.1231552006356651,2.2420790456522592,5.706507213742672,0.024107733508571982,0.6666666666666666,-0.013692720094695687,0.005836032098159194,0.013683911181740567,0.019505384211620687,-0.07055927972600953,0.007956481786095537,-0.013692720094695687,0.0,0.004418088588863611,0.005836032098159194,0.04555650567635894,0.041981554590165615,0.0,0.031099257990717888
ALRS,15,M_TSMOM,momentum,"{""n"": 400, ""z"": 0.5}",X1,False,-1,24,0.041666666666666664,3.3734962559183574,0.01413423369817926,372.1666666666667,0.3392216097563505,2.241586167062672,3.6348878102473514,0.17916533506650012,0.5555555555555556,-0.059176982584176585,0.02399672835599631,0.03769128997292784,0.07592115983814912,-0.11110897141363421,-0.058529813890345395,-0.023320662978221662,-0.001893185661174357,-0.059176982584176585,0.02399672835599631,0.1440698528313078,0.14770797942765057,0.0931360655813478,0.07323162867396604
LKOH,15,V_REGIME_TREND,volatility,"{""hi"": 1, ""n"": 100}",X5,False,1,24,0.625,3.728358668807139,0.003977641806308632,21.0,0.09546340588713065,2.237965342265959,8.328835554952057,0.011026690481230617,0.7777777777777778,-0.008532408392056823,0.011414370965212584,0.010607045098570071,0.012401555057056708,-0.024841816382239805,0.0182140632532537,0.03670853143557906,0.005222003208473325,0.0025408545043319464,-0.008532408392056823,0.018553297617472708,0.011414370965212584,-0.00033427850576117635,0.011676971800625324
ROSN,60,R_GAP_FADE,meanrev,"{""z"": 0.5}",X4,True,-1,14,0.7142857142857143,6.934288498139703,0.011231867934136367,11.785714285714286,0.1572461505420506,2.2375389998618456,8.997533312959353,0.02010538475587964,0.5555555555555556,-0.0014180196449160576,0.002892222721129656,0.01747179450467229,0.024383817805444196,-0.07710232977586404,0.002892222721129656,0.0,0.0,0.0052329907193779945,-0.0010026288218796253,0.05669866828247905,0.060601252131164074,-0.0014180196449160576,0.03424166515469551
ALRS,30,T_PRICE_MA,trend,"{""band"": 0.5, ""n"": 400}",X2,False,-1,42,0.23809523809523808,2.7674058708537266,0.01011284943591537,125.28571428571429,0.42473967474688834,2.236616735915314,3.763978602131794,0.16459127241978422,0.5555555555555556,-0.09380032480112277,0.06478168567991816,0.047193297194098704,0.08123268576776362,-0.10375696416061841,0.06478168567991816,-0.09380032480112277,-0.013851653144229203,-0.030631856847321615,-0.007724141527432948,0.1291412278660573,0.15297663607634604,0.11951699515338987,0.1043311062912835
ROSN,30,R_EXTREME,meanrev,"{""m"": 3, ""z"": 4.0}",X2,False,0,27,0.7777777777777778,2.7832057265980406,0.005552721863936794,10.74074074074074,0.14992348906525876,2.2355282076079415,4.850963362400528,0.03271561372093856,0.6666666666666666,-0.013692720094695687,0.009905930608510971,0.01665816545169542,0.022917249887428097,-0.06378848532967696,0.023000483648502268,-0.013692720094695687,0.0,-0.00418979162350297,0.005836032098159194,0.054670090321451426,0.05454589519649744,0.019847568910336122,0.009905930608510971
PLZL,60,V_SQUEEZE,volatility,"{""lb"": 500, ""n"": 50, ""pct"": 0.2}",X3,False,-1,12,0.6666666666666666,3.2298390713845033,0.0060001533462677335,10.166666666666666,0.07200184091925621,2.2352284162186495,5.7643736552059055,0.017520572524517775,0.6666666666666666,-0.009886997751891613,0.009196319617331028,0.008000204546584023,0.012031519332028208,-0.06794507739237378,0.0,-0.009886997751891613,-0.007633574772626162,0.009196319617331028,0.0103310183621943,0.025678557343780994,0.016117801889777184,0.00373681727796793,0.02446189895272255
ALRS,1440,T_HMA,trend,"{""n"": 256}",X2,False,0,14,0.35714285714285715,3.6436394662031764,0.030689913516003475,13.857142857142858,0.4296587926455686,2.2338587848338065,3.593670525721165,0.11710196023341268,0.7777777777777778,-0.046828082951833494,0.030179619090631604,0.04773986584950762,0.06336811214894703,-0.04409521695251573,0.013945946004241705,-0.018772738010738976,0.04123759997310117,-0.046828082951833494,0.030179619090631604,0.1430635845172219,0.1466763000935316,0.09248555114027113,0.02767101278914197
ALRS,1440,T_HMA,trend,"{""n"": 256}",X0,False,0,14,0.35714285714285715,3.6436394662031764,0.030689913516003475,13.857142857142858,0.4296587926455686,2.2338587848338065,3.593670525721165,0.11710196023341268,0.7777777777777778,-0.046828082951833494,0.030179619090631604,0.04773986584950762,0.06336811214894703,-0.04409521695251573,0.013945946004241705,-0.018772738010738976,0.04123759997310117,-0.046828082951833494,0.030179619090631604,0.1430635845172219,0.1466763000935316,0.09248555114027113,0.02767101278914197
SBER,1440,R_BB_LIMIT,meanrev,"{""k"": 2.0, ""n"": 10}",X0,False,0,25,0.84,3.709737806015271,0.008138588105938958,6.56,0.2034647025684535,2.232639759809769,3.8033328305555716,0.07617249703616835,0.7777777777777778,-0.01300614728097571,0.010758391057606786,0.02260718917427261,0.030150936894902707,-0.037499444875835945,0.08474193362053484,0.04267861880362034,0.055065958469640464,0.0024695493339095265,-0.01300614728097571,0.017217386382981203,0.010511764565308113,0.010758391057606786,-0.006972752384172054
SBER,1440,R_BB_LIMIT,meanrev,"{""k"": 2.0, ""n"": 10}",X5,False,0,25,0.84,3.709737806015271,0.008138588105938958,6.56,0.2034647025684535,2.232639759809769,3.8033328305555716,0.07617249703616835,0.7777777777777778,-0.01300614728097571,0.010758391057606786,0.02260718917427261,0.030150936894902707,-0.037499444875835945,0.08474193362053484,0.04267861880362034,0.055065958469640464,0.0024695493339095265,-0.01300614728097571,0.017217386382981203,0.010511764565308113,0.010758391057606786,-0.006972752384172054
ALRS,1440,M_ACCEL,momentum,"{""n"": 10}",X2,False,-1,12,0.5833333333333334,3.997823040078952,0.025008320263281144,7.5,0.30009984085700125,2.2289988687246516,3.573760472771943,0.06998936527816113,0.6666666666666666,-0.04725859104655683,0.019524700288457097,0.03334442676188903,0.05391630530187326,-0.08024604184761842,0.011356710456311703,-0.016202319937292486,-0.04725859104655683,-0.0010000004549510777,0.027791366999736056,0.10931725974660367,0.12194591794104781,0.07462479686364532,0.019524700288457097
