code,tf,family,group,params,exit,eod,direction,trades,win,pf,avg_trade,hold_bars,total,sharpe,sortino,mdd,pmr,m_min,m_median,m_mean,m_std,score,m202510,m202511,m202512,m202601,m202602,m202603,m202604,m202605,m202606
ALRS,60,X_LEADLAG,cross,"{""a"": ""GD"", ""n"": 12, ""z"": 2.0, ""mode"": ""follow"", ""hold"": 3}",T,True,-1,30,0.6333333333333333,6.2372764212445215,0.004452718141411005,3.8,0.1335815453894611,3.439918018514107,17.60022997654006,0.005552161019295454,0.8888888888888888,-0.002694122027605772,0.01240555290132761,0.014842393932162344,0.014976049609670037,0.01754373069149303,0.023903211200376973,0.001602785661816597,0.02397165820002556,0.01240555290132761,-0.002694122027605772,0.014940493663743837,0.0044363983906805515,0.005883453588467091,0.04913211381062865
ALRS,60,X_LEADLAG,cross,"{""a"": ""GD"", ""n"": 12, ""z"": 2.0, ""mode"": ""follow"", ""hold"": 12}",T,True,-1,24,0.7916666666666666,6.206632642246221,0.007590435212912988,9.916666666666666,0.18217044562334195,3.0603024861269854,9.018014268913602,0.022636424517259,0.7777777777777778,-0.007776487618684769,0.01901430793805048,0.020241160624815773,0.019127809678646343,-0.005198464376856893,0.053389329463243484,0.010251410771161318,0.02910601906478405,0.01906665787100792,-0.007776487618684769,-0.0037648711586371064,0.01728941034525633,0.01901430793805048,0.045594668947160244
RN,60,X_LEADLAG,cross,"{""a"": ""MX"", ""n"": 3, ""z"": 1.0, ""mode"": ""fade"", ""hold"": 12}",T,True,-1,93,0.6236559139784946,2.773095000872113,0.0034956510489417866,9.161290322580646,0.3250955475741648,3.013705560966775,7.125110837598787,0.040091080707497895,0.8888888888888888,-0.0033797911601141095,0.014695921054226346,0.03612172750824053,0.04327497489758299,0.000616349841843146,0.03494162857532501,-0.0033797911601141095,0.05015058885328472,0.005009133470593952,0.014695921054226346,0.005102758608700242,0.06922350043896586,0.00895631778985262,0.14039548994333018
AFLT,60,X_LEADLAG,cross,"{""a"": ""GD"", ""n"": 12, ""z"": 2.0, ""mode"": ""follow"", ""hold"": 12}",T,True,-1,24,0.7083333333333334,6.369128727167977,0.005728827193316997,9.666666666666666,0.13749185090819083,2.8543503366553127,11.04498163547467,0.012391258031129837,0.8888888888888888,-0.004498251713812351,0.01581921416800469,0.015276872323132315,0.014324053081399555,0.024117738919043147,0.035720414480238105,0.003918985370546579,0.02605416439473629,0.0002211857063230127,-0.004498251713812351,0.01581921416800469,0.006274755112826824,0.016743062064051628,0.03723832132527605
RN,60,X_LEADLAG,cross,"{""a"": ""GD"", ""n"": 12, ""z"": 2.0, ""mode"": ""follow"", ""hold"": 12}",T,True,-1,24,0.6666666666666666,4.83057790081155,0.0063193752752497175,9.583333333333334,0.15166500717168674,2.846280666807077,6.873181556936896,0.02387036383152008,0.7777777777777778,-0.004609899595379829,0.01342151639983058,0.01685166746352075,0.017462784163096396,-0.01055446557867093,0.05028389557264745,-0.001598444941919297,0.018982021138072014,-0.004609899595379829,0.004714121110737324,0.04121380532160401,0.009206753922626376,0.01342151639983058,0.020051238243468106
ALRS,60,X_LEADLAG,cross,"{""a"": ""GD"", ""n"": 12, ""z"": 1.0, ""mode"": ""follow"", ""hold"": 12}",T,True,-1,70,0.5285714285714286,2.3160804511279154,0.00331081617213682,9.614285714285714,0.2317571290586784,2.732586273217206,5.545140349316629,0.048268784303218126,0.6666666666666666,-0.010766674589831382,0.007145036535803229,0.025750792117630934,0.04018579449888172,-0.06507717026668883,0.03628078132169321,0.00427841850250843,-0.0022382549941539764,0.007145036535803229,-0.010121221363078803,-0.010766674589831382,0.030972649110481143,0.05339484853902832,0.12281154599622823
MX,60,X_LEADLAG,cross,"{""a"": ""GD"", ""n"": 12, ""z"": 2.0, ""mode"": ""follow"", ""hold"": 12}",T,True,-1,23,0.6956521739130435,4.532842707686933,0.004652522064928952,9.869565217391305,0.10700800776157848,2.671146794081186,9.403308466773035,0.008057291619479656,0.7777777777777778,-0.008057291619479656,0.010600321926176548,0.011889778640175387,0.014229360861418596,-0.027878594281811823,0.034047993016429245,-0.003932365856599063,0.019059056416153908,0.010600321926176548,-0.008057291619479656,0.03400037554092705,0.003861111587866617,0.0033995744306594133,0.014029232319444418
ROSN,60,X_LEADLAG,cross,"{""a"": ""GD"", ""n"": 12, ""z"": 2.0, ""mode"": ""follow"", ""hold"": 12}",T,True,-1,25,0.76,3.9341222096824304,0.005652555243860309,9.72,0.14131388050009264,2.6368194530935916,5.512462975199533,0.029699308332055807,0.8888888888888888,-0.003316383110359311,0.009452078957110643,0.01570154227778807,0.013550980831838307,0.02067287488273529,0.0339328283953364,-0.003316383110359311,0.020556047558784485,0.0034034475684165955,0.00458280136808753,0.033084648195654154,0.007867875508964062,0.009452078957110643,0.03175053605809808
ALRS,60,X_LEADLAG,cross,"{""a"": ""GD"", ""n"": 6, ""z"": 1.0, ""mode"": ""fade"", ""hold"": 12}",T,True,-1,128,0.5703125,1.8004195929132099,0.0029985289592234622,10.2421875,0.383811712035822,2.624404042223028,5.018094615724938,0.10352028725901619,0.5555555555555556,-0.03954886959400028,0.022357203473802656,0.042645745781758,0.07121638362864166,-0.09567324948224819,-0.003434815225773491,-0.03954886959400028,-0.002440640644636005,0.03610674453739193,-0.027519535506144166,0.022357203473802656,0.11613516850047745,0.09323655243497342,0.18891990405973047
ALRS,60,X_LEADLAG,cross,"{""a"": ""GD"", ""n"": 12, ""z"": 1.0, ""mode"": ""fade"", ""hold"": 12}",T,True,-1,105,0.5619047619047619,1.9102282785729578,0.002945203055265698,10.571428571428571,0.3092463207080982,2.6014417691328124,5.103370805209127,0.050906502816360444,0.8888888888888888,-0.0014482855331152678,0.025495432122170314,0.0343607023008998,0.03090441166863416,0.02756217341076477,0.047966305748559535,0.025495432122170314,0.0020287178340367973,0.012909120458061807,-0.0014482855331152678,0.02511053445050493,0.026389429112896323,0.09503091953229159,0.07576414698269218
MGNT,60,X_LEADLAG,cross,"{""a"": ""GD"", ""n"": 12, ""z"": 1.0, ""mode"": ""follow"", ""hold"": 12}",T,True,-1,69,0.5507246376811594,2.2340868421174567,0.003204495577985079,9.826086956521738,0.2211101907887496,2.5778954111830648,5.7731423596642975,0.035686961869942024,0.6666666666666666,-0.023753751418553293,0.012456061434932053,0.024567798976527735,0.040935569921590746,-0.0743840254902835,-0.023753751418553293,0.00833830371266231,-0.010274998057866469,0.012456061434932053,-0.008896378451026976,0.028232083335751668,0.042967125424183905,0.053635453688912094,0.11840629111975431
ALRS,60,X_LEADLAG,cross,"{""a"": ""GD"", ""n"": 3, ""z"": 1.0, ""mode"": ""fade"", ""hold"": 12}",T,True,-1,154,0.5324675324675324,1.6446174304507206,0.0023740184746135116,10.435064935064934,0.3655988458685897,2.563580498057113,4.719610567399177,0.1219720511817286,0.6666666666666666,-0.036324812827842834,0.06050151235831436,0.04062209398539886,0.055157054374950026,-0.05149214340623297,0.06050151235831436,-0.027788390966634324,-0.036324812827842834,-0.0114172844478162,0.008029593009268865,0.08021991793066263,0.1272327173501253,0.079022096702829,0.0861234967596829
MGNT,60,X_LEADLAG,cross,"{""a"": ""SBER"", ""n"": 1, ""z"": 1.0, ""mode"": ""fade"", ""hold"": 12}",T,True,-1,166,0.6024096385542169,1.609614613885816,0.0024562821604776435,11.120481927710843,0.4077428437740309,2.560262458102163,4.062612538142642,0.09616621499299072,0.5555555555555556,-0.024522215040633455,0.013034578296355903,0.045304760419336766,0.07086906331517259,-0.09100167946750065,0.09507980648777448,-0.024522215040633455,-0.01220831973478198,-0.011033584334654734,-0.01632524246815592,0.04878773866221309,0.13143542398756836,0.013034578296355903,0.18349465791834518
MGNT,60,X_LEADLAG,cross,"{""a"": ""SBER"", ""n"": 3, ""z"": 1.0, ""mode"": ""fade"", ""hold"": 12}",T,True,-1,129,0.5891472868217055,1.7249625721816364,0.0027596384208319713,10.48062015503876,0.35599335795268416,2.4916943618273555,4.1697509072723316,0.08624186387169175,0.6666666666666666,-0.042102971812710166,0.02005640559946187,0.039554817550298244,0.06850854411508876,-0.07614054838669475,0.08372638607397676,-0.003293824993306771,-0.019926096545532346,0.0020761211053468287,-0.042102971812710166,0.02005640559946187,0.08999744313769042,0.03146132017718628,0.1939985752105713
GZ,60,X_LEADLAG,cross,"{""a"": ""GD"", ""n"": 12, ""z"": 2.0, ""mode"": ""follow"", ""hold"": 12}",T,True,-1,23,0.6521739130434783,3.7153359997533473,0.005114392263124666,9.869565217391305,0.11763102258555591,2.4750740996510774,7.341993422967742,0.01859699684428051,0.7777777777777778,-0.006926093250513077,0.008241704665124416,0.013070113620617323,0.015468648431842981,-0.02945205234180244,0.028286014741752297,-0.006926093250513077,0.024746591225266457,0.008241704665124416,-0.005272095091640949,0.01619741477770731,0.0029257400892674923,0.006797811947762966,0.042633933480829
NVTK,60,X_LEADLAG,cross,"{""a"": ""MX"", ""n"": 3, ""z"": 2.0, ""mode"": ""fade"", ""hold"": 3}",T,True,-1,26,0.6923076923076923,3.354210184304928,0.002909191725390329,3.923076923076923,0.07563898469379637,2.472375947161987,6.335799104749004,0.014983497094362974,0.6666666666666666,-0.002544534858316183,0.0023232444655150175,0.008404331632644042,0.01391850679340708,-0.06353872233758143,0.0023232444655150175,-0.001628825906664133,0.01552199898287654,0.007371852523647249,0.0014268746599555016,0.04466653686540667,0.008501837961375713,0.0,-0.002544534858316183
MGNT,60,X_LEADLAG,cross,"{""a"": ""MX"", ""n"": 3, ""z"": 2.0, ""mode"": ""follow"", ""hold"": 12}",T,True,-1,32,0.59375,3.4453554642206026,0.005475327471913897,8.9375,0.1752104798797518,2.4675675937588015,6.848438370778851,0.026867104694247246,0.7777777777777778,-0.004482656018808484,0.010578718269243836,0.0194678310977502,0.029204533889987276,-0.03182760249786386,0.026349566993303597,0.0020742842461913824,-0.00041528360452502966,0.010578718269243836,0.005120635498315096,0.01797052746405825,0.02064434700878337,-0.004482656018808484,0.09737034002318978
GMKN,60,X_LEADLAG,cross,"{""a"": ""GD"", ""n"": 6, ""z"": 2.0, ""mode"": ""follow"", ""hold"": 12}",T,True,-1,29,0.6551724137931034,3.265143605587647,0.0037553037775741966,7.551724137931035,0.10890380965975055,2.4588495196873277,5.200962059598186,0.02359667792916298,0.7777777777777778,-0.011881334707140923,0.014360736240632832,0.012100423295527839,0.015065165450388603,-0.032515878186405583,0.03528177796397358,-0.008039488959184382,0.014360736240632832,-0.011881334707140923,0.01859721696928318,0.028149029589258134,0.0035103035625070333,0.022669188678264618,0.006256380322156474
MGNT,60,X_LEADLAG,cross,"{""a"": ""SR"", ""n"": 3, ""z"": 1.0, ""mode"": ""follow"", ""hold"": 12}",T,True,-1,87,0.5517241379310345,1.9380950943441768,0.0029851154071220774,9.931034482758621,0.2597050415643025,2.4145223001175125,4.819458911237416,0.05769938608864322,0.7777777777777778,-0.053810336685273796,0.0156625168165192,0.028856115729366947,0.059821410585283695,-0.0678344965747016,0.046136404387652874,0.0010698925470933318,-0.01689383201301098,0.0156625168165192,0.003098574932664633,0.049756120453821495,0.041710310673806816,-0.053810336685273796,0.17297539045102894
SR,60,X_LEADLAG,cross,"{""a"": ""GD"", ""n"": 12, ""z"": 2.0, ""mode"": ""follow"", ""hold"": 12}",T,True,-1,23,0.6086956521739131,3.5924172043848706,0.003061624855936456,9.869565217391305,0.07041737213876331,2.378870541349833,6.858805812643216,0.008250337094068527,0.7777777777777778,-0.0034626913256943226,0.002958667930215597,0.00782415245986259,0.00964254098602354,-0.0325219434589088,0.024163317633792758,-0.0034626913256943226,0.015382219105958939,0.006768067833036184,0.002958667930215597,0.022219633334316313,0.002541457513871137,-0.000601764302700758,0.00044846441596746445
MGNT,60,X_LEADLAG,cross,"{""a"": ""SBER"", ""n"": 3, ""z"": 1.0, ""mode"": ""follow"", ""hold"": 12}",T,True,-1,103,0.5825242718446602,1.7954670535354962,0.002578817819715766,10.155339805825243,0.26561823290830944,2.3507024803447836,4.2184827188469205,0.044996313052251935,0.5555555555555556,-0.038800986716523767,0.03811122348997742,0.029513136989812158,0.05331768132171388,-0.09513570711876597,0.06217509030830115,-0.018073597457259893,0.03811122348997742,-0.02033236500574276,-0.005329638719558716,0.042235125685692765,0.06470064976019785,-0.038800986716523767,0.1409327315632254
GAZP,60,X_LEADLAG,cross,"{""a"": ""GD"", ""n"": 12, ""z"": 2.0, ""mode"": ""follow"", ""hold"": 12}",T,True,-1,23,0.6956521739130435,3.2987648764828923,0.00498412272406737,9.91304347826087,0.11463482381077483,2.3482032548943255,6.562801618337014,0.0235613863915205,0.7777777777777778,-0.006736784242093563,0.011290238006040454,0.012737202645641647,0.015589986737797188,-0.026071481918283148,0.02543810202041641,-0.006736784242093563,0.025430208072066307,0.00816500373184681,-0.006675477605313063,0.011290238006040454,0.002419969066977501,0.011302742175757885,0.044000822585076094
MGNT,60,X_LEADLAG,cross,"{""a"": ""GD"", ""n"": 3, ""z"": 2.0, ""mode"": ""follow"", ""hold"": 12}",T,True,-1,38,0.631578947368421,2.464369803891299,0.0030807566908784218,9.052631578947368,0.11706875410163775,2.305221543558845,5.090422384426508,0.02218324039131403,0.7777777777777778,-0.0036073477822355926,0.010266297846101224,0.013007639344626417,0.020051830395627093,-0.03065929265524582,-0.0034382902085781097,-0.0036073477822355926,0.017920299142133445,0.0009661531075835228,0.003989245044067502,0.013014446594752371,0.010266297846101224,0.011912777612451464,0.06604517274536192
BR,60,X_LEADLAG,cross,"{""a"": ""Si"", ""n"": 6, ""z"": 2.0, ""mode"": ""follow"", ""hold"": 3}",T,True,-1,37,0.5675675675675675,2.9633895428177244,0.0031916283236328074,3.864864864864865,0.11809024820104241,2.288209926472222,6.208089680547328,0.026520783139858395,0.6666666666666666,-0.019396361254621297,0.008785000012721866,0.013121138689004712,0.023889807719528425,-0.08062025492832428,-0.0029827895341441035,0.01483140594791621,-0.019396361254621297,0.010657692211680114,0.008785000012721866,0.06359259830787778,0.042963907122612,9.736977517604828e-05,-0.0004585743881762028
MGNT,60,X_LEADLAG,cross,"{""a"": ""SR"", ""n"": 12, ""z"": 1.0, ""mode"": ""fade"", ""hold"": 12}",T,True,-1,76,0.631578947368421,1.9219770519205133,0.002703560149925096,10.105263157894736,0.2054705736663891,2.2793762233085784,3.9180893116221065,0.03784077614545822,0.5555555555555556,-0.015158361988142133,0.020221682265400887,0.0228300637407099,0.03277259992177323,-0.08095660672585676,0.05593288131058216,0.023218903588713147,-0.002692757989279926,-0.0027411182527430356,-0.013393505272688344,0.06528506684117019,0.020221682265400887,-0.015158361988142133,0.07479778316337615
ALRS,60,X_LEADLAG,cross,"{""a"": ""GD"", ""n"": 3, ""z"": 2.0, ""mode"": ""follow"", ""hold"": 12}",T,True,-1,40,0.575,2.4430232124173807,0.0038286671358695326,9.3,0.15314668224891648,2.247435260505578,5.174922901259017,0.025755785405635834,0.7777777777777778,-0.0062582543469034135,0.017348692286759615,0.017016298027657386,0.01824568097956788,-0.011133766459567464,0.029080055886879563,0.0026668402715586126,0.017348692286759615,0.0017323140054941177,-0.0062582543469034135,-0.005290153552778065,0.043873526621609926,0.03361849318025634,0.036375167896039784
ALRS,60,X_LEADLAG,cross,"{""a"": ""GD"", ""n"": 12, ""z"": 2.0, ""mode"": ""fade"", ""hold"": 12}",T,True,-1,39,0.5384615384615384,2.720189736675674,0.0041771199624256305,9.923076923076923,0.16290767874215817,2.220900890460378,5.499885078448701,0.02595120546175167,0.7777777777777778,-0.010714248346630484,0.016152814496308565,0.01810085319357313,0.02061143860533423,-0.023888665630706553,0.05123085936065763,0.009082704628781357,0.021789386868476868,0.004296198487281799,-0.010714248346630484,-0.007652353204321116,0.03494240180589259,0.016152814496308565,0.04377991464571096
GMKN,60,X_LEADLAG,cross,"{""a"": ""GD"", ""n"": 12, ""z"": 2.0, ""mode"": ""follow"", ""hold"": 12}",T,True,-1,23,0.6956521739130435,3.3903831999814225,0.00471171818736223,9.695652173913043,0.10836952038516756,2.215427896019881,4.758204760669846,0.022759681567549706,0.6666666666666666,-0.022759681567549706,0.01159344706684351,0.012041057820574174,0.019352560142269375,-0.08422682007626668,0.03699899806815665,-0.008667051617521793,0.017098436132073402,0.01159344706684351,-0.022759681567549706,0.037161124404519796,-0.0007783178007230163,0.009019643999636173,0.028702921699732542
LKOH,60,X_LEADLAG,cross,"{""a"": ""MX"", ""n"": 6, ""z"": 2.0, ""mode"": ""follow"", ""hold"": 3}",T,True,-1,16,0.625,4.180954800710925,0.0030059042040776742,4.0,0.04809446670697071,2.2135014550426306,6.912873882174729,0.0060215722769498825,0.4444444444444444,-0.0060215722769498825,0.0,0.005343829634107856,0.008963118614904082,-0.1269824509716102,0.0,0.0,0.0016517217736691236,-0.0002479917311575264,0.0,0.01543591869994998,0.01664259296376258,-0.0060215722769498825,0.02063379727769643
SR-MX,15,X_PAIR,cross,"{""w"": 1000, ""zin"": 3.0, ""zout"": 0.5, ""hold"": 50, ""beta"": 0.886}",S,True,0,11,0.6363636363636364,1.6543863480682317,0.001236514245177378,38.09090909090909,0.015926974985632114,2.197487933644672,8.243322115395872,0.0021680390927940607,0.6666666666666666,-0.0016207974986173213,0.0016457102028653026,0.001769663887292457,0.002027372781980525,-0.05215662582223066,0.0,0.000835524289868772,0.004606319838785566,0.004345870082033798,0.0,0.0026408128906041384,-0.0016207974986173213,0.0016457102028653026,0.003473535180091858
SR-MX,15,X_PAIR,cross,"{""w"": 1000, ""zin"": 3.0, ""zout"": 0.5, ""hold"": 0, ""beta"": 0.886}",S,True,0,11,0.6363636363636364,1.8373445311994272,0.0016703261787891417,40.36363636363637,0.02103665420145262,2.1645936940090396,10.205032184814488,0.0021680390927940607,0.6666666666666666,-0.0005107601173222065,0.0012029537465423346,0.0023374060223836247,0.0025774680002773357,-0.040710617696046295,0.0,0.000835524289868772,0.004606319838785566,0.0037195943878032267,0.0,0.007709486875683069,-0.0005107601173222065,0.0012029537465423346,0.003473535180091858
SR-MX,15,X_PAIR,cross,"{""w"": 1000, ""zin"": 3.0, ""zout"": 0.0, ""hold"": 50, ""beta"": 0.886}",S,True,0,11,0.5909090909090909,1.5452652776935798,0.0010609422405031162,39.36363636363637,0.013917841177317314,2.1591234092403426,7.203455023885297,0.0021680390927940607,0.6666666666666666,-0.0016207974986173213,0.0016457102028653026,0.0015464267974797015,0.0018326781593931596,-0.054049736176733774,0.0,0.000835524289868772,0.004606319838785566,0.002336736273718998,0.0,0.0026408128906041384,-0.0016207974986173213,0.0016457102028653026,0.003473535180091858
GMKN,15,X_LEADLAG,cross,"{""a"": ""GD"", ""n"": 6, ""z"": 2.0, ""mode"": ""follow"", ""hold"": 12}",T,True,0,186,0.4838709677419355,1.4808027859290125,0.0011799589200342775,12.241935483870968,0.2194723600487123,2.1560993974698537,3.819736566248258,0.047069110099982936,0.7777777777777778,-0.013093157183902804,0.009243852779036388,0.024385817783190253,0.032541488872826825,-0.03906351834752242,0.009243852779036388,-0.013093157183902804,0.006714610033668578,0.07765314349671826,-0.01110203070766147,0.033455733326263726,0.0007934002205729485,0.04055701912147924,0.07524978896253742
VTBR,60,X_LEADLAG,cross,"{""a"": ""GD"", ""n"": 12, ""z"": 2.0, ""mode"": ""fade"", ""hold"": 3}",T,True,-1,61,0.4918032786885246,2.063140934409221,0.0019953808406536857,3.819672131147541,0.12171823327662423,2.1461951331976605,5.093308509555041,0.025965346954762936,0.7777777777777778,-0.014543757773935795,0.015222410554997623,0.013524248141847137,0.013926412393598047,-0.025762478992608497,0.01305324089480564,0.01893900759750977,-0.0007284613093361259,0.015222410554997623,-0.014543757773935795,0.01968337729340419,0.01020764047279954,0.021754549932666123,0.038130225613713264
SBER,60,X_LEADLAG,cross,"{""a"": ""GD"", ""n"": 12, ""z"": 2.0, ""mode"": ""follow"", ""hold"": 12}",T,True,-1,24,0.625,3.0951028127311955,0.0024011577325284642,9.666666666666666,0.05762778515054379,2.134061131360768,5.790747406891939,0.009163635550066829,0.7777777777777778,-0.0042958102421835065,0.0036366546992212534,0.00640308723894931,0.008153935405241355,-0.03666247559507963,0.021555749466642737,-0.0042958102421835065,0.013410595245659351,0.006611952092498541,0.0019879883620887995,0.015357631447841413,0.001614428882021457,-0.0022514048032462597,0.0036366546992212534
MX,60,X_LEADLAG,cross,"{""a"": ""GD"", ""n"": 12, ""z"": 1.0, ""mode"": ""follow"", ""hold"": 12}",T,True,-1,73,0.5616438356164384,1.8164129449013446,0.0016710922066643851,9.10958904109589,0.1219897309638327,2.10361268396684,3.675959387997821,0.036992262525018305,0.7777777777777778,-0.021416147763375193,0.017086681807995774,0.013554414551536966,0.018594151079983846,-0.04749253874595344,0.03654260013718158,-0.021416147763375193,0.012580797774717212,0.00502230366691947,-0.0076191172120161355,0.017086681807995774,0.018022646487224847,0.02075871336273849,0.041011252702446654
SR-MX,15,X_PAIR,cross,"{""w"": 1000, ""zin"": 3.0, ""zout"": 0.0, ""hold"": 0, ""beta"": 0.886}",S,True,0,11,0.5909090909090909,1.6847903162915978,0.0015345942280433238,42.18181818181818,0.019187307407264598,2.091170500215765,9.307900760071618,0.0021680390927940607,0.6666666666666666,-0.0005107601173222065,0.0012029537465423346,0.002131923045251622,0.0025324089249200306,-0.04386102374919758,0.0,0.000835524289868772,0.004606319838785566,0.001870247593615204,0.0,0.007709486875683069,-0.0005107601173222065,0.0012029537465423346,0.003473535180091858
RN,60,X_LEADLAG,cross,"{""a"": ""SR"", ""n"": 6, ""z"": 2.0, ""mode"": ""fade"", ""hold"": 12}",T,True,0,48,0.6041666666666666,1.959589086785164,0.0032760216991894295,9.541666666666666,0.15724904261878692,2.0655293566818234,3.375341250994678,0.05863179545849562,0.6666666666666666,-0.012847722508013248,0.009538219892419875,0.01747211584653188,0.02503261397705482,-0.06629159019522916,0.006883124588057399,-0.012847722508013248,0.02595721371471882,0.009538219892419875,-0.00915567428455688,0.04916386475088075,0.06236414477461949,-0.006016075145453215,0.03136194683611393
RN,60,X_LEADLAG,cross,"{""a"": ""SR"", ""n"": 3, ""z"": 2.0, ""mode"": ""fade"", ""hold"": 12}",T,True,-1,34,0.7352941176470589,2.9770278850790928,0.006042656561617269,10.705882352941176,0.20545032649533823,2.0593606161008995,4.533687723235912,0.08855757012497634,0.6666666666666666,-0.04610148933716118,0.006591045123059303,0.02282781405503758,0.04591484515364419,-0.09416676096819546,-0.0022142978850752115,0.003151955083012581,0.03500211564823985,0.01175888767465949,0.006591045123059303,-0.04610148933716118,0.08046071976423264,0.0,0.11680139042437077
GAZP,60,X_LEADLAG,cross,"{""a"": ""GD"", ""n"": 12, ""z"": 2.0, ""mode"": ""fade"", ""hold"": 12}",T,True,-1,47,0.5319148936170213,2.0404023593979645,0.0027839693190561134,9.829787234042554,0.13084656003047712,2.039304913759987,4.776925793574917,0.02624477364588529,0.5555555555555556,-0.014893570332787931,0.015238204330671579,0.014538506670053013,0.025586949046606206,-0.09345537348040117,0.015238204330671579,-0.014893570332787931,0.024435860570520163,-0.008917661849409342,-0.007249210408190265,0.051767762983217835,0.018096141051501036,-0.007227333262562752,0.0595963669475168
NVTK,60,X_LEADLAG,cross,"{""a"": ""SBER"", ""n"": 6, ""z"": 2.0, ""mode"": ""follow"", ""hold"": 12}",T,True,0,38,0.5263157894736842,2.4059070007160788,0.004937006610716822,9.289473684210526,0.18760625045615598,2.0119233442717785,5.477426961039208,0.052468820358626544,0.4444444444444444,-0.021659294958226383,0.0,0.020845138939572887,0.041765840883005036,-0.13089469034257403,0.09433287614956498,-0.005610044521745294,-0.006691145361401141,0.0217740535736084,-0.021659294958226383,0.030303182542411378,-0.01696266233921051,0.0,0.09211928537115455
BR,60,X_LEADLAG,cross,"{""a"": ""Si"", ""n"": 12, ""z"": 2.0, ""mode"": ""follow"", ""hold"": 3}",T,True,0,59,0.6101694915254238,1.8813808059789328,0.0019957590427553736,3.457627118644068,0.11774978548601212,2.0062428385794226,3.312873358933606,0.038253397680819035,0.8888888888888888,-0.005894102388992906,0.013765627518296242,0.013083309498445791,0.012469388503435548,0.01839515666185526,0.014497015747110709,0.013765627518296242,0.0019674573850352317,0.02526813338045031,0.0033634331193752587,-0.005894102388992906,0.010423224186524749,0.01565180695615709,0.038707189582055435
BR,60,X_LEADLAG,cross,"{""a"": ""Si"", ""n"": 12, ""z"": 2.0, ""mode"": ""follow"", ""hold"": 12}",T,True,0,51,0.5882352941176471,3.262247347198378,0.007281094605010029,8.254901960784315,0.3713358224486001,1.9983080433981597,8.98930832167671,0.036865923553705215,0.6666666666666666,-0.013880161888664588,0.017055437492672354,0.041259535827622235,0.08082528692589239,-0.06769601235893942,-0.013880161888664588,-0.013160078087821603,0.003982134163379669,0.042558538843877614,0.017055437492672354,0.2602545181289315,-0.009846020489931107,0.031157668912783265,0.05321378537337296
ALRS,60,X_LEADLAG,cross,"{""a"": ""GD"", ""n"": 6, ""z"": 1.0, ""mode"": ""follow"", ""hold"": 12}",T,True,-1,90,0.5,1.7349995659987492,0.0027672274338537144,9.433333333333334,0.2490504671650342,1.9820918448311122,3.427387264279057,0.04901086073368788,0.8888888888888888,-0.010121221363078803,0.0075128518510609865,0.027672274129448244,0.03663563195655313,-0.012770094779841977,0.0075128518510609865,0.004932944916617998,0.005557472351938486,0.0009682810050435364,-0.010121221363078803,0.010774971451610327,0.10347815554996487,0.06372382410336286,0.06222318729851395
MX,60,X_LEADLAG,cross,"{""a"": ""SR"", ""n"": 12, ""z"": 1.0, ""mode"": ""fade"", ""hold"": 12}",T,True,-1,37,0.6216216216216216,2.3545808559315486,0.0023298600630909,8.945945945945946,0.08620482220339909,1.9782535152838734,3.847432151093757,0.020630858838558197,0.6666666666666666,-0.010299693094566464,0.006577753926649166,0.009578313578155454,0.013222374390199632,-0.06723447487498665,0.0,0.006379551428835839,0.029930116375908256,-0.0010071171855088323,-0.010299693094566464,0.03177632007282227,0.006577753926649166,0.006865735398605466,0.015982155280653387
GZ,60,X_LEADLAG,cross,"{""a"": ""GD"", ""n"": 6, ""z"": 2.0, ""mode"": ""fade"", ""hold"": 12}",T,True,-1,67,0.5223880597014925,1.7807636250731502,0.0019247142026743841,9.223880597014926,0.12895585377737007,1.9752516051264457,3.9984234343482217,0.028946455160621554,0.5555555555555556,-0.018361777649261057,0.021170861242353567,0.014328428197485563,0.02148728232229271,-0.0851832686955227,0.021427500098070595,-0.001738370832754299,0.04808509373833658,-0.018361777649261057,-0.0047103119431994855,0.021170861242353567,0.03140252782031894,-0.0057612317614257336,0.03744156306493096
RN,60,X_LEADLAG,cross,"{""a"": ""GD"", ""n"": 6, ""z"": 2.0, ""mode"": ""fade"", ""hold"": 12}",T,True,-1,67,0.6417910447761194,1.9011234642844212,0.002324062207603316,8.835820895522389,0.15571216952957911,1.967531403457408,2.837394398173117,0.06402521708514541,0.6666666666666666,-0.03478303912561387,0.02623892482370138,0.017301352169953235,0.03245552597238765,-0.08124117281132709,0.03538119560107589,-0.008210649888496846,0.027228591963648796,0.0023525274300482124,0.02623892482370138,-0.013364286569412798,0.07949378005287144,0.041375125241756905,-0.03478303912561387
RN,60,X_LEADLAG,cross,"{""a"": ""SBER"", ""n"": 1, ""z"": 2.0, ""mode"": ""fade"", ""hold"": 12}",T,True,-1,61,0.6557377049180327,1.837480197320294,0.0027072365544413795,11.229508196721312,0.16514142985397484,1.9659460263019006,3.001595504412133,0.0997225297614932,0.6666666666666666,-0.0483794329338707,0.023282598573132418,0.01834904776155276,0.03617221663256707,-0.09483874102759297,0.02863574563525617,-0.016790305264294147,0.05028779059648514,0.023282598573132418,0.007986367854755372,-0.0483794329338707,0.06283783761318773,-0.0076893100049346685,0.06497013778425753
BR,60,X_LEADLAG,cross,"{""a"": ""Si"", ""n"": 12, ""z"": 2.0, ""mode"": ""follow"", ""hold"": 12}",T,True,1,25,0.72,3.2296892067164937,0.006438341707117835,8.32,0.1609585384139791,1.9628307470216724,5.707190574486053,0.034203532384708524,0.6666666666666666,-0.015053771290695295,0.0175587369594723,0.01788428204599768,0.026279658080371412,-0.06186411460203241,-0.015053771290695295,-0.012943756766617298,0.03018820844590664,0.03530210687313229,0.0175587369594723,0.06669638492166996,-0.003257197793573141,0.0003365010197740048,0.042131326044909656
ROSN,60,X_LEADLAG,cross,"{""a"": ""SR"", ""n"": 6, ""z"": 2.0, ""mode"": ""fade"", ""hold"": 12}",T,True,-1,30,0.6333333333333333,2.4917812547772136,0.003688382797962019,9.5,0.11065148396301083,1.958735375892832,3.3002195161280334,0.046548235695809126,0.6666666666666666,-0.011735078471247107,0.006715196184813976,0.012294609329223426,0.021603305938687457,-0.07284652517342566,-0.0013716798275709152,0.0076165590435266495,0.030512933619320393,0.0048933475045487285,-0.011735078471247107,0.010621781839290634,0.06516977003775537,-0.001771345967426896,0.006715196184813976
MGNT,60,X_LEADLAG,cross,"{""a"": ""GD"", ""n"": 12, ""z"": 2.0, ""mode"": ""fade"", ""hold"": 12}",T,True,-1,49,0.6938775510204082,1.9231897795550639,0.002297229719085399,9.53061224489796,0.11256425431929529,1.9509184586459984,3.421013431118199,0.041670747101306915,0.7777777777777778,-0.02075324789620936,0.005749346513766795,0.012507139368810587,0.028412212161878753,-0.06551844370518073,-0.004215104330796748,0.012478473770897835,0.007642514770850539,0.0019668383174575865,-0.02075324789620936,0.018916706321761012,0.005749346513766795,0.0035838468465954065,0.08719488000497222
RI,60,X_LEADLAG,cross,"{""a"": ""GD"", ""n"": 12, ""z"": 2.0, ""mode"": ""follow"", ""hold"": 12}",T,True,-1,22,0.6818181818181818,3.122644844700697,0.003877681983132218,10.0,0.08530900499317795,1.9462908816590352,4.189686416029909,0.019961198791861534,0.7777777777777778,-0.019961198791861534,0.01125567767303437,0.009478778332575329,0.016115247858057215,-0.0624058103400881,0.026331293396651745,-0.005755681195296347,0.021923402324318886,0.01449468731880188,-0.019961198791861534,0.0346499634324573,0.01125567767303437,0.0014765218365937471,0.000894338998477906
TATN,60,X_LEADLAG,cross,"{""a"": ""SR"", ""n"": 3, ""z"": 2.0, ""mode"": ""fade"", ""hold"": 12}",T,True,-1,48,0.5833333333333334,2.0027039299497362,0.003956039201371384,10.1875,0.1898898808285594,1.9342097852471134,3.4792246199929324,0.054576239082962275,0.6666666666666666,-0.020045772660523653,0.010481414734385908,0.021098875647617713,0.03829116908460906,-0.07662809743235775,0.024202059372328222,-0.018447911948896945,0.04804668575525284,0.0005966202588751912,-0.004704594030044973,0.010481414734385908,0.041568387765437365,-0.020045772660523653,0.10819299158174545
RN,60,X_LEADLAG,cross,"{""a"": ""GD"", ""n"": 12, ""z"": 2.0, ""mode"": ""fade"", ""hold"": 12}",T,True,-1,48,0.6041666666666666,1.970510459589632,0.002614952130439136,9.145833333333334,0.12551770146819763,1.9306115862931883,3.2928038822872656,0.037178865080932155,0.7777777777777778,-0.022011127090081573,0.011641687713563442,0.013946411274244182,0.019274058554340553,-0.053674334381563465,0.03508282988332212,-0.022011127090081573,0.000986943137831986,-0.0021323727269191295,0.004912850214168429,0.011641687713563442,0.03826954844407737,0.02606055629439652,0.03270678559783846
RN,60,X_LEADLAG,cross,"{""a"": ""SBER"", ""n"": 3, ""z"": 2.0, ""mode"": ""fade"", ""hold"": 12}",T,True,-1,39,0.6666666666666666,2.190236224089506,0.0036089868857279283,10.461538461538462,0.14075049135135487,1.9270681323332821,3.0346109997116004,0.08855757012497634,0.5555555555555556,-0.046979647886473686,0.005890546119189821,0.015638943483483873,0.033996027525330805,-0.12960056326265157,0.02400977909564972,0.0,0.0362165910191834,0.005890546119189821,-0.0029928724834462628,-0.046979647886473686,0.07818946801126003,-0.0020212256349623203,0.048437853110954165
MX-GAZP,5,X_PAIR,cross,"{""w"": 1000, ""zin"": 3.0, ""zout"": 0.0, ""hold"": 0, ""beta"": 0.943}",S,True,0,49,0.5569620253164557,1.489588388576837,0.001514105572541359,129.48979591836735,0.06026532930263784,1.9247296070759876,4.564719054384319,0.02122534590307623,0.6666666666666666,-0.011967475758865476,0.002385670435614884,0.006696147700293093,0.015627470464932035,-0.09351077076189153,0.005819450809212867,0.023209649370983243,0.007901054777903482,-0.005155144375748932,0.002385670435614884,0.04197818959801225,-0.005211948024225421,0.0013058824697509408,-0.011967475758865476
LKOH,60,X_LEADLAG,cross,"{""a"": ""GD"", ""n"": 12, ""z"": 2.0, ""mode"": ""fade"", ""hold"": 12}",T,True,-1,60,0.48333333333333334,1.8844711123446791,0.002364633323031672,9.066666666666666,0.1418779991727206,1.9200425555382128,3.7281518629800976,0.039784655440598726,0.6666666666666666,-0.02118091261945665,0.007128626690246165,0.015764222130302288,0.025360343510560178,-0.08111406856640938,0.03091841214336455,-0.02118091261945665,0.003414056496694684,-0.0008491968037560582,0.007128626690246165,0.058404126204550266,-0.008441450772807002,0.02127793936233502,0.05120639847154962
BR,60,X_LEADLAG,cross,"{""a"": ""Si"", ""n"": 6, ""z"": 2.0, ""mode"": ""follow"", ""hold"": 12}",T,True,0,69,0.5217391304347826,2.36782366100463,0.005590544391863624,8.855072463768115,0.3857475543918554,1.9105286687328107,6.437618220320152,0.05815368774347007,0.4444444444444444,-0.04117120034061372,-0.0038826262461952865,0.04286083937687282,0.09648805968308101,-0.13072279557789848,-0.0038826262461952865,-0.00786842464003712,-0.0109679673332721,0.027054243255406618,-0.02553165625431575,0.2900513829663396,0.09360823105089366,-0.04117120034061372,0.06445557193364948
MX,60,X_LEADLAG,cross,"{""a"": ""SR"", ""n"": 6, ""z"": 2.0, ""mode"": ""fade"", ""hold"": 12}",T,True,0,22,0.5,4.095473386365161,0.003205453338867571,8.727272727272727,0.0705199742988043,1.9096776526581323,8.027251236850892,0.008493864501360804,0.5555555555555556,-0.0048874360509216785,0.002309761941432953,0.007835552699867144,0.012329262472817574,-0.08954574365188579,0.0350310318171978,0.0,0.0,0.0059166280552744865,-0.0048874360509216785,0.008591019548475742,0.023568028875160962,0.002309761941432953,-9.05988781596534e-06
NVTK,60,X_LEADLAG,cross,"{""a"": ""MX"", ""n"": 6, ""z"": 2.0, ""mode"": ""follow"", ""hold"": 3}",T,True,-1,17,0.5882352941176471,3.085485494168299,0.002903762838562436,3.9411764705882355,0.049363969010300934,1.8993859013655108,4.734528644338131,0.00946530420333147,0.6666666666666666,-0.0010843698401004076,0.0020796660101041198,0.005484885445588993,0.0065348450894404985,-0.04681443289088626,0.010430088732391596,0.0020796660101041198,0.007041560718789697,0.0,-0.0010843698401004076,0.012328092940151691,0.018417861545458436,0.0,0.00015106890350580215
RI,60,X_LEADLAG,cross,"{""a"": ""GD"", ""n"": 12, ""z"": 2.0, ""mode"": ""follow"", ""hold"": 12}",T,True,0,48,0.5625,1.9084517283054168,0.002832447454289669,10.520833333333334,0.13595747825456783,1.8943240664344185,3.49708682526714,0.0459227180108428,0.7777777777777778,-0.019961198791861534,0.01348686619894579,0.01510638647272976,0.021818732685275843,-0.049852768912143144,0.05897960998117924,-0.009917987161315978,0.004013050347566605,0.027311415411531925,-0.019961198791861534,0.026672427484299988,0.024088320205919445,0.01348686619894579,0.011284974578302354
RN,60,X_LEADLAG,cross,"{""a"": ""SBER"", ""n"": 6, ""z"": 1.0, ""mode"": ""fade"", ""hold"": 12}",T,True,-1,92,0.6304347826086957,1.6152302212710619,0.0019190451109036947,9.684782608695652,0.17655215500599297,1.860935403990416,2.787296235553679,0.09045268350746483,0.7777777777777778,-0.032565859553869814,0.016701530817954335,0.019616906111776997,0.031206394274177117,-0.05976074818534955,0.06055691681103781,-0.018202032311819494,0.06410862539087248,0.015517800798988901,0.016701530817954335,-0.032565859553869814,0.04680342320352793,0.017711624735966325,0.005920125113334507
RN,60,X_LEADLAG,cross,"{""a"": ""SR"", ""n"": 6, ""z"": 2.0, ""mode"": ""fade"", ""hold"": 12}",T,True,-1,21,0.7142857142857143,2.667121579743303,0.005080930891863165,10.19047619047619,0.10669955110643059,1.8511330142888478,2.9847850932850704,0.048919860913883895,0.5555555555555556,-0.008229434490203857,0.002149604551959783,0.011855505678492287,0.02126623853730213,-0.09589046385575874,-0.0022142978850752115,0.0,0.024566469714045525,0.010781913064420223,-0.008229434490203857,0.002149604551959783,0.06596225459361449,0.0,0.01368304155766964
CR,60,X_LEADLAG,cross,"{""a"": ""Si"", ""n"": 12, ""z"": 1.0, ""mode"": ""follow"", ""hold"": 12}",T,True,-1,14,0.6428571428571429,2.939747374787844,0.0024751096736637273,8.142857142857142,0.03465153538854793,1.8453246049805365,4.814745666222458,0.007915884954854846,0.4444444444444444,-0.003936733119189739,0.0,0.0038501705987275476,0.007418000307389008,-0.1282165829941639,0.003631843253970146,-0.003936733119189739,0.007286451291292906,0.0,0.0,0.021658536046743393,0.008469850989058614,-0.0024584130733273923,0.0
LKOH,60,X_LEADLAG,cross,"{""a"": ""SR"", ""n"": 12, ""z"": 1.0, ""mode"": ""follow"", ""hold"": 12}",T,True,1,54,0.5740740740740741,2.0860776403021437,0.003322260657169749,10.592592592592593,0.1794020714223734,1.8370855845924594,4.086058507487255,0.0709091598764644,0.5555555555555556,-0.042325477850681636,0.0017067381995730102,0.019933563491374824,0.04540099418752524,-0.12254884362741132,0.07080457848496735,0.0017067381995730102,-0.01708319049794227,-0.006255911896005273,-0.042325477850681636,0.05660641472786665,0.009551221039146185,-0.0017238626023754478,0.10812156181782484
PLZL,60,X_LEADLAG,cross,"{""a"": ""RI"", ""n"": 3, ""z"": 2.0, ""mode"": ""fade"", ""hold"": 12}",T,True,-1,71,0.5774647887323944,1.7124513935485837,0.00262835629981481,10.507042253521126,0.1866132998256944,1.8359728629942988,3.1357258609270464,0.06203069171169773,0.7777777777777778,-0.04373866994865239,0.02258026844356209,0.020734811091743823,0.034109163466042536,-0.06455843156086624,0.06326503911986947,0.05449521157424897,0.05642251670360565,-0.017663416918367147,-0.04373866994865239,0.03586299595190212,0.012443703133612871,0.0029456517659127712,0.02258026844356209
RI,60,X_LEADLAG,cross,"{""a"": ""SR"", ""n"": 6, ""z"": 2.0, ""mode"": ""follow"", ""hold"": 3}",T,True,-1,15,0.6,2.7454560274232183,0.002932405754571322,4.0,0.04398608603514731,1.8312608491463016,6.1602024269360145,0.005725103430449963,0.4444444444444444,-0.0035760641330853105,0.0,0.004887342892794145,0.01014720102295742,-0.12286252874826037,0.0020717070437967777,0.0,0.010176950134336948,0.0,-0.00011924817226827145,0.031738887657411397,0.0036938535049557686,0.0,-0.0035760641330853105
LKOH,60,X_LEADLAG,cross,"{""a"": ""MX"", ""n"": 1, ""z"": 2.0, ""mode"": ""follow"", ""hold"": 12}",T,True,0,68,0.4852941176470588,1.992794983073152,0.0024752957008490864,9.397058823529411,0.16832010761936544,1.8235403445313967,4.5031289086703055,0.08645525880274363,0.4444444444444444,-0.0322953206487,-0.0037112286081537604,0.018702234179929493,0.04186018258895465,-0.14372591883982794,0.06304477318190038,0.06891949463170022,0.006315300473943353,-0.006993528630118817,-0.0037112286081537604,-0.015514709142735228,-0.0322953206487,-0.0051521524765121285,0.09370747883804142
BR,60,X_LEADLAG,cross,"{""a"": ""SBER"", ""n"": 6, ""z"": 2.0, ""mode"": ""follow"", ""hold"": 3}",T,True,-1,27,0.4444444444444444,3.2051532719221094,0.007688577703521225,3.962962962962963,0.2075915955210803,1.8156042016661706,8.489597973953401,0.033409131414373405,0.5555555555555556,-0.012493767018895596,0.0151284821331501,0.02306573283567559,0.04234438178014823,-0.0894807338856842,-0.007737402454949915,-0.0046028983779251575,-0.008575063562602736,-0.012493767018895596,0.017216484993696213,0.13003817666321993,0.03262207377701998,0.0151284821331501,0.04599550936836749
LKOH,60,X_LEADLAG,cross,"{""a"": ""GD"", ""n"": 12, ""z"": 2.0, ""mode"": ""follow"", ""hold"": 12}",T,True,-1,25,0.6,2.3696816098701956,0.0042884102333880444,9.72,0.10721025419479702,1.7937692538785435,3.353588348755918,0.03711747657507658,0.7777777777777778,-0.02071874588727951,0.012348095537163317,0.011912250466088558,0.018570620109095003,-0.055284018328967365,0.012348095537163317,-0.02071874588727951,0.017104405909776688,0.014976047910749912,0.0001422862842446193,0.044071848038583994,0.004474824789213017,-0.0014893608167767525,0.03630085242912173
SBER,5,X_LEADLAG,cross,"{""a"": ""SR"", ""n"": 12, ""z"": 2.0, ""mode"": ""fade"", ""hold"": 12}",T,True,-1,17,0.5882352941176471,2.5809512558549494,0.0007748011150550047,13.0,0.013171619008062407,1.7908183835436,4.32530854674226,0.004110103502171114,0.6666666666666666,-0.00199482636526227,0.0018716015620157123,0.0014635132231180454,0.0025765384841296506,-0.07285652593722798,0.007179141161032021,0.002492337313015014,0.0010915201855823398,0.002000947657506913,0.0024294692557305098,0.0018716015620157123,-0.0016163465334102511,-0.0002822252281475812,-0.00199482636526227
MGNT,60,X_LEADLAG,cross,"{""a"": ""GD"", ""n"": 6, ""z"": 2.0, ""mode"": ""fade"", ""hold"": 12}",T,True,-1,62,0.5806451612903226,1.7566468715042738,0.0022207471832035638,9.306451612903226,0.1376863230834715,1.7861261701866928,2.9083572710800483,0.04976064991205931,0.6666666666666666,-0.023311868542805314,0.005951291066594422,0.015298480342607945,0.028473888397888246,-0.08749708904197842,0.0022781462757848203,0.01435909140855074,-0.023311868542805314,-0.013843485619872808,-0.0010380344465374947,0.005951291066594422,0.048882834758842364,0.0351716298609972,0.06923671832191758
GZ,60,X_LEADLAG,cross,"{""a"": ""GD"", ""n"": 6, ""z"": 1.0, ""mode"": ""follow"", ""hold"": 12}",T,True,-1,84,0.47619047619047616,1.6198298694778235,0.002122846376217153,9.345238095238095,0.1783190994128745,1.7825441924667185,3.046409230440791,0.04100851999828592,0.7777777777777778,-0.0037638609064742923,0.01659141154959798,0.019813233268097166,0.019480921454677707,-0.0032600075655594557,0.01659141154959798,-0.0037638609064742923,0.025051439537492115,-0.00019912945572286844,0.004377171921078116,0.0037416721461340785,0.051951939531136304,0.03509881461650366,0.0454696404731294
GD-PLZL,60,X_PAIR,cross,"{""w"": 100, ""zin"": 3.0, ""zout"": 0.5, ""hold"": 0, ""beta"": 0.335}",S,True,0,32,0.4745762711864407,1.3204334460299745,0.0017019984578473945,10.40625,0.08745583051495487,1.7811694980968236,3.5172136193499117,0.04264952475205064,0.6666666666666666,-0.029515822418034077,0.01632274902658537,0.009717314501661653,0.018510621515011184,-0.09482122417527376,0.026042637415230274,-0.0010466091334819794,0.017773734405636787,0.021094379633723292,-0.008035276317968965,0.01632274902658537,-0.029515822418034077,0.0343856499530375,0.010434387950226665
GD-PLZL,60,X_PAIR,cross,"{""w"": 100, ""zin"": 3.0, ""zout"": 0.5, ""hold"": 50, ""beta"": 0.335}",S,True,0,32,0.4745762711864407,1.3204334460299745,0.0017019984578473945,10.40625,0.08745583051495487,1.7811694980968236,3.5172136193499117,0.04264952475205064,0.6666666666666666,-0.029515822418034077,0.01632274902658537,0.009717314501661653,0.018510621515011184,-0.09482122417527376,0.026042637415230274,-0.0010466091334819794,0.017773734405636787,0.021094379633723292,-0.008035276317968965,0.01632274902658537,-0.029515822418034077,0.0343856499530375,0.010434387950226665
NVTK,60,X_LEADLAG,cross,"{""a"": ""MX"", ""n"": 3, ""z"": 2.0, ""mode"": ""follow"", ""hold"": 12}",T,True,-1,21,0.6190476190476191,2.436527190060881,0.002711486136938957,8.761904761904763,0.056941209244541824,1.7773463815872086,4.021382113503966,0.01284473855048418,0.6666666666666666,-0.00575451273471117,0.007076819543726742,0.006326801027171314,0.007777298213483648,-0.052892735116991635,0.004111016169190407,0.007076819543726742,-0.00575451273471117,0.011522348038852215,-0.0028569200076162815,0.020004400750622153,0.010268858633935452,0.0,0.012569198850542307
MX,60,X_LEADLAG,cross,"{""a"": ""SR"", ""n"": 3, ""z"": 2.0, ""mode"": ""follow"", ""hold"": 12}",T,True,-1,16,0.625,2.815557579859934,0.0028834496167570983,9.0,0.04613519425038248,1.7739719586385638,4.5292528831891135,0.01305937662255019,0.5555555555555556,-0.009972446481697261,0.0019895120058208704,0.005126132694486942,0.010138585856796726,-0.1137576287316677,0.0,0.0,0.0026237452402710915,0.0019895120058208704,-0.009972446481697261,0.024074499728158116,0.006788417464122176,0.0,0.02063146629370749
GZ,60,X_LEADLAG,cross,"{""a"": ""MX"", ""n"": 3, ""z"": 2.0, ""mode"": ""fade"", ""hold"": 12}",T,True,0,11,0.8181818181818182,4.672364769581292,0.005622705432119777,11.090909090909092,0.061849759076721966,1.7669600256262317,5.400365517566249,0.011964716948568821,0.6666666666666666,0.0,0.0010552408639341593,0.006872195452969108,0.012169123910189384,-0.0612626049628483,0.0,0.013209319673478603,0.0,0.0007463973015546799,0.0010552408639341593,0.039421515888534486,0.003472974058240652,0.0,0.003944311290979385
RI,60,X_LEADLAG,cross,"{""a"": ""SR"", ""n"": 6, ""z"": 2.0, ""mode"": ""follow"", ""hold"": 12}",T,True,-1,14,0.6428571428571429,3.1264731848849645,0.004191168939450966,9.357142857142858,0.058676366053987294,1.76326815537738,4.716127066216082,0.009349236264824867,0.5555555555555556,-0.008127430162858218,0.005492369644343853,0.00651959622822081,0.011402371997984844,-0.09503746843948474,0.00992894172668457,0.0,0.005492369644343853,0.0,-0.008127430162858218,0.03469777200371027,0.011057376395910978,0.0,0.005627336446195841
GD-PLZL,60,X_PAIR,cross,"{""w"": 100, ""zin"": 3.0, ""zout"": 0.0, ""hold"": 50, ""beta"": 0.335}",S,True,0,32,0.4745762711864407,1.323740108787054,0.0017299936562363537,10.78125,0.08609281384997303,1.7620614358798694,3.4623971394280244,0.04264952475205064,0.6666666666666666,-0.029515822418034077,0.017773734405636787,0.00956586820555256,0.017936990953087987,-0.09332193317686249,0.026042637415230274,-0.0010466091334819794,0.017773734405636787,0.021094379633723292,-0.008035276317968965,0.02176828059600666,-0.029515822418034077,0.027577101718634367,0.010434387950226665
GD-PLZL,60,X_PAIR,cross,"{""w"": 100, ""zin"": 3.0, ""zout"": 0.0, ""hold"": 0, ""beta"": 0.335}",S,True,0,32,0.4745762711864407,1.323740108787054,0.0017299936562363537,10.78125,0.08609281384997303,1.7620614358798694,3.4623971394280244,0.04264952475205064,0.6666666666666666,-0.029515822418034077,0.017773734405636787,0.00956586820555256,0.017936990953087987,-0.09332193317686249,0.026042637415230274,-0.0010466091334819794,0.017773734405636787,0.021094379633723292,-0.008035276317968965,0.02176828059600666,-0.029515822418034077,0.027577101718634367,0.010434387950226665
MX-GAZP,5,X_PAIR,cross,"{""w"": 1000, ""zin"": 3.0, ""zout"": 0.5, ""hold"": 0, ""beta"": 0.943}",S,True,0,49,0.569620253164557,1.4197980773266434,0.0013007561851404851,125.38775510204081,0.051438773502013646,1.7443103533783997,3.925034394606995,0.015675468952395022,0.6666666666666666,-0.006417598808184266,0.002385670435614884,0.005715419278001516,0.01315638255227238,-0.0849053734160943,0.00439948004350299,0.01844162738416344,0.0053687225736211985,-0.005155144375748932,0.002385670435614884,0.03682073752133874,-0.00571060374204535,0.0013058824697509408,-0.006417598808184266
ALRS,60,X_LEADLAG,cross,"{""a"": ""GD"", ""n"": 3, ""z"": 1.0, ""mode"": ""follow"", ""hold"": 12}",T,True,-1,103,0.5242718446601942,1.5526389394404108,0.0018801272019788597,9.368932038834952,0.19365310100783972,1.742043321961346,3.21687754577131,0.05465541189187206,0.6666666666666666,-0.0183082050352823,0.02085353570873849,0.021517011223093303,0.03168715445061713,-0.06110664298702477,0.02434820355847478,0.005022667697630823,-0.0183082050352823,-0.008705111511517316,-0.0037889382283538,0.02085353570873849,0.08863373458734713,0.032652677793521434,0.052944536437280476
AFLT,60,X_LEADLAG,cross,"{""a"": ""GD"", ""n"": 12, ""z"": 2.0, ""mode"": ""follow"", ""hold"": 3}",T,True,-1,27,0.6296296296296297,2.7816005192787707,0.0024548286336483404,3.7777777777777777,0.06628037121845409,1.7355172376074743,4.637903266444848,0.012391258031129837,0.6666666666666666,-0.005897552240639925,0.004636031575500965,0.0073644856909393435,0.00979363085392013,-0.06283243386097853,0.017971568973734975,-0.0023977147066034377,0.009586412459611893,-0.0014777315082028508,-0.005897552240639925,0.014053358230739832,0.004165708785876632,0.004636031575500965,0.02564028964843601
GMKN,60,X_LEADLAG,cross,"{""a"": ""GD"", ""n"": 12, ""z"": 2.0, ""mode"": ""follow"", ""hold"": 12}",T,True,0,47,0.5957446808510638,1.834500671540006,0.0022979645092979476,10.212765957446809,0.10800433398981113,1.7334750831487906,3.1121514666722723,0.04424687847495079,0.6666666666666666,-0.022759681567549706,0.019591124262660742,0.012000481554423459,0.01928666039710449,-0.07238163119989635,0.04617161401256453,-0.0015550272655673325,5.4944888688623905e-05,0.024416277185082436,-0.022759681567549706,0.019591124262660742,-0.0024812099218252115,0.019789262289123144,0.0247770301066339
TATN,60,X_LEADLAG,cross,"{""a"": ""MX"", ""n"": 3, ""z"": 2.0, ""mode"": ""fade"", ""hold"": 12}",T,True,-1,26,0.6538461538461539,2.524261828139265,0.004652927235797773,9.423076923076923,0.12097611138597131,1.7313733149078208,3.06505786039626,0.04164283722639084,0.6666666666666666,-0.0015511891106143594,0.0074086959939450026,0.013441790153996812,0.01603687069348688,-0.04169007051701627,-0.0015194254228845239,-0.0015511891106143594,0.027164755389094353,0.0074086959939450026,0.0,0.011160952970385551,0.03449950134381652,0.0010656462982296944,0.04274717392399907
NVTK,60,X_LEADLAG,cross,"{""a"": ""SR"", ""n"": 12, ""z"": 2.0, ""mode"": ""fade"", ""hold"": 12}",T,True,0,34,0.5294117647058824,2.150152978229047,0.004486315200861569,9.911764705882353,0.15253471909090877,1.7308566653126212,4.0093552527370475,0.07135680603096262,0.4444444444444444,-0.029932705860119313,-0.0014327027602121234,0.016948302121212084,0.04355567369556451,-0.14350640844567364,0.011755231767892838,-0.003872259519994259,-0.0014327027602121234,-0.005382583476603031,-0.029932705860119313,0.05199619085760787,0.04342125658877194,-0.028749417047947645,0.11473170854151249
ROSN,60,X_LEADLAG,cross,"{""a"": ""SBER"", ""n"": 6, ""z"": 2.0, ""mode"": ""fade"", ""hold"": 12}",T,True,0,55,0.5454545454545454,1.6914483990736222,0.002669793724238911,9.836363636363636,0.14683865767437965,1.7287924902407366,2.7720983179462997,0.07114133692812175,0.6666666666666666,-0.018657566717593,0.009874411713099107,0.016315406408264406,0.03322227475929265,-0.08061254373638775,4.514283500611782e-05,-0.015162060037255287,0.030377713294001296,0.009874411713099107,-0.018657566717593,0.04392448955331929,0.09288226248463616,-0.007391073741018772,0.010945338290184736
TATN,60,X_LEADLAG,cross,"{""a"": ""GD"", ""n"": 12, ""z"": 2.0, ""mode"": ""follow"", ""hold"": 12}",T,True,-1,24,0.4583333333333333,2.337133369047606,0.004817587890430137,9.791666666666666,0.11562210842384957,1.7266765771007606,4.296075444144486,0.03205207432620227,0.6666666666666666,-0.011865489883348346,0.013626781292259693,0.012846900935983285,0.019020998636774374,-0.06317103236101196,0.052833006193395704,-0.005883083766093478,0.0253759678453207,0.011395422741770744,-0.008236570283770561,0.021549922646954656,0.016826151637360454,-0.011865489883348346,0.013626781292259693
ALRS,60,X_LEADLAG,cross,"{""a"": ""GD"", ""n"": 6, ""z"": 2.0, ""mode"": ""follow"", ""hold"": 12}",T,True,-1,33,0.45454545454545453,2.2149916189302474,0.003057698797435054,7.696969696969697,0.10090406177550904,1.7186451725118237,4.018384584229763,0.03884841356193647,0.5555555555555556,-0.016042472911067307,0.0008026842406252399,0.011211562419501005,0.02323996746207287,-0.11494299697477309,0.01945316611090675,-0.0043711439830076415,0.02216824423521757,-0.004392536531668156,-0.016042472911067307,-0.01192839810391888,0.03892668429762125,0.05628783442080021,0.0008026842406252399
GZ,60,X_LEADLAG,cross,"{""a"": ""GD"", ""n"": 6, ""z"": 1.0, ""mode"": ""fade"", ""hold"": 12}",T,True,-1,125,0.544,1.4891166261894433,0.0016220684979231495,9.776,0.20275856701391604,1.7170431942837536,2.5385868577310884,0.09025489445775747,0.7777777777777778,-0.05737680272432044,0.010370397532824427,0.022528729668212892,0.04409727478787746,-0.0793965457905112,-0.05737680272432044,0.0031720520928502083,0.028786456328816712,-0.012847839527239557,0.010370397532824427,0.0021257466287352145,0.0890192946208117,0.06813948013586923,0.07136978192556853
ALRS,60,X_LEADLAG,cross,"{""a"": ""GD"", ""n"": 1, ""z"": 1.0, ""mode"": ""fade"", ""hold"": 12}",T,True,-1,178,0.5168539325842697,1.3712757377969662,0.0015979831708925248,10.938202247191011,0.2844410055113258,1.7164586969334976,2.6713855452373827,0.15454089804552495,0.5555555555555556,-0.0573773393407464,0.04177541636454407,0.03160455616792509,0.067111003661478,-0.10623208866082828,0.05949245911324397,-0.05065332422964275,-0.0573773393407464,-0.011385430640075356,-0.002322259242646396,0.081534304888919,0.1693540506530553,0.05402312794467434,0.04177541636454407
NVTK,60,X_LEADLAG,cross,"{""a"": ""GD"", ""n"": 12, ""z"": 2.0, ""mode"": ""fade"", ""hold"": 12}",T,True,-1,53,0.5283018867924528,1.934502135635799,0.0035680587418712322,9.849056603773585,0.18910711428907234,1.7157374567218238,3.3416822403267044,0.04893720212567132,0.6666666666666666,-0.024971261620521545,0.007200320018455386,0.021011901587674704,0.036931122294831795,-0.0826730114385398,0.03888262249529362,-0.020693285448942333,0.007200320018455386,-0.024971261620521545,-0.003687089410959743,0.08650069392751902,0.00461900164373219,0.02838517795316875,0.072870934731327
GAZP,60,X_LEADLAG,cross,"{""a"": ""GD"", ""n"": 12, ""z"": 1.0, ""mode"": ""fade"", ""hold"": 12}",T,True,-1,114,0.5350877192982456,1.4901841646363503,0.001472457862725508,9.692982456140351,0.16786019771097926,1.7151391264640317,3.013278401564761,0.048045851523056626,0.5555555555555556,-0.018624416086822748,0.009129423066042364,0.018651133078997698,0.036870280537640375,-0.10189723388703703,-0.012792951427400112,0.009129423066042364,0.015477022709092125,-0.018624416086822748,-0.0010827513469848782,-0.01304818713106215,0.04148821476701414,0.04375086538493633,0.10356297777616419
VTBR,60,X_LEADLAG,cross,"{""a"": ""SR"", ""n"": 12, ""z"": 2.0, ""mode"": ""follow"", ""hold"": 3}",T,True,1,10,0.6,4.3923136848518265,0.005443086145482336,4.0,0.05443086102604866,1.7120237608052813,6.039384210751296,0.008219178300350904,0.4444444444444444,-0.007826171815395355,0.0,0.00604787344733874,0.017325612952514773,-0.1344329622946969,0.05316514987498522,-0.006153423804789782,0.008554069325327873,0.0,-0.007826171815395355,0.0,0.0055339462123811245,0.0011572912335395813,0.0
ALRS,60,X_LEADLAG,cross,"{""a"": ""GD"", ""n"": 6, ""z"": 2.0, ""mode"": ""fade"", ""hold"": 12}",T,True,-1,59,0.4915254237288136,1.8038941049695731,0.002274779194425438,9.338983050847459,0.13421197421848774,1.7096248357020547,3.4926743931439375,0.04985663713887334,0.7777777777777778,-0.020524971769191325,0.004232675186358392,0.014912441579831971,0.024480742889894446,-0.06061655836576816,0.020539650693535805,0.020819560984818963,0.0007999686058610678,-0.0014712901429447811,0.0008752138819545507,0.004232675186358392,0.04544261994305998,0.06349854683503509,-0.020524971769191325
ROSN,60,X_LEADLAG,cross,"{""a"": ""SR"", ""n"": 6, ""z"": 2.0, ""mode"": ""fade"", ""hold"": 12}",T,True,0,61,0.5245901639344263,1.628314752013454,0.0021393419932710157,9.836065573770492,0.13049986140686087,1.7083135434108074,2.932628445599369,0.05978726828470826,0.4444444444444444,-0.020035201829159632,-0.004252039158018306,0.014499984600762319,0.030393129783435356,-0.1412660109672516,-0.00487117376178503,-0.007545500993728638,0.035473055206239223,-0.004252039158018306,-0.020035201829159632,0.042798212700290605,0.0762084400630556,-0.012704598484560847,0.025428667664527893
RN,60,X_LEADLAG,cross,"{""a"": ""MX"", ""n"": 1, ""z"": 1.0, ""mode"": ""fade"", ""hold"": 12}",T,True,-1,113,0.6194690265486725,1.5627651561080407,0.0022159842708984936,10.36283185840708,0.2504062302687089,1.707220467194813,2.7675670636772582,0.0858486257493496,0.5555555555555556,-0.04035191371804103,0.009415617911145091,0.027822914474300988,0.053106713639190804,-0.10834856578199241,-0.04035191371804103,-0.00273939041653648,0.04439167305827141,-0.014900175097864121,0.027307640018989332,-0.00024031641805777326,0.0837305368622765,0.009415617911145091,0.14379255806852598
GZ,60,X_LEADLAG,cross,"{""a"": ""SBER"", ""n"": 3, ""z"": 2.0, ""mode"": ""fade"", ""hold"": 12}",T,True,-1,32,0.5625,2.0876532563314334,0.0028867922861597036,10.53125,0.0923773535159853,1.7017467175315542,3.718435362977363,0.020362164708785713,0.5555555555555556,-0.016854879970196635,0.0024584641214460135,0.010264150390665035,0.020922877486794958,-0.11507379713402059,0.0,-0.008884855778887868,0.04339614324271679,-0.016854879970196635,0.0024584641214460135,0.01621138717564463,0.045116230845451355,-0.006316250655800104,0.017251114535611123
GZ,60,X_LEADLAG,cross,"{""a"": ""GD"", ""n"": 12, ""z"": 2.0, ""mode"": ""follow"", ""hold"": 3}",T,True,-1,24,0.5833333333333334,2.7446028995786844,0.0033356757981255537,3.875,0.08005621697520837,1.7016855257573824,4.2202478907833685,0.0263571412069723,0.4444444444444444,-0.006194419227540493,-0.0008776196045801044,0.008895135219467597,0.016035708974246304,-0.12446092516051074,0.029281373834237456,-0.002273226622492075,0.014333170838654041,0.008165723644196987,-0.0025734170340001583,-0.0026859412901103497,-0.0008776196045801044,-0.006194419227540493,0.04288057243684307
GZ,60,X_LEADLAG,cross,"{""a"": ""SR"", ""n"": 3, ""z"": 2.0, ""mode"": ""fade"", ""hold"": 12}",T,True,-1,28,0.5714285714285714,2.2050333595436844,0.0031662540978836602,10.214285714285714,0.08865511525254988,1.698348454877258,3.774413913550581,0.03347236418630928,0.5555555555555556,-0.009690014878287911,0.00024949098951765336,0.00985056836139443,0.020200489747300127,-0.10594595863847267,0.0,-0.009690014878287911,0.04339614324271679,0.0006497966824099422,0.00024949098951765336,-0.001285297623326187,0.04852096294052899,-0.006316250655800104,0.013130284554790705
MGNT,60,X_LEADLAG,cross,"{""a"": ""SR"", ""n"": 6, ""z"": 2.0, ""mode"": ""follow"", ""hold"": 12}",T,True,-1,17,0.6470588235294118,3.074358887574178,0.005102587924336453,9.294117647058824,0.0867439943831414,1.6958557607441593,4.581508732950627,0.01587638631463051,0.4444444444444444,-0.005268189590424299,0.0,0.009638221598126821,0.014714858983494328,-0.1152548346478541,0.012415080331265926,0.0,-0.005268189590424299,0.012100309133529663,-0.002158293849788606,0.034971781249623746,0.0,-0.0003691677120514214,0.03505247482098639
MGNT,60,X_LEADLAG,cross,"{""a"": ""MX"", ""n"": 12, ""z"": 1.0, ""mode"": ""fade"", ""hold"": 12}",T,True,-1,90,0.5888888888888889,1.5456393729146722,0.0019340475727680194,10.477777777777778,0.17406428497633897,1.6937645576806915,2.648760665275754,0.05269567218783777,0.6666666666666666,-0.027934149067732506,0.026438921689987183,0.019340476108482108,0.029548839701127438,-0.06760117022504582,0.026438921689987183,0.030888712630257942,0.008014427148737013,-0.0031726108281873167,-0.027934149067732506,0.028582382656168193,0.041097018285654485,-0.008229652477893978,0.07837923493934795
ALRS,60,X_LEADLAG,cross,"{""a"": ""MX"", ""n"": 3, ""z"": 2.0, ""mode"": ""follow"", ""hold"": 12}",T,True,-1,27,0.5555555555555556,2.5227292622453854,0.00540098953225795,9.296296296296296,0.14582671254174784,1.688355777953312,3.1446492003928843,0.04864285886287689,0.6666666666666666,-0.01642210897989571,0.009164946619421244,0.016202968060194205,0.025846519685163643,-0.07177450004187508,0.009164946619421244,0.0025206145364791155,-0.01642210897989571,0.025274922139942646,0.0,0.016795770439784974,0.03728645318187773,-0.004201583215035498,0.07540769781917334
MX,60,X_LEADLAG,cross,"{""a"": ""SR"", ""n"": 3, ""z"": 2.0, ""mode"": ""fade"", ""hold"": 12}",T,True,-1,12,0.6666666666666666,3.3448095702144185,0.0030908365588649066,11.333333333333334,0.03709003870608285,1.6820780315365178,4.225191757391547,0.008905115944799036,0.4444444444444444,-0.008105115965008736,0.0,0.004121115411786984,0.010066363265060937,-0.14024374068827783,0.0,0.0,0.0,0.0019895120058208704,-0.008105115965008736,0.029072233999613672,0.012072445126250386,0.0,0.0020609635394066572
MGNT,60,X_LEADLAG,cross,"{""a"": ""MX"", ""n"": 12, ""z"": 1.0, ""mode"": ""follow"", ""hold"": 12}",T,True,0,143,0.5104895104895105,1.4263617336251977,0.0015304131348602016,9.55944055944056,0.2188490770295175,1.6807162091906007,2.701102416768838,0.07360919110942632,0.6666666666666666,-0.04172808153089136,0.010459841272677295,0.024316564114390832,0.04683356312840162,-0.08906666240938643,0.09076673502568156,-0.011742839706130326,-0.002752931197392172,-0.04172808153089136,0.012573266081744805,4.821486072614789e-05,0.051693859859369695,0.010459841272677295,0.10953101236373186
RN,60,X_LEADLAG,cross,"{""a"": ""Si"", ""n"": 12, ""z"": 2.0, ""mode"": ""follow"", ""hold"": 12}",T,True,0,49,0.4897959183673469,2.082192861051759,0.0027450658881726757,8.428571428571429,0.1345082299085334,1.6755916927186707,4.45116208383434,0.03491557785309851,0.3333333333333333,-0.024921793257817626,-0.00432718321098946,0.014945358878725933,0.03657287575636298,-0.16749092418201916,0.06400435185059905,-0.010027794749476016,-0.00432718321098946,-0.012816133559681475,-0.0010866442462429404,0.06922697916161269,-0.024921793257817626,-0.009993784595280886,0.06445023251581006
MGNT,60,X_LEADLAG,cross,"{""a"": ""RI"", ""n"": 1, ""z"": 1.0, ""mode"": ""fade"", ""hold"": 12}",T,True,-1,164,0.573170731707317,1.3678283644585876,0.0016950143971340378,11.414634146341463,0.27798235737282084,1.6745664283599888,2.514686109951837,0.12721467077790294,0.6666666666666666,-0.04343497799709439,0.00790984086052049,0.030886928596980095,0.06012647999524265,-0.0886185519441366,0.0029921092791482806,-0.013174006686313078,0.00790984086052049,-0.04343497799709439,-0.028521221975097433,0.04776153267448535,0.11655625657294877,0.04568021453451365,0.1422126101097092
TATN,60,X_LEADLAG,cross,"{""a"": ""MX"", ""n"": 12, ""z"": 2.0, ""mode"": ""fade"", ""hold"": 12}",T,True,-1,14,0.6428571428571429,3.121033014606827,0.009862904810934619,10.0,0.13808066630735993,1.6734193547597047,3.461642635474443,0.04969411948695779,0.4444444444444444,-0.008628801442682743,0.0,0.015342296256373325,0.027411485773015904,-0.11904772489110066,0.0,0.0,0.027164755389094353,-0.006430360022932291,0.0,0.01589830545708537,0.02574634226039052,-0.008628801442682743,0.08433042466640472
MGNT,60,X_LEADLAG,cross,"{""a"": ""MX"", ""n"": 12, ""z"": 1.0, ""mode"": ""follow"", ""hold"": 12}",T,True,-1,78,0.5769230769230769,1.594763709818223,0.0020533204980734522,9.884615384615385,0.1601589994625101,1.6691320601500443,2.6218308238172243,0.057681397534906864,0.8888888888888888,-0.031780538614839315,0.013347190339118242,0.017795444384723344,0.026339406897669233,-0.03764038290961206,0.027419000049121678,0.0010070778662338853,0.013203736752984696,-0.031780538614839315,0.009486767652560957,0.01604960602708161,0.04116673825774342,0.013347190339118242,0.07025942113250494
RN,60,X_LEADLAG,cross,"{""a"": ""BR"", ""n"": 3, ""z"": 2.0, ""mode"": ""fade"", ""hold"": 3}",T,True,-1,62,0.5806451612903226,1.7132989235112495,0.0011983767200630258,3.7419354838709675,0.07429935813706834,1.6569320834872392,3.0623599302465703,0.0474345539114438,0.6666666666666666,-0.011631450965069234,0.00869055395014584,0.008255484237452038,0.017518178841030012,-0.08294264943774561,-0.011631450965069234,-0.011049184715375304,-0.01087548496434465,0.02286578473285772,0.020953023864421993,0.010526761645451188,0.00869055395014584,0.0018292721797479317,0.042990082409232855
RI,60,X_LEADLAG,cross,"{""a"": ""SR"", ""n"": 12, ""z"": 2.0, ""mode"": ""follow"", ""hold"": 3}",T,True,0,13,0.5384615384615384,4.335301731419336,0.005090914514017096,3.6153846153846154,0.0661818899679929,1.6534706000399841,6.7739307218439055,0.009333694353699684,0.4444444444444444,-0.005740379740018398,0.0,0.007353543329776989,0.01380362329930056,-0.12237469766897446,0.042984084226191044,0.0,0.005821941886097193,0.0,-0.0004795916029252112,0.013852345757186413,0.009743489441461861,0.0,-0.005740379740018398
TATN,60,X_LEADLAG,cross,"{""a"": ""SR"", ""n"": 12, ""z"": 2.0, ""mode"": ""follow"", ""hold"": 12}",T,True,-1,10,0.6,4.721336849279962,0.007537292153975283,10.0,0.07537292188499123,1.6522392508987451,6.9816112262267795,0.010448291897773743,0.4444444444444444,-0.010448291897773743,0.0,0.008374769098332359,0.015045068013751627,-0.13200496279811472,-0.0015194254228845239,0.0,-0.005267980508506298,0.008664516266435385,-0.010448291897773743,0.027215719688683748,0.02114039845764637,0.0,0.03558798530139029
RN,60,X_LEADLAG,cross,"{""a"": ""GD"", ""n"": 3, ""z"": 2.0, ""mode"": ""fade"", ""hold"": 12}",T,True,-1,89,0.6179775280898876,1.590058175669306,0.0017667411855282569,9.179775280898877,0.15723996700398857,1.6461444405687216,2.252302539913938,0.08273596827348229,0.7777777777777778,-0.05117155041079968,0.01839100700453855,0.01747110744488762,0.03391397627463752,-0.07935731693639465,0.023599545820616186,-0.01906925731600495,0.01839100700453855,0.01490651024505496,0.038124290309497155,-0.05117155041079968,0.07083333196351305,0.0485518533969298,0.013074235990643501
GMKN,60,X_LEADLAG,cross,"{""a"": ""GD"", ""n"": 12, ""z"": 1.0, ""mode"": ""follow"", ""hold"": 12}",T,True,0,146,0.5684931506849316,1.4338498919587777,0.0016367896282579353,9.349315068493151,0.2389712927306391,1.6422759199975314,2.5267744952526234,0.05480600183364004,0.7777777777777778,-0.02787953184451908,0.02142235150677152,0.0265523658589599,0.0361001111503175,-0.04247463312859069,0.03399653808446601,-0.00678407584928209,0.02142235150677152,0.05921113461954519,0.003861577175484854,0.0017131639906438068,-0.02787953184451908,0.0897924019373022,0.06363773311022669
MGNT,60,X_LEADLAG,cross,"{""a"": ""SR"", ""n"": 12, ""z"": 1.0, ""mode"": ""fade"", ""hold"": 3}",T,True,-1,94,0.5212765957446809,1.5170600254511541,0.0011311469950831036,3.776595744680851,0.10632781544700265,1.6413392366390411,2.7683023814862815,0.04630414256826043,0.6666666666666666,-0.009140092879533768,0.0076703159138560295,0.011814201716333628,0.021116684129185336,-0.07109548866065742,0.06292183051118627,0.02419711189577356,0.004270031524356455,0.0076703159138560295,-0.008235933841206133,0.020081084978301078,0.008710147463716567,-0.00414668011944741,-0.009140092879533768
GAZP,60,X_LEADLAG,cross,"{""a"": ""GD"", ""n"": 12, ""z"": 1.0, ""mode"": ""follow"", ""hold"": 12}",T,True,-1,74,0.5675675675675675,1.6099820721085856,0.0017961924600781469,9.513513513513514,0.1329182451881934,1.640100700483446,2.6643500497742347,0.051793941063806415,0.5555555555555556,-0.02737215207889676,0.010115944023709744,0.014768693909799267,0.029440819935279416,-0.11348872783516858,0.010115944023709744,-0.02737215207889676,0.022103187744505703,-0.006159317214041948,-0.016953624202869833,-0.002659622929058969,0.04511465021641925,0.045850402500946075,0.06287877712748013
GAZP,60,X_LEADLAG,cross,"{""a"": ""GD"", ""n"": 6, ""z"": 2.0, ""mode"": ""fade"", ""hold"": 12}",T,True,-1,69,0.6231884057971014,1.5997466252174617,0.0016709387077445547,9.101449275362318,0.11529477025396773,1.6338066202858794,2.716939227829514,0.03399998406530358,0.6666666666666666,-0.018441166961565614,0.008749350323341787,0.012810530028218636,0.024464429229868256,-0.08334666827952389,0.017014718905556947,0.008749350323341787,0.03361835878240527,-0.018441166961565614,-0.009133046172792092,0.024704322626348585,0.06539879943011329,-0.0074694601353257895,0.0008528934558853507
NVTK,60,X_LEADLAG,cross,"{""a"": ""SBER"", ""n"": 6, ""z"": 2.0, ""mode"": ""follow"", ""hold"": 12}",T,True,-1,17,0.47058823529411764,2.6722665207485856,0.005906047132798654,8.705882352941176,0.10040280310204253,1.6335101561629688,4.096083081957081,0.02800622396171093,0.3333333333333333,-0.015749093610793352,-0.0009106257348321378,0.011155867011338059,0.02631581338741655,-0.15980864647595047,0.03129405155777931,-0.0009106257348321378,-0.008346210815943778,0.02997870184481144,-0.001591486856341362,-0.015749093610793352,-0.005824980791658163,0.0,0.07155244750902057
MGNT,60,X_LEADLAG,cross,"{""a"": ""BR"", ""n"": 1, ""z"": 1.0, ""mode"": ""fade"", ""hold"": 12}",T,True,-1,186,0.5591397849462365,1.333659393830443,0.0014197815530637321,10.951612903225806,0.2640793715545442,1.6308599518026612,2.4644965588381464,0.07128274209389929,0.7777777777777778,-0.016375020335544832,0.026112167237442918,0.029342152394949354,0.04180308119156623,-0.03232492619550566,0.0028182449168525636,0.0025716566888149828,0.026112167237442918,-0.012213669950142503,-0.016375020335544832,0.049212046375032514,0.03159717272501439,0.053586519439704716,0.12677025445736945
LKOH,60,X_LEADLAG,cross,"{""a"": ""MX"", ""n"": 12, ""z"": 2.0, ""mode"": ""fade"", ""hold"": 12}",T,True,-1,12,0.6666666666666666,4.270093630030076,0.00605136447351923,10.166666666666666,0.07261637394549325,1.6274194186814992,6.478660869272762,0.008838837966322899,0.5555555555555556,-0.0013726511970162392,0.0032300464808940887,0.008068485993943695,0.012846489678408523,-0.07988809690112564,0.0034685127902776003,0.0,-0.0013726511970162392,0.0032300464808940887,0.010902297508437186,0.016820234712213278,-0.0009796533267945051,0.0,0.04054758697748184
MX-GAZP,15,X_PAIR,cross,"{""w"": 300, ""zin"": 3.0, ""zout"": 0.0, ""hold"": 0, ""beta"": 0.995}",S,True,0,47,0.5789473684210527,1.4322125259496976,0.001288871492750093,43.638297872340424,0.049028922083380166,1.6191679565132582,3.719106190861808,0.015102381468750536,0.6666666666666666,-0.012460032710805535,0.0034233312544529326,0.005447658009264463,0.012754698679520112,-0.09778562952077904,0.004537370172329247,0.015151951694861054,0.014085720846196637,-0.008587581862229854,-0.001364345895126462,0.032184498209971935,0.0034233312544529326,0.0020580103737302125,-0.012460032710805535
MGNT,60,X_LEADLAG,cross,"{""a"": ""GD"", ""n"": 1, ""z"": 1.0, ""mode"": ""fade"", ""hold"": 12}",T,True,-1,185,0.5567567567567567,1.3421714881575169,0.0014143200064929732,11.237837837837837,0.26164920139854075,1.6176270948484246,2.449839803509688,0.09185407546465285,0.6666666666666666,-0.05411402904428542,0.010188575106440112,0.02907213348872675,0.04858498952133568,-0.0921445916618541,-0.004511840874329209,0.0007905683887656778,0.010188575106440112,-0.00953838531859219,-0.05411402904428542,0.07812746288254857,0.0757325584127102,0.07109560688695638,0.09387868495832663
NVTK,60,X_LEADLAG,cross,"{""a"": ""SR"", ""n"": 3, ""z"": 1.0, ""mode"": ""follow"", ""hold"": 12}",T,True,-1,94,0.5531914893617021,1.5249660767654916,0.0024542257582652414,10.372340425531915,0.23069721914362162,1.6120987523520127,2.7100474823091267,0.1124073241953738,0.6666666666666666,-0.059672919916920364,0.006110494607128203,0.02563302434929129,0.08324623534113339,-0.10213097712288202,0.12903623934835196,-0.059479012328665704,0.01269693998619914,0.00039621698670089245,0.006110494607128203,-0.027314974169712514,0.021225966745987535,-0.059672919916920364,0.20769826788455248
GAZP,60,X_LEADLAG,cross,"{""a"": ""GD"", ""n"": 6, ""z"": 1.0, ""mode"": ""follow"", ""hold"": 12}",T,True,-1,88,0.48863636363636365,1.5375638523729382,0.00182259564186432,9.590909090909092,0.16038841371846502,1.6120443453866269,2.663621998807071,0.04233749324339442,0.5555555555555556,-0.02025880350265652,0.018085539573803544,0.017820934857607225,0.03104178494904902,-0.09561867891708355,0.018085539573803544,-0.006186045589856803,0.02626686985968263,-0.005125065537868068,-0.016953624202869833,-0.02025880350265652,0.046477317257085815,0.04144362741499208,0.07663859844615217
MGNT,60,X_LEADLAG,cross,"{""a"": ""GD"", ""n"": 12, ""z"": 2.0, ""mode"": ""follow"", ""hold"": 12}",T,True,-1,22,0.6818181818181818,2.152169153678799,0.0028468897525120024,9.818181818181818,0.06263157725334167,1.610763566261713,3.129637784815473,0.013318968005478382,0.6666666666666666,-0.007534131407737732,0.009847375564277172,0.006959064139260186,0.010348771584821745,-0.06131773762656252,-0.004678575787693262,-0.004295124555937946,0.015786366537213326,0.015409111976623535,-0.007534131407737732,0.021532524086069316,0.00059512845473364,0.015968902385793626,0.009847375564277172
ALRS,60,X_LEADLAG,cross,"{""a"": ""GD"", ""n"": 12, ""z"": 2.0, ""mode"": ""fade"", ""hold"": 3}",T,True,-1,45,0.4666666666666667,1.922170641600729,0.0014303963284472594,3.6444444444444444,0.06436783737444784,1.6092787086496187,3.713032545675478,0.016149258852237836,0.7777777777777778,-0.007654456188902259,0.00454612250905484,0.007151981930494205,0.011148837468606627,-0.04930638875830221,0.006270603014854714,0.0023249684600159526,-0.0023130158660933375,0.002851780503988266,-0.007654456188902259,0.00454612250905484,0.00865498703205958,0.016711388248950243,0.032975459660519846
BR,60,X_LEADLAG,cross,"{""a"": ""SR"", ""n"": 12, ""z"": 1.0, ""mode"": ""follow"", ""hold"": 12}",T,True,1,60,0.4666666666666667,1.911427175353207,0.0034087657323377857,10.4,0.20452594268135726,1.608217958400025,4.599707458009904,0.06321115884929895,0.4444444444444444,-0.028438384411856532,-0.004442500416189432,0.02272510474237303,0.06560595604137247,-0.1374000987968788,-0.028438384411856532,-0.004442500416189432,0.005873148562386632,-0.013843140564858913,0.04412161139771342,0.19817796582356095,-0.013878825469873846,-0.011180858593434095,0.028136926353909075
RN,60,X_LEADLAG,cross,"{""a"": ""MX"", ""n"": 6, ""z"": 1.0, ""mode"": ""fade"", ""hold"": 12}",T,True,-1,68,0.6323529411764706,1.762408852105906,0.0021139319083460953,9.176470588235293,0.14374737339676358,1.607368627917948,2.0636190451767087,0.06307024508714676,1.0,0.0011526952148415148,0.012773588168784045,0.015971930377418175,0.014282305862660032,0.05529190905788155,0.015570863062748685,0.0028205792186781764,0.028240870917215943,0.012773588168784045,0.01106821623397991,0.0011526952148415148,0.049917099298909307,0.00568809820106253,0.016515363080543466
GMKN,60,X_LEADLAG,cross,"{""a"": ""GD"", ""n"": 6, ""z"": 1.0, ""mode"": ""follow"", ""hold"": 12}",T,True,0,179,0.5251396648044693,1.3603021445365056,0.0015102470654782606,9.022346368715084,0.27033422962995246,1.6030194933735982,2.414441485469239,0.11768323602154851,0.5555555555555556,-0.04302465112414211,0.024124299990944564,0.030037136625550274,0.06625593722923724,-0.10961047084459294,-0.04302465112414211,0.06631888885749504,-0.011737007356714457,0.04934807063546032,-0.038615167286479846,0.024124299990944564,-0.04088111623423174,0.13133652092074044,0.13346439122688025
SR,60,X_LEADLAG,cross,"{""a"": ""MX"", ""n"": 1, ""z"": 2.0, ""mode"": ""follow"", ""hold"": 12}",T,True,1,32,0.5625,2.0628723847984616,0.0016935647458322651,10.40625,0.054194072901736945,1.5994145546671321,3.838899305639607,0.026195985090453178,0.5555555555555556,-0.011123642907477915,0.00418846303364262,0.00602156365574855,0.013189254075088017,-0.11656272972991193,0.025183515157550573,0.018450682575348765,-0.0031376522965729237,0.016987626440823078,-0.010150659538339823,-0.004921682644635439,-0.011123642907477915,0.00418846303364262,0.01871742308139801
RI,60,X_LEADLAG,cross,"{""a"": ""SR"", ""n"": 6, ""z"": 2.0, ""mode"": ""follow"", ""hold"": 3}",T,True,0,30,0.4666666666666667,2.3251714116590017,0.002402362825381327,4.0,0.07207088585710153,1.5961498715082472,5.792350706556122,0.013914341805502772,0.4444444444444444,-0.012280114111490548,0.0,0.008007876206344614,0.017982249285504112,-0.13751702235973834,0.04795590182766318,-0.006615352816879749,0.012505741382483393,0.0,-0.012280114111490548,0.028465571929700673,0.004504703450948,0.0,-0.002465565805323422
AFLT,60,X_LEADLAG,cross,"{""a"": ""GD"", ""n"": 12, ""z"": 2.0, ""mode"": ""follow"", ""hold"": 12}",T,True,0,50,0.58,1.7226021218187733,0.002499616019108989,10.22,0.1249807981930644,1.5939278557276733,2.7284504821897437,0.07339186751232774,0.6666666666666666,-0.028550572227686644,0.0126075231237337,0.013886755354784933,0.02764282251333379,-0.09138084612400398,0.04081806423891976,-0.01876609370810911,-0.028550572227686644,0.004097768425708637,-0.004498251713812351,0.0126075231237337,0.02854999795090407,0.027292683720588684,0.06342967838281766
SR,60,X_LEADLAG,cross,"{""a"": ""GD"", ""n"": 12, ""z"": 2.0, ""mode"": ""follow"", ""hold"": 3}",T,True,-1,26,0.46153846153846156,2.735870784510951,0.0016102887260135775,3.769230769230769,0.04186750572989695,1.5908800403011047,4.996800940602848,0.010033241473138332,0.5555555555555556,-0.008494916372001171,0.0021756711648777127,0.004651945081099661,0.009130487852297888,-0.11231221724820094,0.025099548394791782,-0.0008347872644662857,0.011328747496008873,0.005082741845399141,-0.00012536728172563016,0.009020458499435335,0.0021756711648777127,-0.008494916372001171,-0.0013845907524228096
BR,60,X_LEADLAG,cross,"{""a"": ""Si"", ""n"": 6, ""z"": 2.0, ""mode"": ""follow"", ""hold"": 12}",T,True,-1,33,0.5151515151515151,3.7004286176139036,0.008851213421664703,8.818181818181818,0.2920900378085207,1.5867129939579026,9.121966678964482,0.04872380956658162,0.7777777777777778,-0.02772345711127855,0.004464770026970655,0.03245444864539119,0.08775492359637259,-0.06095302491991883,0.004464770026970655,0.013131899177096784,-0.02557299192994833,0.008210760308429599,-0.02772345711127855,0.27500750683248043,0.0381558402441442,0.003114260733127594,0.0033014495274983346
LKOH,60,X_LEADLAG,cross,"{""a"": ""MX"", ""n"": 1, ""z"": 2.0, ""mode"": ""follow"", ""hold"": 12}",T,True,-1,34,0.5294117647058824,2.6156986390307746,0.003114110304336405,9.764705882352942,0.10587974741065409,1.585906255855685,5.936686274166287,0.02570349076995626,0.3333333333333333,-0.006478528957813978,-0.0005412986502051353,0.011764416378961565,0.027713451017277225,-0.14611825438796813,0.031426673755049706,-0.0005412986502051353,-0.0032153171487152576,-0.0006643427186645567,0.0,0.0035566565638873726,-0.002457077134749852,-0.006478528957813978,0.08425298170186579
NVTK,60,X_LEADLAG,cross,"{""a"": ""GD"", ""n"": 12, ""z"": 2.0, ""mode"": ""follow"", ""hold"": 12}",T,True,-1,24,0.5416666666666666,2.1966329025730746,0.004973449854857722,9.5,0.11936279491055757,1.582848222070071,2.608381049912333,0.05105457128956914,0.6666666666666666,-0.011902526952326298,0.015068678767420352,0.01326253276783973,0.01752738505274628,-0.05520813718722082,0.03796376392710954,-0.0003504753112792969,0.02438110113143921,-0.011902526952326298,0.0011300829937681556,0.02141142776235938,-0.006333392579108477,0.015068678767420352,0.037994135171175
ROSN,60,X_LEADLAG,cross,"{""a"": ""SBER"", ""n"": 6, ""z"": 2.0, ""mode"": ""fade"", ""hold"": 3}",T,True,0,57,0.543859649122807,1.7341999237372296,0.0016381103764778872,3.9298245614035086,0.09337228997901548,1.5790466864362562,2.7100167901804038,0.052322399482363835,0.6666666666666666,-0.01786196418106556,0.00935353897511959,0.010374698886557275,0.02268875456662345,-0.0880108457108951,0.010045520029962063,-0.005678537767380476,0.017006118388962932,0.002820830442942679,-0.016613590210909024,0.04253650619648397,0.0517638681048993,0.00935353897511959,-0.01786196418106556
RN,60,X_LEADLAG,cross,"{""a"": ""SR"", ""n"": 1, ""z"": 2.0, ""mode"": ""fade"", ""hold"": 12}",T,True,-1,52,0.6923076923076923,1.694923450001571,0.0024256647374699294,10.923076923076923,0.1261345670063747,1.5760636480508323,2.297770339027505,0.0997225297614932,0.7777777777777778,-0.040342309104744345,0.011107382655609399,0.01401495188959719,0.026287431422382327,-0.08066335346270784,0.02692544716410339,0.008470430038869381,0.008387536276131868,0.019684949176735245,0.011107382655609399,-0.040342309104744345,0.047940520162228495,-0.007320023141801357,0.051280633779242635
ALRS,60,X_LEADLAG,cross,"{""a"": ""GD"", ""n"": 3, ""z"": 2.0, ""mode"": ""fade"", ""hold"": 12}",T,True,-1,84,0.5357142857142857,1.5024586866199723,0.0017175332325309362,9.964285714285714,0.14427278824132372,1.5757115334136387,2.6580138860393028,0.0536172101565171,0.7777777777777778,-0.028423662326531485,0.00799635797739029,0.016030309804591525,0.029432418511795098,-0.06566857056920546,0.00022593022731598467,0.02653110932715208,-0.028423662326531485,0.003553601389285177,-0.00392229831777513,0.012211138557177037,0.04881058679893613,0.07729002460837364,0.00799635797739029
NVTK,60,X_LEADLAG,cross,"{""a"": ""SBER"", ""n"": 12, ""z"": 2.0, ""mode"": ""follow"", ""hold"": 12}",T,True,0,20,0.5,3.108811511085134,0.007351007987283052,7.8,0.14702016167575493,1.573225642958864,5.772390599628315,0.06049461732618511,0.3333333333333333,-0.03257399704307318,-0.0013375721755437553,0.016335573519528326,0.0399596875475331,-0.16721609062404375,0.07064615469425917,-0.010964689077809453,-0.0021142219193279743,-0.01131901703774929,-0.03257399704307318,0.09376406390219927,-0.0013375721755437553,0.0,0.04091944033280015
TATN,60,X_LEADLAG,cross,"{""a"": ""SBER"", ""n"": 6, ""z"": 2.0, ""mode"": ""follow"", ""hold"": 3}",T,True,-1,22,0.5,2.2070902282358458,0.004002071138808566,4.0,0.08804556471295655,1.5709671711982442,3.2412453398871404,0.02432640641927719,0.5555555555555556,-0.007188073126599193,0.0014476366341114044,0.009782840523661839,0.017486004640152885,-0.09890102576634974,-0.0027314182370901108,0.004864494316279888,0.016795411240309477,-0.007188073126599193,-0.002298748353496194,0.035820369608700275,0.0014476366341114044,-0.0028213488403707743,0.044157241471111774
LKOH,60,X_LEADLAG,cross,"{""a"": ""SBER"", ""n"": 6, ""z"": 2.0, ""mode"": ""follow"", ""hold"": 12}",T,True,-1,20,0.5,2.81905781442079,0.004887639472276173,8.2,0.0977527904251474,1.5586370244259797,4.12202385833695,0.029134098207578063,0.4444444444444444,-0.012684586690738797,0.0,0.010861421158349711,0.02789203809800225,-0.13347498477260727,0.019657714292407036,-0.002945506712421775,-0.011487853713333607,0.007225911795103457,-0.0003193546726834029,0.013861175626516342,-0.012684586690738797,0.0,0.08444529050029814
LKOH,60,X_LEADLAG,cross,"{""a"": ""MX"", ""n"": 3, ""z"": 2.0, ""mode"": ""follow"", ""hold"": 12}",T,True,-1,20,0.55,3.6238597354371405,0.0035707163271002746,8.9,0.07141432745265774,1.5585872930382159,7.228678182341705,0.011570393922738731,0.4444444444444444,-0.0020800624042749405,0.0,0.007934925272517527,0.015863166987134324,-0.11570280036643962,0.0,0.010960792191326618,-0.0017007048008963466,-0.0020800624042749405,0.0,0.013509024545783177,0.0005125959287397563,0.0,0.05021268199197948
LKOH,60,X_LEADLAG,cross,"{""a"": ""SR"", ""n"": 3, ""z"": 2.0, ""mode"": ""follow"", ""hold"": 12}",T,True,-1,30,0.5333333333333333,2.270643550680401,0.0034646130780291015,9.866666666666667,0.10393839300377294,1.5583620069487303,3.795806361287006,0.03385792041081004,0.5555555555555556,-0.031713178381323814,0.002436845446936786,0.01154871033375255,0.03207858984996076,-0.12714285002768008,0.019657714292407036,0.00683429092168808,-0.00260259211063385,0.002436845446936786,-0.012264691264135763,0.037373079685494304,-0.002144742029486224,-0.031713178381323814,0.08636166644282639
GMKN,60,X_LEADLAG,cross,"{""a"": ""GD"", ""n"": 6, ""z"": 1.0, ""mode"": ""follow"", ""hold"": 12}",T,True,-1,82,0.573170731707317,1.531038651174485,0.0022175089161335917,9.414634146341463,0.18183573343412718,1.5437831236496344,2.3429796986383846,0.053166898898780346,0.5555555555555556,-0.022148550022393465,0.0026404884411022067,0.020203970381569687,0.03634428021728449,-0.10465320780557719,0.008201268501579762,0.0026404884411022067,-0.0035815784940496087,-0.004707923624664545,-0.003191851545125246,0.05466996191535145,-0.022148550022393465,0.05600198668980738,0.09395193157251924
GMKN,60,X_LEADLAG,cross,"{""a"": ""GD"", ""n"": 6, ""z"": 2.0, ""mode"": ""fade"", ""hold"": 3}",T,True,1,64,0.53125,1.645071265155097,0.0013523402073056376,3.84375,0.08654977468540892,1.5409532716531003,2.91476075223873,0.03234077975503169,0.6666666666666666,-0.010754800401628017,0.0027108517242595553,0.009616641631712101,0.018301081561946438,-0.08215989217496872,0.00015756586799398065,0.0027108517242595553,0.0028239641105756164,0.024554026080295444,-0.0023775495355948806,-0.010754800401628017,-0.00590248973458074,0.026844238716876134,0.04849396785721183
BR,60,X_LEADLAG,cross,"{""a"": ""SBER"", ""n"": 12, ""z"": 2.0, ""mode"": ""follow"", ""hold"": 12}",T,True,0,34,0.5588235294117647,2.586708919466056,0.0056286675386252195,8.058823529411764,0.19137469865745516,1.5404796160578942,5.280837108245671,0.040078845544485375,0.5555555555555556,-0.026711479033110663,0.010632457211613655,0.021263855406383907,0.06437026670966768,-0.10911214268448498,-0.026711479033110663,0.014773586532101035,0.010632457211613655,-0.022931711049750447,-0.01141985785216093,0.19783706963062286,0.017900547478348017,-0.0026095756329596043,0.01390366137275123
VTBR,60,X_LEADLAG,cross,"{""a"": ""GD"", ""n"": 12, ""z"": 2.0, ""mode"": ""fade"", ""hold"": 12}",T,True,-1,54,0.5370370370370371,1.9300183961362203,0.0034093377131206967,10.166666666666666,0.18410423722525593,1.5327607068895037,3.449984937489296,0.08023887628223747,0.6666666666666666,-0.05319408047944307,0.017842164073954336,0.02045602635836177,0.04479902393818978,-0.098493690472257,0.0216298183077015,0.017842164073954336,0.013873483520001173,-0.01213841640856117,-0.05319408047944307,0.044827059376984835,-0.014740037033334374,0.113559924880974,0.05244432098697871
MX,60,X_LEADLAG,cross,"{""a"": ""SR"", ""n"": 6, ""z"": 2.0, ""mode"": ""fade"", ""hold"": 12}",T,True,1,14,0.5,5.001186481462996,0.0037614662481391865,8.071428571428571,0.05266052823935752,1.5257148467660742,7.243594663824669,0.007616140879690647,0.4444444444444444,-0.0070439676637761295,0.0,0.0058511698043730576,0.011924814898316217,-0.12963085855495385,0.0350310318171978,0.0,0.0,0.0059166280552744865,0.0,-0.0070439676637761295,0.016456133977044374,0.002309761941432953,-9.05988781596534e-06
BR,60,X_LEADLAG,cross,"{""a"": ""SR"", ""n"": 6, ""z"": 2.0, ""mode"": ""follow"", ""hold"": 12}",T,True,1,28,0.5357142857142857,2.599350012341085,0.004107849263055461,9.821428571428571,0.11501977837178856,1.5212734058153234,5.4210928545619534,0.020535010960884392,0.5555555555555556,-0.012757561751641333,0.0076851623598486185,0.012779975374643173,0.02791231451674004,-0.10156488825670469,-0.012757561751641333,0.0076851623598486185,0.013122054282575846,0.013485101982951164,-0.007533201482146978,0.08379237819463015,0.027210613945499063,-0.009339520242065191,-0.0006452489178627729
TATN,60,X_LEADLAG,cross,"{""a"": ""SBER"", ""n"": 6, ""z"": 2.0, ""mode"": ""follow"", ""hold"": 3}",T,True,0,44,0.4772727272727273,1.8134158918878536,0.0027290049323520716,4.0,0.12007621757220477,1.5179409444484444,3.0585649424833075,0.037222801707684994,0.6666666666666666,-0.019531380152329803,0.0040447061182931066,0.013341801952467196,0.02447026593294313,-0.08632975255473095,0.0610012486577034,0.0033296686597168446,0.010616681189276278,-0.019531380152329803,-0.0031813052482903004,0.048324317671358585,0.0040447061182931066,-0.004166271653957665,0.019638552330434322
BR,60,X_LEADLAG,cross,"{""a"": ""SR"", ""n"": 6, ""z"": 2.0, ""mode"": ""follow"", ""hold"": 3}",T,True,0,52,0.40384615384615385,1.8513763484658121,0.0028793353960395044,3.9615384615384617,0.14972544294869294,1.5177625531360686,4.434712816748462,0.04214316763682291,0.6666666666666666,-0.023769850202370435,0.0013665752485394478,0.01663616032763255,0.0445289652192895,-0.09183911872427222,-0.018368196091614664,-0.00815489946398884,0.0011889600282302126,0.013885402120649815,0.0059299658532836474,0.12979233916848898,0.04785514628747478,0.0013665752485394478,-0.023769850202370435
LKOH,60,X_LEADLAG,cross,"{""a"": ""MX"", ""n"": 6, ""z"": 2.0, ""mode"": ""follow"", ""hold"": 12}",T,True,0,28,0.5714285714285714,2.743511937962036,0.0031127523200427565,8.964285714285714,0.0871570652234368,1.5160135190369046,5.537060866430976,0.03385368490125984,0.6666666666666666,-0.010470125824213028,0.005895068868994713,0.009684118358159645,0.019031389225199598,-0.0803114895973896,0.021659811958670616,0.006567276548594236,-0.008572840131819248,0.005895068868994713,5.986407632008195e-05,0.03545687976293266,-0.008627479954157025,-0.010470125824213028,0.0451886099181138
RN,60,X_LEADLAG,cross,"{""a"": ""BR"", ""n"": 1, ""z"": 2.0, ""mode"": ""follow"", ""hold"": 12}",T,True,-1,51,0.5490196078431373,2.2020482882681525,0.002676169601224809,8.019607843137255,0.13648464741709176,1.509710886220194,4.317816100175551,0.061277023909497075,0.8888888888888888,-0.05158418421342503,0.015136935107875615,0.015164960824121308,0.03538212152786241,-0.05964408865191784,0.008775298410910182,-0.05158418421342503,0.00423755451629404,0.015136935107875615,0.016877913323696703,0.0067614029394462705,0.022060661343857646,0.018305109115317464,0.09591395687311888
TATN,60,X_LEADLAG,cross,"{""a"": ""BR"", ""n"": 1, ""z"": 2.0, ""mode"": ""follow"", ""hold"": 12}",T,True,-1,57,0.5614035087719298,1.745470166683169,0.002913316771455193,8.385964912280702,0.16605905345932115,1.5089851746667053,2.7814888289111006,0.12136616659699939,0.6666666666666666,-0.10170953092165291,0.012059394153766334,0.01845100593992457,0.06069395703370583,-0.12411333487684029,0.09859625063836575,-0.10170953092165291,-0.0018079275905620307,-0.013592983013950288,0.006548092176672071,0.025997557895607315,0.018486773828044534,0.012059394153766334,0.12148142629303038
ROSN,60,X_LEADLAG,cross,"{""a"": ""SBER"", ""n"": 12, ""z"": 2.0, ""mode"": ""fade"", ""hold"": 12}",T,True,1,21,0.5238095238095238,2.199178197294365,0.0034681609552678788,9.761904761904763,0.07283138245111331,1.5062024726991619,3.782564990790527,0.017296568141318858,0.3333333333333333,-0.005344818811863661,0.0,0.008092375827901479,0.018526834825975322,-0.14875774460952026,0.0,-0.005344818811863661,-0.0026020591612905264,-0.0048015848733484745,-0.004098271834664047,0.054443018161691725,0.01456925313686952,0.0,0.020665845833718777
GZ,60,X_LEADLAG,cross,"{""a"": ""GD"", ""n"": 12, ""z"": 1.0, ""mode"": ""follow"", ""hold"": 12}",T,True,-1,72,0.5277777777777778,1.5671463147310842,0.0017555556341231418,9.069444444444445,0.12640000426836195,1.5044721341768301,2.3324871938319887,0.07680788997095078,0.5555555555555556,-0.04604292323347181,0.010197371604590444,0.014044444918706885,0.037009599942181885,-0.13136662316904196,0.010197371604590444,-0.04604292323347181,0.0245537250302732,-0.0034949344699271023,-0.01939354551723227,-0.012595530366525054,0.042756585869938135,0.05113657843321562,0.0792826769175008
RN,60,X_LEADLAG,cross,"{""a"": ""SR"", ""n"": 12, ""z"": 2.0, ""mode"": ""fade"", ""hold"": 12}",T,True,1,15,0.4666666666666667,2.5668856592737246,0.004486756329470653,10.533333333333333,0.06730134517420083,1.5034370981292864,4.007385534594457,0.013236514932941645,0.3333333333333333,-0.005130907462444156,0.0,0.00747792724157787,0.0159654234099474,-0.1447340301088107,0.0,0.0,0.0,0.0,-0.005130907462444156,0.04927978804334998,0.005473559314850718,0.0,0.01767890527844429
GZ,60,X_LEADLAG,cross,"{""a"": ""SBER"", ""n"": 6, ""z"": 1.0, ""mode"": ""follow"", ""hold"": 12}",T,True,-1,70,0.4857142857142857,1.5462812029173798,0.0012604846541800778,9.128571428571428,0.08823392766316829,1.5016887022823706,3.1081208784003937,0.04876938413690368,0.5555555555555556,-0.037584475823678076,0.0002606419147923589,0.009803769740352032,0.028260467500890406,-0.1401054424783418,0.03497651033103466,0.0002606419147923589,0.03980618907371536,-0.00539447579649277,-0.008413087896769866,-0.0022452064822573448,0.0060784022498410195,-0.037584475823678076,0.06074943009298295
BR,60,X_LEADLAG,cross,"{""a"": ""SBER"", ""n"": 12, ""z"": 2.0, ""mode"": ""follow"", ""hold"": 3}",T,True,-1,12,0.5833333333333334,5.499163142731137,0.011689761034318425,3.9166666666666665,0.14027713239192963,1.4906787030135284,10.350223774671269,0.013110145460814238,0.3333333333333333,-0.008165759732946754,0.0,0.015586348043547736,0.03363565149673999,-0.14339860648692637,-0.008165759732946754,0.0,0.0,-0.004944385727867484,0.006168929859995842,0.1000933051109314,0.0,0.0,0.047125042881816626
RI,60,X_LEADLAG,cross,"{""a"": ""SR"", ""n"": 3, ""z"": 2.0, ""mode"": ""follow"", ""hold"": 12}",T,True,-1,22,0.5909090909090909,2.184956402240263,0.00325355943750094,9.272727272727273,0.071578308728931,1.4889184382203255,3.2167047944344604,0.02582278731279075,0.4444444444444444,-0.011329260421916842,0.0,0.007953145414325668,0.020421098610411338,-0.13993156324411188,0.01429150253534317,0.0,-0.011329260421916842,-0.005713466496672481,-0.0084001169889234,0.03469777200371027,0.0066990728009841405,-0.009197002276778221,0.05052980757318437
GMKN,60,X_LEADLAG,cross,"{""a"": ""MX"", ""n"": 1, ""z"": 2.0, ""mode"": ""follow"", ""hold"": 12}",T,True,-1,37,0.4864864864864865,1.807312791968921,0.0026995947044762035,10.0,0.0998850026371656,1.4825807830106006,3.197251446881095,0.03591219580266625,0.7777777777777778,-0.010884028859436512,0.005277685821056366,0.011098333626351733,0.01565741058030777,-0.048206894655823535,-0.010884028859436512,-0.003917923488188535,0.005277685821056366,0.006079110084101558,0.003329790662974119,0.03329151283833198,0.005252313349046744,0.024369282880797982,0.037087259348481894
GMKN,60,X_LEADLAG,cross,"{""a"": ""Si"", ""n"": 6, ""z"": 2.0, ""mode"": ""follow"", ""hold"": 3}",T,True,1,36,0.5833333333333334,1.8330475020676336,0.002239674335105574,3.9444444444444446,0.08062827613321133,1.4792499777663972,2.8632370425778015,0.01665305532515049,0.6666666666666666,-0.003692079393658787,0.0006908704526722431,0.008958697348134592,0.013707023153393925,-0.06847916234808667,0.011673489585518837,0.015006070956587791,-0.003692079393658787,0.0006908704526722431,0.03514469740912318,-0.003158970852382481,-0.0030620871111750603,4.06008621212095e-05,0.027985684224404395
RN,60,X_LEADLAG,cross,"{""a"": ""MX"", ""n"": 3, ""z"": 2.0, ""mode"": ""fade"", ""hold"": 3}",T,True,0,30,0.6333333333333333,1.9699686417434954,0.0017485968493870469,4.0,0.052457904908806086,1.4776866058012887,2.68156187642049,0.024077572859823704,0.6666666666666666,-0.003946721088141203,0.005750120617449284,0.005828656100978454,0.007041222887425038,-0.049107098770941444,0.0,-0.00268562906421721,0.0019470475381240249,-0.003946721088141203,0.005750120617449284,0.015694664209149778,0.015058515360578895,0.012086322298273444,0.008553585037589073
RN,60,X_LEADLAG,cross,"{""a"": ""SR"", ""n"": 1, ""z"": 2.0, ""mode"": ""follow"", ""hold"": 12}",T,True,-1,38,0.47368421052631576,1.8205472839847239,0.0026492784906291334,10.0,0.10067258139315527,1.4755119112015813,2.978674131067155,0.046089356605079956,0.4444444444444444,-0.012716082157567143,-0.0007995304185897112,0.011185842377017252,0.025316945303530524,-0.13649878573677532,0.03285621665418148,-0.011758587788790464,0.007101406343281269,-0.0007995304185897112,-0.01111193334509153,-0.005232843803241849,0.04495815001428127,-0.012716082157567143,0.057375785894691944
ALRS,60,X_LEADLAG,cross,"{""a"": ""SR"", ""n"": 6, ""z"": 1.0, ""mode"": ""fade"", ""hold"": 12}",T,True,-1,87,0.5172413793103449,1.504116064764645,0.002008601034850997,10.218390804597702,0.17474828853664803,1.474878745784126,2.778543750696347,0.07454439380671829,0.7777777777777778,-0.035018587950617075,0.023284552515178802,0.019416476504072005,0.03558680781644851,-0.061080399288365686,0.02493804949153855,0.01716474210843444,-0.033349600969813764,0.008613398764282465,-0.035018587950617075,0.03101766260806471,0.023284552515178802,0.05452738277381286,0.08357068919576705
RI,60,X_LEADLAG,cross,"{""a"": ""SBER"", ""n"": 6, ""z"": 2.0, ""mode"": ""follow"", ""hold"": 3}",T,True,0,33,0.45454545454545453,2.078546184680732,0.002079009781999128,4.0,0.06860732467612252,1.473946456372899,4.372248065590109,0.02609319903422147,0.4444444444444444,-0.00840214395429939,0.0,0.007623036075124724,0.01920011493847911,-0.13397146426802153,0.056527122389525175,0.006621860899031162,0.018504621053580195,-0.00704016862437129,-0.00840214395429939,-0.004206098266877234,-0.0037546022795140743,0.0,0.010356733459047973
MX,60,X_LEADLAG,cross,"{""a"": ""GD"", ""n"": 6, ""z"": 1.0, ""mode"": ""follow"", ""hold"": 12}",T,True,-1,85,0.5411764705882353,1.5057317764434224,0.0015153235328245695,9.6,0.12880250139778582,1.4733140211061648,2.2938090507551174,0.05782672463101335,0.7777777777777778,-0.02666626640711911,0.01475315642892383,0.014311389044198423,0.025666592944286082,-0.06041668629397472,0.0032831241842359304,-0.02666626640711911,0.01566917886293595,0.004261127440258861,-0.006819117232225835,0.03178832621779293,0.01475315642892383,0.02145791391376406,0.0710750579892192
GAZP,60,X_LEADLAG,cross,"{""a"": ""SR"", ""n"": 3, ""z"": 1.0, ""mode"": ""follow"", ""hold"": 12}",T,True,-1,82,0.5121951219512195,1.5012177452632731,0.0017211882871772091,10.439024390243903,0.1411374408789925,1.466846065856646,2.8141661443529356,0.07857500739828538,0.4444444444444444,-0.02825057751033455,-0.0025364398024976254,0.01568193787544361,0.05397403334033452,-0.1464690301225948,0.07916294527240098,-0.027122525323648006,0.01169317087624222,-0.026495009979953466,-0.0025364398024976254,-0.018821870246028993,0.014907894823409151,-0.02825057751033455,0.1385998527694028
BR,60,X_LEADLAG,cross,"{""a"": ""SBER"", ""n"": 12, ""z"": 2.0, ""mode"": ""follow"", ""hold"": 3}",T,True,0,34,0.47058823529411764,2.4746768097082708,0.004517170389075238,3.823529411764706,0.15358379445387982,1.4629996264733143,6.091098612381662,0.045942637691041455,0.4444444444444444,-0.028302524093305692,-0.0021651513525284827,0.01706486605043109,0.051931087228873705,-0.14009920261454775,-0.028302524093305692,0.003844145219773054,0.0018418319523334503,-0.004944385727867484,-0.012212775181978941,0.1533862231299281,-0.0021651513525284827,-0.006133485585451126,0.04826991609297693
LKOH,60,X_LEADLAG,cross,"{""a"": ""SR"", ""n"": 3, ""z"": 2.0, ""mode"": ""fade"", ""hold"": 3}",T,True,-1,43,0.6046511627906976,1.803110270572668,0.0023877297948999045,3.9069767441860463,0.10267238100641407,1.462182547878122,2.5210414271476767,0.03418589383363724,0.5555555555555556,-0.008759922813624144,0.004549031611531973,0.011408042334046008,0.020897625407834502,-0.09634610929485965,0.0,0.01507471315562725,-0.000807944918051362,0.011294800351606682,-0.008167064283043146,0.027744903578422964,-0.008759922813624144,0.004549031611531973,0.06174386432394385
GD,60,X_LEADLAG,cross,"{""a"": ""SR"", ""n"": 12, ""z"": 1.0, ""mode"": ""follow"", ""hold"": 12}",T,True,-1,69,0.5217391304347826,1.6054837177514016,0.0016622496423028342,9.405797101449275,0.1146952269191388,1.456698776638518,3.122029654415676,0.03471766828442924,0.5555555555555556,-0.015152261010371149,0.010504389822017401,0.012743914102126533,0.025465712870705443,-0.10244415165605279,0.023829647921957076,-0.01221995719242841,-0.00886539719067514,0.05848595319548622,-0.015152261010371149,-0.005081480572698638,0.012632844387553632,0.010504389822017401,0.05056148755829781
TATN,60,X_LEADLAG,cross,"{""a"": ""MX"", ""n"": 6, ""z"": 2.0, ""mode"": ""follow"", ""hold"": 3}",T,True,-1,19,0.5263157894736842,2.2742553321750556,0.0032663884740890556,4.0,0.062061379343504086,1.4472304246731411,3.3293221418675465,0.0340180236089509,0.3333333333333333,-0.012211065739393234,-0.0008151500951498747,0.006895708815944899,0.01712943675561195,-0.16637398481274263,-0.0014360860222950578,-0.009027288295328617,-0.004745547514175996,-0.012211065739393234,-0.0008151500951498747,0.035597927402704954,0.022365006967447698,0.0,0.032333582639694214
BR,60,X_LEADLAG,cross,"{""a"": ""SR"", ""n"": 6, ""z"": 2.0, ""mode"": ""follow"", ""hold"": 3}",T,True,-1,25,0.48,2.295254928037184,0.004917012875660532,3.96,0.12292532237188425,1.4430375610052866,4.77503414724046,0.034698120958637446,0.4444444444444444,-0.01408954180078581,0.0,0.013658369152431583,0.03023567394042813,-0.13090308728872224,-0.004261292051523924,0.0,-0.005370783983380534,-0.007456506602466106,0.017216484993696213,0.08975624293088913,0.03200223675230518,0.0151284821331501,-0.01408954180078581
PLZL,60,X_LEADLAG,cross,"{""a"": ""SBER"", ""n"": 3, ""z"": 2.0, ""mode"": ""follow"", ""hold"": 12}",T,True,-1,39,0.48717948717948717,1.6655700344390971,0.002342774801674709,9.820512820512821,0.09136821562424302,1.4430369112614536,2.7670890263408254,0.05314433143939823,0.6666666666666666,-0.039714329643175006,0.0028704062569886446,0.010152023958249224,0.02568383120983863,-0.11930942795651141,0.029928611125797033,0.0028704062569886446,0.030782161047682166,-0.039714329643175006,-0.011911198846064508,0.029485165141522884,0.0025234476197510958,-0.0017399946227669716,0.04914394754450768
ALRS,60,X_LEADLAG,cross,"{""a"": ""GD"", ""n"": 1, ""z"": 1.0, ""mode"": ""follow"", ""hold"": 12}",T,True,-1,131,0.5114503816793893,1.391498513739078,0.0014117463572580844,9.412213740458014,0.1849387700576699,1.4398703496647005,2.318954789692535,0.10276613722089678,0.6666666666666666,-0.02607663767412305,0.013104373815622239,0.02054875222862999,0.034362426092192505,-0.07966450137924407,0.007927152852062136,-0.024689624086022377,-0.02607663767412305,-0.0015610877599101514,0.013104373815622239,0.03464110413915478,0.06141317565925419,0.04128271248191595,0.07889760062971618
SR,60,X_LEADLAG,cross,"{""a"": ""MX"", ""n"": 12, ""z"": 1.0, ""mode"": ""fade"", ""hold"": 3}",T,True,-1,53,0.5849056603773585,1.6735663051898055,0.0006635264112104255,3.69811320754717,0.03516689957723429,1.4381160161590685,2.4783189588486527,0.016968477983027697,0.6666666666666666,-0.015716189052909613,0.006777419912395999,0.003907433286359365,0.009746548949095487,-0.10833239925447899,-0.015716189052909613,-0.001252288930118084,0.0038159539690241218,0.012942707224283367,-0.007211968581032124,0.007542326609836891,0.016048655568738468,0.006777419912395999,0.012220282857015263
BR,60,X_LEADLAG,cross,"{""a"": ""Si"", ""n"": 12, ""z"": 2.0, ""mode"": ""follow"", ""hold"": 3}",T,True,1,26,0.7307692307692307,1.8913427514945338,0.0023698461789980587,3.576923076923077,0.06161600238374376,1.4356579524045257,2.001026099779615,0.038253397680819035,0.6666666666666666,-0.01620235131122172,0.0038667325861752033,0.006846222487082641,0.013621576806514319,-0.09775206852274453,-0.0039652451469009975,-0.0008588200435042381,0.010192137910053134,0.018270596279762685,0.0038667325861752033,-0.01620235131122172,0.017531548161059618,0.0003365010197740048,0.03244490292854607
GZ,60,X_LEADLAG,cross,"{""a"": ""SR"", ""n"": 1, ""z"": 2.0, ""mode"": ""fade"", ""hold"": 12}",T,True,-1,45,0.5333333333333333,1.6230440286099501,0.002208352719355133,10.311111111111112,0.099375872843666,1.435395740317696,2.669641431771449,0.035603794269263744,0.4444444444444444,-0.02702222508378327,-0.000999250914901495,0.011041763649296222,0.03401559778155363,-0.15307811960149517,-0.004359991755336523,-0.02702222508378327,0.03729265136644244,-0.022516322322189808,-0.000999250914901495,0.01932209311053157,0.03993064185488038,-0.022267169319093227,0.07999544590711594
RN,60,X_LEADLAG,cross,"{""a"": ""SBER"", ""n"": 3, ""z"": 1.0, ""mode"": ""follow"", ""hold"": 12}",T,True,-1,101,0.5247524752475248,1.456440544539058,0.0016978324639480948,10.188118811881187,0.17148107944012736,1.4319695351654558,2.43774518367149,0.060000783822033554,0.5555555555555556,-0.04775290488032624,0.00628802680876106,0.019053453271125263,0.04647996724435237,-0.12681560732670988,0.02863634401001036,-0.04775290488032624,0.0630538368022826,-0.009396822380949743,0.00628802680876106,-0.01896879664855078,0.0609938723500818,-0.016920625130296685,0.10554814850911498
VTBR,60,X_LEADLAG,cross,"{""a"": ""MX"", ""n"": 1, ""z"": 2.0, ""mode"": ""follow"", ""hold"": 12}",T,True,1,45,0.4888888888888889,1.7174510703461756,0.0023875344540412935,10.688888888888888,0.10743905596609693,1.4315681220835765,3.1478255447685726,0.07512250990839675,0.6666666666666666,-0.04974459233926609,0.012225054553709924,0.011937672885121882,0.03417691986315952,-0.11499512753914201,0.06844263430684805,0.012225054553709924,-0.003583499346859753,0.03267052472801879,0.00683515565469861,-0.04974459233926609,0.04257686994969845,0.02680304150271695,-0.028786133043468
ROSN,60,X_LEADLAG,cross,"{""a"": ""SBER"", ""n"": 6, ""z"": 2.0, ""mode"": ""fade"", ""hold"": 12}",T,True,-1,25,0.64,2.082389721795913,0.0036634562662973785,9.52,0.09158640625537373,1.4256266680838927,2.1086342514623673,0.05790230433922261,0.4444444444444444,-0.011307233478873968,0.0,0.010176267361708192,0.021588108871840168,-0.13110487186943925,-0.0013716798275709152,0.0,0.030512933619320393,0.013623600360006094,-0.00857139949221164,0.007454716396750882,0.061245468677952886,0.0,-0.011307233478873968
ALRS,60,X_LEADLAG,cross,"{""a"": ""GD"", ""n"": 1, ""z"": 2.0, ""mode"": ""fade"", ""hold"": 12}",T,True,-1,117,0.5128205128205128,1.3855248086602774,0.0016473917588875275,10.478632478632479,0.1927448360802373,1.4229936055358952,2.3220699544733128,0.1305773975327611,0.6666666666666666,-0.04999529861379415,0.016364950803108513,0.021416092897804145,0.05451394937656388,-0.09774797050178405,0.013678254079422913,-0.04999529861379415,-0.03067341702990234,0.016364950803108513,-0.02041241538245231,0.03206453548045829,0.14630533521994948,0.0582104692584835,0.02720242226496339
GAZP,60,X_LEADLAG,cross,"{""a"": ""SBER"", ""n"": 6, ""z"": 2.0, ""mode"": ""fade"", ""hold"": 12}",T,True,-1,19,0.5789473684210527,2.1172078133467482,0.0026086051285236175,10.526315789473685,0.049563497421331704,1.4207829218166057,2.9101135562734974,0.013724229298532009,0.6666666666666666,0.0,0.001035915920510888,0.005507055269036856,0.00822266093079831,-0.05503002750570254,0.0,0.002294999547302723,0.0,0.003883515950292349,0.0009561271872371435,0.02179977868217975,0.01959316013380885,0.0,0.001035915920510888
RI,15,X_LEADLAG,cross,"{""a"": ""SBER"", ""n"": 6, ""z"": 2.0, ""mode"": ""follow"", ""hold"": 12}",T,True,1,51,0.49019607843137253,1.6853952757652206,0.0010497112644066086,12.96078431372549,0.053535274004389066,1.4206868622075106,2.7310474624318575,0.03340234493953176,0.5555555555555556,-0.011472347949165851,0.0022799557773396373,0.005948363778265452,0.015302093983612715,-0.11956626940391105,0.04088430575939128,-0.00047340220771729946,0.01377686980413273,0.01310570864006877,-0.009009200934087858,-0.011472347949165851,0.0022799557773396373,-0.006852203980088234,0.01129558909451589
BR,60,X_LEADLAG,cross,"{""a"": ""SBER"", ""n"": 12, ""z"": 2.0, ""mode"": ""fade"", ""hold"": 12}",T,True,1,51,0.5686274509803921,1.702090721092301,0.0033189465326404982,9.352941176470589,0.1692662708444459,1.4170482676420268,2.609885415761595,0.07477337308228016,0.5555555555555556,-0.030353472335264087,0.018825655824684873,0.018807363427160655,0.034298213692979786,-0.10490686882384867,-0.030353472335264087,0.018825655824684873,-0.011445133248344064,0.03493858873844147,0.04386651609092951,-0.004199546063318849,0.06316557846730575,-0.015940841054543853,0.07040892442455515
MGNT,60,X_LEADLAG,cross,"{""a"": ""SBER"", ""n"": 3, ""z"": 2.0, ""mode"": ""follow"", ""hold"": 12}",T,True,-1,33,0.5454545454545454,1.947800677841632,0.002876349139295218,9.121212121212121,0.09491952150710858,1.414504617628018,2.861903433839693,0.0631758054078091,0.5555555555555556,-0.04613305634120479,0.006975392054300755,0.010546613500789843,0.03449418692698294,-0.13804067173700535,0.02840094082057476,0.0077163479290902615,-0.0024160935427062213,0.006975392054300755,-0.015118269249796867,0.036290585732785985,-0.004999913275241852,-0.04613305634120479,0.08420358737930655
MGNT,60,X_LEADLAG,cross,"{""a"": ""RI"", ""n"": 6, ""z"": 1.0, ""mode"": ""follow"", ""hold"": 3}",T,True,-1,92,0.5217391304347826,1.4478242918267572,0.0010899271505662215,3.8043478260869565,0.10027329890726833,1.413112215312298,2.4293854814460687,0.10791736754617887,0.4444444444444444,-0.03759096610156121,-0.0007026492967270315,0.011141477656363148,0.05129808868739251,-0.15535180273295546,0.020608255872502923,-0.03131620175554417,-0.029280272719915956,-0.0007026492967270315,-0.03759096610156121,0.04324092000024393,0.003484127519186586,-0.0067238666815683246,0.13855395207065158
BR,60,X_LEADLAG,cross,"{""a"": ""SBER"", ""n"": 12, ""z"": 2.0, ""mode"": ""fade"", ""hold"": 12}",T,True,0,101,0.49504950495049505,1.4850285712911173,0.0026902382561009735,8.851485148514852,0.2717140692182056,1.411634719013635,2.893568134458381,0.10967294550960105,0.5555555555555556,-0.062254714663140476,0.009981238304817452,0.03019045213535618,0.07852216823122998,-0.12151454345907958,-0.062254714663140476,0.009981238304817452,-0.029427687404677272,-0.027971781746600755,0.02539797592908144,0.17978467443026602,0.1469614261877723,-0.024610169377410784,0.05385310755809769
LKOH,60,X_LEADLAG,cross,"{""a"": ""MX"", ""n"": 1, ""z"": 2.0, ""mode"": ""follow"", ""hold"": 3}",T,True,-1,36,0.5,1.6668861455405142,0.001419655375352905,3.9444444444444446,0.05110759192757541,1.4113059476397996,2.797675863379484,0.025452748872339725,0.6666666666666666,-0.007790042785927653,0.0013384334743022919,0.005678621325286157,0.010288474391605275,-0.08609489725222823,0.020243741339072585,-0.00396680599078536,0.0013384334743022919,-0.007790042785927653,0.0,0.011110262712463737,0.004932161536999047,0.0006077339421608485,0.024632107699289918
MGNT,60,X_LEADLAG,cross,"{""a"": ""RI"", ""n"": 12, ""z"": 2.0, ""mode"": ""fade"", ""hold"": 12}",T,True,-1,33,0.6060606060606061,1.7390582463596322,0.0022727102172872228,9.818181818181818,0.07499943692528177,1.4104464518399433,2.3117077182842927,0.020558346062898636,0.5555555555555556,-0.016533096553757787,0.008573330007493496,0.008333270769475752,0.01760627859268562,-0.11153939376158271,0.0,0.008573330007493496,-0.015201535075902939,0.016114495461806655,-0.016533096553757787,0.032488451921381056,0.0,0.0126602263917448,0.03689756477251649
RN,60,X_LEADLAG,cross,"{""a"": ""SR"", ""n"": 3, ""z"": 2.0, ""mode"": ""fade"", ""hold"": 12}",T,True,0,82,0.5609756097560976,1.539909744155593,0.002163010455566846,9.414634146341463,0.1773668559617363,1.4097864407780238,2.513600359548125,0.08127277781022713,0.5555555555555556,-0.018912076484411955,0.004053372889757156,0.019707428440192923,0.03706095381236198,-0.1043058796004046,0.032016472512623295,-0.01534692314453423,0.023328403010964394,-0.00316380662843585,-0.009151899896096438,0.004053372889757156,0.07741563508170657,-0.018912076484411955,0.08712767862016335
MX,60,X_LEADLAG,cross,"{""a"": ""GD"", ""n"": 6, ""z"": 2.0, ""mode"": ""fade"", ""hold"": 12}",T,True,-1,67,0.4925373134328358,1.5197952493840086,0.0011619427171780578,8.880597014925373,0.07785016116758925,1.4095636455772147,2.448810572753489,0.02828261419199407,0.7777777777777778,-0.01575387391494587,0.012263253331184387,0.008650017907509917,0.012298140911978662,-0.04949693292427707,0.015355626586824656,-0.01575387391494587,0.007085827877745032,0.000255791237577796,-0.002231379272416234,0.02809337531289202,0.013355093367863446,0.012263253331184387,0.019426446640864015
BR,60,X_LEADLAG,cross,"{""a"": ""SBER"", ""n"": 12, ""z"": 2.0, ""mode"": ""follow"", ""hold"": 12}",T,True,1,22,0.5909090909090909,2.9087760582627746,0.0047417163697980776,8.272727272727273,0.10431775974939228,1.4065712836703248,5.115356108041028,0.03319528009160422,0.4444444444444444,-0.024885485268896446,0.0,0.01159086219437692,0.031086307133587517,-0.1431609639264423,-0.024885485268896446,0.014773586532101035,0.010632457211613655,0.0,-0.004263664595782757,0.09279194474220276,0.017900547478348017,-0.0026095756329596043,-2.205071723437868e-05
ALRS,60,X_LEADLAG,cross,"{""a"": ""MX"", ""n"": 3, ""z"": 1.0, ""mode"": ""follow"", ""hold"": 12}",T,True,-1,87,0.5172413793103449,1.5182828387413183,0.0018875851757757663,9.471264367816092,0.16421991131574032,1.402379510324861,2.203089458248062,0.0607414630940184,0.7777777777777778,-0.018141419044695795,0.017657084041275084,0.018246656812860036,0.021098390067769493,-0.032902756911008045,0.02657223492860794,0.014639339471614221,-0.018141419044695795,0.005983961862511933,-0.005124244838953018,0.05524346430320293,0.02836147474590689,0.017657084041275084,0.03902801584627014
ROSN,60,X_LEADLAG,cross,"{""a"": ""MX"", ""n"": 3, ""z"": 1.0, ""mode"": ""fade"", ""hold"": 12}",T,True,-1,109,0.5871559633027523,1.4779804844907807,0.0016371680191956594,9.853211009174313,0.17845131385547575,1.3978133416339202,2.33583412825817,0.07612760295160115,0.5555555555555556,-0.06446200865320861,0.009174980921670794,0.01982792376171953,0.05022913540795597,-0.1313803395491067,0.009174980921670794,-0.06446200865320861,0.050710362615063787,-0.016886836296180263,-0.000918057281523943,-0.005537266697501764,0.07779771428613458,0.01529971556738019,0.11327270939364098
BR,60,X_LEADLAG,cross,"{""a"": ""SR"", ""n"": 12, ""z"": 2.0, ""mode"": ""follow"", ""hold"": 12}",T,True,1,15,0.6666666666666666,3.1970686380936217,0.004389146229522315,9.0,0.06583719130139798,1.3974656693101648,3.9283824607663633,0.026410024613142014,0.5555555555555556,-0.02209593344014138,0.0024558701552450657,0.007315243477933109,0.018653549559489026,-0.12734472676105613,-0.02209593344014138,0.015462611569091678,0.0077388593927025795,0.0,0.01083270600065589,0.0,0.05198389565339312,0.0024558701552450657,-0.0005408180295489728
AFLT,60,X_LEADLAG,cross,"{""a"": ""RI"", ""n"": 12, ""z"": 1.0, ""mode"": ""follow"", ""hold"": 12}",T,True,-1,77,0.5584415584415584,1.5786219876386471,0.0018546518581721446,10.025974025974026,0.14280819229156805,1.3940603963500344,2.551894337055471,0.07285002889693715,0.5555555555555556,-0.022316241986118257,0.015893967705778778,0.015867576921285338,0.03688105726917326,-0.10572872839050082,0.023132609436288476,-0.0002536246320232749,-0.022316241986118257,-0.02008259788271971,-0.017083531129173934,0.04637097771046683,0.0166506230016239,0.015893967705778778,0.10049601006744524
MX-GAZP,15,X_PAIR,cross,"{""w"": 1000, ""zin"": 3.0, ""zout"": 0.0, ""hold"": 0, ""beta"": 0.991}",S,True,0,26,0.4583333333333333,1.3590605417953816,0.0015858848654786075,48.19230769230769,0.03816829764400609,1.393596692401773,3.8664999818277734,0.01830753148533404,0.7777777777777778,-0.002331485186005011,0.002771630446659401,0.004240921960445121,0.006124498451254267,-0.036966915625806784,0.00576922157779336,0.006312797777354717,-0.0020139226398896426,0.0013625262072309852,0.0015210866695269942,0.01938961003907025,-0.002331485186005011,0.002771630446659401,0.005386832752265036
MX-GAZP,15,X_PAIR,cross,"{""w"": 300, ""zin"": 3.0, ""zout"": 0.5, ""hold"": 0, ""beta"": 0.995}",S,True,0,47,0.5789473684210527,1.3313009734467456,0.0009684009417403215,41.319148936170215,0.036823101159825455,1.3926445344369418,2.79899725112697,0.015102381468750536,0.6666666666666666,-0.009786052745766938,0.0020580103737302125,0.00409145568442505,0.010794477987560903,-0.10077166668913158,0.0006789750914322212,0.010515365051105618,0.012677681836066768,-0.008587581862229854,-0.001364345895126462,0.027207718056160957,0.0034233312544529326,0.0020580103737302125,-0.009786052745766938
NVTK,60,X_LEADLAG,cross,"{""a"": ""SR"", ""n"": 12, ""z"": 2.0, ""mode"": ""fade"", ""hold"": 12}",T,True,-1,15,0.6,2.5157848526248885,0.005306529734815748,9.333333333333334,0.07959794654743746,1.3874777496928152,3.1900439396337443,0.03341079968959093,0.3333333333333333,-0.01080592256039381,0.0,0.008844216283048607,0.020044212967209218,-0.1540513842321517,0.0,0.0,0.0,0.0,-0.01080592256039381,0.022487081412691623,0.013540948741137981,-0.0047162785194814205,0.059092117473483086
RN,60,X_LEADLAG,cross,"{""a"": ""Si"", ""n"": 6, ""z"": 2.0, ""mode"": ""follow"", ""hold"": 12}",T,True,1,38,0.47368421052631576,1.971799865991505,0.0026267587162136616,9.236842105263158,0.09981683462683577,1.384079480207315,4.201922728369802,0.03116013132967055,0.4444444444444444,-0.008571599144488573,-0.0014204713515937328,0.011090759402981753,0.023151943166379644,-0.12900928568003156,0.04882485419511795,-0.0014204713515937328,-0.007080158495227806,-0.002338808379136026,0.004506767727434635,0.016018190886825323,-0.005845689447596669,-0.008571599144488573,0.05572374863550067
GMKN,15,X_LEADLAG,cross,"{""a"": ""GD"", ""n"": 6, ""z"": 2.0, ""mode"": ""follow"", ""hold"": 12}",T,True,1,97,0.4742268041237113,1.4184703436586663,0.0010427678650256887,12.350515463917526,0.10114848163630086,1.3827396552049394,2.3992250494537797,0.06326893817276869,0.6666666666666666,-0.039660482898398186,0.01761186591556907,0.011238720181811206,0.027048962752970505,-0.10384544685633629,-0.039660482898398186,0.013881541090086102,0.017997555674810428,0.028552067931741476,0.01761186591556907,-0.004124164232052863,-0.0174412649939768,0.024423928640317172,0.05990743450820446
TATN,60,X_LEADLAG,cross,"{""a"": ""RI"", ""n"": 1, ""z"": 2.0, ""mode"": ""follow"", ""hold"": 12}",T,True,1,30,0.4666666666666667,1.917734334975013,0.004466074523910862,11.633333333333333,0.13398223333933856,1.3817795115909812,2.971739504453967,0.07028608699329197,0.6666666666666666,-0.07028608699329197,0.018073985120281577,0.014886914815482063,0.04041434972906279,-0.11845851486449388,0.07408874854445457,-0.0037241755053400993,0.009676622561528347,0.018073985120281577,-0.019917034544050694,0.048262011259794235,-0.07028608699329197,0.03265740885399282,0.045150754041969776
RI,60,X_LEADLAG,cross,"{""a"": ""SBER"", ""n"": 6, ""z"": 2.0, ""mode"": ""follow"", ""hold"": 12}",T,True,0,32,0.53125,1.9904240647548246,0.0024939220957393244,9.5,0.07980550854699686,1.3815449883999624,3.387669272246459,0.03321606497047469,0.6666666666666666,-0.01473257498582825,0.0005765078240074217,0.008867278727444096,0.022946435807252936,-0.09461622085396434,0.06491096084937453,0.004604769870638847,0.012064135356922634,0.0005765078240074217,-0.01473257498582825,-0.013553347380366176,0.00014294497668743134,0.0,0.02579211203556042
ALRS,60,X_LEADLAG,cross,"{""a"": ""MX"", ""n"": 6, ""z"": 1.0, ""mode"": ""follow"", ""hold"": 12}",T,True,-1,76,0.4473684210526316,1.5407910398649887,0.0017653043706252053,8.43421052631579,0.1341631332588804,1.3802943092187652,2.750214832722378,0.0698294508501931,0.6666666666666666,-0.03754655865486711,0.007189796131569892,0.014907014806542267,0.03760600056644211,-0.1032241540741799,0.007189796131569892,0.013783777772914618,0.0033947678057302255,-0.03754655865486711,-0.02093636018162215,0.04081811761716381,0.062844229163602,-0.017308341106399894,0.08192370471078902
BR,60,X_LEADLAG,cross,"{""a"": ""SBER"", ""n"": 3, ""z"": 2.0, ""mode"": ""follow"", ""hold"": 12}",T,True,1,46,0.5,1.5936295290609055,0.0022841942221717222,9.91304347826087,0.10507293016416952,1.379768470527589,2.54829655466189,0.03085104189813137,0.5555555555555556,-0.03085104189813137,0.014088607102166861,0.011674770018241057,0.02824629700242911,-0.11897747533085164,-0.012569346465170383,-0.00987448962405324,-0.0022191659081727266,0.0706991869956255,0.019200796727091074,0.024560644757002592,0.03203773847781122,-0.03085104189813137,0.014088607102166861
CR,60,X_LEADLAG,cross,"{""a"": ""Si"", ""n"": 3, ""z"": 1.0, ""mode"": ""fade"", ""hold"": 3}",T,True,-1,11,0.5454545454545454,2.6781150109739653,0.0012236204680896546,4.0,0.013459825306199491,1.3762031323562054,3.7176141959394626,0.004619152168743312,0.4444444444444444,-0.0007132914615795016,0.0,0.0014955361451332767,0.0035838186646790417,-0.12216710645435513,0.0,-0.0007132914615795016,0.0008549214107915759,0.0,0.0,0.011457037995569408,-0.000541621120646596,0.00134288240224123,0.0010598960798233747
NVTK,60,X_LEADLAG,cross,"{""a"": ""BR"", ""n"": 1, ""z"": 2.0, ""mode"": ""follow"", ""hold"": 12}",T,True,-1,55,0.6,1.679702173173355,0.0027637860125806334,8.49090909090909,0.15200822997576324,1.3738065570710767,2.4857706521913046,0.11737815669039264,0.7777777777777778,-0.07839725812664255,0.01986639752431074,0.01688980333064036,0.04629037563585124,-0.09376181344931483,0.026702979812398553,-0.07839725812664255,-0.01284092536661774,0.011379867792129517,0.0017632698873057961,0.06568922707810998,0.01991933376120869,0.01986639752431074,0.09792533761356026
MX,60,X_LEADLAG,cross,"{""a"": ""GD"", ""n"": 3, ""z"": 2.0, ""mode"": ""follow"", ""hold"": 12}",T,True,-1,41,0.5853658536585366,1.6827316742848661,0.0014331711240396173,8.902439024390244,0.058760017695021816,1.3694952726038463,2.4060326315684226,0.018821289762854576,0.7777777777777778,-0.006023336231010035,0.0059313870733603835,0.006528890855002424,0.01022289426118995,-0.04380447879414747,0.03149809502065182,-0.006023336231010035,0.005952786945272237,0.005519093479961157,-0.005142271867953241,0.009633889960241504,0.007996573287528008,0.0059313870733603835,0.003393800026969984
BR,60,X_LEADLAG,cross,"{""a"": ""SR"", ""n"": 1, ""z"": 2.0, ""mode"": ""follow"", ""hold"": 3}",T,True,-1,65,0.47692307692307695,1.6954475872335406,0.0024136410926441122,3.953846153846154,0.15688667359790998,1.3687722568695488,3.911350047171995,0.0584146180190146,0.5555555555555556,-0.01628519524820149,0.00043536572047742084,0.01743185262199,0.05648836858415515,-0.10894117251697619,0.005778730672318488,-0.009778723819181323,-0.0011023189290426672,-0.01628519524820149,-0.00808828603476286,0.1759013413102366,0.005586404644418508,0.004439355281647295,0.00043536572047742084
RN,60,X_LEADLAG,cross,"{""a"": ""BR"", ""n"": 3, ""z"": 2.0, ""mode"": ""follow"", ""hold"": 3}",T,True,-1,37,0.5135135135135135,1.7748474743297253,0.0014633416549677636,3.6486486486486487,0.054143642002600245,1.368261793251632,2.7797241711615333,0.03930029657203704,0.6666666666666666,-0.03604598331730813,0.0058810325572267175,0.006015960222511139,0.0180308346394281,-0.1289620618018105,0.0019379673758521676,-0.03604598331730813,-0.0028939731419086456,0.02523232391104102,0.0058810325572267175,-0.0005054855719208717,0.021831447957083583,0.014712702875840478,0.023993609356693923
GZ,60,X_LEADLAG,cross,"{""a"": ""SBER"", ""n"": 3, ""z"": 2.0, ""mode"": ""fade"", ""hold"": 3}",T,True,-1,34,0.5588235294117647,1.8197280295348588,0.0017614205637871971,3.764705882352941,0.05988829908892512,1.3680983434761027,2.910088049916883,0.027935893507674336,0.4444444444444444,-0.014315222157165408,0.0,0.006654255454325014,0.01497757491035026,-0.14741164129709403,0.0,-0.00352978752925992,0.024996822699904442,-0.014315222157165408,-4.166620783507824e-05,-0.008048940217122436,0.02551007433794439,0.006794837769120932,0.028522180393338203
ROSN,60,X_LEADLAG,cross,"{""a"": ""SBER"", ""n"": 12, ""z"": 2.0, ""mode"": ""fade"", ""hold"": 3}",T,True,1,23,0.6086956521739131,1.9478433673027284,0.0012521889922637312,3.782608695652174,0.028800346655771136,1.3655115718683275,2.3609091294836353,0.01615907030645758,0.4444444444444444,-0.008333937148563564,0.0,0.003200038517307904,0.010225589560527982,-0.150314253961969,0.0,-0.0067504956386983395,-0.0023555883672088385,0.0012809508480131626,-0.008333937148563564,0.026227200054563582,0.004482512129470706,0.0,0.014249704778194427
MGNT,60,X_LEADLAG,cross,"{""a"": ""RI"", ""n"": 3, ""z"": 1.0, ""mode"": ""follow"", ""hold"": 12}",T,True,-1,109,0.5963302752293578,1.421344535275716,0.001551186253841098,9.73394495412844,0.1690793065208709,1.3650428909686034,1.996005043277901,0.12134181313740555,0.3333333333333333,-0.03311915429367218,-0.00814867255394347,0.018786589613430098,0.06984500193241869,-0.16784692825836472,-0.01297377236187458,0.01270866411505267,-0.03311915429367218,-0.018402787507511675,-0.02679754886776209,0.05589325909386389,-0.00814867255394347,-0.0035380201879888773,0.2034573390847072
LKOH,60,X_LEADLAG,cross,"{""a"": ""MX"", ""n"": 3, ""z"": 2.0, ""mode"": ""follow"", ""hold"": 3}",T,True,-1,20,0.5,2.0352003894483763,0.0017773135799500032,4.0,0.03554627037374303,1.3625732280572018,3.1841825920024536,0.014397942926734686,0.3333333333333333,-0.004160064738243818,0.0,0.003949585597082559,0.007420440729371427,-0.14952583478818765,0.0,-0.0005945494049228728,-0.00030737114138901234,-0.004160064738243818,0.0,0.007052866974845529,0.018433050950989127,0.0,0.015122337732464075
MGNT,60,X_LEADLAG,cross,"{""a"": ""RI"", ""n"": 12, ""z"": 1.0, ""mode"": ""fade"", ""hold"": 12}",T,True,-1,92,0.6304347826086957,1.3977680083777848,0.001723468711230979,10.815217391304348,0.1585591216571629,1.356984060023534,1.8751008410929577,0.07888785097748041,0.5555555555555556,-0.048060744476970285,0.022457902319729328,0.017617680184129212,0.04284580927404282,-0.1219204654770709,-0.03446422703564167,0.058871179120615125,-0.00047211209312081337,-0.048060744476970285,-0.02229074010392651,0.07364529022015631,0.022457902319729328,0.05413995450362563,0.05473261920269579
GAZP,60,X_LEADLAG,cross,"{""a"": ""GD"", ""n"": 3, ""z"": 2.0, ""mode"": ""follow"", ""hold"": 12}",T,True,-1,40,0.575,1.7692466358689634,0.0020655983915279655,9.3,0.08262393549011904,1.356512136525226,2.4017099017405856,0.03984126364230178,0.6666666666666666,-0.032138402573764324,0.010006764325225959,0.009180437276679894,0.020899609502582784,-0.10651129613596466,0.04378769942559302,0.0015393681605928577,0.010006764325225959,-0.0029393625154625624,-0.0037982509238645434,-0.032138402573764324,0.03134559671161696,0.01386942651879508,0.02095109636138659
BR,60,X_LEADLAG,cross,"{""a"": ""Si"", ""n"": 6, ""z"": 2.0, ""mode"": ""follow"", ""hold"": 3}",T,True,0,73,0.4931506849315068,1.503411094094718,0.0014198064156578148,3.904109589041096,0.10364586724608671,1.3562163190635461,2.551339612374533,0.05621529364725575,0.7777777777777778,-0.02901584206847474,0.010904070339165628,0.011516207471787412,0.026108018011927855,-0.07606804776993005,0.002042881795205176,0.011441528215073049,-0.02901584206847474,0.010904070339165628,0.00448867553495802,0.03969041910022497,0.052715100420755334,-0.02425430028233677,0.03563333419151604
ALRS,60,X_LEADLAG,cross,"{""a"": ""SBER"", ""n"": 6, ""z"": 1.0, ""mode"": ""fade"", ""hold"": 12}",T,True,-1,83,0.5421686746987951,1.475146462133189,0.0018533790554231598,10.132530120481928,0.15383046156421187,1.353897315214099,2.3727011722089957,0.06544378021681041,0.7777777777777778,-0.03765789559110999,0.028744800481945276,0.017092273507134652,0.03393312721989292,-0.06313701379747594,0.03596683498471975,0.028744800481945276,-0.03765789559110999,0.011357458073689486,-0.03753808559849858,0.011031600006390363,0.03637720680671919,0.03154824877856299,0.07400029362179339
LKOH,60,X_LEADLAG,cross,"{""a"": ""SR"", ""n"": 12, ""z"": 2.0, ""mode"": ""follow"", ""hold"": 3}",T,True,-1,10,0.5,7.565174552177972,0.00590120064203956,3.5,0.05901200440712273,1.3495238587421055,13.325801505143959,0.007988642319105566,0.2222222222222222,-0.003653278574347496,0.0,0.006556889378569192,0.01576947758889017,-0.16872411716570465,0.0,0.0,-0.003653278574347496,-0.002947102766484022,-0.0013882609782740474,0.021999909076839685,-0.0010000000474974513,0.0,0.04600073769688606
MX-GAZP,15,X_PAIR,cross,"{""w"": 1000, ""zin"": 3.0, ""zout"": 0.5, ""hold"": 0, ""beta"": 0.991}",S,True,0,26,0.4583333333333333,1.3438168346200798,0.0014965690368560335,48.03846153846154,0.03599859544192441,1.3473880368007858,3.6426513649101384,0.01870486349798739,0.7777777777777778,-0.002331485186005011,0.002771630446659401,0.0039998439379916005,0.00563473998624928,-0.03628325612277807,0.00576922157779336,0.006312797777354717,-0.0020139226398896426,0.0013625262072309852,0.0015210866695269942,0.01761723984964192,-0.002331485186005011,0.002771630446659401,0.004989500739611685
GZ,60,X_LEADLAG,cross,"{""a"": ""GD"", ""n"": 12, ""z"": 2.0, ""mode"": ""fade"", ""hold"": 12}",T,True,-1,44,0.5227272727272727,1.6188028292939833,0.0019187861668286928,9.522727272727273,0.08442659104912309,1.3442033617581903,2.235897820250621,0.03870068024843931,0.6666666666666666,-0.013918655226007104,0.0043676081113517284,0.009380732338791454,0.016971401157882298,-0.08722629465070848,0.016284647201246116,-0.010696531011490151,0.0230210917070508,0.0043676081113517284,-0.013918655226007104,0.03932564688147977,0.0029257400892674923,-0.0032670125365257263,0.026384055832750164
RI,60,X_LEADLAG,cross,"{""a"": ""MX"", ""n"": 3, ""z"": 2.0, ""mode"": ""follow"", ""hold"": 12}",T,True,1,13,0.38461538461538464,2.4055991901513147,0.0028394031888404657,10.0,0.036912242067046463,1.3440469142383662,3.8570958133100746,0.01927961956243962,0.4444444444444444,-0.008369905990548432,0.0,0.004101360229671829,0.011534857272347702,-0.14792212652017894,0.0,-0.004490953404456377,0.01333185366820544,0.01196356676518917,-0.008148052729666233,-0.008369905990548432,-0.0027616608422249556,0.006793555803596973,0.028593838796950877
RI,60,X_LEADLAG,cross,"{""a"": ""SR"", ""n"": 12, ""z"": 2.0, ""mode"": ""fade"", ""hold"": 3}",T,True,1,17,0.47058823529411764,3.1668309958797196,0.0028306495694703712,3.4705882352941178,0.04812104348820867,1.3426576448729808,7.55517961689886,0.00946921528520761,0.5555555555555556,-0.00418204804736888,3.641657531261444e-05,0.005346782609800964,0.011758855339608893,-0.10194344527480381,0.03740250691771507,0.0,0.005427181720733643,0.0,3.641657531261444e-05,-0.00418204804736888,0.0023406962864100933,0.007096290035406128,0.0
MX,60,X_LEADLAG,cross,"{""a"": ""SR"", ""n"": 6, ""z"": 2.0, ""mode"": ""follow"", ""hold"": 12}",T,True,-1,10,0.6,2.622020904400538,0.0028953663703047616,9.6,0.028953664237633348,1.341567966934948,3.1839967244718297,0.01037914608605206,0.3333333333333333,-0.007292215945199132,0.0,0.003217073804181483,0.009211850671697027,-0.16900204848518718,0.0,0.0,0.011141405440866947,0.0,-0.007292215945199132,0.024074499728158116,0.007566601503640413,0.0,-0.006536626489832997
GMKN,60,X_LEADLAG,cross,"{""a"": ""GD"", ""n"": 6, ""z"": 2.0, ""mode"": ""fade"", ""hold"": 12}",T,True,0,120,0.5833333333333334,1.3723025552481265,0.001417170575728301,8.7,0.17006046921596862,1.341214407884547,2.040637054893254,0.09867742494679987,0.6666666666666666,-0.024220426916144788,0.014559778675902635,0.01889560769066318,0.041711123338139006,-0.08237006751969728,-0.024220426916144788,-0.012994932629226241,0.014559778675902635,0.023418227887304965,0.0118238607828971,0.027576284133829176,0.02522942377254367,0.12424155924236402,-0.01957330573350191
RN,60,X_LEADLAG,cross,"{""a"": ""MX"", ""n"": 3, ""z"": 1.0, ""mode"": ""fade"", ""hold"": 12}",T,True,0,202,0.4900990099009901,1.3368447039222782,0.0010649319931642625,7.9950495049504955,0.2151162618683884,1.3369212591504414,2.3704410005060264,0.09136524616042152,0.7777777777777778,-0.009468626652960666,0.022478480823338032,0.023901806874265377,0.0231537442487268,-0.007037670682952274,0.04108743940014392,0.022478480823338032,0.04336618215893395,-0.009468626652960666,-0.0041008927510119975,0.0519315407727845,0.004085086518898606,0.011517652019392699,0.05421939957886934
CR,60,X_LEADLAG,cross,"{""a"": ""Si"", ""n"": 12, ""z"": 1.0, ""mode"": ""follow"", ""hold"": 3}",T,True,-1,15,0.5333333333333333,2.306457763454225,0.0014892125561865263,3.7333333333333334,0.022338188064168207,1.3339620410982334,3.0276296701843837,0.005019617055950221,0.3333333333333333,-0.004387880675494671,0.0,0.0024820208960186895,0.006771313938062872,-0.16300421284266514,-0.0005340893985703588,-0.004387880675494671,0.008661357685923576,0.0,0.0,0.018761057384836022,0.003201536492269952,-0.003363793424796313,0.0
RN,60,X_LEADLAG,cross,"{""a"": ""SR"", ""n"": 1, ""z"": 1.0, ""mode"": ""fade"", ""hold"": 12}",T,True,-1,154,0.5454545454545454,1.3353404911383346,0.0013201272481024786,10.7012987012987,0.20329960172239225,1.333940066712576,2.202165908087425,0.10370768062421121,0.6666666666666666,-0.0396018406318035,0.016083040252851788,0.02258884463582136,0.047745567913189235,-0.088355155463584,0.04616753029404208,-0.02385404985398054,0.037224104860797524,-0.005549312583752908,0.02655525218870025,-0.0396018406318035,0.016083040252851788,0.010840368915523868,0.1354345082800137
PLZL,60,X_LEADLAG,cross,"{""a"": ""GD"", ""n"": 6, ""z"": 2.0, ""mode"": ""fade"", ""hold"": 3}",T,True,0,88,0.5227272727272727,1.4415707396767692,0.001070644191005468,3.875,0.09421668998766108,1.3261160283230444,2.298736632165412,0.051668226664332906,0.7777777777777778,-0.02930822834969149,0.006879560183733702,0.010468521109740121,0.02236236865558897,-0.0823604585273282,0.010177313553867862,0.005708376411348581,0.006287756492383778,-0.02930822834969149,-0.01596933521796018,0.006879560183733702,0.029325083596631885,0.040774036111542955,0.04034212720580399
LKOH,60,X_LEADLAG,cross,"{""a"": ""MX"", ""n"": 6, ""z"": 2.0, ""mode"": ""follow"", ""hold"": 3}",T,True,0,28,0.5357142857142857,1.8173099438273457,0.0011965009244251153,4.0,0.033502025064080954,1.3249507273635381,2.565448437901696,0.017614302574656904,0.6666666666666666,-0.008447390515357256,0.0006994858267717063,0.0037224472293423284,0.009518783293302604,-0.10220869548816044,0.0006994858267717063,-0.007124233525246382,0.0016517217736691236,-0.0011273417330812663,0.000445269193733111,0.021831168793141842,0.014997665071859956,-0.008447390515357256,0.010575680178590119
RN,60,X_LEADLAG,cross,"{""a"": ""GD"", ""n"": 6, ""z"": 2.0, ""mode"": ""follow"", ""hold"": 12}",T,True,-1,32,0.625,1.7563281636555534,0.00247338958471529,7.46875,0.07914846608764492,1.3246895815308206,1.9634242869838037,0.057864828064339235,0.6666666666666666,-0.01813870226033032,0.009980157017707825,0.008794274009738324,0.01853037289222857,-0.09007332048617078,0.02340076246764511,-0.002319315681234002,0.0018195039592683315,-0.016662440757500008,0.014367634197697043,-0.01813870226033032,0.040167893981561065,0.026532973162829876,0.009980157017707825
CR,60,X_LEADLAG,cross,"{""a"": ""Si"", ""n"": 12, ""z"": 1.0, ""mode"": ""follow"", ""hold"": 3}",T,True,0,27,0.4444444444444444,1.791491019328119,0.000935626347225419,3.7037037037037037,0.025261911025154404,1.324646506331284,2.7954166933730855,0.010238698800094426,0.4444444444444444,-0.009704609401524067,0.0,0.002806879002794934,0.008765334837740533,-0.15648499348647954,0.004841764341108501,-0.009704609401524067,0.008661357685923576,0.0,0.0,0.023540711707028095,0.0019543481830623932,-0.003363793424796313,-0.0006678680656477809
MGNT,60,X_LEADLAG,cross,"{""a"": ""RI"", ""n"": 6, ""z"": 2.0, ""mode"": ""follow"", ""hold"": 12}",T,True,-1,29,0.4827586206896552,1.816809294177626,0.003065349216476627,9.275862068965518,0.08889512723544613,1.3232376915741555,2.8671439856941903,0.02992126438766718,0.6666666666666666,-0.013001705519855022,0.007906528189778328,0.009877236359494014,0.021023135264211523,-0.08086171815959407,0.007906528189778328,0.014192585018463433,-0.012077422812581062,0.0011533391661942005,-0.013001705519855022,0.017614432144910097,0.0,0.011127373145427555,0.0619799979031086
MX,60,X_LEADLAG,cross,"{""a"": ""SBER"", ""n"": 3, ""z"": 2.0, ""mode"": ""fade"", ""hold"": 12}",T,True,-1,15,0.6,2.2954813420038698,0.002249529168633116,11.333333333333334,0.03374293685192242,1.322096793814266,2.9524471088152358,0.016279243340250105,0.5555555555555556,-0.010404106695204973,0.0019895120058208704,0.003749215205769158,0.008166859412423143,-0.12377086378544681,0.0,0.0,0.007329457672312856,0.0019895120058208704,-0.010404106695204973,0.019527914526406676,0.013239195803180337,0.0,0.0020609635394066572
RI,60,X_LEADLAG,cross,"{""a"": ""SR"", ""n"": 6, ""z"": 2.0, ""mode"": ""follow"", ""hold"": 12}",T,True,0,29,0.5517241379310345,1.9291944673331227,0.0026816202653429295,9.689655172413794,0.07776698913949076,1.3206230843670428,3.2071544831635,0.04455802122538444,0.5555555555555556,-0.030920034449081868,0.005330241940100677,0.00864077657105453,0.02441904094878515,-0.13342355649698973,0.058208253467455506,-0.017556101083755493,0.005330241940100677,0.0,-0.030920034449081868,0.02639381168410182,0.017200231552124023,0.0,0.019110586028546095
RN,60,X_LEADLAG,cross,"{""a"": ""RI"", ""n"": 1, ""z"": 2.0, ""mode"": ""follow"", ""hold"": 3}",T,True,-1,51,0.5490196078431373,1.8263628824986495,0.0017891682014009515,4.0,0.09124757879180834,1.317848019784253,2.2589171019582945,0.04126369580626488,0.6666666666666666,-0.013837654725648463,0.01034066011197865,0.010138619865756482,0.016343044868572455,-0.07205286846168006,-0.013837654725648463,0.0011778816115111113,0.01522166864015162,-0.0033680294291116297,-0.0006065657362341881,0.042669577174820006,0.010364133398979902,0.01034066011197865,0.029285907745361328
MGNT,60,X_LEADLAG,cross,"{""a"": ""MX"", ""n"": 1, ""z"": 1.0, ""mode"": ""fade"", ""hold"": 12}",T,True,-1,145,0.5310344827586206,1.3026741225372234,0.0013618203553045181,10.924137931034483,0.1974639517138712,1.3136867849382032,2.0725195992064465,0.1364444040809758,0.7777777777777778,-0.06998789726640098,0.0261589496221859,0.021940439079319023,0.05605733509278856,-0.08083423081285912,0.04610043403226882,0.0261589496221859,0.025652745564002544,-0.06998789726640098,-0.045172382844612,0.004074142692843452,0.042807489255210385,0.027900942543055862,0.13992952811531723
BR,60,X_LEADLAG,cross,"{""a"": ""Si"", ""n"": 12, ""z"": 2.0, ""mode"": ""follow"", ""hold"": 3}",T,True,-1,33,0.5151515151515151,1.870699194844453,0.0017010237232914403,3.3636363636363638,0.05613378348061815,1.3133183601143847,2.69937754454092,0.025631709722802043,0.6666666666666666,-0.008224680583225563,0.006997537100687623,0.006237087053402017,0.009141149537471407,-0.07053187372929051,0.018462260894011706,0.01462444756180048,-0.008224680583225563,0.006997537100687623,-0.0005032994667999446,0.010308248922228813,-0.007108323276042938,0.01531530567444861,0.0062622866535093635
GMKN,15,X_LEADLAG,cross,"{""a"": ""GD"", ""n"": 3, ""z"": 2.0, ""mode"": ""follow"", ""hold"": 12}",T,True,-1,122,0.45901639344262296,1.327129941070418,0.0007935358870709355,12.442622950819672,0.09681137719599064,1.311634891584224,2.1013720244959644,0.08123467495897785,0.6666666666666666,-0.027620834938716143,0.021685758110834286,0.010756819688443406,0.024465340360738753,-0.09028878365989804,0.0404185836086981,-0.027620834938716143,-0.018781465594656765,0.024671943800058216,-0.01763336312433239,0.0367476218380034,0.007656243105884641,0.029666890390217304,0.021685758110834286
MGNT,60,X_LEADLAG,cross,"{""a"": ""GD"", ""n"": 12, ""z"": 1.0, ""mode"": ""fade"", ""hold"": 12}",T,True,-1,102,0.5784313725490197,1.3582191278565976,0.0013717935192094652,10.480392156862745,0.1399229364906205,1.3074223024847265,1.87520546573194,0.0708364064921625,0.6666666666666666,-0.04282653523841873,0.033591215731576085,0.015546992943402275,0.03591893948234037,-0.09129178647551332,-0.023162016761489213,0.03694045724114403,-0.04282653523841873,0.01244685030542314,-0.02995169290807098,0.04406224167905748,0.05649522347084712,0.05232719297055155,0.033591215731576085
MGNT,60,X_LEADLAG,cross,"{""a"": ""MX"", ""n"": 3, ""z"": 2.0, ""mode"": ""follow"", ""hold"": 3}",T,True,-1,33,0.48484848484848486,1.7368164417360683,0.002052967277190573,3.9696969696969697,0.06774791952921078,1.3039438113242274,2.570086151978519,0.037080884736496955,0.5555555555555556,-0.010901401285082102,0.002529194112867117,0.0075275466143567525,0.017559999624375468,-0.11216087028051752,0.03005165420472622,-0.009700747206807137,0.002529194112867117,-0.0018062492599710822,0.0033292300067842007,-0.010901401285082102,0.01163716206792742,-0.002202668401878327,0.04481174529064447
GAZP,60,X_LEADLAG,cross,"{""a"": ""SBER"", ""n"": 6, ""z"": 1.0, ""mode"": ""follow"", ""hold"": 12}",T,True,-1,68,0.5294117647058824,1.489878133050372,0.0012149990925098514,9.044117647058824,0.0826199349039598,1.3012601189818747,2.2854067456125713,0.03380772366654128,0.7777777777777778,-0.0324772666208446,0.009830502561271715,0.009179992767106645,0.020145070366407333,-0.08617191940189997,0.029685485642403364,0.0006051517557352781,0.03788119170349091,0.009830502561271715,-0.008887938827683683,0.005601759294222575,0.01725924277707236,-0.0324772666208446,0.023121806618291885
GMKN,15,X_LEADLAG,cross,"{""a"": ""GD"", ""n"": 6, ""z"": 2.0, ""mode"": ""follow"", ""hold"": 12}",T,True,-1,89,0.5056179775280899,1.4216386920490292,0.0011253454239446173,12.595505617977528,0.10015574355929857,1.2988976038564015,2.169542233085658,0.05211247734405333,0.6666666666666666,-0.02871389662323054,0.01749545565689914,0.011128415951033175,0.025877430741724054,-0.09510987875729313,0.026053671273984946,-0.024633399771119002,-0.012363729649223387,0.05083236255450174,-0.02871389662323054,0.03757989767473191,0.017772291437722743,0.01613309100503102,0.01749545565689914
MGNT,60,X_LEADLAG,cross,"{""a"": ""SR"", ""n"": 3, ""z"": 1.0, ""mode"": ""fade"", ""hold"": 12}",T,True,-1,121,0.5289256198347108,1.336541337525492,0.0013781128359762252,10.454545454545455,0.16675165889319032,1.2958619272582121,2.0569236790437784,0.09872177627403289,0.4444444444444444,-0.02131950727198273,-0.004929805872961879,0.01852796209924337,0.04911098197706616,-0.13622886110708737,0.01944509905297309,-0.010213372064754367,-0.02131950727198273,-0.0061791588086634874,-0.004929805872961879,0.014991854783147573,0.03198573976987973,-0.007028812950011343,0.14999962225556374
MGNT,60,X_LEADLAG,cross,"{""a"": ""MX"", ""n"": 1, ""z"": 2.0, ""mode"": ""follow"", ""hold"": 12}",T,True,-1,39,0.5128205128205128,1.7332972190412486,0.0021189258371774066,9.794871794871796,0.0826381067163311,1.2955222567884992,2.6388623351398257,0.04708893486531451,0.6666666666666666,-0.01572628243593499,0.007257550139911473,0.009182011857370121,0.020190184029876136,-0.08887029827136661,0.024936040048487484,0.007257550139911473,-0.01572628243593499,-0.006314347614534199,-0.012325526680797338,0.01839258731342852,0.0026423856033943594,0.010265492193866521,0.053510208148509264
NVTK,60,X_LEADLAG,cross,"{""a"": ""SR"", ""n"": 3, ""z"": 2.0, ""mode"": ""follow"", ""hold"": 12}",T,True,-1,28,0.5714285714285714,1.8537472836986437,0.003527998611263648,9.714285714285714,0.09878396469866857,1.2955078724135038,2.2602683763650275,0.04645944369258359,0.7777777777777778,-0.04385272366926074,0.00703310826793313,0.010975996077629842,0.031056270441843378,-0.0914266810248799,0.03129405155777931,0.00703310826793313,0.004303226014599204,0.017972984816879034,-0.012126502871979028,0.010222543962299824,0.005246679298579693,-0.04385272366926074,0.07869059732183814
PLZL,60,X_LEADLAG,cross,"{""a"": ""MX"", ""n"": 3, ""z"": 2.0, ""mode"": ""fade"", ""hold"": 12}",T,True,-1,61,0.5901639344262295,1.4986257200684499,0.002110236994350636,10.311475409836065,0.12872445871471427,1.2918251655179198,1.9884177082053502,0.1075832007045392,0.7777777777777778,-0.04693488287739456,0.02160681103123352,0.014302717634968253,0.03760926538606317,-0.07990132773922277,0.07825993513688445,0.04786335816606879,0.024205700727179646,-0.04693488287739456,-0.03860287833958864,0.0012983452470507473,0.02160681103123352,0.0036835558712482452,0.03734451375203207
TATN,60,X_LEADLAG,cross,"{""a"": ""SR"", ""n"": 12, ""z"": 2.0, ""mode"": ""follow"", ""hold"": 12}",T,True,0,21,0.5238095238095238,2.111000795748274,0.004458642265359773,8.857142857142858,0.09363148582633585,1.2918095227655872,3.3913683251806597,0.040234416257590055,0.4444444444444444,-0.03389421384781599,0.0,0.010403498425148427,0.029070370948938915,-0.1550549684382041,0.07712317595724016,0.0,-0.005267980508506298,-0.001072221901267767,-0.03389421384781599,0.027215719688683748,0.0029831703286617994,0.0,0.02654383610934019
BR,15,X_LEADLAG,cross,"{""a"": ""SBER"", ""n"": 12, ""z"": 2.0, ""mode"": ""follow"", ""hold"": 12}",T,True,-1,66,0.5,1.822288865088972,0.0024452975543658713,12.757575757575758,0.16138963108096505,1.2889985218761815,3.5743071513526434,0.058674522617366165,0.3333333333333333,-0.024064568046014756,-0.0013438881433103234,0.017932181231218338,0.05353064763091051,-0.1581525859656853,-0.004737538598419633,-0.010518272320041433,-0.0013438881433103234,-0.024064568046014756,-0.0039183609187603,0.1620646696537733,0.003704661037772894,-0.0007273559458553791,0.04093028436182067
RI,60,X_LEADLAG,cross,"{""a"": ""GD"", ""n"": 6, ""z"": 1.0, ""mode"": ""follow"", ""hold"": 12}",T,True,-1,88,0.4772727272727273,1.4270952636347725,0.0015545649209462642,9.284090909090908,0.13680171383020934,1.2874114838310022,2.1587361928607076,0.05780866736313328,0.6666666666666666,-0.029119197744876146,0.004549947974737734,0.015200190425578816,0.035436221908523496,-0.09496801893661516,-0.014437330886721611,0.004549947974737734,-0.003741302527487278,0.004381260310765356,-0.029119197744876146,0.043789735093014315,0.026980792346876115,0.0065057423926191404,0.09789206687128171
MGNT,60,X_LEADLAG,cross,"{""a"": ""SR"", ""n"": 1, ""z"": 1.0, ""mode"": ""fade"", ""hold"": 12}",T,True,-1,156,0.5448717948717948,1.279150451095626,0.0012872641949531443,10.83974358974359,0.20081321570978616,1.28683667524353,1.9061292136482664,0.09665928764661658,0.5555555555555556,-0.04245389380957931,0.008457812567939982,0.022312579523309575,0.05269956392568597,-0.11841944639984586,0.055737029877491295,0.008457812567939982,-0.008218768733058823,-0.022299361851764843,-0.01783533865818754,0.019670768349897116,0.07520291768014431,-0.04245389380957931,0.13255205028690398
NVTK,60,X_LEADLAG,cross,"{""a"": ""SR"", ""n"": 12, ""z"": 1.0, ""mode"": ""follow"", ""hold"": 12}",T,True,1,53,0.4716981132075472,1.586276849481308,0.0024489184632454563,10.622641509433961,0.12979267288028495,1.283213682958909,2.9707617939647473,0.07536409634485608,0.4444444444444444,-0.041313095949590206,-0.00033563889883225784,0.01442140809780944,0.0481075365624321,-0.15588452208025239,0.09793764888308942,0.014487507869489491,-0.00033563889883225784,-0.033715361496433616,-0.041313095949590206,0.0508919331477955,-0.0064134320709854364,-0.031820854055695236,0.0800739654514473
GZ,60,X_LEADLAG,cross,"{""a"": ""SBER"", ""n"": 6, ""z"": 2.0, ""mode"": ""follow"", ""hold"": 12}",T,True,0,31,0.5161290322580645,1.8830537509386787,0.0026191828106929636,9.548387096774194,0.08119466714560986,1.281738844629089,3.0644870939767315,0.04778340522898361,0.5555555555555556,-0.03212133259512484,0.002656063879840076,0.00902162968284554,0.028799371882903248,-0.13336367193843174,0.06643395498394966,0.006746365688741207,-0.0038597393431700766,0.002656063879840076,-0.03212133259512484,-0.008344452129676938,0.004223049734719098,-0.005230507347732782,0.05069126427406445
MX,60,X_LEADLAG,cross,"{""a"": ""SR"", ""n"": 1, ""z"": 2.0, ""mode"": ""fade"", ""hold"": 12}",T,True,-1,30,0.5,1.7533685797155425,0.0019413612516609997,10.5,0.0582408364280127,1.2817167753338825,2.5131565506382194,0.04289963928749785,0.5555555555555556,-0.015652570873498917,0.0025387583300471306,0.0064712040475569665,0.020707961321254815,-0.1240218610484448,-0.015652570873498917,0.0025387583300471306,-0.001520640216767788,-0.006204034201800823,-0.013621409889310598,0.01931210426846519,0.013734528794884682,0.0032040211372077465,0.056450079078786075
BR,60,X_LEADLAG,cross,"{""a"": ""Si"", ""n"": 12, ""z"": 2.0, ""mode"": ""follow"", ""hold"": 12}",T,True,-1,26,0.46153846153846156,3.3411478700554356,0.008280089111833448,8.23076923076923,0.21528231576667167,1.2810303086776103,8.070512496704328,0.04926690389402211,0.5555555555555556,-0.026206074748188257,0.0011736094020307064,0.023920257307407964,0.061912868082480144,-0.1076864713547463,0.0011736094020307064,-0.0002163213212043047,-0.026206074748188257,0.007256431970745325,-0.0005032994667999446,0.19355813320726156,-0.00658882362768054,0.035726201022043824,0.011082459328463301
MGNT,60,X_LEADLAG,cross,"{""a"": ""GD"", ""n"": 1, ""z"": 1.0, ""mode"": ""follow"", ""hold"": 12}",T,True,-1,136,0.5073529411764706,1.3194488075921489,0.0010816090559133068,9.448529411764707,0.14709882943861885,1.2786462389118813,2.0157981593389867,0.07233725115656853,0.6666666666666666,-0.023640512183192186,0.0248097774310736,0.01634431438206876,0.021563245572733404,-0.060930678228469454,0.027696790755726397,-0.007337953662499785,0.02671227909740992,0.025004044931847602,-0.023640512183192186,-0.0020838772179558873,0.02441862304112874,0.05151965724508045,0.0248097774310736
TATN,60,X_LEADLAG,cross,"{""a"": ""MX"", ""n"": 1, ""z"": 2.0, ""mode"": ""follow"", ""hold"": 12}",T,True,0,67,0.4925373134328358,1.5142399060628708,0.0025787547061725145,9.716417910447761,0.17277656377700623,1.276974123677105,2.2438091294333984,0.06972173228859901,0.4444444444444444,-0.039761936757713556,-0.012534156106994487,0.019197395975222915,0.05269091092484902,-0.15278113780942482,-0.039761936757713556,0.07073184856562875,-0.012534156106994487,-0.012697146157734096,-0.017280714586377144,0.057130650617182255,-0.01327479281462729,0.007789971947204322,0.13267283907043748
RN,60,X_LEADLAG,cross,"{""a"": ""MX"", ""n"": 3, ""z"": 2.0, ""mode"": ""fade"", ""hold"": 12}",T,True,-1,17,0.7058823529411765,2.0880903702737883,0.003279706019454685,10.470588235294118,0.05575500230770558,1.2758079090569894,2.0814555423108017,0.030903685372322798,0.5555555555555556,-0.009009228786453605,0.002289615338668227,0.006195000256411731,0.012908754768023794,-0.1076544088223756,0.0,0.003151955083012581,0.0,0.005484393797814846,0.002289615338668227,-0.009009228786453605,0.03671829157974571,-0.0020212256349623203,0.019141200929880142
MX,60,X_LEADLAG,cross,"{""a"": ""GD"", ""n"": 12, ""z"": 2.0, ""mode"": ""follow"", ""hold"": 3}",T,True,-1,25,0.52,1.9268557098027694,0.0014012218627083182,3.88,0.03503054744214751,1.274857758121014,2.7831920961157475,0.013756915461272001,0.5555555555555556,-0.0059740126598626375,0.0022375360131263733,0.003892283049127501,0.010574470259625745,-0.11347355683559207,0.030249397037550807,-0.0014095519145485014,0.006952000316232443,0.006684180814772844,-0.0041631353087723255,0.0063332908321172,0.0022375360131263733,-0.005879157688468695,-0.0059740126598626375
GMKN,15,X_LEADLAG,cross,"{""a"": ""GD"", ""n"": 6, ""z"": 1.0, ""mode"": ""follow"", ""hold"": 12}",T,True,0,573,0.4223385689354276,1.1465228785790098,0.00035094743465095845,11.010471204188482,0.20109288321805252,1.2739316873538244,2.245963312347383,0.16524155662295925,0.4444444444444444,-0.05013977357884869,-0.007344727313466137,0.022343653690894725,0.06104015842591756,-0.15431190911437204,0.11875822051661089,-0.05013977357884869,-0.02850348259380553,0.03821284063201347,-0.030048670363612473,-0.02635230220039375,-0.007344727313466137,0.08648670950788073,0.10002406861167401
RN,60,X_LEADLAG,cross,"{""a"": ""Si"", ""n"": 12, ""z"": 2.0, ""mode"": ""follow"", ""hold"": 12}",T,True,1,26,0.4230769230769231,2.0419182949919636,0.0033965857638155383,8.461538461538462,0.0883112316369079,1.273567805792999,3.7251095760359387,0.039889834297355264,0.3333333333333333,-0.018261712044477463,-0.0013231897028163075,0.009812359070767544,0.02796115226750639,-0.1688531519871186,0.036053253104910254,-0.01583987334743142,-0.018261712044477463,-0.0013231897028163075,-0.00132258195662871,0.04124489880632609,-0.013943473109975457,-0.002434668829664588,0.0641385787166655
TATN,60,X_LEADLAG,cross,"{""a"": ""MX"", ""n"": 6, ""z"": 2.0, ""mode"": ""fade"", ""hold"": 12}",T,True,-1,21,0.6666666666666666,1.9466584709461003,0.003753902083650442,9.380952380952381,0.07883194391615689,1.2711887137201927,1.985574645610421,0.042402395978569984,0.5555555555555556,-0.0032687054481357336,0.004117179661989212,0.008759104879572988,0.010920382840734384,-0.07361680462705211,0.0,0.004117179661989212,0.027164755389094353,0.007762503111734986,0.0,0.020766292931511998,0.022509706672281027,-0.0032687054481357336,-0.00021978840231895447
GD,60,X_LEADLAG,cross,"{""a"": ""RI"", ""n"": 3, ""z"": 1.0, ""mode"": ""follow"", ""hold"": 12}",T,True,-1,120,0.4666666666666667,1.3379419696626225,0.0013968131862005754,10.108333333333333,0.1676175816101022,1.268778615412575,2.1831943813884744,0.08322856450104155,0.6666666666666666,-0.03479546165908687,0.0067299718502908945,0.0186241757344558,0.037200749823670484,-0.09621257784598693,0.07098965205659624,-0.022178537197760306,0.0032738872105255723,-0.014788913424126804,-0.03479546165908687,0.0415457439085003,0.05642690253444016,0.0067299718502908945,0.06041433633072302
MX-GAZP,15,X_PAIR,cross,"{""w"": 1000, ""zin"": 3.0, ""zout"": 0.0, ""hold"": 50, ""beta"": 0.991}",S,True,0,26,0.4791666666666667,1.3470795036803134,0.0013430087258581424,41.96153846153846,0.03233157788054086,1.2680112062154572,3.3644547543942322,0.0173852521693334,0.7777777777777778,-0.002331485186005011,0.0037964096118230373,0.0035923975422823182,0.004199230775762635,-0.023900541008220755,0.0046233320608735085,0.005706686060875654,-0.0021673676383215934,0.00250516424421221,0.0013249566545709968,0.01169737969757989,-0.002331485186005011,0.0037964096118230373,0.00717650237493217
PLZL,60,X_LEADLAG,cross,"{""a"": ""MX"", ""n"": 3, ""z"": 2.0, ""mode"": ""fade"", ""hold"": 3}",T,True,-1,67,0.5671641791044776,1.4932299814741037,0.0014396658834651564,3.8656716417910446,0.09645761201682035,1.2672937013744159,1.878448337401355,0.055603796703508124,0.5555555555555556,-0.040817599976435304,0.008402925115660764,0.010717512446313372,0.026917199297321222,-0.13388837656715546,0.03895607218146324,0.008402925115660764,0.010565197560936213,-0.040817599976435304,-0.00042944488814100623,-0.0028590540459845215,0.058322411961853504,-0.0033849114552140236,0.02770201556268148
MGNT,60,X_LEADLAG,cross,"{""a"": ""SR"", ""n"": 3, ""z"": 2.0, ""mode"": ""follow"", ""hold"": 12}",T,True,-1,28,0.5,1.815985939092212,0.0028785294496008365,9.285714285714286,0.0805988241918385,1.266972935156825,2.43614696414237,0.06628661678405479,0.6666666666666666,-0.04613305634120479,0.007443037815392017,0.008955424910204278,0.030320605156278196,-0.11967723147764034,0.012415080331265926,0.007443037815392017,0.0019750422798097134,0.0077805983601138,-0.008234280860051513,0.04082347796065733,-0.004999913275241852,-0.04613305634120479,0.06952883792109787
GAZP,60,X_LEADLAG,cross,"{""a"": ""SBER"", ""n"": 3, ""z"": 2.0, ""mode"": ""follow"", ""hold"": 12}",T,True,-1,26,0.46153846153846156,1.982423106697281,0.0020506893746756296,8.5,0.053317924874136224,1.266175456230793,3.348412407029141,0.020447548828087747,0.5555555555555556,-0.01752710633445531,0.003393889404833317,0.005924213874904025,0.014671480051167217,-0.12991643009659606,0.02926065819337964,-0.0025485618971288204,0.003393889404833317,-0.004459826159290969,-0.007509549497626722,0.011767953663365915,0.01739538018591702,-0.01752710633445531,0.023545087315142155
GMKN,60,X_LEADLAG,cross,"{""a"": ""MX"", ""n"": 3, ""z"": 2.0, ""mode"": ""follow"", ""hold"": 12}",T,True,-1,27,0.5185185185185185,1.9365437198219815,0.0027834518300591604,9.148148148148149,0.07515319562389777,1.2625847164801631,2.5342044420306284,0.04156066197901964,0.6666666666666666,-0.010772600071504712,0.0008728648535907269,0.008350355069321976,0.01606270744410389,-0.08738823983323073,0.00047123199328780174,-0.007461625733412802,-0.010772600071504712,0.0,0.003329790662974119,0.02235614159144461,0.03885346256720368,0.0008728648535907269,0.02750392976031435
ROSN,60,X_LEADLAG,cross,"{""a"": ""GD"", ""n"": 6, ""z"": 2.0, ""mode"": ""fade"", ""hold"": 12}",T,True,-1,67,0.6119402985074627,1.5034267873103666,0.0016119777704888746,8.940298507462687,0.10800251219188794,1.2604463965472772,1.708887569698227,0.06953468915889971,0.6666666666666666,-0.04351450965623371,0.018406913557555526,0.012000279132431993,0.037055510007309216,-0.10559023479812722,0.03361830458743498,-0.008471361128613353,0.02762820851057768,0.0009148200042545795,0.018406913557555526,-0.03590254424489103,0.08520193304866552,0.030120747513137758,-0.04351450965623371
RN,60,X_LEADLAG,cross,"{""a"": ""Si"", ""n"": 3, ""z"": 2.0, ""mode"": ""follow"", ""hold"": 12}",T,True,0,89,0.5280898876404494,1.418732667699336,0.001501679303238351,9.52808988764045,0.13364945822740992,1.2600217647655745,2.132371778792209,0.10368456727246667,0.5555555555555556,-0.04391650058096275,0.02082537382375449,0.014849939803045546,0.04175758718413068,-0.12278673536899737,0.04399510519579053,-0.04391650058096275,-0.026030518763036525,-0.0131608413066715,0.036641268932726234,0.1012036616448313,0.02082537382375449,-0.013510995195247233,0.027602904476225376
GMKN,60,X_LEADLAG,cross,"{""a"": ""GD"", ""n"": 3, ""z"": 2.0, ""mode"": ""follow"", ""hold"": 12}",T,True,-1,40,0.6,1.6189581327074851,0.001914470403047481,8.7,0.07657881735940464,1.2557571899278586,1.8995769623414587,0.0514927877811715,0.4444444444444444,-0.02177852625027299,-0.003050616243854165,0.008508757484378293,0.025971667563447067,-0.1555835306451771,0.05870056012645364,-0.003050616243854165,-0.006527817458845675,-0.006957059260457754,-0.02177852625027299,0.013862269697710872,-0.01756527414545417,0.01567292123218067,0.04422235966194421
MX-GAZP,15,X_PAIR,cross,"{""w"": 300, ""zin"": 3.0, ""zout"": 0.0, ""hold"": 50, ""beta"": 0.995}",S,True,0,47,0.5657894736842105,1.2963334498288341,0.0008510129094118527,38.57446808510638,0.03234680162859149,1.2549592650791743,2.427932922653237,0.014444115913647693,0.6666666666666666,-0.011075828690081835,0.003270218374382239,0.003594089069843499,0.009415358471708192,-0.10555663557880768,0.004956592572852969,0.015674013877287507,0.008590509271016344,-0.008470517284877133,-0.0012154357973486185,0.018995625025127083,0.003270218374382239,0.0016216242802329361,-0.011075828690081835
MX-GAZP,15,X_PAIR,cross,"{""w"": 1000, ""zin"": 3.0, ""zout"": 0.5, ""hold"": 50, ""beta"": 0.991}",S,True,0,26,0.4791666666666667,1.3413653195735675,0.0013265249377996207,41.92307692307692,0.03193424586788751,1.2521216854981283,3.3192092631001993,0.01778258418198675,0.7777777777777778,-0.002331485186005011,0.0037964096118230373,0.0035482495408763904,0.004163252255863861,-0.02403716444569015,0.0046233320608735085,0.005706686060875654,-0.0021673676383215934,0.00250516424421221,0.0013249566545709968,0.01169737969757989,-0.002331485186005011,0.0037964096118230373,0.006779170362278819
ROSN,60,X_LEADLAG,cross,"{""a"": ""SBER"", ""n"": 3, ""z"": 2.0, ""mode"": ""fade"", ""hold"": 12}",T,True,-1,39,0.6923076923076923,1.7150104240158082,0.002376467108467519,10.025641025641026,0.09268221684033051,1.2499971636363214,1.7395803865902142,0.06542919378262013,0.6666666666666666,-0.0251466270419769,0.00614529475569725,0.010298024093370058,0.020192761996335795,-0.09790725907243056,-0.0013716798275709152,0.0035451448056846857,0.026996244792826474,0.006969407899305224,-0.0033405781723558903,-0.0251466270419769,0.04389523796271533,0.00614529475569725,0.034989771666005254
MGNT,60,X_LEADLAG,cross,"{""a"": ""MX"", ""n"": 12, ""z"": 2.0, ""mode"": ""fade"", ""hold"": 3}",T,True,1,24,0.5,1.8983682972421267,0.0017633161811190224,3.5833333333333335,0.04231958754826337,1.249278726768039,2.7358862849025125,0.0304359596921131,0.4444444444444444,-0.019606779678724706,0.0,0.004702176394251485,0.01596631069206423,-0.16140667360660838,0.0,0.014721616636961699,-0.005490693263709545,-0.0013064071536064148,0.0005750078707933426,0.012551060528494418,-0.019606779678724706,-0.00038302468601614237,0.04125880729407072
SR,60,X_LEADLAG,cross,"{""a"": ""MX"", ""n"": 1, ""z"": 1.0, ""mode"": ""fade"", ""hold"": 12}",T,True,0,282,0.5035460992907801,1.2601963814394634,0.0004474363317530944,6.797872340425532,0.12617704828153364,1.2434795724560623,2.4973557083613986,0.139096389466431,0.5555555555555556,-0.04859006963670254,0.03047855239128694,0.014019672031281516,0.048609852573900963,-0.12546475120358014,0.08780293128802441,0.07446899914793903,-0.028846820554463193,0.04364954680931987,-0.026267339009791613,-0.04859006963670254,-0.04225716437213123,0.03047855239128694,0.03573841221805196
MGNT,60,X_LEADLAG,cross,"{""a"": ""MX"", ""n"": 1, ""z"": 1.0, ""mode"": ""follow"", ""hold"": 12}",T,True,-1,115,0.5304347826086957,1.3315061302950528,0.0014231475208691827,10.843478260869565,0.16366196362650953,1.2434038540577597,1.872891378234296,0.18003144327667542,0.4444444444444444,-0.08169476827606559,-0.00340022100135684,0.018184662625167727,0.06859789864174126,-0.16695660296543283,0.06988262082450092,0.026304352562874556,-0.010498497111257166,-0.08169476827606559,-0.02835237665567547,-0.03765711511368863,0.06712804280687124,-0.00340022100135684,0.16194992559030652
BR,60,X_LEADLAG,cross,"{""a"": ""SR"", ""n"": 3, ""z"": 2.0, ""mode"": ""follow"", ""hold"": 3}",T,True,-1,41,0.4146341463414634,1.7083326916243051,0.0027336960173447522,3.926829268292683,0.11208153852203395,1.2427929972223692,2.76382004929745,0.051787509117275476,0.6666666666666666,-0.018011623600614257,0.010197459196206182,0.012453504280225994,0.030223601952465165,-0.08510868070387485,0.011101065902039409,-0.00668430095538497,-0.018011623600614257,-0.01654480182332918,0.006168929859995842,0.08975624293088913,0.017287681868765503,0.010197459196206182,0.018810885143466294
MX,60,X_LEADLAG,cross,"{""a"": ""SBER"", ""n"": 6, ""z"": 1.0, ""mode"": ""follow"", ""hold"": 12}",T,True,-1,53,0.5094339622641509,1.5512740014806898,0.0012622356860194862,9.30188679245283,0.0668984903868477,1.2422600884092825,2.099562614820228,0.031277206959202886,0.5555555555555556,-0.0218789802165702,0.0017452423926442862,0.007433165598538633,0.022757904680086396,-0.13389295268068063,0.03142995107918978,-0.021424215519800782,0.029972986751999997,-0.006303680798737332,-0.00863489750190638,0.018834502901881933,0.0017452423926442862,-0.0218789802165702,0.0431575812981464
MGNT,60,X_LEADLAG,cross,"{""a"": ""SBER"", ""n"": 6, ""z"": 1.0, ""mode"": ""fade"", ""hold"": 12}",T,True,-1,100,0.57,1.3624599065718606,0.0015105276206706325,9.77,0.15105276522808708,1.2377170670387232,1.920431103575909,0.05425452766939998,0.6666666666666666,-0.034043972482322715,0.018256866955198348,0.016783640580898564,0.03720440302264741,-0.08652397216216395,0.025346442125737667,-0.0029322709888219833,-0.00859498867066577,0.021934270625934005,0.0001881644275272265,0.018256866955198348,0.02227980678435415,-0.034043972482322715,0.10861844645114616
NVTK,60,X_LEADLAG,cross,"{""a"": ""SBER"", ""n"": 6, ""z"": 2.0, ""mode"": ""follow"", ""hold"": 12}",T,True,1,21,0.5714285714285714,2.188033853157178,0.004152545235698196,9.761904761904763,0.08720344735411345,1.2348923488174441,3.645255406106918,0.038931964780204,0.4444444444444444,-0.02006780810188502,0.0,0.009689271928234829,0.026440010409468622,-0.14603110338392797,0.06303882459178567,-0.0046994187869131565,0.0016550654545426369,-0.008204648271203041,-0.02006780810188502,0.04605227615320473,-0.011137681547552347,0.0,0.02056683786213398
VTBR,60,X_LEADLAG,cross,"{""a"": ""MX"", ""n"": 3, ""z"": 2.0, ""mode"": ""fade"", ""hold"": 3}",T,True,-1,44,0.6136363636363636,1.6848567256887368,0.0014613543333313757,3.8863636363636362,0.06429959233719273,1.2333012709906486,2.3220057837149963,0.030186642543412745,0.6666666666666666,-0.019599456514697522,0.0019555969774955884,0.00714439914857697,0.015236088266206739,-0.10630109236944298,0.0019555969774955884,0.014836459420621395,-0.00020684523042291403,0.011684320677886717,0.0018629850819706917,-0.019599456514697522,0.033548645671544364,0.025448661239352077,-0.0052307749865576625
RN,60,X_LEADLAG,cross,"{""a"": ""SBER"", ""n"": 6, ""z"": 2.0, ""mode"": ""fade"", ""hold"": 12}",T,True,-1,27,0.6296296296296297,1.8932069609644375,0.0024794708212872575,9.74074074074074,0.06694571580737829,1.2303373152132049,1.8538089417147665,0.052745886670891196,0.5555555555555556,-0.012055460247211158,0.0006842522416263819,0.007438412867486477,0.02083812492530054,-0.11708511516995584,0.0006842522416263819,0.0,0.027427254244685173,0.008545510470867157,-0.012055460247211158,-0.011924694466870278,0.05725188652286306,0.0008006973657757044,-0.003783730324357748
PLZL,60,X_LEADLAG,cross,"{""a"": ""GD"", ""n"": 6, ""z"": 2.0, ""mode"": ""fade"", ""hold"": 3}",T,True,-1,43,0.5116279069767442,1.5290951174331522,0.001174157426888936,3.813953488372093,0.05048876978980843,1.2300753389548988,2.296610401765776,0.02300678874598816,0.5555555555555556,-0.008692447969224304,0.001170935807749629,0.005609863309978714,0.012437668635233667,-0.1150875569988431,0.027073513250797987,0.0023126762971514836,-0.008692447969224304,-0.007219553459435701,-0.0013809831580147147,0.015658730641007423,0.02359843347221613,-0.0020325350924395025,0.001170935807749629
MGNT,60,X_LEADLAG,cross,"{""a"": ""SBER"", ""n"": 1, ""z"": 2.0, ""mode"": ""fade"", ""hold"": 12}",T,True,-1,73,0.5342465753424658,1.405457649312572,0.001819213299471011,10.575342465753424,0.13280257262522355,1.2299834999695693,2.0106261418037947,0.09079618111718446,0.5555555555555556,-0.04542946437140927,0.013370513886911795,0.014755841402802616,0.040775480701797026,-0.1262589047552895,0.05379536468535662,0.01630497767473571,-0.04542946437140927,-0.004340992367360741,-0.02506421785801649,0.013370513886911795,0.028433891653548926,-0.004493422631639987,0.10022592195309699
GZ,60,X_LEADLAG,cross,"{""a"": ""GD"", ""n"": 3, ""z"": 2.0, ""mode"": ""follow"", ""hold"": 12}",T,True,-1,41,0.5365853658536586,1.650676119988177,0.0016693972919959125,8.926829268292684,0.06844529130830779,1.2298786568016353,2.0328173057824497,0.03277684113709256,0.6666666666666666,-0.029097272490616888,0.008792554977844702,0.007605032367589754,0.017213755240801834,-0.10877504733153764,0.029867546109016985,-9.177275933325291e-05,0.009629873507947195,0.00044689769856631756,-0.0008949231705628335,-0.029097272490616888,0.02925130375660956,0.008792554977844702,0.020541083678836003
BR,60,X_LEADLAG,cross,"{""a"": ""MX"", ""n"": 1, ""z"": 2.0, ""mode"": ""fade"", ""hold"": 12}",T,True,-1,107,0.5046728971962616,1.390314033421402,0.002372229423770394,9.261682242990654,0.2538285491664283,1.2273668823942836,2.33158328557398,0.15482335812157544,0.3333333333333333,-0.07058283872902393,-0.017308610287727788,0.028203172129603143,0.10717271717499215,-0.17589215612854342,-0.017308610287727788,-0.0038835868472233415,-0.01937057026407274,-0.029546414385549724,-0.07058283872902393,0.2693332799244672,0.16755961230956018,-0.056353822961682454,0.013981500407680869
GD,60,X_LEADLAG,cross,"{""a"": ""RI"", ""n"": 1, ""z"": 2.0, ""mode"": ""follow"", ""hold"": 12}",T,True,-1,66,0.5151515151515151,1.46977824173734,0.0017700701434797002,10.333333333333334,0.11682462872704491,1.2263414165981494,2.140445729543923,0.06459058175096288,0.6666666666666666,-0.0246177053777501,0.012579525122419,0.01298051430300499,0.026681666608203397,-0.08734212416286394,0.009334851667517796,-0.006495488836662844,-0.010770143126137555,0.03309553151484579,0.012579525122419,-0.0246177053777501,0.016139878833200783,0.014410604373551905,0.07314757455606014
LKOH,60,X_LEADLAG,cross,"{""a"": ""MX"", ""n"": 6, ""z"": 2.0, ""mode"": ""follow"", ""hold"": 12}",T,True,-1,16,0.5,3.3693168870141736,0.003976566570767614,8.0625,0.06362506526056677,1.2257794003554188,6.115110092371609,0.016842981684021652,0.3333333333333333,-0.008572840131819248,0.0,0.00706945169561853,0.01990359952014502,-0.1574188823649171,0.0,0.0,-0.008572840131819248,0.0032300464808940887,0.0,0.025866151554509997,-0.004955635929945856,-0.008242652751505375,0.056299996038433164
TATN,60,X_LEADLAG,cross,"{""a"": ""RI"", ""n"": 12, ""z"": 2.0, ""mode"": ""fade"", ""hold"": 12}",T,True,-1,25,0.6,2.0810959485774676,0.004122814987381568,9.48,0.10307037411257625,1.2233179948719826,2.1348829214560223,0.051748115569353104,0.6666666666666666,-0.031955963699147105,0.005370264989323914,0.01145226379028625,0.030673451402293623,-0.10070220651047929,0.0,-0.0013659808319061995,0.017700709402561188,0.005370264989323914,0.007031390676274896,-0.031955963699147105,0.013594007585197687,0.0030327122658491135,0.08966323372442275
RN,60,X_LEADLAG,cross,"{""a"": ""GD"", ""n"": 12, ""z"": 1.0, ""mode"": ""follow"", ""hold"": 12}",T,True,-1,70,0.6285714285714286,1.420491517762193,0.001408270420413345,9.214285714285714,0.09857893129810691,1.2204231032344142,1.792458933218032,0.05376383927068673,0.5555555555555556,-0.010203697718679905,0.002309605450136587,0.010953214588678546,0.020443461223051816,-0.10323497782744886,0.016500018507940695,-0.009053785470314324,0.012916155508719385,0.002309605450136587,-0.000302796543110162,-0.010203697718679905,0.05161902855616063,0.03908513218630105,-0.004290729179047048
MGNT,60,X_LEADLAG,cross,"{""a"": ""Si"", ""n"": 1, ""z"": 1.0, ""mode"": ""fade"", ""hold"": 12}",T,True,-1,178,0.6067415730337079,1.2420810442822072,0.001162746981190653,11.623595505617978,0.2069689596828539,1.2200351505986893,1.694268512058563,0.1261568403133424,0.7777777777777778,-0.05880242781131528,0.025992009439505637,0.022996551075872656,0.050016612325360095,-0.0736921510553669,0.025992009439505637,0.00622507932712324,0.004085859633050859,-0.05880242781131528,-0.038761710267863236,0.03954788076225668,0.11020613129949197,0.03855503321392462,0.0799211040866794
RN,60,X_LEADLAG,cross,"{""a"": ""SR"", ""n"": 6, ""z"": 2.0, ""mode"": ""fade"", ""hold"": 3}",T,True,-1,21,0.7619047619047619,2.2107968526630324,0.0025709089513107153,3.9523809523809526,0.05398908746428788,1.2157693696135834,1.5710451418261717,0.03910287894541398,0.4444444444444444,-0.008858585730195045,0.0,0.0059987874960319865,0.010262437999735533,-0.13529869347416054,-0.0032450573053210974,0.0,0.01396703440696001,0.01105183083564043,-0.0005210792296566069,-0.008858585730195045,0.021080832520965487,0.0,0.0205141119658947
MGNT,60,X_LEADLAG,cross,"{""a"": ""GD"", ""n"": 6, ""z"": 1.0, ""mode"": ""fade"", ""hold"": 12}",T,True,-1,133,0.518796992481203,1.311546496123512,0.0012126643728425344,9.556390977443609,0.16128435945574893,1.215349046272149,1.9029784141062056,0.14055170218489366,0.5555555555555556,-0.04074492206564173,0.0052554914727807045,0.017920484383972105,0.053292478757685724,-0.12499792139182977,-0.01937170885503292,-0.022861492820084095,-0.04074492206564173,0.0052554914727807045,-0.02516881620977074,0.013164443189452868,0.06602614391886164,0.050128597766160965,0.13485662305902224
VTBR,60,X_LEADLAG,cross,"{""a"": ""SR"", ""n"": 12, ""z"": 2.0, ""mode"": ""fade"", ""hold"": 12}",T,True,1,22,0.5,1.9563798093305407,0.003459507040639276,8.636363636363637,0.07610915310215205,1.214071732152333,2.740798207363247,0.04873542860150337,0.5555555555555556,-0.02069072611629963,0.004182274336926639,0.008456572566905783,0.024943144918015445,-0.11971218630887684,0.010266328230500221,-0.004966985434293747,-0.0023086518049240112,0.0,0.004182274336926639,0.010082415770739317,0.00515467906370759,-0.02069072611629963,0.07438981905579567
RI,60,X_LEADLAG,cross,"{""a"": ""SBER"", ""n"": 6, ""z"": 2.0, ""mode"": ""follow"", ""hold"": 12}",T,True,-1,13,0.5384615384615384,2.2065158113534413,0.0021896876469274297,8.538461538461538,0.028465939962188713,1.2120674947385073,2.5901828600289547,0.013617793170851655,0.4444444444444444,-0.005999910179525614,0.0,0.003162882218020968,0.006623526969183124,-0.1417714031875421,0.01429150253534317,0.0,0.01222626306116581,0.0005765078240074217,-0.0006264775875024498,-0.0015883538872003555,-0.005999910179525614,0.0,0.00958640819590073
ALRS,60,X_LEADLAG,cross,"{""a"": ""MX"", ""n"": 6, ""z"": 2.0, ""mode"": ""fade"", ""hold"": 3}",T,True,-1,20,0.55,2.263859256362976,0.003054037931256065,3.85,0.06108075811062008,1.21161094726967,3.7112750132055132,0.027678331825882196,0.3333333333333333,-0.013284884858876467,0.0,0.006786750901180009,0.023598811020414105,-0.16320022988338653,0.0,0.0,0.010417583049274981,0.0014735735021531582,0.0,-0.008687426336109638,-0.013284884858876467,0.0,0.07116191275417805
