code,ym,h,n,v
AFLT,2025-09,6,4,5301.0
AFLT,2025-09,7,240,360616.0
AFLT,2025-09,8,240,287730.0
AFLT,2025-09,9,240,231201.0
AFLT,2025-09,10,240,974323.0
AFLT,2025-09,11,240,568637.0
AFLT,2025-09,12,240,658251.0
AFLT,2025-09,13,240,412552.0
AFLT,2025-09,14,240,299596.0
AFLT,2025-09,15,240,391294.0
AFLT,2025-09,16,240,472540.0
AFLT,2025-09,17,240,974459.0
AFLT,2025-09,18,176,1143022.0
AFLT,2025-09,19,240,773561.0
AFLT,2025-09,20,239,490896.0
AFLT,2025-09,21,239,295308.0
AFLT,2025-09,22,236,138555.0
AFLT,2025-09,23,195,193987.0
AFLT,2025-10,6,23,71230.0
AFLT,2025-10,7,1372,4705671.0
AFLT,2025-10,8,1370,2623477.0
AFLT,2025-10,9,1378,3459411.0
AFLT,2025-10,10,1380,5961925.0
AFLT,2025-10,11,1380,4394486.0
AFLT,2025-10,12,1380,4873650.0
AFLT,2025-10,13,1380,4711886.0
AFLT,2025-10,14,1379,4508090.0
AFLT,2025-10,15,1379,4268059.0
AFLT,2025-10,16,1380,4035206.0
AFLT,2025-10,17,1379,4339658.0
AFLT,2025-10,18,1011,3854255.0
AFLT,2025-10,19,1375,2942425.0
AFLT,2025-10,20,1374,4185982.0
AFLT,2025-10,21,1361,2456966.0
AFLT,2025-10,22,1348,2751302.0
AFLT,2025-10,23,1130,3035256.0
AFLT,2025-11,2,15,289.0
AFLT,2025-11,3,9,33.0
AFLT,2025-11,4,4,9.0
AFLT,2025-11,5,6,17.0
AFLT,2025-11,6,28,28970.0
AFLT,2025-11,7,1129,3331212.0
AFLT,2025-11,8,1144,1903409.0
AFLT,2025-11,9,1169,2662591.0
AFLT,2025-11,10,1173,6423279.0
AFLT,2025-11,11,1176,4775724.0
AFLT,2025-11,12,1171,4207174.0
AFLT,2025-11,13,1172,3044644.0
AFLT,2025-11,14,1175,3934000.0
AFLT,2025-11,15,1170,5526331.0
AFLT,2025-11,16,1165,4625520.0
AFLT,2025-11,17,1160,5298702.0
AFLT,2025-11,18,866,2417967.0
AFLT,2025-11,19,1163,3021941.0
AFLT,2025-11,20,1172,2966395.0
AFLT,2025-11,21,1157,3698850.0
AFLT,2025-11,22,1121,2260976.0
AFLT,2025-11,23,943,2120204.0
AFLT,2025-12,2,19,177.0
AFLT,2025-12,3,12,272.0
AFLT,2025-12,4,7,35.0
AFLT,2025-12,5,9,108.0
AFLT,2025-12,6,43,129909.0
AFLT,2025-12,7,1334,3387498.0
AFLT,2025-12,8,1309,1613965.0
AFLT,2025-12,9,1343,3236789.0
AFLT,2025-12,10,1360,7510596.0
AFLT,2025-12,11,1357,7685205.0
AFLT,2025-12,12,1361,5625913.0
AFLT,2025-12,13,1352,4729518.0
AFLT,2025-12,14,1356,5539272.0
AFLT,2025-12,15,1347,4744851.0
AFLT,2025-12,16,1353,4259276.0
AFLT,2025-12,17,1365,4102755.0
AFLT,2025-12,18,999,3833014.0
AFLT,2025-12,19,1353,4142469.0
AFLT,2025-12,20,1331,1313604.0
AFLT,2025-12,21,1315,1949571.0
AFLT,2025-12,22,1305,1990940.0
AFLT,2025-12,23,1085,1683861.0
AFLT,2026-01,2,36,248.0
AFLT,2026-01,3,26,456.0
AFLT,2026-01,4,27,244.0
AFLT,2026-01,5,13,129.0
AFLT,2026-01,6,44,66757.0
AFLT,2026-01,7,1155,2463195.0
AFLT,2026-01,8,1163,1155740.0
AFLT,2026-01,9,1198,2361911.0
AFLT,2026-01,10,1217,4752545.0
AFLT,2026-01,11,1205,4651910.0
AFLT,2026-01,12,1214,2684550.0
AFLT,2026-01,13,1204,2998532.0
AFLT,2026-01,14,1198,2734178.0
AFLT,2026-01,15,1203,1829752.0
AFLT,2026-01,16,1197,2327923.0
AFLT,2026-01,17,1209,3790187.0
AFLT,2026-01,18,898,2736587.0
AFLT,2026-01,19,1187,1353681.0
AFLT,2026-01,20,1173,1439218.0
AFLT,2026-01,21,1173,1571380.0
AFLT,2026-01,22,1151,1319667.0
AFLT,2026-01,23,965,1113991.0
AFLT,2026-02,2,18,9915.0
AFLT,2026-02,3,9,254.0
AFLT,2026-02,4,4,23.0
AFLT,2026-02,5,15,557.0
AFLT,2026-02,6,32,21588.0
AFLT,2026-02,7,1145,1264392.0
AFLT,2026-02,8,1137,1155781.0
AFLT,2026-02,9,1152,2284587.0
AFLT,2026-02,10,1199,3318664.0
AFLT,2026-02,11,1194,1941827.0
AFLT,2026-02,12,1196,2424490.0
AFLT,2026-02,13,1197,3002342.0
AFLT,2026-02,14,1194,1881194.0
AFLT,2026-02,15,1198,1960968.0
AFLT,2026-02,16,1194,2727209.0
AFLT,2026-02,17,1195,1594826.0
AFLT,2026-02,18,895,1436825.0
AFLT,2026-02,19,1141,1332087.0
AFLT,2026-02,20,1123,1119473.0
AFLT,2026-02,21,1120,858271.0
AFLT,2026-02,22,1120,536975.0
AFLT,2026-02,23,935,743029.0
AFLT,2026-03,6,22,50407.0
AFLT,2026-03,7,1313,1998661.0
AFLT,2026-03,8,1317,1361067.0
AFLT,2026-03,9,1320,2828299.0
AFLT,2026-03,10,1320,3348632.0
AFLT,2026-03,11,1320,3957878.0
AFLT,2026-03,12,1320,2986462.0
AFLT,2026-03,13,1320,3088457.0
AFLT,2026-03,14,1317,2902405.0
AFLT,2026-03,15,1320,4062975.0
AFLT,2026-03,16,1320,2862440.0
AFLT,2026-03,17,1320,3362474.0
AFLT,2026-03,18,1066,2075056.0
AFLT,2026-03,19,1320,1454394.0
AFLT,2026-03,20,1319,1105124.0
AFLT,2026-03,21,1315,996494.0
AFLT,2026-03,22,1301,1441782.0
AFLT,2026-03,23,1087,1336596.0
AFLT,2026-04,6,22,48400.0
AFLT,2026-04,7,1306,2885153.0
AFLT,2026-04,8,1311,2109694.0
AFLT,2026-04,9,1317,2559117.0
AFLT,2026-04,10,1320,3507411.0
AFLT,2026-04,11,1320,3260347.0
AFLT,2026-04,12,1317,2457183.0
AFLT,2026-04,13,1320,3603735.0
AFLT,2026-04,14,1319,3304406.0
AFLT,2026-04,15,1319,3252835.0
AFLT,2026-04,16,1320,3798120.0
AFLT,2026-04,17,1319,4328758.0
AFLT,2026-04,18,1262,3354465.0
AFLT,2026-04,19,1316,1830411.0
AFLT,2026-04,20,1305,1429942.0
AFLT,2026-04,21,1301,855620.0
AFLT,2026-04,22,1284,1603250.0
AFLT,2026-04,23,1079,1303352.0
AFLT,2026-05,2,7,48.0
AFLT,2026-05,3,10,568.0
AFLT,2026-05,4,7,38.0
AFLT,2026-05,5,10,204.0
AFLT,2026-05,6,42,33299.0
AFLT,2026-05,7,1181,1242183.0
AFLT,2026-05,8,1201,664252.0
AFLT,2026-05,9,1212,1779365.0
AFLT,2026-05,10,1257,3376002.0
AFLT,2026-05,11,1253,3602731.0
AFLT,2026-05,12,1252,7048479.0
AFLT,2026-05,13,1247,3227257.0
AFLT,2026-05,14,1248,2506180.0
AFLT,2026-05,15,1247,2945883.0
AFLT,2026-05,16,1250,3233373.0
AFLT,2026-05,17,1253,2402832.0
AFLT,2026-05,18,1191,3075425.0
AFLT,2026-05,19,1211,2772399.0
AFLT,2026-05,20,1207,1881053.0
AFLT,2026-05,21,1197,1437546.0
AFLT,2026-05,22,1182,1322197.0
AFLT,2026-05,23,973,1054836.0
AFLT,2026-06,2,8,1503.0
AFLT,2026-06,3,3,7.0
AFLT,2026-06,4,6,110.0
AFLT,2026-06,5,8,21.0
AFLT,2026-06,6,47,45240.0
AFLT,2026-06,7,1282,2630818.0
AFLT,2026-06,8,1283,1864197.0
AFLT,2026-06,9,1286,3612840.0
AFLT,2026-06,10,1318,6258827.0
AFLT,2026-06,11,1320,5228881.0
AFLT,2026-06,12,1320,4191874.0
AFLT,2026-06,13,1316,4985581.0
AFLT,2026-06,14,1317,5048661.0
AFLT,2026-06,15,1319,9309692.0
AFLT,2026-06,16,1317,5882143.0
AFLT,2026-06,17,1317,6802440.0
AFLT,2026-06,18,1267,3692046.0
AFLT,2026-06,19,1294,2403354.0
AFLT,2026-06,20,1295,1742981.0
AFLT,2026-06,21,1286,1635773.0
AFLT,2026-06,22,1279,1626578.0
AFLT,2026-06,23,1067,1121552.0
AFLT,2026-07,6,23,79340.0
AFLT,2026-07,7,1376,4952273.0
AFLT,2026-07,8,1377,3406047.0
AFLT,2026-07,9,1379,4122145.0
AFLT,2026-07,10,1380,7588859.0
AFLT,2026-07,11,1380,6500316.0
AFLT,2026-07,12,1380,5641562.0
AFLT,2026-07,13,1380,5909797.0
AFLT,2026-07,14,1379,4722809.0
AFLT,2026-07,15,1379,4912981.0
AFLT,2026-07,16,1379,6198675.0
AFLT,2026-07,17,1380,5734327.0
AFLT,2026-07,18,1319,4183733.0
AFLT,2026-07,19,1379,4312129.0
AFLT,2026-07,20,1376,1986126.0
AFLT,2026-07,21,1372,1657840.0
AFLT,2026-07,22,1361,1992573.0
AFLT,2026-07,23,1131,1967429.0
AFLT,2026-08,6,21,25770.0
AFLT,2026-08,7,1256,3652596.0
AFLT,2026-08,8,1255,2203451.0
AFLT,2026-08,9,1252,2956806.0
AFLT,2026-08,10,1260,4124981.0
AFLT,2026-08,11,1260,4985833.0
AFLT,2026-08,12,1260,4225411.0
AFLT,2026-08,13,1260,2929471.0
AFLT,2026-08,14,1257,2237692.0
AFLT,2026-08,15,1259,3048590.0
AFLT,2026-08,16,1257,2665725.0
AFLT,2026-08,17,1260,3991299.0
AFLT,2026-08,18,1198,3814178.0
AFLT,2026-08,19,1247,1949302.0
AFLT,2026-08,20,1237,1227252.0
AFLT,2026-08,21,1231,976856.0
AFLT,2026-08,22,1207,1014242.0
AFLT,2026-08,23,1006,899060.0
AFLT,2026-09,6,19,53991.0
AFLT,2026-09,7,1125,3872218.0
AFLT,2026-09,8,1118,2021464.0
AFLT,2026-09,9,1135,3501205.0
AFLT,2026-09,10,1140,3515821.0
AFLT,2026-09,11,1136,4516621.0
AFLT,2026-09,12,1140,3741538.0
AFLT,2026-09,13,1136,3718252.0
AFLT,2026-09,14,1137,2772715.0
AFLT,2026-09,15,1137,2545600.0
AFLT,2026-09,16,1139,3334270.0
AFLT,2026-09,17,1137,3072478.0
AFLT,2026-09,18,1034,2997284.0
AFLT,2026-09,19,1064,1604363.0
AFLT,2026-09,20,1061,4471346.0
AFLT,2026-09,21,1044,4806641.0
AFLT,2026-09,22,1026,2569199.0
AFLT,2026-09,23,850,1930456.0
ALRS,2025-09,6,4,529.0
ALRS,2025-09,7,217,69240.0
ALRS,2025-09,8,202,46958.0
ALRS,2025-09,9,217,107437.0
ALRS,2025-09,10,240,509519.0
ALRS,2025-09,11,239,329270.0
ALRS,2025-09,12,236,689693.0
ALRS,2025-09,13,237,382538.0
ALRS,2025-09,14,232,296187.0
ALRS,2025-09,15,233,249378.0
ALRS,2025-09,16,235,241951.0
ALRS,2025-09,17,237,282907.0
ALRS,2025-09,18,176,377448.0
ALRS,2025-09,19,235,240424.0
ALRS,2025-09,20,226,131237.0
ALRS,2025-09,21,222,147884.0
ALRS,2025-09,22,228,87606.0
ALRS,2025-09,23,175,62386.0
ALRS,2025-10,6,22,25741.0
ALRS,2025-10,7,1246,965992.0
ALRS,2025-10,8,1227,491717.0
ALRS,2025-10,9,1315,978025.0
ALRS,2025-10,10,1374,2075654.0
ALRS,2025-10,11,1370,2242603.0
ALRS,2025-10,12,1364,1942225.0
ALRS,2025-10,13,1357,1893291.0
ALRS,2025-10,14,1356,1681818.0
ALRS,2025-10,15,1370,1696521.0
ALRS,2025-10,16,1367,1636320.0
ALRS,2025-10,17,1370,2027346.0
ALRS,2025-10,18,1002,1474675.0
ALRS,2025-10,19,1321,931378.0
ALRS,2025-10,20,1298,1122588.0
ALRS,2025-10,21,1269,628098.0
ALRS,2025-10,22,1209,567756.0
ALRS,2025-10,23,1005,633127.0
ALRS,2025-11,2,9,161.0
ALRS,2025-11,3,4,33.0
ALRS,2025-11,4,4,45.0
ALRS,2025-11,5,2,5.0
ALRS,2025-11,6,24,10941.0
ALRS,2025-11,7,959,645864.0
ALRS,2025-11,8,976,309949.0
ALRS,2025-11,9,1092,663340.0
ALRS,2025-11,10,1148,1870263.0
ALRS,2025-11,11,1145,2073794.0
ALRS,2025-11,12,1154,1474856.0
ALRS,2025-11,13,1146,1326792.0
ALRS,2025-11,14,1150,1449863.0
ALRS,2025-11,15,1135,1945878.0
ALRS,2025-11,16,1130,1863211.0
ALRS,2025-11,17,1136,1823090.0
ALRS,2025-11,18,822,944461.0
ALRS,2025-11,19,1083,694088.0
ALRS,2025-11,20,1052,782943.0
ALRS,2025-11,21,1029,643170.0
ALRS,2025-11,22,1000,510832.0
ALRS,2025-11,23,848,633748.0
ALRS,2025-12,2,17,610.0
ALRS,2025-12,3,4,4.0
ALRS,2025-12,4,7,40.0
ALRS,2025-12,5,8,62.0
ALRS,2025-12,6,33,44367.0
ALRS,2025-12,7,1198,940752.0
ALRS,2025-12,8,1165,706263.0
ALRS,2025-12,9,1280,1350562.0
ALRS,2025-12,10,1336,3604638.0
ALRS,2025-12,11,1345,4621987.0
ALRS,2025-12,12,1339,3057838.0
ALRS,2025-12,13,1341,2715017.0
ALRS,2025-12,14,1335,2349025.0
ALRS,2025-12,15,1334,3053589.0
ALRS,2025-12,16,1335,2602456.0
ALRS,2025-12,17,1331,2576102.0
ALRS,2025-12,18,974,2483407.0
ALRS,2025-12,19,1300,1422272.0
ALRS,2025-12,20,1241,969852.0
ALRS,2025-12,21,1229,867529.0
ALRS,2025-12,22,1202,765633.0
ALRS,2025-12,23,1003,913559.0
ALRS,2026-01,2,19,226.0
ALRS,2026-01,3,16,390.0
ALRS,2026-01,4,8,50.0
ALRS,2026-01,5,18,337.0
ALRS,2026-01,6,37,5657.0
ALRS,2026-01,7,1079,739244.0
ALRS,2026-01,8,1071,403646.0
ALRS,2026-01,9,1152,1093471.0
ALRS,2026-01,10,1177,2356300.0
ALRS,2026-01,11,1171,2072481.0
ALRS,2026-01,12,1181,1890189.0
ALRS,2026-01,13,1177,1825238.0
ALRS,2026-01,14,1168,1288080.0
ALRS,2026-01,15,1157,1396722.0
ALRS,2026-01,16,1148,1269237.0
ALRS,2026-01,17,1167,1557631.0
ALRS,2026-01,18,837,1376272.0
ALRS,2026-01,19,1124,527063.0
ALRS,2026-01,20,1071,645655.0
ALRS,2026-01,21,1076,590426.0
ALRS,2026-01,22,1044,437038.0
ALRS,2026-01,23,896,658851.0
ALRS,2026-02,2,7,713.0
ALRS,2026-02,3,2,29.0
ALRS,2026-02,4,4,25.0
ALRS,2026-02,5,5,8.0
ALRS,2026-02,6,25,9019.0
ALRS,2026-02,7,1052,581713.0
ALRS,2026-02,8,1075,556857.0
ALRS,2026-02,9,1126,724524.0
ALRS,2026-02,10,1193,1759105.0
ALRS,2026-02,11,1185,1470634.0
ALRS,2026-02,12,1186,1718278.0
ALRS,2026-02,13,1190,1697901.0
ALRS,2026-02,14,1180,1201791.0
ALRS,2026-02,15,1184,1225182.0
ALRS,2026-02,16,1177,1295090.0
ALRS,2026-02,17,1177,1030895.0
ALRS,2026-02,18,864,755942.0
ALRS,2026-02,19,1129,691980.0
ALRS,2026-02,20,1102,901249.0
ALRS,2026-02,21,1089,456617.0
ALRS,2026-02,22,1040,350426.0
ALRS,2026-02,23,881,509003.0
ALRS,2026-03,6,22,6473.0
ALRS,2026-03,7,1291,1068727.0
ALRS,2026-03,8,1279,780978.0
ALRS,2026-03,9,1310,1530653.0
ALRS,2026-03,10,1317,3017339.0
ALRS,2026-03,11,1319,2752131.0
ALRS,2026-03,12,1319,3262952.0
ALRS,2026-03,13,1318,2708275.0
ALRS,2026-03,14,1315,3354952.0
ALRS,2026-03,15,1317,3010461.0
ALRS,2026-03,16,1319,2861715.0
ALRS,2026-03,17,1320,2628326.0
ALRS,2026-03,18,1054,2056365.0
ALRS,2026-03,19,1317,1283035.0
ALRS,2026-03,20,1307,850174.0
ALRS,2026-03,21,1308,1225242.0
ALRS,2026-03,22,1294,1182267.0
ALRS,2026-03,23,1072,1089417.0
ALRS,2026-04,6,22,34795.0
ALRS,2026-04,7,1311,3224545.0
ALRS,2026-04,8,1304,2205174.0
ALRS,2026-04,9,1312,4872942.0
ALRS,2026-04,10,1320,6221696.0
ALRS,2026-04,11,1320,5838585.0
ALRS,2026-04,12,1319,4092748.0
ALRS,2026-04,13,1319,5998521.0
ALRS,2026-04,14,1320,5629039.0
ALRS,2026-04,15,1320,5569769.0
ALRS,2026-04,16,1320,6363298.0
ALRS,2026-04,17,1319,7616961.0
ALRS,2026-04,18,1260,4900654.0
ALRS,2026-04,19,1318,3073798.0
ALRS,2026-04,20,1318,2636083.0
ALRS,2026-04,21,1310,2095125.0
ALRS,2026-04,22,1299,2057507.0
ALRS,2026-04,23,1088,1538393.0
ALRS,2026-05,2,6,394.0
ALRS,2026-05,3,7,40.0
ALRS,2026-05,4,10,124.0
ALRS,2026-05,5,10,58.0
ALRS,2026-05,6,44,19531.0
ALRS,2026-05,7,1210,3299016.0
ALRS,2026-05,8,1204,2227981.0
ALRS,2026-05,9,1223,4334963.0
ALRS,2026-05,10,1260,6612161.0
ALRS,2026-05,11,1260,5534379.0
ALRS,2026-05,12,1259,5522175.0
ALRS,2026-05,13,1256,3567658.0
ALRS,2026-05,14,1258,3472158.0
ALRS,2026-05,15,1256,3320211.0
ALRS,2026-05,16,1255,3373684.0
ALRS,2026-05,17,1257,3590888.0
ALRS,2026-05,18,1191,3057955.0
ALRS,2026-05,19,1223,2197359.0
ALRS,2026-05,20,1222,1313254.0
ALRS,2026-05,21,1210,1984714.0
ALRS,2026-05,22,1205,1415602.0
ALRS,2026-05,23,999,2009617.0
ALRS,2026-06,2,10,251.0
ALRS,2026-06,3,6,64.0
ALRS,2026-06,4,7,74.0
ALRS,2026-06,5,9,928.0
ALRS,2026-06,6,35,43499.0
ALRS,2026-06,7,1273,5803974.0
ALRS,2026-06,8,1282,3015234.0
ALRS,2026-06,9,1281,7328747.0
ALRS,2026-06,10,1318,13852497.0
ALRS,2026-06,11,1318,13115261.0
ALRS,2026-06,12,1316,11646197.0
ALRS,2026-06,13,1318,11624182.0
ALRS,2026-06,14,1311,9596935.0
ALRS,2026-06,15,1313,19215247.0
ALRS,2026-06,16,1307,10540464.0
ALRS,2026-06,17,1313,10797945.0
ALRS,2026-06,18,1263,8476593.0
ALRS,2026-06,19,1283,4902418.0
ALRS,2026-06,20,1276,2884771.0
ALRS,2026-06,21,1278,2724476.0
ALRS,2026-06,22,1283,3515232.0
ALRS,2026-06,23,1065,2757448.0
ALRS,2026-07,6,23,81325.0
ALRS,2026-07,7,1368,12155998.0
ALRS,2026-07,8,1364,9071698.0
ALRS,2026-07,9,1376,13971418.0
ALRS,2026-07,10,1377,18805209.0
ALRS,2026-07,11,1380,18109023.0
ALRS,2026-07,12,1379,14658484.0
ALRS,2026-07,13,1380,14256784.0
ALRS,2026-07,14,1380,11221734.0
ALRS,2026-07,15,1379,11536530.0
ALRS,2026-07,16,1380,21993560.0
ALRS,2026-07,17,1379,17236352.0
ALRS,2026-07,18,1327,10931824.0
ALRS,2026-07,19,1374,11338429.0
ALRS,2026-07,20,1373,6018344.0
ALRS,2026-07,21,1372,3843180.0
ALRS,2026-07,22,1367,4403746.0
ALRS,2026-07,23,1134,3652092.0
ALRS,2026-08,6,21,126398.0
ALRS,2026-08,7,1259,14328482.0
ALRS,2026-08,8,1260,10921395.0
ALRS,2026-08,9,1260,13075031.0
ALRS,2026-08,10,1260,17046537.0
ALRS,2026-08,11,1260,19266295.0
ALRS,2026-08,12,1259,17618552.0
ALRS,2026-08,13,1257,12577860.0
ALRS,2026-08,14,1259,12444583.0
ALRS,2026-08,15,1260,13933820.0
ALRS,2026-08,16,1260,14761694.0
ALRS,2026-08,17,1260,14288796.0
ALRS,2026-08,18,1207,11868476.0
ALRS,2026-08,19,1258,8057476.0
ALRS,2026-08,20,1258,5030808.0
ALRS,2026-08,21,1252,4669610.0
ALRS,2026-08,22,1234,5963404.0
ALRS,2026-08,23,1034,4367063.0
ALRS,2026-09,6,19,49748.0
ALRS,2026-09,7,1134,5910562.0
ALRS,2026-09,8,1116,3463828.0
ALRS,2026-09,9,1137,4742819.0
ALRS,2026-09,10,1139,6679479.0
ALRS,2026-09,11,1138,7202753.0
ALRS,2026-09,12,1140,10234107.0
ALRS,2026-09,13,1139,10414936.0
ALRS,2026-09,14,1139,7345811.0
ALRS,2026-09,15,1139,7389513.0
ALRS,2026-09,16,1138,7315553.0
ALRS,2026-09,17,1135,7033634.0
ALRS,2026-09,18,1039,6470356.0
ALRS,2026-09,19,1068,3611009.0
ALRS,2026-09,20,1060,4487733.0
ALRS,2026-09,21,1038,4260017.0
ALRS,2026-09,22,1045,3044348.0
ALRS,2026-09,23,871,2823790.0
BR,2025-09,8,7,108.0
BR,2025-09,9,607,100220.0
BR,2025-09,10,624,132554.0
BR,2025-09,11,616,120846.0
BR,2025-09,12,603,101267.0
BR,2025-09,13,575,114997.0
BR,2025-09,14,539,108073.0
BR,2025-09,15,590,158697.0
BR,2025-09,16,640,180398.0
BR,2025-09,17,623,174997.0
BR,2025-09,18,533,173173.0
BR,2025-09,19,549,81918.0
BR,2025-09,20,598,88268.0
BR,2025-09,21,570,73970.0
BR,2025-09,22,544,48225.0
BR,2025-09,23,434,31523.0
BR,2025-10,8,52,8630.0
BR,2025-10,9,3001,519147.0
BR,2025-10,10,3009,621912.0
BR,2025-10,11,3064,794838.0
BR,2025-10,12,2993,642967.0
BR,2025-10,13,2902,583545.0
BR,2025-10,14,2690,522435.0
BR,2025-10,15,2899,618423.0
BR,2025-10,16,3062,981692.0
BR,2025-10,17,3015,743747.0
BR,2025-10,18,2559,654881.0
BR,2025-10,19,2663,536920.0
BR,2025-10,20,2751,396280.0
BR,2025-10,21,2661,320619.0
BR,2025-10,22,2470,245861.0
BR,2025-10,23,2051,187955.0
BR,2025-11,8,44,7832.0
BR,2025-11,9,2267,312350.0
BR,2025-11,10,2254,331500.0
BR,2025-11,11,2282,444322.0
BR,2025-11,12,2283,410146.0
BR,2025-11,13,2285,439191.0
BR,2025-11,14,2065,385676.0
BR,2025-11,15,2170,444856.0
BR,2025-11,16,2280,472753.0
BR,2025-11,17,2417,652312.0
BR,2025-11,18,1949,453749.0
BR,2025-11,19,2059,480629.0
BR,2025-11,20,2187,318248.0
BR,2025-11,21,2113,281314.0
BR,2025-11,22,2119,251772.0
BR,2025-11,23,1601,146976.0
BR,2025-12,8,48,9073.0
BR,2025-12,9,2727,349475.0
BR,2025-12,10,2613,273450.0
BR,2025-12,11,2794,389347.0
BR,2025-12,12,2775,476469.0
BR,2025-12,13,2760,436310.0
BR,2025-12,14,2445,348327.0
BR,2025-12,15,2551,292806.0
BR,2025-12,16,2716,426028.0
BR,2025-12,17,2988,652263.0
BR,2025-12,18,2449,506819.0
BR,2025-12,19,2643,447408.0
BR,2025-12,20,2552,228134.0
BR,2025-12,21,2440,254049.0
BR,2025-12,22,2481,308685.0
BR,2025-12,23,1928,206043.0
BR,2026-01,8,46,6212.0
BR,2026-01,9,2697,473422.0
BR,2026-01,10,2598,483201.0
BR,2026-01,11,2632,525517.0
BR,2026-01,12,2681,653509.0
BR,2026-01,13,2591,557268.0
BR,2026-01,14,2373,499619.0
BR,2026-01,15,2507,453432.0
BR,2026-01,16,2554,669655.0
BR,2026-01,17,2708,925431.0
BR,2026-01,18,2194,632707.0
BR,2026-01,19,2336,439096.0
BR,2026-01,20,2408,485311.0
BR,2026-01,21,2372,356116.0
BR,2026-01,22,2422,458293.0
BR,2026-01,23,2048,622815.0
BR,2026-02,8,40,6230.0
BR,2026-02,9,2333,345259.0
BR,2026-02,10,2378,405144.0
BR,2026-02,11,2437,475009.0
BR,2026-02,12,2411,541109.0
BR,2026-02,13,2402,491196.0
BR,2026-02,14,2285,506231.0
BR,2026-02,15,2407,499641.0
BR,2026-02,16,2514,774008.0
BR,2026-02,17,2572,740488.0
BR,2026-02,18,2194,807638.0
BR,2026-02,19,2159,553180.0
BR,2026-02,20,2256,585130.0
BR,2026-02,21,2160,514903.0
BR,2026-02,22,2108,436530.0
BR,2026-02,23,1696,198546.0
BR,2026-03,8,56,41634.0
BR,2026-03,9,3331,3167035.0
BR,2026-03,10,3299,2643803.0
BR,2026-03,11,3296,2778296.0
BR,2026-03,12,3288,3100182.0
BR,2026-03,13,3260,2707254.0
BR,2026-03,14,3110,3480571.0
BR,2026-03,15,3293,3248143.0
BR,2026-03,16,3304,4122958.0
BR,2026-03,17,3287,3696026.0
BR,2026-03,18,2927,3367220.0
BR,2026-03,19,2862,2820874.0
BR,2026-03,20,2992,2881125.0
BR,2026-03,21,3005,3120132.0
BR,2026-03,22,2959,2547538.0
BR,2026-03,23,2507,2262918.0
BR,2026-04,8,53,19896.0
BR,2026-04,9,3200,2261385.0
BR,2026-04,10,3174,2266359.0
BR,2026-04,11,3212,2351806.0
BR,2026-04,12,3131,2161736.0
BR,2026-04,13,3091,1878450.0
BR,2026-04,14,3075,2345255.0
BR,2026-04,15,3161,3344915.0
BR,2026-04,16,3183,3673602.0
BR,2026-04,17,3204,3646902.0
BR,2026-04,18,3191,3446659.0
BR,2026-04,19,3027,2168803.0
BR,2026-04,20,3081,3014647.0
BR,2026-04,21,2961,2630209.0
BR,2026-04,22,2871,1879152.0
BR,2026-04,23,2416,1555627.0
BR,2026-05,8,50,12769.0
BR,2026-05,9,3052,1685627.0
BR,2026-05,10,3109,1932178.0
BR,2026-05,11,3117,2204689.0
BR,2026-05,12,2997,1811900.0
BR,2026-05,13,3064,2472834.0
BR,2026-05,14,2981,1920376.0
BR,2026-05,15,3114,2775127.0
BR,2026-05,16,3069,2587917.0
BR,2026-05,17,3099,3187704.0
BR,2026-05,18,3059,2587461.0
BR,2026-05,19,2920,1946323.0
BR,2026-05,20,2862,2047612.0
BR,2026-05,21,2869,1790050.0
BR,2026-05,22,2669,1257266.0
BR,2026-05,23,2219,898673.0
BR,2026-06,8,59,16431.0
BR,2026-06,9,3373,1369778.0
BR,2026-06,10,3409,1279601.0
BR,2026-06,11,3466,1573741.0
BR,2026-06,12,3293,1045930.0
BR,2026-06,13,3215,971430.0
BR,2026-06,14,3268,1382575.0
BR,2026-06,15,3276,1461564.0
BR,2026-06,16,3414,2002235.0
BR,2026-06,17,3371,1615058.0
BR,2026-06,18,3306,1484983.0
BR,2026-06,19,3080,1233550.0
BR,2026-06,20,3002,1198814.0
BR,2026-06,21,3056,935449.0
BR,2026-06,22,2912,622544.0
BR,2026-06,23,2417,574001.0
BR,2026-07,6,34,11498.0
BR,2026-07,7,2028,405404.0
BR,2026-07,8,2048,443643.0
BR,2026-07,9,3355,1255239.0
BR,2026-07,10,3410,1732453.0
BR,2026-07,11,3396,1847864.0
BR,2026-07,12,3346,1619948.0
BR,2026-07,13,3228,1378557.0
BR,2026-07,14,3210,1490553.0
BR,2026-07,15,3270,1726878.0
BR,2026-07,16,3336,1665106.0
BR,2026-07,17,3299,1949284.0
BR,2026-07,18,3282,2061205.0
BR,2026-07,19,3122,1430812.0
BR,2026-07,20,3031,1063036.0
BR,2026-07,21,3005,1198010.0
BR,2026-07,22,2921,929942.0
BR,2026-07,23,2410,606303.0
BR,2026-08,6,44,8088.0
BR,2026-08,7,2598,357404.0
BR,2026-08,8,2621,342822.0
BR,2026-08,9,2817,602157.0
BR,2026-08,10,2887,937309.0
BR,2026-08,11,2958,1145628.0
BR,2026-08,12,2911,1031935.0
BR,2026-08,13,2883,972430.0
BR,2026-08,14,2796,1038376.0
BR,2026-08,15,2852,1132784.0
BR,2026-08,16,2901,1278134.0
BR,2026-08,17,2900,1210077.0
BR,2026-08,18,2896,1386576.0
BR,2026-08,19,2710,728466.0
BR,2026-08,20,2716,721720.0
BR,2026-08,21,2669,630092.0
BR,2026-08,22,2557,522143.0
BR,2026-08,23,2103,407677.0
BR,2026-09,6,37,7089.0
BR,2026-09,7,2068,449966.0
BR,2026-09,8,2136,557257.0
BR,2026-09,9,2225,783785.0
BR,2026-09,10,2244,994538.0
BR,2026-09,11,2257,1349413.0
BR,2026-09,12,2236,1069706.0
BR,2026-09,13,2234,1080038.0
BR,2026-09,14,2224,1140333.0
BR,2026-09,15,2235,1330293.0
BR,2026-09,16,2264,1245385.0
BR,2026-09,17,2259,1467447.0
BR,2026-09,18,2168,1542435.0
BR,2026-09,19,2123,1360020.0
BR,2026-09,20,2114,845130.0
BR,2026-09,21,2096,978120.0
BR,2026-09,22,2027,610307.0
BR,2026-09,23,1642,381622.0
CR,2025-09,8,3,1945.0
CR,2025-09,9,240,548577.0
CR,2025-09,10,240,5106847.0
CR,2025-09,11,240,2628197.0
CR,2025-09,12,240,2965911.0
CR,2025-09,13,240,3359736.0
CR,2025-09,14,220,2316741.0
CR,2025-09,15,240,1820571.0
CR,2025-09,16,240,1569300.0
CR,2025-09,17,240,1923316.0
CR,2025-09,18,200,1768377.0
CR,2025-09,19,220,928667.0
CR,2025-09,20,238,226334.0
CR,2025-09,21,238,176396.0
CR,2025-09,22,233,95416.0
CR,2025-09,23,191,77996.0
CR,2025-10,8,23,14296.0
CR,2025-10,9,1711,8303335.0
CR,2025-10,10,1817,37687161.0
CR,2025-10,11,1764,24581617.0
CR,2025-10,12,1748,19831457.0
CR,2025-10,13,1748,19366410.0
CR,2025-10,14,1621,15790936.0
CR,2025-10,15,1775,15917946.0
CR,2025-10,16,1721,14581647.0
CR,2025-10,17,1743,16603891.0
CR,2025-10,18,1457,11843725.0
CR,2025-10,19,1478,2736880.0
CR,2025-10,20,1517,1373743.0
CR,2025-10,21,1493,857967.0
CR,2025-10,22,1475,1104380.0
CR,2025-10,23,1277,1000681.0
CR,2025-11,8,26,12440.0
CR,2025-11,9,1880,4285866.0
CR,2025-11,10,2145,21580028.0
CR,2025-11,11,2044,14283215.0
CR,2025-11,12,2045,11086846.0
CR,2025-11,13,2019,11752381.0
CR,2025-11,14,1898,8618372.0
CR,2025-11,15,2012,7755063.0
CR,2025-11,16,2024,8532403.0
CR,2025-11,17,1986,7041947.0
CR,2025-11,18,1620,4837861.0
CR,2025-11,19,1479,1111849.0
CR,2025-11,20,1518,715709.0
CR,2025-11,21,1483,955715.0
CR,2025-11,22,1459,588700.0
CR,2025-11,23,1217,464796.0
CR,2025-12,8,36,9868.0
CR,2025-12,9,2144,6306076.0
CR,2025-12,10,2159,29548822.0
CR,2025-12,11,2149,21964136.0
CR,2025-12,12,2155,21327873.0
CR,2025-12,13,2158,20724826.0
CR,2025-12,14,1925,15795285.0
CR,2025-12,15,2097,16910553.0
CR,2025-12,16,2098,15437960.0
CR,2025-12,17,2085,17436062.0
CR,2025-12,18,1741,13417096.0
CR,2025-12,19,1881,2866745.0
CR,2025-12,20,1987,1823466.0
CR,2025-12,21,1954,1242063.0
CR,2025-12,22,1933,922482.0
CR,2025-12,23,1561,680134.0
CR,2026-01,8,21,9066.0
CR,2026-01,9,1542,4122894.0
CR,2026-01,10,1682,18277716.0
CR,2026-01,11,1636,13576559.0
CR,2026-01,12,1592,12655811.0
CR,2026-01,13,1603,14394654.0
CR,2026-01,14,1475,9241594.0
CR,2026-01,15,1535,9661916.0
CR,2026-01,16,1509,6550954.0
CR,2026-01,17,1545,8756790.0
CR,2026-01,18,1286,4937667.0
CR,2026-01,19,1323,1151650.0
CR,2026-01,20,1331,495632.0
CR,2026-01,21,1279,398352.0
CR,2026-01,22,1242,523869.0
CR,2026-01,23,1066,471557.0
CR,2026-02,8,23,14003.0
CR,2026-02,9,1940,3100386.0
CR,2026-02,10,2146,23454483.0
CR,2026-02,11,2091,15710853.0
CR,2026-02,12,2063,13032179.0
CR,2026-02,13,2103,17810946.0
CR,2026-02,14,1909,11841937.0
CR,2026-02,15,2057,11290640.0
CR,2026-02,16,2030,11530317.0
CR,2026-02,17,2077,15276710.0
CR,2026-02,18,1665,5287242.0
CR,2026-02,19,1689,1704755.0
CR,2026-02,20,1639,591817.0
CR,2026-02,21,1541,418114.0
CR,2026-02,22,1384,283601.0
CR,2026-02,23,1230,412367.0
CR,2026-03,8,36,40557.0
CR,2026-03,9,2149,8782882.0
CR,2026-03,10,2159,39958109.0
CR,2026-03,11,2159,32814226.0
CR,2026-03,12,2159,33320768.0
CR,2026-03,13,2157,25973963.0
CR,2026-03,14,1956,22524102.0
CR,2026-03,15,2096,23572778.0
CR,2026-03,16,2095,20709515.0
CR,2026-03,17,2088,23106643.0
CR,2026-03,18,1808,11386272.0
CR,2026-03,19,1864,3092378.0
CR,2026-03,20,1938,2171192.0
CR,2026-03,21,1930,2292863.0
CR,2026-03,22,1884,1399257.0
CR,2026-03,23,1604,1098312.0
CR,2026-04,8,25,20848.0
CR,2026-04,9,1834,7086976.0
CR,2026-04,10,1883,29940418.0
CR,2026-04,11,1865,21340555.0
CR,2026-04,12,1858,24246595.0
CR,2026-04,13,1806,19243704.0
CR,2026-04,14,1791,15942837.0
CR,2026-04,15,1804,19045443.0
CR,2026-04,16,1808,17254873.0
CR,2026-04,17,1819,17503999.0
CR,2026-04,18,1769,7566756.0
CR,2026-04,19,1646,1670090.0
CR,2026-04,20,1616,1725655.0
CR,2026-04,21,1605,1026063.0
CR,2026-04,22,1541,881820.0
CR,2026-04,23,1331,1055547.0
CR,2026-05,8,35,23906.0
CR,2026-05,9,2277,7178656.0
CR,2026-05,10,2364,35324922.0
CR,2026-05,11,2364,22372941.0
CR,2026-05,12,2344,23779984.0
CR,2026-05,13,2328,20250732.0
CR,2026-05,14,2308,14956388.0
CR,2026-05,15,2310,15627404.0
CR,2026-05,16,2266,13470671.0
CR,2026-05,17,2293,12831844.0
CR,2026-05,18,2209,7291689.0
CR,2026-05,19,2031,1845479.0
CR,2026-05,20,1941,1437807.0
CR,2026-05,21,1830,857554.0
CR,2026-05,22,1781,786637.0
CR,2026-05,23,1521,765596.0
CR,2026-06,8,34,24563.0
CR,2026-06,9,2038,13753192.0
CR,2026-06,10,2040,48029804.0
CR,2026-06,11,2039,32882440.0
CR,2026-06,12,2036,32709043.0
CR,2026-06,13,2039,29303010.0
CR,2026-06,14,1970,21270232.0
CR,2026-06,15,1971,22126725.0
CR,2026-06,16,1975,18237571.0
CR,2026-06,17,1969,17447672.0
CR,2026-06,18,1967,11498514.0
CR,2026-06,19,1927,3105418.0
CR,2026-06,20,1905,2135368.0
CR,2026-06,21,1859,1734581.0
CR,2026-06,22,1851,1315241.0
CR,2026-06,23,1564,1189588.0
CR,2026-07,6,15,1382.0
CR,2026-07,7,1313,792738.0
CR,2026-07,8,1294,678432.0
CR,2026-07,9,1994,8450299.0
CR,2026-07,10,2114,37533999.0
CR,2026-07,11,2082,28061757.0
CR,2026-07,12,2052,32915694.0
CR,2026-07,13,2069,25281595.0
CR,2026-07,14,2014,16042925.0
CR,2026-07,15,2018,17391077.0
CR,2026-07,16,2011,20206351.0
CR,2026-07,17,2014,19176416.0
CR,2026-07,18,2010,12156983.0
CR,2026-07,19,1821,3954576.0
CR,2026-07,20,1773,1980733.0
CR,2026-07,21,1680,1149432.0
CR,2026-07,22,1637,1073230.0
CR,2026-07,23,1353,990778.0
CR,2026-08,6,33,12865.0
CR,2026-08,7,2177,2468974.0
CR,2026-08,8,2193,1901869.0
CR,2026-08,9,2300,6047593.0
CR,2026-08,10,2505,41796092.0
CR,2026-08,11,2478,23437426.0
CR,2026-08,12,2482,27392628.0
CR,2026-08,13,2484,21708126.0
CR,2026-08,14,2476,21074924.0
CR,2026-08,15,2481,19698551.0
CR,2026-08,16,2476,21297085.0
CR,2026-08,17,2443,18176917.0
CR,2026-08,18,2380,14123646.0
CR,2026-08,19,2139,3894637.0
CR,2026-08,20,2018,1700787.0
CR,2026-08,21,1905,1411849.0
CR,2026-08,22,1862,1290774.0
CR,2026-08,23,1516,1078111.0
CR,2026-09,6,29,6518.0
CR,2026-09,7,1839,1412041.0
CR,2026-09,8,1843,1252991.0
CR,2026-09,9,1893,7673560.0
CR,2026-09,10,1920,33348912.0
CR,2026-09,11,1920,30352832.0
CR,2026-09,12,1920,36240115.0
CR,2026-09,13,1920,29036473.0
CR,2026-09,14,1860,19135032.0
CR,2026-09,15,1859,19660438.0
CR,2026-09,16,1860,18045575.0
CR,2026-09,17,1856,17201540.0
CR,2026-09,18,1798,11320732.0
CR,2026-09,19,1749,4011112.0
CR,2026-09,20,1719,2647341.0
CR,2026-09,21,1652,1320660.0
CR,2026-09,22,1646,902669.0
CR,2026-09,23,1370,903996.0
GAZP,2025-09,6,4,5313.0
GAZP,2025-09,7,240,494627.0
GAZP,2025-09,8,240,270217.0
GAZP,2025-09,9,240,994962.0
GAZP,2025-09,10,240,2393449.0
GAZP,2025-09,11,240,1551687.0
GAZP,2025-09,12,240,1642368.0
GAZP,2025-09,13,240,1541490.0
GAZP,2025-09,14,240,1199372.0
GAZP,2025-09,15,240,1029259.0
GAZP,2025-09,16,240,1510985.0
GAZP,2025-09,17,240,1893549.0
GAZP,2025-09,18,180,2703813.0
GAZP,2025-09,19,240,1567969.0
GAZP,2025-09,20,240,629557.0
GAZP,2025-09,21,240,714424.0
GAZP,2025-09,22,240,360904.0
GAZP,2025-09,23,200,370121.0
GAZP,2025-10,6,23,157925.0
GAZP,2025-10,7,1380,7756248.0
GAZP,2025-10,8,1379,4048349.0
GAZP,2025-10,9,1380,7565149.0
GAZP,2025-10,10,1380,15077464.0
GAZP,2025-10,11,1380,11962776.0
GAZP,2025-10,12,1380,10864162.0
GAZP,2025-10,13,1380,10749547.0
GAZP,2025-10,14,1380,10957367.0
GAZP,2025-10,15,1380,10604333.0
GAZP,2025-10,16,1380,10940556.0
GAZP,2025-10,17,1380,14468064.0
GAZP,2025-10,18,1034,11842581.0
GAZP,2025-10,19,1380,6214968.0
GAZP,2025-10,20,1379,12073611.0
GAZP,2025-10,21,1380,4972080.0
GAZP,2025-10,22,1379,4408620.0
GAZP,2025-10,23,1148,5226377.0
GAZP,2025-11,2,18,346.0
GAZP,2025-11,3,15,336.0
GAZP,2025-11,4,13,173.0
GAZP,2025-11,5,15,368.0
GAZP,2025-11,6,41,91136.0
GAZP,2025-11,7,1172,4548356.0
GAZP,2025-11,8,1181,2511983.0
GAZP,2025-11,9,1193,6249566.0
GAZP,2025-11,10,1194,12411250.0
GAZP,2025-11,11,1194,11648785.0
GAZP,2025-11,12,1197,8827413.0
GAZP,2025-11,13,1192,5438018.0
GAZP,2025-11,14,1196,6936660.0
GAZP,2025-11,15,1191,10408178.0
GAZP,2025-11,16,1194,8581835.0
GAZP,2025-11,17,1193,12101626.0
GAZP,2025-11,18,904,6306329.0
GAZP,2025-11,19,1188,4787400.0
GAZP,2025-11,20,1183,5779230.0
GAZP,2025-11,21,1189,7207531.0
GAZP,2025-11,22,1188,4013030.0
GAZP,2025-11,23,987,3740106.0
GAZP,2025-12,2,30,681.0
GAZP,2025-12,3,19,1357.0
GAZP,2025-12,4,15,112.0
GAZP,2025-12,5,21,550.0
GAZP,2025-12,6,41,267124.0
GAZP,2025-12,7,1358,5355388.0
GAZP,2025-12,8,1364,2994490.0
GAZP,2025-12,9,1372,6318551.0
GAZP,2025-12,10,1373,14505213.0
GAZP,2025-12,11,1376,14090120.0
GAZP,2025-12,12,1373,11967274.0
GAZP,2025-12,13,1373,11846807.0
GAZP,2025-12,14,1369,8747638.0
GAZP,2025-12,15,1372,8618638.0
GAZP,2025-12,16,1374,9839076.0
GAZP,2025-12,17,1374,10184911.0
GAZP,2025-12,18,1030,9337673.0
GAZP,2025-12,19,1362,8336309.0
GAZP,2025-12,20,1360,2619110.0
GAZP,2025-12,21,1363,4120839.0
GAZP,2025-12,22,1357,4385909.0
GAZP,2025-12,23,1121,2881601.0
GAZP,2026-01,2,59,1772.0
GAZP,2026-01,3,47,496.0
GAZP,2026-01,4,48,526.0
GAZP,2026-01,5,31,158.0
GAZP,2026-01,6,55,117300.0
GAZP,2026-01,7,1189,4643503.0
GAZP,2026-01,8,1204,2042567.0
GAZP,2026-01,9,1230,4826896.0
GAZP,2026-01,10,1239,8640808.0
GAZP,2026-01,11,1245,11381154.0
GAZP,2026-01,12,1244,5693055.0
GAZP,2026-01,13,1235,6740648.0
GAZP,2026-01,14,1243,6310162.0
GAZP,2026-01,15,1237,5142057.0
GAZP,2026-01,16,1242,7905940.0
GAZP,2026-01,17,1247,11709262.0
GAZP,2026-01,18,955,6130539.0
GAZP,2026-01,19,1236,3189727.0
GAZP,2026-01,20,1230,3310514.0
GAZP,2026-01,21,1232,2566930.0
GAZP,2026-01,22,1230,2294545.0
GAZP,2026-01,23,1016,3015854.0
GAZP,2026-02,2,30,2548.0
GAZP,2026-02,3,19,3053.0
GAZP,2026-02,4,20,164.0
GAZP,2026-02,5,20,1304.0
GAZP,2026-02,6,46,32281.0
GAZP,2026-02,7,1166,2035133.0
GAZP,2026-02,8,1185,1834987.0
GAZP,2026-02,9,1172,3453710.0
GAZP,2026-02,10,1200,7741596.0
GAZP,2026-02,11,1199,4342251.0
GAZP,2026-02,12,1200,6182880.0
GAZP,2026-02,13,1200,7329607.0
GAZP,2026-02,14,1200,4776425.0
GAZP,2026-02,15,1200,4716758.0
GAZP,2026-02,16,1199,4738602.0
GAZP,2026-02,17,1200,4540939.0
GAZP,2026-02,18,906,3119966.0
GAZP,2026-02,19,1176,2766410.0
GAZP,2026-02,20,1140,2175417.0
GAZP,2026-02,21,1149,1561975.0
GAZP,2026-02,22,1177,1505675.0
GAZP,2026-02,23,975,1520387.0
GAZP,2026-03,6,22,222587.0
GAZP,2026-03,7,1320,9748599.0
GAZP,2026-03,8,1320,7875056.0
GAZP,2026-03,9,1320,9995610.0
GAZP,2026-03,10,1320,23252163.0
GAZP,2026-03,11,1320,19713577.0
GAZP,2026-03,12,1320,17774924.0
GAZP,2026-03,13,1320,13985941.0
GAZP,2026-03,14,1318,14864307.0
GAZP,2026-03,15,1320,18092955.0
GAZP,2026-03,16,1320,17593067.0
GAZP,2026-03,17,1320,17265975.0
GAZP,2026-03,18,1080,10677985.0
GAZP,2026-03,19,1320,5186121.0
GAZP,2026-03,20,1320,4728638.0
GAZP,2026-03,21,1320,5000318.0
GAZP,2026-03,22,1320,6519684.0
GAZP,2026-03,23,1100,5753034.0
GAZP,2026-04,6,22,106622.0
GAZP,2026-04,7,1320,3840447.0
GAZP,2026-04,8,1320,2241174.0
GAZP,2026-04,9,1320,4231734.0
GAZP,2026-04,10,1320,7964636.0
GAZP,2026-04,11,1320,9521888.0
GAZP,2026-04,12,1320,6954400.0
GAZP,2026-04,13,1320,7231557.0
GAZP,2026-04,14,1320,6423445.0
GAZP,2026-04,15,1320,7828011.0
GAZP,2026-04,16,1320,8376560.0
GAZP,2026-04,17,1320,12325325.0
GAZP,2026-04,18,1269,6983969.0
GAZP,2026-04,19,1320,2549582.0
GAZP,2026-04,20,1320,2731897.0
GAZP,2026-04,21,1320,2218725.0
GAZP,2026-04,22,1316,3785734.0
GAZP,2026-04,23,1100,1984097.0
GAZP,2026-05,2,13,580.0
GAZP,2026-05,3,11,82.0
GAZP,2026-05,4,15,2346.0
GAZP,2026-05,5,19,1244.0
GAZP,2026-05,6,45,44481.0
GAZP,2026-05,7,1240,2848285.0
GAZP,2026-05,8,1248,2637181.0
GAZP,2026-05,9,1234,4915280.0
GAZP,2026-05,10,1260,9132629.0
GAZP,2026-05,11,1259,7318772.0
GAZP,2026-05,12,1260,7308649.0
GAZP,2026-05,13,1260,5423822.0
GAZP,2026-05,14,1260,4313530.0
GAZP,2026-05,15,1260,6681946.0
GAZP,2026-05,16,1260,6164543.0
GAZP,2026-05,17,1260,8634381.0
GAZP,2026-05,18,1217,6245611.0
GAZP,2026-05,19,1249,3834718.0
GAZP,2026-05,20,1246,2254560.0
GAZP,2026-05,21,1236,2544975.0
GAZP,2026-05,22,1236,1750142.0
GAZP,2026-05,23,1031,1719435.0
GAZP,2026-06,2,19,402.0
GAZP,2026-06,3,7,55.0
GAZP,2026-06,4,12,170.0
GAZP,2026-06,5,13,81.0
GAZP,2026-06,6,57,39729.0
GAZP,2026-06,7,1305,3467813.0
GAZP,2026-06,8,1299,2672609.0
GAZP,2026-06,9,1292,7181641.0
GAZP,2026-06,10,1320,12032512.0
GAZP,2026-06,11,1320,8933075.0
GAZP,2026-06,12,1320,8914374.0
GAZP,2026-06,13,1319,11565393.0
GAZP,2026-06,14,1318,9932605.0
GAZP,2026-06,15,1320,15384175.0
GAZP,2026-06,16,1318,11742377.0
GAZP,2026-06,17,1318,11070144.0
GAZP,2026-06,18,1271,9105555.0
GAZP,2026-06,19,1307,5055568.0
GAZP,2026-06,20,1300,3112375.0
GAZP,2026-06,21,1302,2455706.0
GAZP,2026-06,22,1294,2422448.0
GAZP,2026-06,23,1084,2419645.0
GAZP,2026-07,6,23,39849.0
GAZP,2026-07,7,1380,6263753.0
GAZP,2026-07,8,1380,5737762.0
GAZP,2026-07,9,1380,10952161.0
GAZP,2026-07,10,1380,19592152.0
GAZP,2026-07,11,1380,16367029.0
GAZP,2026-07,12,1380,15889051.0
GAZP,2026-07,13,1380,15198835.0
GAZP,2026-07,14,1380,14113121.0
GAZP,2026-07,15,1380,12385179.0
GAZP,2026-07,16,1380,15449058.0
GAZP,2026-07,17,1380,16080807.0
GAZP,2026-07,18,1331,13206870.0
GAZP,2026-07,19,1380,8341322.0
GAZP,2026-07,20,1380,4088968.0
GAZP,2026-07,21,1380,3755932.0
GAZP,2026-07,22,1379,3939652.0
GAZP,2026-07,23,1150,3775978.0
GAZP,2026-08,6,21,97831.0
GAZP,2026-08,7,1260,8028557.0
GAZP,2026-08,8,1260,5729052.0
GAZP,2026-08,9,1260,8531579.0
GAZP,2026-08,10,1260,16661938.0
GAZP,2026-08,11,1260,15763371.0
GAZP,2026-08,12,1260,14717289.0
GAZP,2026-08,13,1260,11524943.0
GAZP,2026-08,14,1260,9710590.0
GAZP,2026-08,15,1260,9714592.0
GAZP,2026-08,16,1260,12139579.0
GAZP,2026-08,17,1260,14387962.0
GAZP,2026-08,18,1216,13436202.0
GAZP,2026-08,19,1260,7137977.0
GAZP,2026-08,20,1260,3229485.0
GAZP,2026-08,21,1260,3337556.0
GAZP,2026-08,22,1260,2831746.0
GAZP,2026-08,23,1050,2620122.0
GAZP,2026-09,6,19,137094.0
GAZP,2026-09,7,1140,11933131.0
GAZP,2026-09,8,1140,6034235.0
GAZP,2026-09,9,1140,8942758.0
GAZP,2026-09,10,1140,18711549.0
GAZP,2026-09,11,1140,17206997.0
GAZP,2026-09,12,1140,16563621.0
GAZP,2026-09,13,1140,20157233.0
GAZP,2026-09,14,1140,13640173.0
GAZP,2026-09,15,1140,17062495.0
GAZP,2026-09,16,1140,13675461.0
GAZP,2026-09,17,1140,13573911.0
GAZP,2026-09,18,1054,16831153.0
GAZP,2026-09,19,1080,6275409.0
GAZP,2026-09,20,1080,5697650.0
GAZP,2026-09,21,1080,4721162.0
GAZP,2026-09,22,1080,4311471.0
GAZP,2026-09,23,900,4013939.0
GD,2025-09,8,8,2065.0
GD,2025-09,9,377,102334.0
GD,2025-09,10,362,92118.0
GD,2025-09,11,362,125329.0
GD,2025-09,12,360,88961.0
GD,2025-09,13,333,63640.0
GD,2025-09,14,320,79190.0
GD,2025-09,15,330,84718.0
GD,2025-09,16,323,118226.0
GD,2025-09,17,329,119286.0
GD,2025-09,18,287,69370.0
GD,2025-09,19,273,44284.0
GD,2025-09,20,302,29138.0
GD,2025-09,21,283,35052.0
GD,2025-09,22,289,42821.0
GD,2025-09,23,265,26047.0
GD,2025-10,8,52,6246.0
GD,2025-10,9,2905,757377.0
GD,2025-10,10,2831,794567.0
GD,2025-10,11,2774,877061.0
GD,2025-10,12,2671,639419.0
GD,2025-10,13,2567,488274.0
GD,2025-10,14,2433,523055.0
GD,2025-10,15,2736,807713.0
GD,2025-10,16,2870,1084999.0
GD,2025-10,17,2934,1158557.0
GD,2025-10,18,2275,616969.0
GD,2025-10,19,2521,659773.0
GD,2025-10,20,2564,495869.0
GD,2025-10,21,2446,431989.0
GD,2025-10,22,2418,461938.0
GD,2025-10,23,1966,290274.0
GD,2025-11,8,50,6576.0
GD,2025-11,9,2294,395221.0
GD,2025-11,10,2219,398905.0
GD,2025-11,11,2212,436117.0
GD,2025-11,12,2129,357540.0
GD,2025-11,13,1992,278920.0
GD,2025-11,14,1864,278395.0
GD,2025-11,15,2079,364340.0
GD,2025-11,16,2200,513732.0
GD,2025-11,17,2280,609085.0
GD,2025-11,18,1900,537559.0
GD,2025-11,19,1924,429123.0
GD,2025-11,20,2021,339192.0
GD,2025-11,21,1979,322496.0
GD,2025-11,22,1898,262633.0
GD,2025-11,23,1557,202722.0
GD,2025-12,8,52,6719.0
GD,2025-12,9,2664,344827.0
GD,2025-12,10,2574,322771.0
GD,2025-12,11,2520,345381.0
GD,2025-12,12,2482,297909.0
GD,2025-12,13,2437,281595.0
GD,2025-12,14,2176,225400.0
GD,2025-12,15,2383,247944.0
GD,2025-12,16,2536,476699.0
GD,2025-12,17,2687,668420.0
GD,2025-12,18,2269,639799.0
GD,2025-12,19,2421,470588.0
GD,2025-12,20,2423,278557.0
GD,2025-12,21,2323,200192.0
GD,2025-12,22,2255,217190.0
GD,2025-12,23,1893,160398.0
GD,2026-01,8,36,6441.0
GD,2026-01,9,1979,397108.0
GD,2026-01,10,1893,372637.0
GD,2026-01,11,1905,367662.0
GD,2026-01,12,1831,332678.0
GD,2026-01,13,1703,242595.0
GD,2026-01,14,1595,245528.0
GD,2026-01,15,1777,253222.0
GD,2026-01,16,1897,450785.0
GD,2026-01,17,1961,547289.0
GD,2026-01,18,1692,706229.0
GD,2026-01,19,1764,421632.0
GD,2026-01,20,1803,322585.0
GD,2026-01,21,1827,356014.0
GD,2026-01,22,1736,347219.0
GD,2026-01,23,1522,301155.0
GD,2026-02,8,37,3981.0
GD,2026-02,9,1969,266846.0
GD,2026-02,10,2080,376503.0
GD,2026-02,11,2045,303905.0
GD,2026-02,12,2041,314181.0
GD,2026-02,13,2008,268535.0
GD,2026-02,14,1837,233993.0
GD,2026-02,15,2016,308826.0
GD,2026-02,16,2109,550487.0
GD,2026-02,17,2161,550995.0
GD,2026-02,18,1861,500720.0
GD,2026-02,19,1843,452747.0
GD,2026-02,20,1897,272153.0
GD,2026-02,21,1825,238135.0
GD,2026-02,22,1754,169341.0
GD,2026-02,23,1488,167752.0
GD,2026-03,8,36,4002.0
GD,2026-03,9,2169,381968.0
GD,2026-03,10,2159,469118.0
GD,2026-03,11,2171,431796.0
GD,2026-03,12,2151,367658.0
GD,2026-03,13,2132,430570.0
GD,2026-03,14,1947,510585.0
GD,2026-03,15,2099,457370.0
GD,2026-03,16,2125,581729.0
GD,2026-03,17,2146,650214.0
GD,2026-03,18,1857,522214.0
GD,2026-03,19,1919,337296.0
GD,2026-03,20,2020,269659.0
GD,2026-03,21,1985,245531.0
GD,2026-03,22,1976,224267.0
GD,2026-03,23,1613,189784.0
GD,2026-04,8,33,2533.0
GD,2026-04,9,1862,318968.0
GD,2026-04,10,1853,314897.0
GD,2026-04,11,1792,264007.0
GD,2026-04,12,1818,248126.0
GD,2026-04,13,1755,194753.0
GD,2026-04,14,1809,265044.0
GD,2026-04,15,1813,294484.0
GD,2026-04,16,1881,368884.0
GD,2026-04,17,1855,421499.0
GD,2026-04,18,1841,301784.0
GD,2026-04,19,1715,195454.0
GD,2026-04,20,1736,194103.0
GD,2026-04,21,1708,168370.0
GD,2026-04,22,1628,152254.0
GD,2026-04,23,1383,137477.0
GD,2026-05,8,33,2301.0
GD,2026-05,9,1933,235191.0
GD,2026-05,10,1984,314855.0
GD,2026-05,11,1868,199526.0
GD,2026-05,12,1858,204408.0
GD,2026-05,13,1842,247380.0
GD,2026-05,14,1798,176690.0
GD,2026-05,15,1971,266875.0
GD,2026-05,16,2063,373879.0
GD,2026-05,17,2095,352211.0
GD,2026-05,18,1995,252404.0
GD,2026-05,19,1853,152865.0
GD,2026-05,20,1796,135549.0
GD,2026-05,21,1708,102994.0
GD,2026-05,22,1675,91984.0
GD,2026-05,23,1415,72707.0
GD,2026-06,8,35,4724.0
GD,2026-06,9,2026,285548.0
GD,2026-06,10,2114,371537.0
GD,2026-06,11,2110,351602.0
GD,2026-06,12,2116,291368.0
GD,2026-06,13,2030,230605.0
GD,2026-06,14,1998,240177.0
GD,2026-06,15,2071,375144.0
GD,2026-06,16,2116,474906.0
GD,2026-06,17,2100,447589.0
GD,2026-06,18,2074,278858.0
GD,2026-06,19,2028,194866.0
GD,2026-06,20,1978,200522.0
GD,2026-06,21,1925,278000.0
GD,2026-06,22,1916,208072.0
GD,2026-06,23,1554,105722.0
GD,2026-07,6,27,1289.0
GD,2026-07,7,980,42665.0
GD,2026-07,8,1023,56577.0
GD,2026-07,9,1670,183835.0
GD,2026-07,10,1649,273777.0
GD,2026-07,11,1638,284200.0
GD,2026-07,12,1591,178981.0
GD,2026-07,13,1566,156589.0
GD,2026-07,14,1570,194274.0
GD,2026-07,15,1661,354492.0
GD,2026-07,16,1682,358786.0
GD,2026-07,17,1705,331894.0
GD,2026-07,18,1644,199570.0
GD,2026-07,19,1607,155022.0
GD,2026-07,20,1549,117272.0
GD,2026-07,21,1549,146464.0
GD,2026-07,22,1521,121234.0
GD,2026-07,23,1227,79408.0
GD,2026-08,6,35,2610.0
GD,2026-08,7,2021,112827.0
GD,2026-08,8,2016,150199.0
GD,2026-08,9,2106,192411.0
GD,2026-08,10,2108,282587.0
GD,2026-08,11,2107,244255.0
GD,2026-08,12,2035,225319.0
GD,2026-08,13,2022,200102.0
GD,2026-08,14,2036,238962.0
GD,2026-08,15,2183,435030.0
GD,2026-08,16,2237,446158.0
GD,2026-08,17,2229,474252.0
GD,2026-08,18,2188,363526.0
GD,2026-08,19,2046,269499.0
GD,2026-08,20,1885,163506.0
GD,2026-08,21,1905,157749.0
GD,2026-08,22,1902,143630.0
GD,2026-08,23,1558,89854.0
GD,2026-09,6,29,1902.0
GD,2026-09,7,1825,101608.0
GD,2026-09,8,1863,128669.0
GD,2026-09,9,1871,202448.0
GD,2026-09,10,1900,306922.0
GD,2026-09,11,1941,323948.0
GD,2026-09,12,1933,309411.0
GD,2026-09,13,1918,259468.0
GD,2026-09,14,1850,237420.0
GD,2026-09,15,1883,504880.0
GD,2026-09,16,1894,414614.0
GD,2026-09,17,1877,364444.0
GD,2026-09,18,1796,291008.0
GD,2026-09,19,1744,186314.0
GD,2026-09,20,1661,139555.0
GD,2026-09,21,1672,250153.0
GD,2026-09,22,1660,157507.0
GD,2026-09,23,1351,65015.0
GMKN,2025-09,6,4,2298.0
GMKN,2025-09,7,232,190279.0
GMKN,2025-09,8,220,160113.0
GMKN,2025-09,9,239,434681.0
GMKN,2025-09,10,240,963142.0
GMKN,2025-09,11,240,1001983.0
GMKN,2025-09,12,240,907108.0
GMKN,2025-09,13,240,740674.0
GMKN,2025-09,14,240,747246.0
GMKN,2025-09,15,240,598948.0
GMKN,2025-09,16,239,898974.0
GMKN,2025-09,17,240,811646.0
GMKN,2025-09,18,178,871973.0
GMKN,2025-09,19,239,569188.0
GMKN,2025-09,20,237,471874.0
GMKN,2025-09,21,239,379941.0
GMKN,2025-09,22,235,151276.0
GMKN,2025-09,23,196,189152.0
GMKN,2025-10,6,23,47461.0
GMKN,2025-10,7,1339,1861267.0
GMKN,2025-10,8,1339,1008957.0
GMKN,2025-10,9,1375,2371796.0
GMKN,2025-10,10,1380,6394570.0
GMKN,2025-10,11,1380,5986909.0
GMKN,2025-10,12,1378,5095336.0
GMKN,2025-10,13,1380,4849162.0
GMKN,2025-10,14,1376,4855195.0
GMKN,2025-10,15,1380,5060743.0
GMKN,2025-10,16,1379,6069106.0
GMKN,2025-10,17,1380,6071948.0
GMKN,2025-10,18,1019,3899294.0
GMKN,2025-10,19,1374,2074604.0
GMKN,2025-10,20,1358,3404702.0
GMKN,2025-10,21,1345,1495141.0
GMKN,2025-10,22,1317,1328859.0
GMKN,2025-10,23,1119,1614305.0
GMKN,2025-11,2,16,260.0
GMKN,2025-11,3,7,39.0
GMKN,2025-11,4,4,10.0
GMKN,2025-11,5,3,4.0
GMKN,2025-11,6,24,10152.0
GMKN,2025-11,7,1026,725320.0
GMKN,2025-11,8,1049,558613.0
GMKN,2025-11,9,1137,1062690.0
GMKN,2025-11,10,1174,2761180.0
GMKN,2025-11,11,1170,2502641.0
GMKN,2025-11,12,1170,1967380.0
GMKN,2025-11,13,1162,1442174.0
GMKN,2025-11,14,1161,1962140.0
GMKN,2025-11,15,1155,2187090.0
GMKN,2025-11,16,1152,2020317.0
GMKN,2025-11,17,1161,2841990.0
GMKN,2025-11,18,850,1606714.0
GMKN,2025-11,19,1122,817985.0
GMKN,2025-11,20,1099,939591.0
GMKN,2025-11,21,1077,960697.0
GMKN,2025-11,22,1023,533305.0
GMKN,2025-11,23,882,479601.0
GMKN,2025-12,2,17,127.0
GMKN,2025-12,3,10,21.0
GMKN,2025-12,4,9,16.0
GMKN,2025-12,5,13,668.0
GMKN,2025-12,6,39,68664.0
GMKN,2025-12,7,1295,1388546.0
GMKN,2025-12,8,1301,905828.0
GMKN,2025-12,9,1341,1985652.0
GMKN,2025-12,10,1365,5215208.0
GMKN,2025-12,11,1366,4934811.0
GMKN,2025-12,12,1351,4148014.0
GMKN,2025-12,13,1356,3769398.0
GMKN,2025-12,14,1352,3511919.0
GMKN,2025-12,15,1352,3703546.0
GMKN,2025-12,16,1352,3738232.0
GMKN,2025-12,17,1351,5011576.0
GMKN,2025-12,18,1010,3293295.0
GMKN,2025-12,19,1339,2184152.0
GMKN,2025-12,20,1323,976751.0
GMKN,2025-12,21,1316,1048508.0
GMKN,2025-12,22,1289,1212759.0
GMKN,2025-12,23,1075,952262.0
GMKN,2026-01,2,30,1024.0
GMKN,2026-01,3,27,635.0
GMKN,2026-01,4,22,143.0
GMKN,2026-01,5,26,127.0
GMKN,2026-01,6,49,110235.0
GMKN,2026-01,7,1172,2427106.0
GMKN,2026-01,8,1180,1204964.0
GMKN,2026-01,9,1200,3072108.0
GMKN,2026-01,10,1210,5353920.0
GMKN,2026-01,11,1201,4592487.0
GMKN,2026-01,12,1214,4499995.0
GMKN,2026-01,13,1213,3049572.0
GMKN,2026-01,14,1203,2814986.0
GMKN,2026-01,15,1220,2753024.0
GMKN,2026-01,16,1214,3788229.0
GMKN,2026-01,17,1210,4010076.0
GMKN,2026-01,18,896,3469136.0
GMKN,2026-01,19,1199,1597380.0
GMKN,2026-01,20,1183,1524175.0
GMKN,2026-01,21,1194,1607079.0
GMKN,2026-01,22,1177,1485363.0
GMKN,2026-01,23,986,1400695.0
GMKN,2026-02,2,5,24.0
GMKN,2026-02,3,19,3646.0
GMKN,2026-02,4,13,130.0
GMKN,2026-02,5,12,138.0
GMKN,2026-02,6,27,49740.0
GMKN,2026-02,7,1156,2030024.0
GMKN,2026-02,8,1165,1356065.0
GMKN,2026-02,9,1164,1873936.0
GMKN,2026-02,10,1200,3956682.0
GMKN,2026-02,11,1194,3743889.0
GMKN,2026-02,12,1195,3389779.0
GMKN,2026-02,13,1197,2931845.0
GMKN,2026-02,14,1199,3546051.0
GMKN,2026-02,15,1188,3167446.0
GMKN,2026-02,16,1196,3850006.0
GMKN,2026-02,17,1195,3574734.0
GMKN,2026-02,18,903,2850691.0
GMKN,2026-02,19,1162,1643606.0
GMKN,2026-02,20,1133,1112809.0
GMKN,2026-02,21,1137,676303.0
GMKN,2026-02,22,1151,567208.0
GMKN,2026-02,23,962,673864.0
GMKN,2026-03,6,22,25458.0
GMKN,2026-03,7,1303,1124390.0
GMKN,2026-03,8,1308,647344.0
GMKN,2026-03,9,1318,1951083.0
GMKN,2026-03,10,1320,3546568.0
GMKN,2026-03,11,1320,3150031.0
GMKN,2026-03,12,1320,3892278.0
GMKN,2026-03,13,1320,2816346.0
GMKN,2026-03,14,1318,2597292.0
GMKN,2026-03,15,1319,2873211.0
GMKN,2026-03,16,1320,3033571.0
GMKN,2026-03,17,1320,2747286.0
GMKN,2026-03,18,1066,1884280.0
GMKN,2026-03,19,1316,755864.0
GMKN,2026-03,20,1311,532759.0
GMKN,2026-03,21,1310,517357.0
GMKN,2026-03,22,1302,694005.0
GMKN,2026-03,23,1083,579103.0
GMKN,2026-04,6,22,32213.0
GMKN,2026-04,7,1309,1727812.0
GMKN,2026-04,8,1306,1217040.0
GMKN,2026-04,9,1318,1783315.0
GMKN,2026-04,10,1320,4000247.0
GMKN,2026-04,11,1320,3434338.0
GMKN,2026-04,12,1319,2742385.0
GMKN,2026-04,13,1320,3195781.0
GMKN,2026-04,14,1320,3108398.0
GMKN,2026-04,15,1320,3538661.0
GMKN,2026-04,16,1320,3382381.0
GMKN,2026-04,17,1318,4204444.0
GMKN,2026-04,18,1261,3214994.0
GMKN,2026-04,19,1319,1340369.0
GMKN,2026-04,20,1310,1275057.0
GMKN,2026-04,21,1302,851343.0
GMKN,2026-04,22,1298,742014.0
GMKN,2026-04,23,1083,767818.0
GMKN,2026-05,2,14,752.0
GMKN,2026-05,3,9,138.0
GMKN,2026-05,4,8,36.0
GMKN,2026-05,5,15,315.0
GMKN,2026-05,6,35,10971.0
GMKN,2026-05,7,1202,1009456.0
GMKN,2026-05,8,1198,645104.0
GMKN,2026-05,9,1222,1865331.0
GMKN,2026-05,10,1258,3229781.0
GMKN,2026-05,11,1258,3654205.0
GMKN,2026-05,12,1256,3210304.0
GMKN,2026-05,13,1254,2401064.0
GMKN,2026-05,14,1250,2174575.0
GMKN,2026-05,15,1256,2452216.0
GMKN,2026-05,16,1255,3102305.0
GMKN,2026-05,17,1257,3278564.0
GMKN,2026-05,18,1202,2276751.0
GMKN,2026-05,19,1217,1146625.0
GMKN,2026-05,20,1211,872217.0
GMKN,2026-05,21,1216,772947.0
GMKN,2026-05,22,1184,715894.0
GMKN,2026-05,23,992,716102.0
GMKN,2026-06,2,12,179.0
GMKN,2026-06,3,4,80.0
GMKN,2026-06,4,7,27.0
GMKN,2026-06,5,13,123.0
GMKN,2026-06,6,33,20289.0
GMKN,2026-06,7,1266,1355574.0
GMKN,2026-06,8,1267,1074474.0
GMKN,2026-06,9,1276,3436890.0
GMKN,2026-06,10,1320,6496608.0
GMKN,2026-06,11,1320,6105663.0
GMKN,2026-06,12,1319,4844005.0
GMKN,2026-06,13,1319,5325795.0
GMKN,2026-06,14,1312,4355414.0
GMKN,2026-06,15,1317,7237545.0
GMKN,2026-06,16,1314,5403733.0
GMKN,2026-06,17,1315,4616479.0
GMKN,2026-06,18,1263,3589160.0
GMKN,2026-06,19,1282,1849098.0
GMKN,2026-06,20,1278,1135550.0
GMKN,2026-06,21,1261,1001900.0
GMKN,2026-06,22,1270,1247062.0
GMKN,2026-06,23,1058,1173638.0
GMKN,2026-07,6,23,15614.0
GMKN,2026-07,7,1360,1954442.0
GMKN,2026-07,8,1360,1542451.0
GMKN,2026-07,9,1378,3474441.0
GMKN,2026-07,10,1380,6901406.0
GMKN,2026-07,11,1380,6925587.0
GMKN,2026-07,12,1380,5383768.0
GMKN,2026-07,13,1380,4346475.0
GMKN,2026-07,14,1380,4917763.0
GMKN,2026-07,15,1380,3943572.0
GMKN,2026-07,16,1380,5854890.0
GMKN,2026-07,17,1380,7069466.0
GMKN,2026-07,18,1320,4574019.0
GMKN,2026-07,19,1378,2465268.0
GMKN,2026-07,20,1370,1193102.0
GMKN,2026-07,21,1354,1104645.0
GMKN,2026-07,22,1346,1119393.0
GMKN,2026-07,23,1131,1019186.0
GMKN,2026-08,6,21,31450.0
GMKN,2026-08,7,1256,2319810.0
GMKN,2026-08,8,1256,1739751.0
GMKN,2026-08,9,1260,2420299.0
GMKN,2026-08,10,1260,6060422.0
GMKN,2026-08,11,1260,5797730.0
GMKN,2026-08,12,1260,4717740.0
GMKN,2026-08,13,1260,4336476.0
GMKN,2026-08,14,1260,3534845.0
GMKN,2026-08,15,1260,3783946.0
GMKN,2026-08,16,1260,4253498.0
GMKN,2026-08,17,1260,5899293.0
GMKN,2026-08,18,1199,4505232.0
GMKN,2026-08,19,1260,1989359.0
GMKN,2026-08,20,1254,1271189.0
GMKN,2026-08,21,1247,978769.0
GMKN,2026-08,22,1250,902946.0
GMKN,2026-08,23,1040,803536.0
GMKN,2026-09,6,19,14980.0
GMKN,2026-09,7,1135,1484598.0
GMKN,2026-09,8,1136,1062421.0
GMKN,2026-09,9,1139,2061837.0
GMKN,2026-09,10,1140,3292859.0
GMKN,2026-09,11,1140,6063641.0
GMKN,2026-09,12,1140,3703583.0
GMKN,2026-09,13,1140,3540862.0
GMKN,2026-09,14,1140,2799900.0
GMKN,2026-09,15,1140,3298933.0
GMKN,2026-09,16,1140,3086870.0
GMKN,2026-09,17,1140,3471263.0
GMKN,2026-09,18,1043,2668286.0
GMKN,2026-09,19,1077,1156478.0
GMKN,2026-09,20,1069,1493250.0
GMKN,2026-09,21,1063,959021.0
GMKN,2026-09,22,1051,812033.0
GMKN,2026-09,23,870,651971.0
GZ,2025-09,8,4,117.0
GZ,2025-09,9,240,48141.0
GZ,2025-09,10,240,113210.0
GZ,2025-09,11,240,76592.0
GZ,2025-09,12,238,73198.0
GZ,2025-09,13,240,71977.0
GZ,2025-09,14,219,54245.0
GZ,2025-09,15,239,45514.0
GZ,2025-09,16,239,69668.0
GZ,2025-09,17,240,76432.0
GZ,2025-09,18,200,106465.0
GZ,2025-09,19,219,54061.0
GZ,2025-09,20,231,20863.0
GZ,2025-09,21,229,28228.0
GZ,2025-09,22,203,12240.0
GZ,2025-09,23,163,8736.0
GZ,2025-10,8,25,3669.0
GZ,2025-10,9,1572,413657.0
GZ,2025-10,10,1598,664311.0
GZ,2025-10,11,1562,517252.0
GZ,2025-10,12,1515,473404.0
GZ,2025-10,13,1512,448960.0
GZ,2025-10,14,1431,411674.0
GZ,2025-10,15,1493,432214.0
GZ,2025-10,16,1510,444246.0
GZ,2025-10,17,1508,560669.0
GZ,2025-10,18,1267,455629.0
GZ,2025-10,19,1319,215937.0
GZ,2025-10,20,1333,279534.0
GZ,2025-10,21,1267,118883.0
GZ,2025-10,22,1246,138519.0
GZ,2025-10,23,1052,137944.0
GZ,2025-11,8,27,2180.0
GZ,2025-11,9,1679,342864.0
GZ,2025-11,10,1738,704243.0
GZ,2025-11,11,1584,503811.0
GZ,2025-11,12,1539,409522.0
GZ,2025-11,13,1439,248261.0
GZ,2025-11,14,1370,343403.0
GZ,2025-11,15,1505,391101.0
GZ,2025-11,16,1532,360148.0
GZ,2025-11,17,1578,502423.0
GZ,2025-11,18,1240,279107.0
GZ,2025-11,19,1221,143809.0
GZ,2025-11,20,1272,185831.0
GZ,2025-11,21,1285,211897.0
GZ,2025-11,22,1171,119404.0
GZ,2025-11,23,1057,98010.0
GZ,2025-12,8,28,1799.0
GZ,2025-12,9,1902,269859.0
GZ,2025-12,10,2029,683630.0
GZ,2025-12,11,2044,781986.0
GZ,2025-12,12,1975,471415.0
GZ,2025-12,13,1879,468451.0
GZ,2025-12,14,1773,350831.0
GZ,2025-12,15,1881,356629.0
GZ,2025-12,16,1872,408753.0
GZ,2025-12,17,1932,363600.0
GZ,2025-12,18,1591,352826.0
GZ,2025-12,19,1578,199560.0
GZ,2025-12,20,1529,90578.0
GZ,2025-12,21,1520,115359.0
GZ,2025-12,22,1476,102357.0
GZ,2025-12,23,1252,63219.0
GZ,2026-01,8,22,2508.0
GZ,2026-01,9,1403,234950.0
GZ,2026-01,10,1482,283656.0
GZ,2026-01,11,1410,349108.0
GZ,2026-01,12,1330,183482.0
GZ,2026-01,13,1346,180156.0
GZ,2026-01,14,1246,170735.0
GZ,2026-01,15,1379,144793.0
GZ,2026-01,16,1412,190841.0
GZ,2026-01,17,1409,326368.0
GZ,2026-01,18,1139,192193.0
GZ,2026-01,19,1106,77754.0
GZ,2026-01,20,1085,82927.0
GZ,2026-01,21,1078,73457.0
GZ,2026-01,22,1016,49953.0
GZ,2026-01,23,851,84946.0
GZ,2026-02,8,18,690.0
GZ,2026-02,9,1389,170567.0
GZ,2026-02,10,1588,347726.0
GZ,2026-02,11,1445,167230.0
GZ,2026-02,12,1410,217979.0
GZ,2026-02,13,1531,303018.0
GZ,2026-02,14,1345,165878.0
GZ,2026-02,15,1382,151122.0
GZ,2026-02,16,1405,175358.0
GZ,2026-02,17,1394,154554.0
GZ,2026-02,18,1195,110580.0
GZ,2026-02,19,1125,83296.0
GZ,2026-02,20,1105,71353.0
GZ,2026-02,21,948,44478.0
GZ,2026-02,22,879,45889.0
GZ,2026-02,23,819,41146.0
GZ,2026-03,8,32,3601.0
GZ,2026-03,9,1989,454071.0
GZ,2026-03,10,2010,757475.0
GZ,2026-03,11,2007,777453.0
GZ,2026-03,12,1977,576842.0
GZ,2026-03,13,1981,460113.0
GZ,2026-03,14,1846,482755.0
GZ,2026-03,15,1960,552861.0
GZ,2026-03,16,1957,599130.0
GZ,2026-03,17,1973,534587.0
GZ,2026-03,18,1697,312720.0
GZ,2026-03,19,1623,150652.0
GZ,2026-03,20,1620,141365.0
GZ,2026-03,21,1601,142197.0
GZ,2026-03,22,1496,212664.0
GZ,2026-03,23,1309,159612.0
GZ,2026-04,8,20,1205.0
GZ,2026-04,9,1445,217246.0
GZ,2026-04,10,1437,315908.0
GZ,2026-04,11,1404,317645.0
GZ,2026-04,12,1390,313897.0
GZ,2026-04,13,1424,286272.0
GZ,2026-04,14,1405,246830.0
GZ,2026-04,15,1427,296160.0
GZ,2026-04,16,1394,279005.0
GZ,2026-04,17,1433,387761.0
GZ,2026-04,18,1401,250432.0
GZ,2026-04,19,1246,100661.0
GZ,2026-04,20,1226,88875.0
GZ,2026-04,21,1112,71268.0
GZ,2026-04,22,1073,79104.0
GZ,2026-04,23,937,54349.0
GZ,2026-05,8,23,957.0
GZ,2026-05,9,1804,337601.0
GZ,2026-05,10,1965,440499.0
GZ,2026-05,11,1853,342251.0
GZ,2026-05,12,1775,346705.0
GZ,2026-05,13,1688,252298.0
GZ,2026-05,14,1616,194143.0
GZ,2026-05,15,1727,294187.0
GZ,2026-05,16,1760,268163.0
GZ,2026-05,17,1844,347615.0
GZ,2026-05,18,1710,259152.0
GZ,2026-05,19,1575,127822.0
GZ,2026-05,20,1407,99471.0
GZ,2026-05,21,1344,92214.0
GZ,2026-05,22,1251,60822.0
GZ,2026-05,23,1038,53704.0
GZ,2026-06,8,29,932.0
GZ,2026-06,9,2205,459058.0
GZ,2026-06,10,2379,646688.0
GZ,2026-06,11,2227,469788.0
GZ,2026-06,12,2157,453282.0
GZ,2026-06,13,2234,562043.0
GZ,2026-06,14,2138,541473.0
GZ,2026-06,15,2231,633124.0
GZ,2026-06,16,2196,501164.0
GZ,2026-06,17,2261,464118.0
GZ,2026-06,18,2173,411356.0
GZ,2026-06,19,1885,224872.0
GZ,2026-06,20,1724,134867.0
GZ,2026-06,21,1589,105435.0
GZ,2026-06,22,1582,94226.0
GZ,2026-06,23,1274,71289.0
GZ,2026-07,6,14,321.0
GZ,2026-07,7,1135,233694.0
GZ,2026-07,8,1140,175716.0
GZ,2026-07,9,2080,610154.0
GZ,2026-07,10,2225,1101582.0
GZ,2026-07,11,2219,950007.0
GZ,2026-07,12,2123,872382.0
GZ,2026-07,13,2048,873505.0
GZ,2026-07,14,2047,836435.0
GZ,2026-07,15,2017,729350.0
GZ,2026-07,16,2125,809415.0
GZ,2026-07,17,2152,811387.0
GZ,2026-07,18,2096,641347.0
GZ,2026-07,19,1851,375910.0
GZ,2026-07,20,1698,188895.0
GZ,2026-07,21,1636,154318.0
GZ,2026-07,22,1533,168823.0
GZ,2026-07,23,1344,150388.0
GZ,2026-08,6,18,284.0
GZ,2026-08,7,1919,380915.0
GZ,2026-08,8,1775,249469.0
GZ,2026-08,9,1817,407540.0
GZ,2026-08,10,2083,839936.0
GZ,2026-08,11,2054,849423.0
GZ,2026-08,12,1957,695439.0
GZ,2026-08,13,1927,549068.0
GZ,2026-08,14,1937,436966.0
GZ,2026-08,15,1935,488521.0
GZ,2026-08,16,1899,556596.0
GZ,2026-08,17,1920,675683.0
GZ,2026-08,18,1888,647451.0
GZ,2026-08,19,1727,329071.0
GZ,2026-08,20,1551,145017.0
GZ,2026-08,21,1487,137079.0
GZ,2026-08,22,1416,118319.0
GZ,2026-08,23,1202,105419.0
GZ,2026-09,6,21,936.0
GZ,2026-09,7,1729,513711.0
GZ,2026-09,8,1677,285767.0
GZ,2026-09,9,1732,439580.0
GZ,2026-09,10,1802,870113.0
GZ,2026-09,11,1781,739510.0
GZ,2026-09,12,1790,866612.0
GZ,2026-09,13,1795,1011047.0
GZ,2026-09,14,1776,709146.0
GZ,2026-09,15,1774,736272.0
GZ,2026-09,16,1737,641180.0
GZ,2026-09,17,1742,658299.0
GZ,2026-09,18,1673,739106.0
GZ,2026-09,19,1522,278457.0
GZ,2026-09,20,1490,242133.0
GZ,2026-09,21,1490,223658.0
GZ,2026-09,22,1412,165749.0
GZ,2026-09,23,1171,151123.0
LKOH,2025-09,6,4,634.0
LKOH,2025-09,7,235,42771.0
LKOH,2025-09,8,238,34649.0
LKOH,2025-09,9,240,85385.0
LKOH,2025-09,10,240,208000.0
LKOH,2025-09,11,240,216202.0
LKOH,2025-09,12,240,201099.0
LKOH,2025-09,13,240,178229.0
LKOH,2025-09,14,240,116217.0
LKOH,2025-09,15,240,165068.0
LKOH,2025-09,16,240,159225.0
LKOH,2025-09,17,240,190159.0
LKOH,2025-09,18,179,252551.0
LKOH,2025-09,19,240,147017.0
LKOH,2025-09,20,240,82091.0
LKOH,2025-09,21,240,65599.0
LKOH,2025-09,22,240,38753.0
LKOH,2025-09,23,200,23200.0
LKOH,2025-10,6,23,24157.0
LKOH,2025-10,7,1375,1832291.0
LKOH,2025-10,8,1379,1068960.0
LKOH,2025-10,9,1380,1727211.0
LKOH,2025-10,10,1380,3540217.0
LKOH,2025-10,11,1380,3230661.0
LKOH,2025-10,12,1380,2184653.0
LKOH,2025-10,13,1380,2017598.0
LKOH,2025-10,14,1380,2982624.0
LKOH,2025-10,15,1380,2424076.0
LKOH,2025-10,16,1380,2015581.0
LKOH,2025-10,17,1380,2174171.0
LKOH,2025-10,18,1030,1860744.0
LKOH,2025-10,19,1380,1098497.0
LKOH,2025-10,20,1376,1298521.0
LKOH,2025-10,21,1374,909059.0
LKOH,2025-10,22,1374,652826.0
LKOH,2025-10,23,1144,821574.0
LKOH,2025-11,2,25,194.0
LKOH,2025-11,3,14,154.0
LKOH,2025-11,4,9,47.0
LKOH,2025-11,5,21,262.0
LKOH,2025-11,6,38,31960.0
LKOH,2025-11,7,1175,2032467.0
LKOH,2025-11,8,1184,1171866.0
LKOH,2025-11,9,1192,1780445.0
LKOH,2025-11,10,1193,4935413.0
LKOH,2025-11,11,1196,5072596.0
LKOH,2025-11,12,1193,3426842.0
LKOH,2025-11,13,1194,2654708.0
LKOH,2025-11,14,1194,3217477.0
LKOH,2025-11,15,1196,4388446.0
LKOH,2025-11,16,1195,4286257.0
LKOH,2025-11,17,1188,4163892.0
LKOH,2025-11,18,903,1933856.0
LKOH,2025-11,19,1190,1856744.0
LKOH,2025-11,20,1191,1769146.0
LKOH,2025-11,21,1195,2266350.0
LKOH,2025-11,22,1189,1602746.0
LKOH,2025-11,23,991,1510084.0
LKOH,2025-12,2,34,543.0
LKOH,2025-12,3,24,154.0
LKOH,2025-12,4,18,59.0
LKOH,2025-12,5,30,251.0
LKOH,2025-12,6,47,17830.0
LKOH,2025-12,7,1365,683893.0
LKOH,2025-12,8,1360,439629.0
LKOH,2025-12,9,1370,794895.0
LKOH,2025-12,10,1374,1530433.0
LKOH,2025-12,11,1375,1913895.0
LKOH,2025-12,12,1377,1677028.0
LKOH,2025-12,13,1376,1700334.0
LKOH,2025-12,14,1379,1388104.0
LKOH,2025-12,15,1371,1362473.0
LKOH,2025-12,16,1372,1727801.0
LKOH,2025-12,17,1370,1986854.0
LKOH,2025-12,18,1039,1724749.0
LKOH,2025-12,19,1368,1110605.0
LKOH,2025-12,20,1348,426991.0
LKOH,2025-12,21,1357,579194.0
LKOH,2025-12,22,1332,537479.0
LKOH,2025-12,23,1119,426218.0
LKOH,2026-01,2,65,898.0
LKOH,2026-01,3,41,228.0
LKOH,2026-01,4,45,372.0
LKOH,2026-01,5,36,398.0
LKOH,2026-01,6,58,13831.0
LKOH,2026-01,7,1134,448731.0
LKOH,2026-01,8,1146,222728.0
LKOH,2026-01,9,1173,1384516.0
LKOH,2026-01,10,1240,2154759.0
LKOH,2026-01,11,1244,1536149.0
LKOH,2026-01,12,1238,1244274.0
LKOH,2026-01,13,1244,1329740.0
LKOH,2026-01,14,1243,1135102.0
LKOH,2026-01,15,1248,1028997.0
LKOH,2026-01,16,1244,1273026.0
LKOH,2026-01,17,1241,1310768.0
LKOH,2026-01,18,952,1105915.0
LKOH,2026-01,19,1230,486714.0
LKOH,2026-01,20,1238,391473.0
LKOH,2026-01,21,1232,345269.0
LKOH,2026-01,22,1226,417719.0
LKOH,2026-01,23,1012,463965.0
LKOH,2026-02,2,8,20.0
LKOH,2026-02,3,12,49.0
LKOH,2026-02,4,6,89.0
LKOH,2026-02,5,11,20.0
LKOH,2026-02,6,29,6134.0
LKOH,2026-02,7,1157,331784.0
LKOH,2026-02,8,1171,224553.0
LKOH,2026-02,9,1170,508096.0
LKOH,2026-02,10,1199,1145554.0
LKOH,2026-02,11,1199,823821.0
LKOH,2026-02,12,1196,952876.0
LKOH,2026-02,13,1199,957585.0
LKOH,2026-02,14,1195,687154.0
LKOH,2026-02,15,1195,905755.0
LKOH,2026-02,16,1195,982602.0
LKOH,2026-02,17,1195,915712.0
LKOH,2026-02,18,907,631814.0
LKOH,2026-02,19,1166,394639.0
LKOH,2026-02,20,1136,249888.0
LKOH,2026-02,21,1136,209198.0
LKOH,2026-02,22,1163,237614.0
LKOH,2026-02,23,959,221492.0
LKOH,2026-03,6,22,74354.0
LKOH,2026-03,7,1318,2167478.0
LKOH,2026-03,8,1317,1493355.0
LKOH,2026-03,9,1319,2021750.0
LKOH,2026-03,10,1320,3129015.0
LKOH,2026-03,11,1320,2092824.0
LKOH,2026-03,12,1320,2338025.0
LKOH,2026-03,13,1320,2076503.0
LKOH,2026-03,14,1317,1981136.0
LKOH,2026-03,15,1320,2144308.0
LKOH,2026-03,16,1320,2361122.0
LKOH,2026-03,17,1320,2350333.0
LKOH,2026-03,18,1077,1587012.0
LKOH,2026-03,19,1320,878555.0
LKOH,2026-03,20,1317,736847.0
LKOH,2026-03,21,1317,760480.0
LKOH,2026-03,22,1310,931741.0
LKOH,2026-03,23,1099,997389.0
LKOH,2026-04,6,22,34409.0
LKOH,2026-04,7,1313,624105.0
LKOH,2026-04,8,1312,386374.0
LKOH,2026-04,9,1319,643147.0
LKOH,2026-04,10,1320,1215970.0
LKOH,2026-04,11,1320,1255350.0
LKOH,2026-04,12,1320,746398.0
LKOH,2026-04,13,1320,1037331.0
LKOH,2026-04,14,1320,1036684.0
LKOH,2026-04,15,1320,1280191.0
LKOH,2026-04,16,1320,1296766.0
LKOH,2026-04,17,1320,1349540.0
LKOH,2026-04,18,1261,984425.0
LKOH,2026-04,19,1317,496688.0
LKOH,2026-04,20,1320,490505.0
LKOH,2026-04,21,1312,335795.0
LKOH,2026-04,22,1300,320841.0
LKOH,2026-04,23,1091,357246.0
LKOH,2026-05,2,55,10653.0
LKOH,2026-05,3,37,1439.0
LKOH,2026-05,4,42,2018.0
LKOH,2026-05,5,50,4577.0
LKOH,2026-05,6,71,8826.0
LKOH,2026-05,7,1251,318894.0
LKOH,2026-05,8,1245,238951.0
LKOH,2026-05,9,1241,589265.0
LKOH,2026-05,10,1260,1385116.0
LKOH,2026-05,11,1260,1135656.0
LKOH,2026-05,12,1260,961357.0
LKOH,2026-05,13,1259,858720.0
LKOH,2026-05,14,1260,626333.0
LKOH,2026-05,15,1260,825869.0
LKOH,2026-05,16,1260,896751.0
LKOH,2026-05,17,1260,1176388.0
LKOH,2026-05,18,1208,823195.0
LKOH,2026-05,19,1257,319296.0
LKOH,2026-05,20,1253,252899.0
LKOH,2026-05,21,1249,304487.0
LKOH,2026-05,22,1236,220971.0
LKOH,2026-05,23,1023,190152.0
LKOH,2026-06,2,11,41.0
LKOH,2026-06,3,9,10.0
LKOH,2026-06,4,6,36.0
LKOH,2026-06,5,15,60.0
LKOH,2026-06,6,41,6648.0
LKOH,2026-06,7,1296,745367.0
LKOH,2026-06,8,1291,451923.0
LKOH,2026-06,9,1287,1203445.0
LKOH,2026-06,10,1320,2257425.0
LKOH,2026-06,11,1320,2085035.0
LKOH,2026-06,12,1320,2125806.0
LKOH,2026-06,13,1318,1914370.0
LKOH,2026-06,14,1319,1806284.0
LKOH,2026-06,15,1320,3355465.0
LKOH,2026-06,16,1320,2568572.0
LKOH,2026-06,17,1318,2556804.0
LKOH,2026-06,18,1271,1639216.0
LKOH,2026-06,19,1302,790484.0
LKOH,2026-06,20,1299,496652.0
LKOH,2026-06,21,1297,521697.0
LKOH,2026-06,22,1281,474006.0
LKOH,2026-06,23,1076,499301.0
LKOH,2026-07,6,23,8890.0
LKOH,2026-07,7,1380,1299836.0
LKOH,2026-07,8,1376,922592.0
LKOH,2026-07,9,1380,2086856.0
LKOH,2026-07,10,1380,3695189.0
LKOH,2026-07,11,1380,2913269.0
LKOH,2026-07,12,1380,2575311.0
LKOH,2026-07,13,1380,2494465.0
LKOH,2026-07,14,1380,2474865.0
LKOH,2026-07,15,1380,2323962.0
LKOH,2026-07,16,1380,3085096.0
LKOH,2026-07,17,1380,2699994.0
LKOH,2026-07,18,1322,2428934.0
LKOH,2026-07,19,1380,1422152.0
LKOH,2026-07,20,1378,759363.0
LKOH,2026-07,21,1374,646274.0
LKOH,2026-07,22,1370,691819.0
LKOH,2026-07,23,1141,604291.0
LKOH,2026-08,6,21,10269.0
LKOH,2026-08,7,1259,1012390.0
LKOH,2026-08,8,1259,605697.0
LKOH,2026-08,9,1259,1139100.0
LKOH,2026-08,10,1260,2186577.0
LKOH,2026-08,11,1260,2381506.0
LKOH,2026-08,12,1260,1932773.0
LKOH,2026-08,13,1260,1857285.0
LKOH,2026-08,14,1260,1360201.0
LKOH,2026-08,15,1260,2403373.0
LKOH,2026-08,16,1260,2271754.0
LKOH,2026-08,17,1260,2185474.0
LKOH,2026-08,18,1208,2155631.0
LKOH,2026-08,19,1260,1043849.0
LKOH,2026-08,20,1256,481420.0
LKOH,2026-08,21,1252,398417.0
LKOH,2026-08,22,1252,376800.0
LKOH,2026-08,23,1038,372125.0
LKOH,2026-09,6,19,17338.0
LKOH,2026-09,7,1140,1465708.0
LKOH,2026-09,8,1138,781688.0
LKOH,2026-09,9,1140,1052931.0
LKOH,2026-09,10,1140,2376777.0
LKOH,2026-09,11,1140,2663118.0
LKOH,2026-09,12,1140,2489267.0
LKOH,2026-09,13,1140,2396767.0
LKOH,2026-09,14,1140,1720758.0
LKOH,2026-09,15,1140,2246075.0
LKOH,2026-09,16,1140,1740275.0
LKOH,2026-09,17,1140,2213349.0
LKOH,2026-09,18,1056,2498602.0
LKOH,2026-09,19,1080,1069590.0
LKOH,2026-09,20,1079,1097587.0
LKOH,2026-09,21,1077,900285.0
LKOH,2026-09,22,1079,615617.0
LKOH,2026-09,23,897,530291.0
MGNT,2025-09,6,4,2436.0
MGNT,2025-09,7,222,189321.0
MGNT,2025-09,8,226,66382.0
MGNT,2025-09,9,238,364726.0
MGNT,2025-09,10,240,412559.0
MGNT,2025-09,11,240,416098.0
MGNT,2025-09,12,240,401510.0
MGNT,2025-09,13,240,305467.0
MGNT,2025-09,14,240,455411.0
MGNT,2025-09,15,240,373858.0
MGNT,2025-09,16,240,278908.0
MGNT,2025-09,17,240,849575.0
MGNT,2025-09,18,179,322288.0
MGNT,2025-09,19,240,431130.0
MGNT,2025-09,20,235,163540.0
MGNT,2025-09,21,233,151920.0
MGNT,2025-09,22,228,80748.0
MGNT,2025-09,23,197,81957.0
MGNT,2025-10,6,23,3056.0
MGNT,2025-10,7,1193,258780.0
MGNT,2025-10,8,1194,191455.0
MGNT,2025-10,9,1296,314066.0
MGNT,2025-10,10,1371,640656.0
MGNT,2025-10,11,1370,662418.0
MGNT,2025-10,12,1361,567158.0
MGNT,2025-10,13,1353,605569.0
MGNT,2025-10,14,1357,394367.0
MGNT,2025-10,15,1343,470832.0
MGNT,2025-10,16,1356,507451.0
MGNT,2025-10,17,1357,578362.0
MGNT,2025-10,18,978,333649.0
MGNT,2025-10,19,1288,309516.0
MGNT,2025-10,20,1217,322730.0
MGNT,2025-10,21,1189,186587.0
MGNT,2025-10,22,1166,243706.0
MGNT,2025-10,23,1004,212105.0
MGNT,2025-11,2,5,37.0
MGNT,2025-11,4,3,32.0
MGNT,2025-11,5,4,6.0
MGNT,2025-11,6,23,1850.0
MGNT,2025-11,7,957,180975.0
MGNT,2025-11,8,881,102741.0
MGNT,2025-11,9,1027,146435.0
MGNT,2025-11,10,1135,352990.0
MGNT,2025-11,11,1103,381431.0
MGNT,2025-11,12,1088,295236.0
MGNT,2025-11,13,1069,265195.0
MGNT,2025-11,14,1097,300915.0
MGNT,2025-11,15,1095,330461.0
MGNT,2025-11,16,1086,267474.0
MGNT,2025-11,17,1088,312778.0
MGNT,2025-11,18,789,280963.0
MGNT,2025-11,19,1014,194269.0
MGNT,2025-11,20,971,141347.0
MGNT,2025-11,21,966,186765.0
MGNT,2025-11,22,914,108214.0
MGNT,2025-11,23,785,121038.0
MGNT,2025-12,2,8,34.0
MGNT,2025-12,3,5,52.0
MGNT,2025-12,5,3,3.0
MGNT,2025-12,6,34,9458.0
MGNT,2025-12,7,1200,398550.0
MGNT,2025-12,8,1110,289555.0
MGNT,2025-12,9,1238,556524.0
MGNT,2025-12,10,1322,1863823.0
MGNT,2025-12,11,1333,1517905.0
MGNT,2025-12,12,1327,1395574.0
MGNT,2025-12,13,1314,823506.0
MGNT,2025-12,14,1326,768169.0
MGNT,2025-12,15,1317,682404.0
MGNT,2025-12,16,1313,696409.0
MGNT,2025-12,17,1320,652984.0
MGNT,2025-12,18,970,634163.0
MGNT,2025-12,19,1284,668927.0
MGNT,2025-12,20,1204,424374.0
MGNT,2025-12,21,1173,333259.0
MGNT,2025-12,22,1149,350822.0
MGNT,2025-12,23,1001,264639.0
MGNT,2026-01,2,18,48.0
MGNT,2026-01,3,10,95.0
MGNT,2026-01,4,7,70.0
MGNT,2026-01,5,5,37.0
MGNT,2026-01,6,32,5901.0
MGNT,2026-01,7,1037,336658.0
MGNT,2026-01,8,1033,172608.0
MGNT,2026-01,9,1097,303455.0
MGNT,2026-01,10,1165,706335.0
MGNT,2026-01,11,1156,658994.0
MGNT,2026-01,12,1129,463692.0
MGNT,2026-01,13,1113,478119.0
MGNT,2026-01,14,1105,301998.0
MGNT,2026-01,15,1119,283978.0
MGNT,2026-01,16,1124,688397.0
MGNT,2026-01,17,1143,628600.0
MGNT,2026-01,18,839,340253.0
MGNT,2026-01,19,1073,281929.0
MGNT,2026-01,20,998,123152.0
MGNT,2026-01,21,985,118998.0
MGNT,2026-01,22,956,188756.0
MGNT,2026-01,23,867,188115.0
MGNT,2026-02,2,3,6.0
MGNT,2026-02,3,3,3.0
MGNT,2026-02,5,1,1.0
MGNT,2026-02,6,21,2912.0
MGNT,2026-02,7,988,270858.0
MGNT,2026-02,8,1015,230328.0
MGNT,2026-02,9,1052,284481.0
MGNT,2026-02,10,1176,583472.0
MGNT,2026-02,11,1157,637519.0
MGNT,2026-02,12,1172,466156.0
MGNT,2026-02,13,1142,545179.0
MGNT,2026-02,14,1137,327350.0
MGNT,2026-02,15,1135,469063.0
MGNT,2026-02,16,1138,392814.0
MGNT,2026-02,17,1110,275055.0
MGNT,2026-02,18,827,198174.0
MGNT,2026-02,19,1063,173383.0
MGNT,2026-02,20,977,170111.0
MGNT,2026-02,21,964,126926.0
MGNT,2026-02,22,907,111763.0
MGNT,2026-02,23,797,133912.0
MGNT,2026-03,6,20,715.0
MGNT,2026-03,7,1149,182759.0
MGNT,2026-03,8,1099,120325.0
MGNT,2026-03,9,1194,196555.0
MGNT,2026-03,10,1282,398865.0
MGNT,2026-03,11,1291,388904.0
MGNT,2026-03,12,1276,345897.0
MGNT,2026-03,13,1276,341434.0
MGNT,2026-03,14,1250,298005.0
MGNT,2026-03,15,1265,379934.0
MGNT,2026-03,16,1280,340084.0
MGNT,2026-03,17,1277,412103.0
MGNT,2026-03,18,1006,277326.0
MGNT,2026-03,19,1186,115814.0
MGNT,2026-03,20,1129,121669.0
MGNT,2026-03,21,1076,133119.0
MGNT,2026-03,22,1077,119441.0
MGNT,2026-03,23,937,136107.0
MGNT,2026-04,6,21,1666.0
MGNT,2026-04,7,1122,178329.0
MGNT,2026-04,8,1101,186260.0
MGNT,2026-04,9,1222,340526.0
MGNT,2026-04,10,1291,438133.0
MGNT,2026-04,11,1290,399023.0
MGNT,2026-04,12,1280,444114.0
MGNT,2026-04,13,1290,635440.0
MGNT,2026-04,14,1301,587609.0
MGNT,2026-04,15,1310,723759.0
MGNT,2026-04,16,1298,667810.0
MGNT,2026-04,17,1303,566818.0
MGNT,2026-04,18,1202,406928.0
MGNT,2026-04,19,1200,189184.0
MGNT,2026-04,20,1175,193585.0
MGNT,2026-04,21,1144,161823.0
MGNT,2026-04,22,1083,111995.0
MGNT,2026-04,23,933,135912.0
MGNT,2026-05,2,2,422.0
MGNT,2026-05,3,2,4.0
MGNT,2026-05,4,1,2.0
MGNT,2026-05,5,5,38.0
MGNT,2026-05,6,24,1681.0
MGNT,2026-05,7,1082,219186.0
MGNT,2026-05,8,1042,175556.0
MGNT,2026-05,9,1146,306750.0
MGNT,2026-05,10,1226,582552.0
MGNT,2026-05,11,1220,627010.0
MGNT,2026-05,12,1203,426886.0
MGNT,2026-05,13,1212,309532.0
MGNT,2026-05,14,1209,474482.0
MGNT,2026-05,15,1211,464994.0
MGNT,2026-05,16,1208,517366.0
MGNT,2026-05,17,1213,483201.0
MGNT,2026-05,18,1124,284417.0
MGNT,2026-05,19,1125,270337.0
MGNT,2026-05,20,1058,187112.0
MGNT,2026-05,21,1048,212056.0
MGNT,2026-05,22,1031,180354.0
MGNT,2026-05,23,884,183611.0
MGNT,2026-06,2,1,2.0
MGNT,2026-06,3,3,65.0
MGNT,2026-06,4,4,177.0
MGNT,2026-06,5,5,51.0
MGNT,2026-06,6,23,3962.0
MGNT,2026-06,7,1151,365282.0
MGNT,2026-06,8,1143,209669.0
MGNT,2026-06,9,1227,482571.0
MGNT,2026-06,10,1291,1026773.0
MGNT,2026-06,11,1298,1042466.0
MGNT,2026-06,12,1293,893142.0
MGNT,2026-06,13,1276,963636.0
MGNT,2026-06,14,1257,780466.0
MGNT,2026-06,15,1276,1303512.0
MGNT,2026-06,16,1278,778430.0
MGNT,2026-06,17,1281,798470.0
MGNT,2026-06,18,1196,631455.0
MGNT,2026-06,19,1205,357660.0
MGNT,2026-06,20,1173,272234.0
MGNT,2026-06,21,1155,242401.0
MGNT,2026-06,22,1146,300970.0
MGNT,2026-06,23,968,223188.0
MGNT,2026-07,6,21,4692.0
MGNT,2026-07,7,1270,642400.0
MGNT,2026-07,8,1252,362500.0
MGNT,2026-07,9,1323,863252.0
MGNT,2026-07,10,1371,1371147.0
MGNT,2026-07,11,1372,1298271.0
MGNT,2026-07,12,1376,1197581.0
MGNT,2026-07,13,1368,940202.0
MGNT,2026-07,14,1371,792309.0
MGNT,2026-07,15,1363,871302.0
MGNT,2026-07,16,1363,1151810.0
MGNT,2026-07,17,1355,1050687.0
MGNT,2026-07,18,1283,840678.0
MGNT,2026-07,19,1318,628038.0
MGNT,2026-07,20,1246,307124.0
MGNT,2026-07,21,1223,245259.0
MGNT,2026-07,22,1190,341934.0
MGNT,2026-07,23,1034,262989.0
MGNT,2026-08,6,21,11100.0
MGNT,2026-08,7,1230,1012459.0
MGNT,2026-08,8,1208,636533.0
MGNT,2026-08,9,1218,806812.0
MGNT,2026-08,10,1257,1657984.0
MGNT,2026-08,11,1252,1458882.0
MGNT,2026-08,12,1233,1184219.0
MGNT,2026-08,13,1246,1138462.0
MGNT,2026-08,14,1248,936424.0
MGNT,2026-08,15,1246,1059150.0
MGNT,2026-08,16,1244,1388634.0
MGNT,2026-08,17,1243,1495226.0
MGNT,2026-08,18,1157,1238227.0
MGNT,2026-08,19,1205,850196.0
MGNT,2026-08,20,1179,1011836.0
MGNT,2026-08,21,1165,465158.0
MGNT,2026-08,22,1150,379421.0
MGNT,2026-08,23,978,291246.0
MGNT,2026-09,6,19,9607.0
MGNT,2026-09,7,1083,665602.0
MGNT,2026-09,8,1042,310980.0
MGNT,2026-09,9,1090,535306.0
MGNT,2026-09,10,1119,903864.0
MGNT,2026-09,11,1114,899906.0
MGNT,2026-09,12,1117,779848.0
MGNT,2026-09,13,1117,1013382.0
MGNT,2026-09,14,1110,677921.0
MGNT,2026-09,15,1101,721036.0
MGNT,2026-09,16,1101,598394.0
MGNT,2026-09,17,1093,803484.0
MGNT,2026-09,18,982,690575.0
MGNT,2026-09,19,988,315829.0
MGNT,2026-09,20,965,572349.0
MGNT,2026-09,21,951,422682.0
MGNT,2026-09,22,897,424148.0
MGNT,2026-09,23,787,346353.0
MX,2025-09,8,4,286.0
MX,2025-09,9,240,39386.0
MX,2025-09,10,240,92779.0
MX,2025-09,11,240,65855.0
MX,2025-09,12,240,78633.0
MX,2025-09,13,240,52983.0
MX,2025-09,14,220,44575.0
MX,2025-09,15,240,49013.0
MX,2025-09,16,240,60190.0
MX,2025-09,17,240,62645.0
MX,2025-09,18,200,117129.0
MX,2025-09,19,220,50469.0
MX,2025-09,20,238,27686.0
MX,2025-09,21,238,31515.0
MX,2025-09,22,235,9994.0
MX,2025-09,23,197,9245.0
MX,2025-10,8,23,6072.0
MX,2025-10,9,1407,421142.0
MX,2025-10,10,1418,667142.0
MX,2025-10,11,1408,509059.0
MX,2025-10,12,1408,551855.0
MX,2025-10,13,1408,574340.0
MX,2025-10,14,1305,505366.0
MX,2025-10,15,1404,510423.0
MX,2025-10,16,1413,493115.0
MX,2025-10,17,1414,557246.0
MX,2025-10,18,1184,473651.0
MX,2025-10,19,1283,268229.0
MX,2025-10,20,1394,418687.0
MX,2025-10,21,1399,189183.0
MX,2025-10,22,1372,200298.0
MX,2025-10,23,1157,194857.0
MX,2025-11,8,29,3984.0
MX,2025-11,9,1717,245786.0
MX,2025-11,10,1830,446704.0
MX,2025-11,11,1715,404049.0
MX,2025-11,12,1709,304859.0
MX,2025-11,13,1658,224432.0
MX,2025-11,14,1528,285517.0
MX,2025-11,15,1661,388260.0
MX,2025-11,16,1649,399450.0
MX,2025-11,17,1752,471269.0
MX,2025-11,18,1373,265462.0
MX,2025-11,19,1346,160359.0
MX,2025-11,20,1409,203551.0
MX,2025-11,21,1435,247770.0
MX,2025-11,22,1365,122965.0
MX,2025-11,23,1221,112405.0
MX,2025-12,8,34,5134.0
MX,2025-12,9,2074,265259.0
MX,2025-12,10,2089,444110.0
MX,2025-12,11,2074,485724.0
MX,2025-12,12,2051,431820.0
MX,2025-12,13,2014,422314.0
MX,2025-12,14,1857,296030.0
MX,2025-12,15,2013,310593.0
MX,2025-12,16,2032,277575.0
MX,2025-12,17,2056,363013.0
MX,2025-12,18,1729,392066.0
MX,2025-12,19,1759,233492.0
MX,2025-12,20,1822,90836.0
MX,2025-12,21,1788,145745.0
MX,2025-12,22,1754,136173.0
MX,2025-12,23,1504,96916.0
MX,2026-01,8,19,2472.0
MX,2026-01,9,1140,199124.0
MX,2026-01,10,1140,258513.0
MX,2026-01,11,1138,244184.0
MX,2026-01,12,1137,153054.0
MX,2026-01,13,1134,157462.0
MX,2026-01,14,1038,125412.0
MX,2026-01,15,1131,90977.0
MX,2026-01,16,1133,160945.0
MX,2026-01,17,1137,200556.0
MX,2026-01,18,948,177214.0
MX,2026-01,19,1019,77813.0
MX,2026-01,20,1057,77546.0
MX,2026-01,21,1026,58025.0
MX,2026-01,22,1027,58067.0
MX,2026-01,23,910,53105.0
MX,2026-02,8,25,1915.0
MX,2026-02,9,1498,117398.0
MX,2026-02,10,1625,220951.0
MX,2026-02,11,1462,113840.0
MX,2026-02,12,1449,182470.0
MX,2026-02,13,1514,236320.0
MX,2026-02,14,1351,134892.0
MX,2026-02,15,1480,144503.0
MX,2026-02,16,1442,133925.0
MX,2026-02,17,1452,126234.0
MX,2026-02,18,1230,110425.0
MX,2026-02,19,1216,68671.0
MX,2026-02,20,1203,63691.0
MX,2026-02,21,1165,43693.0
MX,2026-02,22,1046,33659.0
MX,2026-02,23,967,38474.0
MX,2026-03,8,33,1685.0
MX,2026-03,9,1957,165974.0
MX,2026-03,10,1982,286086.0
MX,2026-03,11,1945,214583.0
MX,2026-03,12,1951,198890.0
MX,2026-03,13,1906,181239.0
MX,2026-03,14,1803,174490.0
MX,2026-03,15,1914,185318.0
MX,2026-03,16,1939,203457.0
MX,2026-03,17,1959,210845.0
MX,2026-03,18,1675,134306.0
MX,2026-03,19,1570,73795.0
MX,2026-03,20,1530,44324.0
MX,2026-03,21,1429,43545.0
MX,2026-03,22,1362,51575.0
MX,2026-03,23,1247,60419.0
MX,2026-04,8,22,845.0
MX,2026-04,9,1364,124446.0
MX,2026-04,10,1404,240513.0
MX,2026-04,11,1362,162222.0
MX,2026-04,12,1370,151416.0
MX,2026-04,13,1377,206530.0
MX,2026-04,14,1381,144283.0
MX,2026-04,15,1390,189020.0
MX,2026-04,16,1403,210199.0
MX,2026-04,17,1378,248663.0
MX,2026-04,18,1375,179182.0
MX,2026-04,19,1279,68136.0
MX,2026-04,20,1235,63293.0
MX,2026-04,21,1208,45859.0
MX,2026-04,22,1113,52414.0
MX,2026-04,23,1028,42709.0
MX,2026-05,8,20,896.0
MX,2026-05,9,1617,166211.0
MX,2026-05,10,1800,286346.0
MX,2026-05,11,1700,235318.0
MX,2026-05,12,1667,208868.0
MX,2026-05,13,1576,173525.0
MX,2026-05,14,1578,137799.0
MX,2026-05,15,1597,166162.0
MX,2026-05,16,1614,197235.0
MX,2026-05,17,1669,250026.0
MX,2026-05,18,1649,191793.0
MX,2026-05,19,1500,89456.0
MX,2026-05,20,1333,61968.0
MX,2026-05,21,1292,76989.0
MX,2026-05,22,1230,45689.0
MX,2026-05,23,1095,44949.0
MX,2026-06,8,28,1500.0
MX,2026-06,9,1906,347140.0
MX,2026-06,10,2042,609939.0
MX,2026-06,11,1997,432435.0
MX,2026-06,12,1941,478438.0
MX,2026-06,13,1923,499933.0
MX,2026-06,14,1935,441950.0
MX,2026-06,15,1954,746469.0
MX,2026-06,16,1959,525886.0
MX,2026-06,17,1991,549990.0
MX,2026-06,18,1949,399974.0
MX,2026-06,19,1754,194292.0
MX,2026-06,20,1695,104634.0
MX,2026-06,21,1670,102024.0
MX,2026-06,22,1529,75171.0
MX,2026-06,23,1352,76575.0
MX,2026-07,6,14,776.0
MX,2026-07,7,839,229972.0
MX,2026-07,8,849,181183.0
MX,2026-07,9,1380,677971.0
MX,2026-07,10,1380,1402278.0
MX,2026-07,11,1380,1070388.0
MX,2026-07,12,1380,855638.0
MX,2026-07,13,1380,890359.0
MX,2026-07,14,1379,793826.0
MX,2026-07,15,1380,710557.0
MX,2026-07,16,1380,1001545.0
MX,2026-07,17,1380,853196.0
MX,2026-07,18,1380,731270.0
MX,2026-07,19,1379,395637.0
MX,2026-07,20,1365,207001.0
MX,2026-07,21,1367,181751.0
MX,2026-07,22,1336,177859.0
MX,2026-07,23,1113,108657.0
MX,2026-08,6,26,1733.0
MX,2026-08,7,1871,399718.0
MX,2026-08,8,1838,299982.0
MX,2026-08,9,1916,482150.0
MX,2026-08,10,2112,994022.0
MX,2026-08,11,2059,1018277.0
MX,2026-08,12,2052,851723.0
MX,2026-08,13,2002,742146.0
MX,2026-08,14,1912,554916.0
MX,2026-08,15,1974,604992.0
MX,2026-08,16,1934,675043.0
MX,2026-08,17,1972,814463.0
MX,2026-08,18,1921,783895.0
MX,2026-08,19,1924,415275.0
MX,2026-08,20,1742,216912.0
MX,2026-08,21,1722,158181.0
MX,2026-08,22,1658,133691.0
MX,2026-08,23,1404,129617.0
MX,2026-09,6,28,2924.0
MX,2026-09,7,1837,314094.0
MX,2026-09,8,1785,209837.0
MX,2026-09,9,1858,360352.0
MX,2026-09,10,1882,726568.0
MX,2026-09,11,1883,698103.0
MX,2026-09,12,1880,713129.0
MX,2026-09,13,1870,840208.0
MX,2026-09,14,1873,595597.0
MX,2026-09,15,1850,637642.0
MX,2026-09,16,1841,549275.0
MX,2026-09,17,1838,612638.0
MX,2026-09,18,1781,645945.0
MX,2026-09,19,1698,296008.0
MX,2026-09,20,1657,295066.0
MX,2026-09,21,1654,224928.0
MX,2026-09,22,1653,153385.0
MX,2026-09,23,1366,144673.0
NVTK,2025-09,6,4,3050.0
NVTK,2025-09,7,237,356703.0
NVTK,2025-09,8,240,140738.0
NVTK,2025-09,9,240,383823.0
NVTK,2025-09,10,240,1251818.0
NVTK,2025-09,11,240,684496.0
NVTK,2025-09,12,240,1201449.0
NVTK,2025-09,13,240,1073500.0
NVTK,2025-09,14,240,987400.0
NVTK,2025-09,15,240,770005.0
NVTK,2025-09,16,240,719739.0
NVTK,2025-09,17,240,901489.0
NVTK,2025-09,18,178,955386.0
NVTK,2025-09,19,240,725024.0
NVTK,2025-09,20,239,185700.0
NVTK,2025-09,21,238,231168.0
NVTK,2025-09,22,236,103988.0
NVTK,2025-09,23,198,164155.0
NVTK,2025-10,6,22,72668.0
NVTK,2025-10,7,1358,2473211.0
NVTK,2025-10,8,1353,1240551.0
NVTK,2025-10,9,1354,2653435.0
NVTK,2025-10,10,1380,6554464.0
NVTK,2025-10,11,1380,6571805.0
NVTK,2025-10,12,1380,5874669.0
NVTK,2025-10,13,1380,6311721.0
NVTK,2025-10,14,1380,5132227.0
NVTK,2025-10,15,1380,4755048.0
NVTK,2025-10,16,1380,5051017.0
NVTK,2025-10,17,1380,6044687.0
NVTK,2025-10,18,1023,5603476.0
NVTK,2025-10,19,1379,3153219.0
NVTK,2025-10,20,1374,5602899.0
NVTK,2025-10,21,1360,2629018.0
NVTK,2025-10,22,1352,2684799.0
NVTK,2025-10,23,1123,2660590.0
NVTK,2025-11,2,10,156.0
NVTK,2025-11,3,7,13.0
NVTK,2025-11,4,7,77.0
NVTK,2025-11,5,6,26.0
NVTK,2025-11,6,30,37958.0
NVTK,2025-11,7,1127,1378242.0
NVTK,2025-11,8,1136,725986.0
NVTK,2025-11,9,1151,1577353.0
NVTK,2025-11,10,1179,3861071.0
NVTK,2025-11,11,1183,3738479.0
NVTK,2025-11,12,1181,3107587.0
NVTK,2025-11,13,1174,1898242.0
NVTK,2025-11,14,1182,2576125.0
NVTK,2025-11,15,1172,3214782.0
NVTK,2025-11,16,1172,3182828.0
NVTK,2025-11,17,1179,4177215.0
NVTK,2025-11,18,864,2861095.0
NVTK,2025-11,19,1161,1851512.0
NVTK,2025-11,20,1156,2385531.0
NVTK,2025-11,21,1151,2238495.0
NVTK,2025-11,22,1104,1137266.0
NVTK,2025-11,23,943,1424008.0
NVTK,2025-12,2,20,258.0
NVTK,2025-12,3,13,90.0
NVTK,2025-12,4,7,9.0
NVTK,2025-12,5,10,113.0
NVTK,2025-12,6,44,76674.0
NVTK,2025-12,7,1319,2246113.0
NVTK,2025-12,8,1303,1041214.0
NVTK,2025-12,9,1350,2291894.0
NVTK,2025-12,10,1366,5063184.0
NVTK,2025-12,11,1363,5379582.0
NVTK,2025-12,12,1356,5398959.0
NVTK,2025-12,13,1362,4914611.0
NVTK,2025-12,14,1363,4066831.0
NVTK,2025-12,15,1354,5043444.0
NVTK,2025-12,16,1356,4392890.0
NVTK,2025-12,17,1352,5484556.0
NVTK,2025-12,18,1022,4686223.0
NVTK,2025-12,19,1338,3488309.0
NVTK,2025-12,20,1329,1616792.0
NVTK,2025-12,21,1318,1806074.0
NVTK,2025-12,22,1309,2284830.0
NVTK,2025-12,23,1099,1382360.0
NVTK,2026-01,2,37,322.0
NVTK,2026-01,3,24,570.0
NVTK,2026-01,4,21,507.0
NVTK,2026-01,5,17,75.0
NVTK,2026-01,6,45,57361.0
NVTK,2026-01,7,1149,1692970.0
NVTK,2026-01,8,1170,932012.0
NVTK,2026-01,9,1190,1937942.0
NVTK,2026-01,10,1207,4356652.0
NVTK,2026-01,11,1215,4709678.0
NVTK,2026-01,12,1224,3843751.0
NVTK,2026-01,13,1218,2962553.0
NVTK,2026-01,14,1217,3067748.0
NVTK,2026-01,15,1205,2518715.0
NVTK,2026-01,16,1213,3203286.0
NVTK,2026-01,17,1230,4148129.0
NVTK,2026-01,18,922,3234779.0
NVTK,2026-01,19,1214,1743057.0
NVTK,2026-01,20,1190,1373860.0
NVTK,2026-01,21,1202,1364587.0
NVTK,2026-01,22,1176,1299190.0
NVTK,2026-01,23,986,1052775.0
NVTK,2026-02,2,8,87.0
NVTK,2026-02,3,6,59.0
NVTK,2026-02,4,5,56.0
NVTK,2026-02,5,16,1196.0
NVTK,2026-02,6,32,16311.0
NVTK,2026-02,7,1143,933273.0
NVTK,2026-02,8,1165,815272.0
NVTK,2026-02,9,1167,2265398.0
NVTK,2026-02,10,1200,4541516.0
NVTK,2026-02,11,1199,4155588.0
NVTK,2026-02,12,1199,3352569.0
NVTK,2026-02,13,1197,3924518.0
NVTK,2026-02,14,1198,3098580.0
NVTK,2026-02,15,1197,3476822.0
NVTK,2026-02,16,1196,3932069.0
NVTK,2026-02,17,1196,3301730.0
NVTK,2026-02,18,896,2750247.0
NVTK,2026-02,19,1160,1111532.0
NVTK,2026-02,20,1136,998301.0
NVTK,2026-02,21,1136,963324.0
NVTK,2026-02,22,1151,580002.0
NVTK,2026-02,23,961,605665.0
NVTK,2026-03,6,22,323847.0
NVTK,2026-03,7,1320,11830385.0
NVTK,2026-03,8,1320,7529414.0
NVTK,2026-03,9,1320,7297331.0
NVTK,2026-03,10,1320,13661224.0
NVTK,2026-03,11,1320,12989140.0
NVTK,2026-03,12,1320,14008318.0
NVTK,2026-03,13,1320,8617901.0
NVTK,2026-03,14,1317,11638516.0
NVTK,2026-03,15,1320,14819399.0
NVTK,2026-03,16,1320,13504104.0
NVTK,2026-03,17,1320,11185753.0
NVTK,2026-03,18,1077,8415057.0
NVTK,2026-03,19,1320,6188762.0
NVTK,2026-03,20,1320,4942877.0
NVTK,2026-03,21,1320,5515823.0
NVTK,2026-03,22,1319,6341152.0
NVTK,2026-03,23,1100,6776333.0
NVTK,2026-04,6,22,88428.0
NVTK,2026-04,7,1318,3092267.0
NVTK,2026-04,8,1319,1820884.0
NVTK,2026-04,9,1320,2691251.0
NVTK,2026-04,10,1320,4682716.0
NVTK,2026-04,11,1320,4123537.0
NVTK,2026-04,12,1320,3492968.0
NVTK,2026-04,13,1320,3913592.0
NVTK,2026-04,14,1320,3999329.0
NVTK,2026-04,15,1320,5131526.0
NVTK,2026-04,16,1320,4969976.0
NVTK,2026-04,17,1320,6240877.0
NVTK,2026-04,18,1266,4295604.0
NVTK,2026-04,19,1320,1738210.0
NVTK,2026-04,20,1318,1886974.0
NVTK,2026-04,21,1319,1787342.0
NVTK,2026-04,22,1314,1578852.0
NVTK,2026-04,23,1092,1684555.0
NVTK,2026-05,2,14,340.0
NVTK,2026-05,3,11,72.0
NVTK,2026-05,4,13,179.0
NVTK,2026-05,5,17,1040.0
NVTK,2026-05,6,41,22172.0
NVTK,2026-05,7,1224,1101781.0
NVTK,2026-05,8,1232,1118188.0
NVTK,2026-05,9,1225,1758405.0
NVTK,2026-05,10,1260,3874674.0
NVTK,2026-05,11,1260,3148512.0
NVTK,2026-05,12,1260,2816989.0
NVTK,2026-05,13,1256,2556255.0
NVTK,2026-05,14,1259,2181777.0
NVTK,2026-05,15,1258,3072040.0
NVTK,2026-05,16,1256,2916431.0
NVTK,2026-05,17,1259,3792147.0
NVTK,2026-05,18,1202,2577851.0
NVTK,2026-05,19,1232,1464387.0
NVTK,2026-05,20,1235,944826.0
NVTK,2026-05,21,1232,988612.0
NVTK,2026-05,22,1222,914543.0
NVTK,2026-05,23,1013,794145.0
NVTK,2026-06,2,9,122.0
NVTK,2026-06,3,6,102.0
NVTK,2026-06,4,8,26.0
NVTK,2026-06,5,7,83.0
NVTK,2026-06,6,38,27831.0
NVTK,2026-06,7,1286,2035379.0
NVTK,2026-06,8,1290,1437025.0
NVTK,2026-06,9,1281,3571059.0
NVTK,2026-06,10,1320,6425483.0
NVTK,2026-06,11,1320,5724502.0
NVTK,2026-06,12,1317,4869073.0
NVTK,2026-06,13,1319,5316549.0
NVTK,2026-06,14,1317,5172437.0
NVTK,2026-06,15,1320,7944049.0
NVTK,2026-06,16,1317,6699625.0
NVTK,2026-06,17,1314,6516052.0
NVTK,2026-06,18,1267,5239259.0
NVTK,2026-06,19,1298,2788090.0
NVTK,2026-06,20,1285,1769315.0
NVTK,2026-06,21,1283,1540090.0
NVTK,2026-06,22,1284,1560248.0
NVTK,2026-06,23,1069,1193172.0
NVTK,2026-07,6,23,29532.0
NVTK,2026-07,7,1377,3245462.0
NVTK,2026-07,8,1379,2409952.0
NVTK,2026-07,9,1379,5048645.0
NVTK,2026-07,10,1380,10447225.0
NVTK,2026-07,11,1380,8763474.0
NVTK,2026-07,12,1380,6274426.0
NVTK,2026-07,13,1380,6215236.0
NVTK,2026-07,14,1380,6792156.0
NVTK,2026-07,15,1380,6515811.0
NVTK,2026-07,16,1380,7617536.0
NVTK,2026-07,17,1380,7792948.0
NVTK,2026-07,18,1326,6222599.0
NVTK,2026-07,19,1380,3533162.0
NVTK,2026-07,20,1378,2336774.0
NVTK,2026-07,21,1372,1510952.0
NVTK,2026-07,22,1374,2013185.0
NVTK,2026-07,23,1142,1543484.0
NVTK,2026-08,6,21,28153.0
NVTK,2026-08,7,1259,2771188.0
NVTK,2026-08,8,1259,1789532.0
NVTK,2026-08,9,1260,2673432.0
NVTK,2026-08,10,1260,5639473.0
NVTK,2026-08,11,1260,5390593.0
NVTK,2026-08,12,1260,5002196.0
NVTK,2026-08,13,1260,4767970.0
NVTK,2026-08,14,1260,3793035.0
NVTK,2026-08,15,1260,3392131.0
NVTK,2026-08,16,1260,3839387.0
NVTK,2026-08,17,1260,5583030.0
NVTK,2026-08,18,1209,5053119.0
NVTK,2026-08,19,1260,2661603.0
NVTK,2026-08,20,1260,1460941.0
NVTK,2026-08,21,1255,1264707.0
NVTK,2026-08,22,1257,1002352.0
NVTK,2026-08,23,1044,943820.0
NVTK,2026-09,6,19,82696.0
NVTK,2026-09,7,1140,6078574.0
NVTK,2026-09,8,1140,2744215.0
NVTK,2026-09,9,1140,4143006.0
NVTK,2026-09,10,1140,7039889.0
NVTK,2026-09,11,1140,6527781.0
NVTK,2026-09,12,1140,5876150.0
NVTK,2026-09,13,1140,6051615.0
NVTK,2026-09,14,1140,4525217.0
NVTK,2026-09,15,1140,6955240.0
NVTK,2026-09,16,1140,6916767.0
NVTK,2026-09,17,1140,6446653.0
NVTK,2026-09,18,1050,7346088.0
NVTK,2026-09,19,1080,2697573.0
NVTK,2026-09,20,1077,3224170.0
NVTK,2026-09,21,1076,2498975.0
NVTK,2026-09,22,1074,2139603.0
NVTK,2026-09,23,894,1527970.0
PLZL,2025-09,6,4,7115.0
PLZL,2025-09,7,239,190525.0
PLZL,2025-09,8,238,181764.0
PLZL,2025-09,9,240,235818.0
PLZL,2025-09,10,240,350401.0
PLZL,2025-09,11,240,513893.0
PLZL,2025-09,12,240,410697.0
PLZL,2025-09,13,240,348551.0
PLZL,2025-09,14,240,345686.0
PLZL,2025-09,15,240,329082.0
PLZL,2025-09,16,239,246437.0
PLZL,2025-09,17,240,356886.0
PLZL,2025-09,18,179,322629.0
PLZL,2025-09,19,240,154436.0
PLZL,2025-09,20,239,76626.0
PLZL,2025-09,21,240,126008.0
PLZL,2025-09,22,238,50675.0
PLZL,2025-09,23,199,87816.0
PLZL,2025-10,6,22,30532.0
PLZL,2025-10,7,1371,1768991.0
PLZL,2025-10,8,1375,1021887.0
PLZL,2025-10,9,1358,2075481.0
PLZL,2025-10,10,1380,4114211.0
PLZL,2025-10,11,1380,3410155.0
PLZL,2025-10,12,1380,3630629.0
PLZL,2025-10,13,1380,2668478.0
PLZL,2025-10,14,1379,2846198.0
PLZL,2025-10,15,1380,3209570.0
PLZL,2025-10,16,1380,3068252.0
PLZL,2025-10,17,1380,4413229.0
PLZL,2025-10,18,1027,2340891.0
PLZL,2025-10,19,1380,1683945.0
PLZL,2025-10,20,1377,1967747.0
PLZL,2025-10,21,1374,1276148.0
PLZL,2025-10,22,1364,855981.0
PLZL,2025-10,23,1140,855447.0
PLZL,2025-11,2,19,128.0
PLZL,2025-11,3,8,13.0
PLZL,2025-11,4,12,24.0
PLZL,2025-11,5,10,129.0
PLZL,2025-11,6,39,15099.0
PLZL,2025-11,7,1144,595557.0
PLZL,2025-11,8,1132,369668.0
PLZL,2025-11,9,1173,578382.0
PLZL,2025-11,10,1175,1730346.0
PLZL,2025-11,11,1183,1100429.0
PLZL,2025-11,12,1182,958055.0
PLZL,2025-11,13,1178,787419.0
PLZL,2025-11,14,1184,864906.0
PLZL,2025-11,15,1176,1027535.0
PLZL,2025-11,16,1181,1185352.0
PLZL,2025-11,17,1182,1496825.0
PLZL,2025-11,18,880,939537.0
PLZL,2025-11,19,1161,675654.0
PLZL,2025-11,20,1146,505944.0
PLZL,2025-11,21,1126,572327.0
PLZL,2025-11,22,1089,404761.0
PLZL,2025-11,23,934,359803.0
PLZL,2025-12,2,18,285.0
PLZL,2025-12,3,11,115.0
PLZL,2025-12,4,14,194.0
PLZL,2025-12,5,9,99.0
PLZL,2025-12,6,42,16447.0
PLZL,2025-12,7,1283,598276.0
PLZL,2025-12,8,1309,327463.0
PLZL,2025-12,9,1327,616616.0
PLZL,2025-12,10,1367,1704234.0
PLZL,2025-12,11,1369,1623990.0
PLZL,2025-12,12,1368,1445146.0
PLZL,2025-12,13,1370,1411236.0
PLZL,2025-12,14,1372,1203469.0
PLZL,2025-12,15,1357,1585273.0
PLZL,2025-12,16,1362,1362940.0
PLZL,2025-12,17,1358,1897386.0
PLZL,2025-12,18,1015,1506261.0
PLZL,2025-12,19,1329,1104099.0
PLZL,2025-12,20,1331,516045.0
PLZL,2025-12,21,1311,487122.0
PLZL,2025-12,22,1270,374863.0
PLZL,2025-12,23,1080,428933.0
PLZL,2026-01,2,51,578.0
PLZL,2026-01,3,30,325.0
PLZL,2026-01,4,30,175.0
PLZL,2026-01,5,23,605.0
PLZL,2026-01,6,57,81110.0
PLZL,2026-01,7,1160,1947068.0
PLZL,2026-01,8,1178,1211109.0
PLZL,2026-01,9,1201,1810396.0
PLZL,2026-01,10,1226,2674433.0
PLZL,2026-01,11,1226,2179002.0
PLZL,2026-01,12,1236,1820571.0
PLZL,2026-01,13,1226,1523516.0
PLZL,2026-01,14,1224,1588714.0
PLZL,2026-01,15,1222,1703516.0
PLZL,2026-01,16,1220,1828994.0
PLZL,2026-01,17,1221,2145352.0
PLZL,2026-01,18,927,2593538.0
PLZL,2026-01,19,1224,1309671.0
PLZL,2026-01,20,1198,933131.0
PLZL,2026-01,21,1182,927456.0
PLZL,2026-01,22,1183,1029327.0
PLZL,2026-01,23,989,1011343.0
PLZL,2026-02,2,21,657.0
PLZL,2026-02,3,20,1535.0
PLZL,2026-02,4,11,155.0
PLZL,2026-02,5,19,413.0
PLZL,2026-02,6,40,36804.0
PLZL,2026-02,7,1168,1243138.0
PLZL,2026-02,8,1174,798164.0
PLZL,2026-02,9,1169,1087948.0
PLZL,2026-02,10,1200,1981985.0
PLZL,2026-02,11,1199,1589042.0
PLZL,2026-02,12,1196,1443074.0
PLZL,2026-02,13,1200,1441785.0
PLZL,2026-02,14,1200,1149055.0
PLZL,2026-02,15,1200,1132607.0
PLZL,2026-02,16,1199,2117883.0
PLZL,2026-02,17,1199,1890892.0
PLZL,2026-02,18,908,1432127.0
PLZL,2026-02,19,1179,1027508.0
PLZL,2026-02,20,1135,517524.0
PLZL,2026-02,21,1150,481045.0
PLZL,2026-02,22,1184,378893.0
PLZL,2026-02,23,980,404453.0
PLZL,2026-03,6,22,68933.0
PLZL,2026-03,7,1318,1609021.0
PLZL,2026-03,8,1317,772447.0
PLZL,2026-03,9,1320,1696528.0
PLZL,2026-03,10,1320,2402226.0
PLZL,2026-03,11,1320,2305812.0
PLZL,2026-03,12,1320,1821049.0
PLZL,2026-03,13,1320,1790626.0
PLZL,2026-03,14,1317,2381654.0
PLZL,2026-03,15,1320,2306567.0
PLZL,2026-03,16,1320,2418083.0
PLZL,2026-03,17,1320,2680106.0
PLZL,2026-03,18,1067,1822107.0
PLZL,2026-03,19,1319,1329198.0
PLZL,2026-03,20,1319,650356.0
PLZL,2026-03,21,1320,642168.0
PLZL,2026-03,22,1317,658535.0
PLZL,2026-03,23,1097,597220.0
PLZL,2026-04,6,22,25684.0
PLZL,2026-04,7,1316,1648608.0
PLZL,2026-04,8,1315,799974.0
PLZL,2026-04,9,1318,1336897.0
PLZL,2026-04,10,1320,2464093.0
PLZL,2026-04,11,1320,1943152.0
PLZL,2026-04,12,1320,1681110.0
PLZL,2026-04,13,1320,1621019.0
PLZL,2026-04,14,1320,1568673.0
PLZL,2026-04,15,1320,2252166.0
PLZL,2026-04,16,1320,2978093.0
PLZL,2026-04,17,1319,3091219.0
PLZL,2026-04,18,1263,2369610.0
PLZL,2026-04,19,1315,890158.0
PLZL,2026-04,20,1316,853010.0
PLZL,2026-04,21,1301,648376.0
PLZL,2026-04,22,1301,503639.0
PLZL,2026-04,23,1087,457924.0
PLZL,2026-05,2,21,1456.0
PLZL,2026-05,3,16,664.0
PLZL,2026-05,4,8,66.0
PLZL,2026-05,5,24,558.0
PLZL,2026-05,6,43,39182.0
PLZL,2026-05,7,1225,696908.0
PLZL,2026-05,8,1225,451992.0
PLZL,2026-05,9,1232,809162.0
PLZL,2026-05,10,1260,1492441.0
PLZL,2026-05,11,1259,1531751.0
PLZL,2026-05,12,1258,1712078.0
PLZL,2026-05,13,1258,1150472.0
PLZL,2026-05,14,1257,1262838.0
PLZL,2026-05,15,1257,1010553.0
PLZL,2026-05,16,1256,1132635.0
PLZL,2026-05,17,1258,1204957.0
PLZL,2026-05,18,1198,881231.0
PLZL,2026-05,19,1238,531766.0
PLZL,2026-05,20,1219,428878.0
PLZL,2026-05,21,1219,373120.0
PLZL,2026-05,22,1206,375251.0
PLZL,2026-05,23,1006,369519.0
PLZL,2026-06,2,19,274.0
PLZL,2026-06,3,11,31.0
PLZL,2026-06,4,14,167.0
PLZL,2026-06,5,14,109.0
PLZL,2026-06,6,47,24421.0
PLZL,2026-06,7,1283,693496.0
PLZL,2026-06,8,1267,486435.0
PLZL,2026-06,9,1281,970854.0
PLZL,2026-06,10,1318,1844519.0
PLZL,2026-06,11,1320,1826531.0
PLZL,2026-06,12,1319,1594692.0
PLZL,2026-06,13,1318,1758612.0
PLZL,2026-06,14,1316,1411522.0
PLZL,2026-06,15,1318,2448257.0
PLZL,2026-06,16,1318,2058464.0
PLZL,2026-06,17,1319,1812815.0
PLZL,2026-06,18,1258,1295390.0
PLZL,2026-06,19,1284,526247.0
PLZL,2026-06,20,1280,398998.0
PLZL,2026-06,21,1253,450832.0
PLZL,2026-06,22,1246,513346.0
PLZL,2026-06,23,1037,368979.0
PLZL,2026-07,6,23,53917.0
PLZL,2026-07,7,1362,8816375.0
PLZL,2026-07,8,1373,3917351.0
PLZL,2026-07,9,1377,4491232.0
PLZL,2026-07,10,1380,15125965.0
PLZL,2026-07,11,1352,14475913.0
PLZL,2026-07,12,1380,9510460.0
PLZL,2026-07,13,1380,8108028.0
PLZL,2026-07,14,1380,7121153.0
PLZL,2026-07,15,1380,7496594.0
PLZL,2026-07,16,1380,9252199.0
PLZL,2026-07,17,1379,8919353.0
PLZL,2026-07,18,1331,6845070.0
PLZL,2026-07,19,1376,5366915.0
PLZL,2026-07,20,1375,3874656.0
PLZL,2026-07,21,1370,3882601.0
PLZL,2026-07,22,1375,2799665.0
PLZL,2026-07,23,1137,2086368.0
PLZL,2026-08,6,21,34791.0
PLZL,2026-08,7,1260,5298657.0
PLZL,2026-08,8,1259,2825183.0
PLZL,2026-08,9,1260,3742314.0
PLZL,2026-08,10,1260,6253602.0
PLZL,2026-08,11,1260,6952336.0
PLZL,2026-08,12,1260,6138326.0
PLZL,2026-08,13,1260,5368904.0
PLZL,2026-08,14,1260,4340825.0
PLZL,2026-08,15,1260,4704140.0
PLZL,2026-08,16,1260,6212195.0
PLZL,2026-08,17,1260,6621279.0
PLZL,2026-08,18,1211,5034750.0
PLZL,2026-08,19,1260,3068668.0
PLZL,2026-08,20,1260,1947450.0
PLZL,2026-08,21,1259,1312571.0
PLZL,2026-08,22,1259,1951064.0
PLZL,2026-08,23,1049,1402235.0
PLZL,2026-09,6,19,27782.0
PLZL,2026-09,7,1137,4029573.0
PLZL,2026-09,8,1139,2384154.0
PLZL,2026-09,9,1140,4320386.0
PLZL,2026-09,10,1140,5598495.0
PLZL,2026-09,11,1140,4678958.0
PLZL,2026-09,12,1140,3786345.0
PLZL,2026-09,13,1140,4297123.0
PLZL,2026-09,14,1140,3657658.0
PLZL,2026-09,15,1140,5489789.0
PLZL,2026-09,16,1140,5192681.0
PLZL,2026-09,17,1140,4011134.0
PLZL,2026-09,18,1049,2474092.0
PLZL,2026-09,19,1080,1802016.0
PLZL,2026-09,20,1078,1639778.0
PLZL,2026-09,21,1078,1878929.0
PLZL,2026-09,22,1078,971783.0
PLZL,2026-09,23,891,924194.0
RI,2025-09,8,4,189.0
RI,2025-09,9,240,15867.0
RI,2025-09,10,240,42262.0
RI,2025-09,11,240,25607.0
RI,2025-09,12,240,28216.0
RI,2025-09,13,240,29726.0
RI,2025-09,14,220,18320.0
RI,2025-09,15,239,16294.0
RI,2025-09,16,240,24765.0
RI,2025-09,17,240,25011.0
RI,2025-09,18,200,45365.0
RI,2025-09,19,219,19937.0
RI,2025-09,20,238,9434.0
RI,2025-09,21,222,7157.0
RI,2025-09,22,206,3262.0
RI,2025-09,23,188,4694.0
RI,2025-10,8,23,1761.0
RI,2025-10,9,1380,171481.0
RI,2025-10,10,1380,307532.0
RI,2025-10,11,1380,224748.0
RI,2025-10,12,1380,221138.0
RI,2025-10,13,1380,210677.0
RI,2025-10,14,1265,199640.0
RI,2025-10,15,1380,202351.0
RI,2025-10,16,1380,193010.0
RI,2025-10,17,1380,223225.0
RI,2025-10,18,1149,172996.0
RI,2025-10,19,1256,96078.0
RI,2025-10,20,1334,130049.0
RI,2025-10,21,1313,60519.0
RI,2025-10,22,1271,59662.0
RI,2025-10,23,1075,56239.0
RI,2025-11,8,25,1084.0
RI,2025-11,9,1345,96612.0
RI,2025-11,10,1481,211447.0
RI,2025-11,11,1441,148112.0
RI,2025-11,12,1355,110205.0
RI,2025-11,13,1315,83682.0
RI,2025-11,14,1227,98565.0
RI,2025-11,15,1360,149541.0
RI,2025-11,16,1378,185217.0
RI,2025-11,17,1404,165669.0
RI,2025-11,18,1098,87271.0
RI,2025-11,19,1100,54179.0
RI,2025-11,20,1136,56202.0
RI,2025-11,21,1161,67593.0
RI,2025-11,22,1085,32720.0
RI,2025-11,23,951,32544.0
RI,2025-12,8,28,953.0
RI,2025-12,9,1815,104259.0
RI,2025-12,10,1907,202732.0
RI,2025-12,11,1870,168884.0
RI,2025-12,12,1808,150250.0
RI,2025-12,13,1776,138836.0
RI,2025-12,14,1658,112410.0
RI,2025-12,15,1779,122876.0
RI,2025-12,16,1786,122714.0
RI,2025-12,17,1808,165261.0
RI,2025-12,18,1560,154903.0
RI,2025-12,19,1546,78744.0
RI,2025-12,20,1516,37360.0
RI,2025-12,21,1510,51159.0
RI,2025-12,22,1427,37934.0
RI,2025-12,23,1223,29640.0
RI,2026-01,8,18,573.0
RI,2026-01,9,1134,82645.0
RI,2026-01,10,1140,166570.0
RI,2026-01,11,1135,116544.0
RI,2026-01,12,1139,92241.0
RI,2026-01,13,1133,81698.0
RI,2026-01,14,1035,72583.0
RI,2026-01,15,1124,52448.0
RI,2026-01,16,1129,76290.0
RI,2026-01,17,1135,101617.0
RI,2026-01,18,944,69136.0
RI,2026-01,19,973,34447.0
RI,2026-01,20,984,26239.0
RI,2026-01,21,954,19950.0
RI,2026-01,22,928,20408.0
RI,2026-01,23,809,19705.0
RI,2026-02,8,23,489.0
RI,2026-02,9,1287,69308.0
RI,2026-02,10,1423,168679.0
RI,2026-02,11,1338,96368.0
RI,2026-02,12,1343,120130.0
RI,2026-02,13,1372,133427.0
RI,2026-02,14,1211,82207.0
RI,2026-02,15,1313,80783.0
RI,2026-02,16,1257,85948.0
RI,2026-02,17,1282,89944.0
RI,2026-02,18,1097,58426.0
RI,2026-02,19,1059,35736.0
RI,2026-02,20,1031,24545.0
RI,2026-02,21,971,16997.0
RI,2026-02,22,882,11951.0
RI,2026-02,23,779,13416.0
RI,2026-03,8,28,1211.0
RI,2026-03,9,1784,103574.0
RI,2026-03,10,1833,199863.0
RI,2026-03,11,1795,133137.0
RI,2026-03,12,1734,126382.0
RI,2026-03,13,1736,107665.0
RI,2026-03,14,1655,116256.0
RI,2026-03,15,1756,113853.0
RI,2026-03,16,1740,111825.0
RI,2026-03,17,1802,128912.0
RI,2026-03,18,1564,97163.0
RI,2026-03,19,1465,47159.0
RI,2026-03,20,1403,32909.0
RI,2026-03,21,1373,28719.0
RI,2026-03,22,1250,26419.0
RI,2026-03,23,1101,27923.0
RI,2026-04,8,15,246.0
RI,2026-04,9,1307,82637.0
RI,2026-04,10,1318,164644.0
RI,2026-04,11,1319,105617.0
RI,2026-04,12,1318,84032.0
RI,2026-04,13,1310,88834.0
RI,2026-04,14,1305,72553.0
RI,2026-04,15,1300,95426.0
RI,2026-04,16,1309,104835.0
RI,2026-04,17,1313,107021.0
RI,2026-04,18,1305,83318.0
RI,2026-04,19,1209,29919.0
RI,2026-04,20,1093,23553.0
RI,2026-04,21,1089,20231.0
RI,2026-04,22,1005,20341.0
RI,2026-04,23,900,18835.0
RI,2026-05,8,17,370.0
RI,2026-05,9,1443,100190.0
RI,2026-05,10,1547,170155.0
RI,2026-05,11,1509,116827.0
RI,2026-05,12,1470,104218.0
RI,2026-05,13,1402,82626.0
RI,2026-05,14,1389,70084.0
RI,2026-05,15,1406,78061.0
RI,2026-05,16,1430,96829.0
RI,2026-05,17,1520,117215.0
RI,2026-05,18,1423,88517.0
RI,2026-05,19,1252,36509.0
RI,2026-05,20,1132,26151.0
RI,2026-05,21,1120,26462.0
RI,2026-05,22,1044,21628.0
RI,2026-05,23,903,19647.0
RI,2026-06,8,25,340.0
RI,2026-06,9,1720,133460.0
RI,2026-06,10,1900,260416.0
RI,2026-06,11,1811,175888.0
RI,2026-06,12,1780,167916.0
RI,2026-06,13,1770,166966.0
RI,2026-06,14,1765,146654.0
RI,2026-06,15,1817,228164.0
RI,2026-06,16,1775,166228.0
RI,2026-06,17,1776,182635.0
RI,2026-06,18,1709,122606.0
RI,2026-06,19,1520,56089.0
RI,2026-06,20,1465,31975.0
RI,2026-06,21,1320,26913.0
RI,2026-06,22,1251,23081.0
RI,2026-06,23,1115,24890.0
RI,2026-07,6,10,67.0
RI,2026-07,7,867,45573.0
RI,2026-07,8,896,35941.0
RI,2026-07,9,1460,187408.0
RI,2026-07,10,1557,366018.0
RI,2026-07,11,1478,257559.0
RI,2026-07,12,1475,256898.0
RI,2026-07,13,1521,249602.0
RI,2026-07,14,1469,205541.0
RI,2026-07,15,1469,193475.0
RI,2026-07,16,1509,257812.0
RI,2026-07,17,1514,233156.0
RI,2026-07,18,1468,201460.0
RI,2026-07,19,1447,109466.0
RI,2026-07,20,1363,61656.0
RI,2026-07,21,1363,50596.0
RI,2026-07,22,1300,48985.0
RI,2026-07,23,1111,29821.0
RI,2026-08,6,16,120.0
RI,2026-08,7,1470,71240.0
RI,2026-08,8,1449,56812.0
RI,2026-08,9,1567,105807.0
RI,2026-08,10,1696,241178.0
RI,2026-08,11,1623,197849.0
RI,2026-08,12,1659,196118.0
RI,2026-08,13,1614,161903.0
RI,2026-08,14,1585,134158.0
RI,2026-08,15,1553,134368.0
RI,2026-08,16,1621,146110.0
RI,2026-08,17,1664,203521.0
RI,2026-08,18,1619,177981.0
RI,2026-08,19,1495,83339.0
RI,2026-08,20,1354,49263.0
RI,2026-08,21,1325,42626.0
RI,2026-08,22,1264,33128.0
RI,2026-08,23,1060,28749.0
RI,2026-09,6,16,351.0
RI,2026-09,7,1534,57899.0
RI,2026-09,8,1522,42480.0
RI,2026-09,9,1639,89879.0
RI,2026-09,10,1736,172531.0
RI,2026-09,11,1721,136648.0
RI,2026-09,12,1711,152080.0
RI,2026-09,13,1701,172597.0
RI,2026-09,14,1692,119440.0
RI,2026-09,15,1707,145128.0
RI,2026-09,16,1674,114255.0
RI,2026-09,17,1650,138380.0
RI,2026-09,18,1584,140088.0
RI,2026-09,19,1437,62407.0
RI,2026-09,20,1366,55413.0
RI,2026-09,21,1357,42437.0
RI,2026-09,22,1227,31612.0
RI,2026-09,23,1047,29134.0
RN,2025-09,8,2,55.0
RN,2025-09,9,130,1811.0
RN,2025-09,10,186,3296.0
RN,2025-09,11,171,2319.0
RN,2025-09,12,166,3148.0
RN,2025-09,13,145,1849.0
RN,2025-09,14,133,1889.0
RN,2025-09,15,107,945.0
RN,2025-09,16,143,1600.0
RN,2025-09,17,136,1871.0
RN,2025-09,18,142,3051.0
RN,2025-09,19,124,1552.0
RN,2025-09,20,94,546.0
RN,2025-09,21,90,680.0
RN,2025-09,22,68,892.0
RN,2025-09,23,41,207.0
RN,2025-10,8,12,286.0
RN,2025-10,9,947,15807.0
RN,2025-10,10,1086,22589.0
RN,2025-10,11,1002,18199.0
RN,2025-10,12,903,19450.0
RN,2025-10,13,861,16564.0
RN,2025-10,14,865,18404.0
RN,2025-10,15,892,16136.0
RN,2025-10,16,927,17590.0
RN,2025-10,17,988,19432.0
RN,2025-10,18,755,12554.0
RN,2025-10,19,618,7273.0
RN,2025-10,20,592,10607.0
RN,2025-10,21,489,4851.0
RN,2025-10,22,418,4388.0
RN,2025-10,23,366,5051.0
RN,2025-11,8,10,32.0
RN,2025-11,9,680,7638.0
RN,2025-11,10,879,17107.0
RN,2025-11,11,820,15149.0
RN,2025-11,12,754,12145.0
RN,2025-11,13,693,7610.0
RN,2025-11,14,655,9717.0
RN,2025-11,15,691,13331.0
RN,2025-11,16,668,12265.0
RN,2025-11,17,750,12010.0
RN,2025-11,18,611,7912.0
RN,2025-11,19,465,5985.0
RN,2025-11,20,391,5533.0
RN,2025-11,21,392,6070.0
RN,2025-11,22,327,3589.0
RN,2025-11,23,365,2840.0
RN,2025-12,8,12,195.0
RN,2025-12,9,717,7115.0
RN,2025-12,10,1162,16709.0
RN,2025-12,11,1206,16970.0
RN,2025-12,12,904,12528.0
RN,2025-12,13,857,9909.0
RN,2025-12,14,787,9130.0
RN,2025-12,15,736,7161.0
RN,2025-12,16,747,7156.0
RN,2025-12,17,1003,11195.0
RN,2025-12,18,723,9501.0
RN,2025-12,19,543,5612.0
RN,2025-12,20,345,2369.0
RN,2025-12,21,352,3166.0
RN,2025-12,22,294,3435.0
RN,2025-12,23,241,2140.0
RN,2026-01,8,11,243.0
RN,2026-01,9,531,6054.0
RN,2026-01,10,697,15905.0
RN,2026-01,11,624,8821.0
RN,2026-01,12,472,4342.0
RN,2026-01,13,479,6803.0
RN,2026-01,14,431,4085.0
RN,2026-01,15,443,4151.0
RN,2026-01,16,439,5904.0
RN,2026-01,17,592,8895.0
RN,2026-01,18,395,5766.0
RN,2026-01,19,314,2882.0
RN,2026-01,20,257,2560.0
RN,2026-01,21,266,1803.0
RN,2026-01,22,232,2833.0
RN,2026-01,23,236,1540.0
RN,2026-02,8,6,92.0
RN,2026-02,9,541,6074.0
RN,2026-02,10,759,12364.0
RN,2026-02,11,672,6914.0
RN,2026-02,12,614,8998.0
RN,2026-02,13,659,8586.0
RN,2026-02,14,611,9259.0
RN,2026-02,15,697,9573.0
RN,2026-02,16,631,7841.0
RN,2026-02,17,626,8000.0
RN,2026-02,18,545,6279.0
RN,2026-02,19,456,4480.0
RN,2026-02,20,416,4895.0
RN,2026-02,21,365,3839.0
RN,2026-02,22,264,2106.0
RN,2026-02,23,258,1808.0
RN,2026-03,8,32,1143.0
RN,2026-03,9,1890,78741.0
RN,2026-03,10,1986,79616.0
RN,2026-03,11,1828,55300.0
RN,2026-03,12,1793,58565.0
RN,2026-03,13,1692,40764.0
RN,2026-03,14,1682,52757.0
RN,2026-03,15,1763,55588.0
RN,2026-03,16,1856,58685.0
RN,2026-03,17,1830,55121.0
RN,2026-03,18,1511,37127.0
RN,2026-03,19,1262,24361.0
RN,2026-03,20,1202,22769.0
RN,2026-03,21,1204,25615.0
RN,2026-03,22,1213,34435.0
RN,2026-03,23,1095,26232.0
RN,2026-04,8,18,356.0
RN,2026-04,9,1115,27657.0
RN,2026-04,10,1121,26879.0
RN,2026-04,11,984,17940.0
RN,2026-04,12,935,13949.0
RN,2026-04,13,911,17101.0
RN,2026-04,14,937,16365.0
RN,2026-04,15,996,20746.0
RN,2026-04,16,990,27896.0
RN,2026-04,17,1067,24893.0
RN,2026-04,18,1002,17187.0
RN,2026-04,19,732,10409.0
RN,2026-04,20,812,13886.0
RN,2026-04,21,634,7944.0
RN,2026-04,22,638,9743.0
RN,2026-04,23,543,8691.0
RN,2026-05,8,9,119.0
RN,2026-05,9,964,11999.0
RN,2026-05,10,1081,16076.0
RN,2026-05,11,1055,15185.0
RN,2026-05,12,894,12809.0
RN,2026-05,13,810,12058.0
RN,2026-05,14,715,7814.0
RN,2026-05,15,813,10984.0
RN,2026-05,16,884,10632.0
RN,2026-05,17,969,14823.0
RN,2026-05,18,821,10008.0
RN,2026-05,19,599,5762.0
RN,2026-05,20,491,6351.0
RN,2026-05,21,455,4884.0
RN,2026-05,22,472,5630.0
RN,2026-05,23,426,4780.0
RN,2026-06,8,15,197.0
RN,2026-06,9,1315,40312.0
RN,2026-06,10,1397,41709.0
RN,2026-06,11,1336,36120.0
RN,2026-06,12,1164,37063.0
RN,2026-06,13,1136,38150.0
RN,2026-06,14,1168,30503.0
RN,2026-06,15,1220,57405.0
RN,2026-06,16,1159,35315.0
RN,2026-06,17,1192,45569.0
RN,2026-06,18,1123,29808.0
RN,2026-06,19,893,17724.0
RN,2026-06,20,820,9683.0
RN,2026-06,21,762,13171.0
RN,2026-06,22,635,9514.0
RN,2026-06,23,551,7030.0
RN,2026-07,6,9,258.0
RN,2026-07,7,829,28686.0
RN,2026-07,8,780,16295.0
RN,2026-07,9,1467,52783.0
RN,2026-07,10,1617,90119.0
RN,2026-07,11,1497,76914.0
RN,2026-07,12,1419,63732.0
RN,2026-07,13,1336,50347.0
RN,2026-07,14,1315,50286.0
RN,2026-07,15,1349,55134.0
RN,2026-07,16,1416,69999.0
RN,2026-07,17,1403,67219.0
RN,2026-07,18,1305,52110.0
RN,2026-07,19,1119,33836.0
RN,2026-07,20,948,15694.0
RN,2026-07,21,953,16376.0
RN,2026-07,22,909,23626.0
RN,2026-07,23,723,15492.0
RN,2026-08,6,6,38.0
RN,2026-08,7,1125,26629.0
RN,2026-08,8,960,14609.0
RN,2026-08,9,1116,23021.0
RN,2026-08,10,1350,42860.0
RN,2026-08,11,1331,48328.0
RN,2026-08,12,1281,42019.0
RN,2026-08,13,1279,36321.0
RN,2026-08,14,1164,27079.0
RN,2026-08,15,1126,27355.0
RN,2026-08,16,1169,35836.0
RN,2026-08,17,1201,34012.0
RN,2026-08,18,1217,35468.0
RN,2026-08,19,982,19310.0
RN,2026-08,20,843,12168.0
RN,2026-08,21,723,13050.0
RN,2026-08,22,711,8899.0
RN,2026-08,23,597,7641.0
RN,2026-09,6,14,141.0
RN,2026-09,7,1409,55840.0
RN,2026-09,8,1272,29444.0
RN,2026-09,9,1333,37139.0
RN,2026-09,10,1535,63108.0
RN,2026-09,11,1496,61872.0
RN,2026-09,12,1503,50988.0
RN,2026-09,13,1407,52143.0
RN,2026-09,14,1389,42203.0
RN,2026-09,15,1392,50922.0
RN,2026-09,16,1356,42125.0
RN,2026-09,17,1380,41670.0
RN,2026-09,18,1241,55826.0
RN,2026-09,19,1102,38373.0
RN,2026-09,20,1037,26553.0
RN,2026-09,21,1057,22132.0
RN,2026-09,22,946,17392.0
RN,2026-09,23,797,14569.0
ROSN,2025-09,6,4,3289.0
ROSN,2025-09,7,238,309430.0
ROSN,2025-09,8,239,206502.0
ROSN,2025-09,9,240,414390.0
ROSN,2025-09,10,240,1426114.0
ROSN,2025-09,11,240,987363.0
ROSN,2025-09,12,240,1508687.0
ROSN,2025-09,13,240,1186759.0
ROSN,2025-09,14,240,1282582.0
ROSN,2025-09,15,240,973663.0
ROSN,2025-09,16,240,1119433.0
ROSN,2025-09,17,240,1071429.0
ROSN,2025-09,18,179,1314032.0
ROSN,2025-09,19,240,1090319.0
ROSN,2025-09,20,240,547267.0
ROSN,2025-09,21,240,543284.0
ROSN,2025-09,22,240,254580.0
ROSN,2025-09,23,200,244612.0
ROSN,2025-10,6,23,141688.0
ROSN,2025-10,7,1373,5628178.0
ROSN,2025-10,8,1377,2320681.0
ROSN,2025-10,9,1380,4925584.0
ROSN,2025-10,10,1380,11031495.0
ROSN,2025-10,11,1380,8830648.0
ROSN,2025-10,12,1380,8347120.0
ROSN,2025-10,13,1380,7963260.0
ROSN,2025-10,14,1380,10350753.0
ROSN,2025-10,15,1380,8857969.0
ROSN,2025-10,16,1380,8271996.0
ROSN,2025-10,17,1380,9235357.0
ROSN,2025-10,18,1029,6232103.0
ROSN,2025-10,19,1380,3982957.0
ROSN,2025-10,20,1380,5312187.0
ROSN,2025-10,21,1380,3168851.0
ROSN,2025-10,22,1380,2708263.0
ROSN,2025-10,23,1150,3992186.0
ROSN,2025-11,2,41,13295.0
ROSN,2025-11,3,37,2266.0
ROSN,2025-11,4,28,1442.0
ROSN,2025-11,5,26,407.0
ROSN,2025-11,6,60,62069.0
ROSN,2025-11,7,1183,2275413.0
ROSN,2025-11,8,1193,1461774.0
ROSN,2025-11,9,1198,2535173.0
ROSN,2025-11,10,1198,6554401.0
ROSN,2025-11,11,1200,6059692.0
ROSN,2025-11,12,1200,5142108.0
ROSN,2025-11,13,1199,4095287.0
ROSN,2025-11,14,1197,4470630.0
ROSN,2025-11,15,1199,5650830.0
ROSN,2025-11,16,1197,5976549.0
ROSN,2025-11,17,1197,6186923.0
ROSN,2025-11,18,911,4009274.0
ROSN,2025-11,19,1198,3698401.0
ROSN,2025-11,20,1196,3300459.0
ROSN,2025-11,21,1193,3048112.0
ROSN,2025-11,22,1190,2403555.0
ROSN,2025-11,23,986,1822216.0
ROSN,2025-12,2,42,604.0
ROSN,2025-12,3,27,230.0
ROSN,2025-12,4,29,106.0
ROSN,2025-12,5,32,712.0
ROSN,2025-12,6,66,46943.0
ROSN,2025-12,7,1360,1726855.0
ROSN,2025-12,8,1369,1450307.0
ROSN,2025-12,9,1379,2464707.0
ROSN,2025-12,10,1378,6394763.0
ROSN,2025-12,11,1380,7366708.0
ROSN,2025-12,12,1379,6119081.0
ROSN,2025-12,13,1380,6423781.0
ROSN,2025-12,14,1376,4769946.0
ROSN,2025-12,15,1378,5192963.0
ROSN,2025-12,16,1377,4943451.0
ROSN,2025-12,17,1378,6220791.0
ROSN,2025-12,18,1033,5599468.0
ROSN,2025-12,19,1375,3063695.0
ROSN,2025-12,20,1366,1491478.0
ROSN,2025-12,21,1361,1806733.0
ROSN,2025-12,22,1349,1885803.0
ROSN,2025-12,23,1129,1511735.0
ROSN,2026-01,2,85,2835.0
ROSN,2026-01,3,54,787.0
ROSN,2026-01,4,50,674.0
ROSN,2026-01,5,54,681.0
ROSN,2026-01,6,92,59421.0
ROSN,2026-01,7,1170,1858862.0
ROSN,2026-01,8,1178,1449935.0
ROSN,2026-01,9,1184,2553299.0
ROSN,2026-01,10,1254,6745569.0
ROSN,2026-01,11,1257,4818845.0
ROSN,2026-01,12,1255,3539732.0
ROSN,2026-01,13,1259,4632259.0
ROSN,2026-01,14,1259,3390501.0
ROSN,2026-01,15,1255,3319111.0
ROSN,2026-01,16,1254,3725543.0
ROSN,2026-01,17,1253,5380897.0
ROSN,2026-01,18,964,3889420.0
ROSN,2026-01,19,1250,1737916.0
ROSN,2026-01,20,1247,1409306.0
ROSN,2026-01,21,1253,1429341.0
ROSN,2026-01,22,1244,1860154.0
ROSN,2026-01,23,1041,1730391.0
ROSN,2026-02,2,27,1618.0
ROSN,2026-02,3,20,173.0
ROSN,2026-02,4,16,703.0
ROSN,2026-02,5,31,1305.0
ROSN,2026-02,6,49,41700.0
ROSN,2026-02,7,1183,1489458.0
ROSN,2026-02,8,1190,1191852.0
ROSN,2026-02,9,1179,2134557.0
ROSN,2026-02,10,1200,6155799.0
ROSN,2026-02,11,1200,4235930.0
ROSN,2026-02,12,1200,4910660.0
ROSN,2026-02,13,1200,5369398.0
ROSN,2026-02,14,1200,5073706.0
ROSN,2026-02,15,1200,6598262.0
ROSN,2026-02,16,1200,5997076.0
ROSN,2026-02,17,1200,5935301.0
ROSN,2026-02,18,914,4208330.0
ROSN,2026-02,19,1182,2844145.0
ROSN,2026-02,20,1140,2458417.0
ROSN,2026-02,21,1155,1954034.0
ROSN,2026-02,22,1188,1302996.0
ROSN,2026-02,23,987,1447146.0
ROSN,2026-03,6,22,1950222.0
ROSN,2026-03,7,1320,66054276.0
ROSN,2026-03,8,1320,40958037.0
ROSN,2026-03,9,1320,46154129.0
ROSN,2026-03,10,1320,65937877.0
ROSN,2026-03,11,1320,43820071.0
ROSN,2026-03,12,1320,53755194.0
ROSN,2026-03,13,1320,36938403.0
ROSN,2026-03,14,1318,50771366.0
ROSN,2026-03,15,1320,52225072.0
ROSN,2026-03,16,1320,58378455.0
ROSN,2026-03,17,1320,57617753.0
ROSN,2026-03,18,1080,35117827.0
ROSN,2026-03,19,1320,26604066.0
ROSN,2026-03,20,1320,24243995.0
ROSN,2026-03,21,1320,26965546.0
ROSN,2026-03,22,1320,33355098.0
ROSN,2026-03,23,1100,31815039.0
ROSN,2026-04,6,22,1156287.0
ROSN,2026-04,7,1320,26285337.0
ROSN,2026-04,8,1320,10528130.0
ROSN,2026-04,9,1320,12680026.0
ROSN,2026-04,10,1320,22961385.0
ROSN,2026-04,11,1320,14701689.0
ROSN,2026-04,12,1320,12863616.0
ROSN,2026-04,13,1320,12746055.0
ROSN,2026-04,14,1320,17391485.0
ROSN,2026-04,15,1320,19964820.0
ROSN,2026-04,16,1320,23334529.0
ROSN,2026-04,17,1320,23262627.0
ROSN,2026-04,18,1270,14729607.0
ROSN,2026-04,19,1320,9854077.0
ROSN,2026-04,20,1320,15234650.0
ROSN,2026-04,21,1319,7273867.0
ROSN,2026-04,22,1319,9488278.0
ROSN,2026-04,23,1100,8230830.0
ROSN,2026-05,2,27,10590.0
ROSN,2026-05,3,15,1387.0
ROSN,2026-05,4,27,1282.0
ROSN,2026-05,5,27,1286.0
ROSN,2026-05,6,63,108216.0
ROSN,2026-05,7,1247,4716028.0
ROSN,2026-05,8,1252,2925262.0
ROSN,2026-05,9,1236,5303512.0
ROSN,2026-05,10,1260,9005957.0
ROSN,2026-05,11,1260,9171160.0
ROSN,2026-05,12,1260,7734299.0
ROSN,2026-05,13,1260,7205375.0
ROSN,2026-05,14,1260,5379640.0
ROSN,2026-05,15,1260,6875119.0
ROSN,2026-05,16,1260,6637225.0
ROSN,2026-05,17,1260,8983212.0
ROSN,2026-05,18,1215,6560206.0
ROSN,2026-05,19,1255,3801828.0
ROSN,2026-05,20,1256,3915257.0
ROSN,2026-05,21,1256,3155013.0
ROSN,2026-05,22,1252,3291768.0
ROSN,2026-05,23,1043,3491977.0
ROSN,2026-06,2,33,2527.0
ROSN,2026-06,3,21,257.0
ROSN,2026-06,4,17,339.0
ROSN,2026-06,5,27,1041.0
ROSN,2026-06,6,60,106192.0
ROSN,2026-06,7,1308,11162118.0
ROSN,2026-06,8,1315,6177304.0
ROSN,2026-06,9,1300,14233895.0
ROSN,2026-06,10,1320,20775602.0
ROSN,2026-06,11,1320,18435240.0
ROSN,2026-06,12,1320,18429863.0
ROSN,2026-06,13,1320,18258775.0
ROSN,2026-06,14,1320,16394476.0
ROSN,2026-06,15,1320,26322577.0
ROSN,2026-06,16,1320,19104775.0
ROSN,2026-06,17,1320,26041143.0
ROSN,2026-06,18,1269,15601305.0
ROSN,2026-06,19,1316,9469563.0
ROSN,2026-06,20,1314,6381381.0
ROSN,2026-06,21,1313,5432891.0
ROSN,2026-06,22,1313,5761751.0
ROSN,2026-06,23,1091,4648940.0
ROSN,2026-07,6,23,319126.0
ROSN,2026-07,7,1380,24234068.0
ROSN,2026-07,8,1380,14543852.0
ROSN,2026-07,9,1380,21600040.0
ROSN,2026-07,10,1380,37805318.0
ROSN,2026-07,11,1380,32226270.0
ROSN,2026-07,12,1380,25708516.0
ROSN,2026-07,13,1380,21632621.0
ROSN,2026-07,14,1380,20691907.0
ROSN,2026-07,15,1380,24994103.0
ROSN,2026-07,16,1380,30456347.0
ROSN,2026-07,17,1380,27176313.0
ROSN,2026-07,18,1334,21735962.0
ROSN,2026-07,19,1380,15564366.0
ROSN,2026-07,20,1380,8767498.0
ROSN,2026-07,21,1380,8297685.0
ROSN,2026-07,22,1380,12102641.0
ROSN,2026-07,23,1150,7661969.0
ROSN,2026-08,6,21,128086.0
ROSN,2026-08,7,1260,13786549.0
ROSN,2026-08,8,1260,7820924.0
ROSN,2026-08,9,1260,10820845.0
ROSN,2026-08,10,1260,19141474.0
ROSN,2026-08,11,1260,21638745.0
ROSN,2026-08,12,1260,18190999.0
ROSN,2026-08,13,1260,17662110.0
ROSN,2026-08,14,1260,12599194.0
ROSN,2026-08,15,1260,14984911.0
ROSN,2026-08,16,1260,17098930.0
ROSN,2026-08,17,1260,15613628.0
ROSN,2026-08,18,1210,13522465.0
ROSN,2026-08,19,1260,7905247.0
ROSN,2026-08,20,1260,5050078.0
ROSN,2026-08,21,1259,4810504.0
ROSN,2026-08,22,1259,4463465.0
ROSN,2026-08,23,1050,4313842.0
ROSN,2026-09,6,19,411064.0
ROSN,2026-09,7,1140,33057142.0
ROSN,2026-09,8,1140,17299004.0
ROSN,2026-09,9,1140,19331699.0
ROSN,2026-09,10,1140,32702950.0
ROSN,2026-09,11,1140,31057883.0
ROSN,2026-09,12,1140,24094625.0
ROSN,2026-09,13,1140,23897763.0
ROSN,2026-09,14,1140,18838457.0
ROSN,2026-09,15,1140,26387287.0
ROSN,2026-09,16,1140,22954723.0
ROSN,2026-09,17,1140,21650704.0
ROSN,2026-09,18,1054,28685074.0
ROSN,2026-09,19,1080,18770179.0
ROSN,2026-09,20,1080,13857364.0
ROSN,2026-09,21,1080,11406378.0
ROSN,2026-09,22,1080,7990096.0
ROSN,2026-09,23,900,7461130.0
SBER,2025-09,6,4,10933.0
SBER,2025-09,7,240,2931603.0
SBER,2025-09,8,240,1688020.0
SBER,2025-09,9,240,5075616.0
SBER,2025-09,10,240,12846300.0
SBER,2025-09,11,240,10957832.0
SBER,2025-09,12,240,10000901.0
SBER,2025-09,13,240,7420676.0
SBER,2025-09,14,240,5930042.0
SBER,2025-09,15,240,4084379.0
SBER,2025-09,16,240,6526238.0
SBER,2025-09,17,240,8008842.0
SBER,2025-09,18,180,14262260.0
SBER,2025-09,19,240,8507287.0
SBER,2025-09,20,240,3973330.0
SBER,2025-09,21,240,2992623.0
SBER,2025-09,22,240,1360828.0
SBER,2025-09,23,200,1396611.0
SBER,2025-10,6,23,810733.0
SBER,2025-10,7,1380,29167415.0
SBER,2025-10,8,1380,20978299.0
SBER,2025-10,9,1380,48659321.0
SBER,2025-10,10,1380,101193017.0
SBER,2025-10,11,1380,91639172.0
SBER,2025-10,12,1380,71987772.0
SBER,2025-10,13,1380,76238030.0
SBER,2025-10,14,1380,63118004.0
SBER,2025-10,15,1380,55835770.0
SBER,2025-10,16,1380,56305879.0
SBER,2025-10,17,1380,67665822.0
SBER,2025-10,18,1034,68610623.0
SBER,2025-10,19,1380,39772351.0
SBER,2025-10,20,1380,57379369.0
SBER,2025-10,21,1380,34071499.0
SBER,2025-10,22,1380,25598165.0
SBER,2025-10,23,1150,25128498.0
SBER,2025-11,2,50,1345.0
SBER,2025-11,3,39,1139.0
SBER,2025-11,4,35,305.0
SBER,2025-11,5,39,486.0
SBER,2025-11,6,70,401286.0
SBER,2025-11,7,1195,19656007.0
SBER,2025-11,8,1200,10633170.0
SBER,2025-11,9,1200,21630216.0
SBER,2025-11,10,1200,70742585.0
SBER,2025-11,11,1200,56462697.0
SBER,2025-11,12,1200,42565713.0
SBER,2025-11,13,1200,32432898.0
SBER,2025-11,14,1200,34372129.0
SBER,2025-11,15,1200,45310210.0
SBER,2025-11,16,1200,45054108.0
SBER,2025-11,17,1200,62129923.0
SBER,2025-11,18,915,25988519.0
SBER,2025-11,19,1199,19222289.0
SBER,2025-11,20,1200,18727696.0
SBER,2025-11,21,1200,21699193.0
SBER,2025-11,22,1198,11879404.0
SBER,2025-11,23,999,12471558.0
SBER,2025-12,2,53,3195.0
SBER,2025-12,3,47,2663.0
SBER,2025-12,4,48,2267.0
SBER,2025-12,5,49,2526.0
SBER,2025-12,6,70,338466.0
SBER,2025-12,7,1378,16686279.0
SBER,2025-12,8,1379,9790467.0
SBER,2025-12,9,1380,23884732.0
SBER,2025-12,10,1380,54665781.0
SBER,2025-12,11,1380,66890427.0
SBER,2025-12,12,1380,56811630.0
SBER,2025-12,13,1380,50335100.0
SBER,2025-12,14,1380,53420412.0
SBER,2025-12,15,1380,44898479.0
SBER,2025-12,16,1380,50830028.0
SBER,2025-12,17,1380,47172739.0
SBER,2025-12,18,1048,47135891.0
SBER,2025-12,19,1377,29819259.0
SBER,2025-12,20,1377,11259821.0
SBER,2025-12,21,1376,14879521.0
SBER,2025-12,22,1371,14116010.0
SBER,2025-12,23,1148,12545893.0
SBER,2026-01,2,101,11571.0
SBER,2026-01,3,86,2580.0
SBER,2026-01,4,75,2782.0
SBER,2026-01,5,80,2414.0
SBER,2026-01,6,105,318946.0
SBER,2026-01,7,1248,10397204.0
SBER,2026-01,8,1253,6181952.0
SBER,2026-01,9,1257,19030710.0
SBER,2026-01,10,1260,35780047.0
SBER,2026-01,11,1260,43032839.0
SBER,2026-01,12,1260,32343114.0
SBER,2026-01,13,1260,25707535.0
SBER,2026-01,14,1260,22730090.0
SBER,2026-01,15,1260,18134169.0
SBER,2026-01,16,1260,31064286.0
SBER,2026-01,17,1260,45272018.0
SBER,2026-01,18,974,27349396.0
SBER,2026-01,19,1260,11609365.0
SBER,2026-01,20,1260,9943383.0
SBER,2026-01,21,1257,6711754.0
SBER,2026-01,22,1259,8104874.0
SBER,2026-01,23,1048,7471977.0
SBER,2026-02,2,40,1762.0
SBER,2026-02,3,34,4425.0
SBER,2026-02,4,33,400.0
SBER,2026-02,5,37,1513.0
SBER,2026-02,6,62,234208.0
SBER,2026-02,7,1194,13115278.0
SBER,2026-02,8,1197,10052919.0
SBER,2026-02,9,1181,23527642.0
SBER,2026-02,10,1200,63633103.0
SBER,2026-02,11,1200,41159308.0
SBER,2026-02,12,1200,37897947.0
SBER,2026-02,13,1200,46904766.0
SBER,2026-02,14,1200,33518899.0
SBER,2026-02,15,1200,36795991.0
SBER,2026-02,16,1200,35913528.0
SBER,2026-02,17,1200,30653914.0
SBER,2026-02,18,915,26968926.0
SBER,2026-02,19,1185,16263695.0
SBER,2026-02,20,1140,10887950.0
SBER,2026-02,21,1154,7517284.0
SBER,2026-02,22,1199,6909647.0
SBER,2026-02,23,999,7700020.0
SBER,2026-03,6,22,170439.0
SBER,2026-03,7,1320,13867574.0
SBER,2026-03,8,1320,14836102.0
SBER,2026-03,9,1320,26415927.0
SBER,2026-03,10,1320,49200836.0
SBER,2026-03,11,1320,40576678.0
SBER,2026-03,12,1320,38948546.0
SBER,2026-03,13,1320,37580407.0
SBER,2026-03,14,1317,37634733.0
SBER,2026-03,15,1320,38333752.0
SBER,2026-03,16,1320,38532265.0
SBER,2026-03,17,1320,38345797.0
SBER,2026-03,18,1080,28281531.0
SBER,2026-03,19,1320,12842729.0
SBER,2026-03,20,1320,9617985.0
SBER,2026-03,21,1320,7736379.0
SBER,2026-03,22,1320,8838141.0
SBER,2026-03,23,1100,10240700.0
SBER,2026-04,6,22,389099.0
SBER,2026-04,7,1320,16130088.0
SBER,2026-04,8,1320,10963212.0
SBER,2026-04,9,1320,23814482.0
SBER,2026-04,10,1320,61453049.0
SBER,2026-04,11,1320,50337837.0
SBER,2026-04,12,1320,38140381.0
SBER,2026-04,13,1320,46828653.0
SBER,2026-04,14,1320,34871677.0
SBER,2026-04,15,1320,39755530.0
SBER,2026-04,16,1320,41952462.0
SBER,2026-04,17,1320,43505279.0
SBER,2026-04,18,1273,39401780.0
SBER,2026-04,19,1320,20073678.0
SBER,2026-04,20,1320,11920305.0
SBER,2026-04,21,1320,10722031.0
SBER,2026-04,22,1320,9429500.0
SBER,2026-04,23,1100,8799722.0
SBER,2026-05,2,46,5400.0
SBER,2026-05,3,42,2466.0
SBER,2026-05,4,41,1270.0
SBER,2026-05,5,43,2056.0
SBER,2026-05,6,73,196472.0
SBER,2026-05,7,1258,9285886.0
SBER,2026-05,8,1260,7932408.0
SBER,2026-05,9,1241,16661584.0
SBER,2026-05,10,1260,47203764.0
SBER,2026-05,11,1260,39245785.0
SBER,2026-05,12,1260,27821457.0
SBER,2026-05,13,1260,20671917.0
SBER,2026-05,14,1260,21883076.0
SBER,2026-05,15,1260,21792983.0
SBER,2026-05,16,1260,22768588.0
SBER,2026-05,17,1260,48685284.0
SBER,2026-05,18,1218,28789444.0
SBER,2026-05,19,1260,14252169.0
SBER,2026-05,20,1259,8562325.0
SBER,2026-05,21,1258,10939485.0
SBER,2026-05,22,1259,8454800.0
SBER,2026-05,23,1049,7441497.0
SBER,2026-06,2,41,961.0
SBER,2026-06,3,28,1587.0
SBER,2026-06,4,37,1197.0
SBER,2026-06,5,47,1231.0
SBER,2026-06,6,73,131744.0
SBER,2026-06,7,1319,19369891.0
SBER,2026-06,8,1320,14805378.0
SBER,2026-06,9,1301,32188879.0
SBER,2026-06,10,1320,82339584.0
SBER,2026-06,11,1320,76522247.0
SBER,2026-06,12,1320,65065485.0
SBER,2026-06,13,1320,76848626.0
SBER,2026-06,14,1320,58932443.0
SBER,2026-06,15,1320,110404037.0
SBER,2026-06,16,1320,62290690.0
SBER,2026-06,17,1320,75246635.0
SBER,2026-06,18,1277,48520494.0
SBER,2026-06,19,1320,24841009.0
SBER,2026-06,20,1320,14754411.0
SBER,2026-06,21,1319,13967530.0
SBER,2026-06,22,1316,19000001.0
SBER,2026-06,23,1096,11197642.0
SBER,2026-07,6,23,374950.0
SBER,2026-07,7,1380,43330013.0
SBER,2026-07,8,1380,33025211.0
SBER,2026-07,9,1380,60850526.0
SBER,2026-07,10,1380,121745978.0
SBER,2026-07,11,1380,118969417.0
SBER,2026-07,12,1380,108196552.0
SBER,2026-07,13,1380,95792233.0
SBER,2026-07,14,1380,77571496.0
SBER,2026-07,15,1380,79365103.0
SBER,2026-07,16,1380,103951209.0
SBER,2026-07,17,1380,93224937.0
SBER,2026-07,18,1333,73959491.0
SBER,2026-07,19,1380,35496706.0
SBER,2026-07,20,1380,25048477.0
SBER,2026-07,21,1380,18355887.0
SBER,2026-07,22,1380,15488106.0
SBER,2026-07,23,1150,17944606.0
SBER,2026-08,6,21,407902.0
SBER,2026-08,7,1260,38483632.0
SBER,2026-08,8,1260,26476782.0
SBER,2026-08,9,1260,34662989.0
SBER,2026-08,10,1260,65701563.0
SBER,2026-08,11,1260,73375628.0
SBER,2026-08,12,1260,58382432.0
SBER,2026-08,13,1260,45596676.0
SBER,2026-08,14,1260,38681054.0
SBER,2026-08,15,1260,38652655.0
SBER,2026-08,16,1260,47629265.0
SBER,2026-08,17,1260,49999225.0
SBER,2026-08,18,1215,47652881.0
SBER,2026-08,19,1260,23707631.0
SBER,2026-08,20,1260,14433767.0
SBER,2026-08,21,1260,10684809.0
SBER,2026-08,22,1260,11556191.0
SBER,2026-08,23,1050,10484239.0
SBER,2026-09,6,19,223009.0
SBER,2026-09,7,1140,20318411.0
SBER,2026-09,8,1140,11669701.0
SBER,2026-09,9,1140,18216281.0
SBER,2026-09,10,1140,39828451.0
SBER,2026-09,11,1140,38796902.0
SBER,2026-09,12,1140,35393378.0
SBER,2026-09,13,1140,45691014.0
SBER,2026-09,14,1140,35277039.0
SBER,2026-09,15,1140,36919000.0
SBER,2026-09,16,1140,27224122.0
SBER,2026-09,17,1140,37611621.0
SBER,2026-09,18,1054,41603070.0
SBER,2026-09,19,1080,14449518.0
SBER,2026-09,20,1080,12637443.0
SBER,2026-09,21,1080,11233166.0
SBER,2026-09,22,1080,8704181.0
SBER,2026-09,23,900,7199245.0
SR,2025-09,8,4,411.0
SR,2025-09,9,238,36912.0
SR,2025-09,10,240,80976.0
SR,2025-09,11,240,53285.0
SR,2025-09,12,240,55570.0
SR,2025-09,13,237,53606.0
SR,2025-09,14,220,34707.0
SR,2025-09,15,238,25479.0
SR,2025-09,16,237,38373.0
SR,2025-09,17,239,37644.0
SR,2025-09,18,200,57736.0
SR,2025-09,19,213,32687.0
SR,2025-09,20,233,16481.0
SR,2025-09,21,220,15628.0
SR,2025-09,22,195,6630.0
SR,2025-09,23,155,4371.0
SR,2025-10,8,22,2788.0
SR,2025-10,9,1369,261406.0
SR,2025-10,10,1379,534566.0
SR,2025-10,11,1377,385970.0
SR,2025-10,12,1374,331148.0
SR,2025-10,13,1370,274563.0
SR,2025-10,14,1261,262959.0
SR,2025-10,15,1378,252898.0
SR,2025-10,16,1373,269272.0
SR,2025-10,17,1372,347015.0
SR,2025-10,18,1143,311181.0
SR,2025-10,19,1231,149263.0
SR,2025-10,20,1288,201964.0
SR,2025-10,21,1228,97651.0
SR,2025-10,22,1134,81162.0
SR,2025-10,23,967,90667.0
SR,2025-11,8,27,1773.0
SR,2025-11,9,1419,131611.0
SR,2025-11,10,1461,436194.0
SR,2025-11,11,1419,298151.0
SR,2025-11,12,1345,232937.0
SR,2025-11,13,1311,157155.0
SR,2025-11,14,1230,175458.0
SR,2025-11,15,1367,202152.0
SR,2025-11,16,1365,244349.0
SR,2025-11,17,1411,316169.0
SR,2025-11,18,1146,165914.0
SR,2025-11,19,1084,72991.0
SR,2025-11,20,1098,66362.0
SR,2025-11,21,1131,76570.0
SR,2025-11,22,977,35736.0
SR,2025-11,23,900,46401.0
SR,2025-12,8,29,1294.0
SR,2025-12,9,1766,116747.0
SR,2025-12,10,1861,344384.0
SR,2025-12,11,1852,330794.0
SR,2025-12,12,1806,303927.0
SR,2025-12,13,1769,184802.0
SR,2025-12,14,1665,283971.0
SR,2025-12,15,1778,218601.0
SR,2025-12,16,1715,244297.0
SR,2025-12,17,1792,226560.0
SR,2025-12,18,1538,239518.0
SR,2025-12,19,1450,118554.0
SR,2025-12,20,1307,36883.0
SR,2025-12,21,1299,50342.0
SR,2025-12,22,1291,41035.0
SR,2025-12,23,1072,33726.0
SR,2026-01,8,18,745.0
SR,2026-01,9,1095,98854.0
SR,2026-01,10,1122,216537.0
SR,2026-01,11,1115,220064.0
SR,2026-01,12,1087,196260.0
SR,2026-01,13,1066,110589.0
SR,2026-01,14,990,93997.0
SR,2026-01,15,1057,83582.0
SR,2026-01,16,1061,151328.0
SR,2026-01,17,1117,287322.0
SR,2026-01,18,919,138946.0
SR,2026-01,19,869,40363.0
SR,2026-01,20,822,37027.0
SR,2026-01,21,772,25286.0
SR,2026-01,22,787,25310.0
SR,2026-01,23,723,29791.0
SR,2026-02,8,26,1496.0
SR,2026-02,9,1453,158823.0
SR,2026-02,10,1614,330672.0
SR,2026-02,11,1477,197545.0
SR,2026-02,12,1469,189244.0
SR,2026-02,13,1469,195490.0
SR,2026-02,14,1306,197195.0
SR,2026-02,15,1422,164925.0
SR,2026-02,16,1430,202050.0
SR,2026-02,17,1416,130763.0
SR,2026-02,18,1175,113798.0
SR,2026-02,19,1121,69124.0
SR,2026-02,20,1081,44795.0
SR,2026-02,21,1021,36248.0
SR,2026-02,22,882,34864.0
SR,2026-02,23,821,35030.0
SR,2026-03,8,33,3938.0
SR,2026-03,9,2002,175992.0
SR,2026-03,10,2181,320580.0
SR,2026-03,11,2045,242382.0
SR,2026-03,12,1962,258547.0
SR,2026-03,13,1880,175411.0
SR,2026-03,14,1807,191380.0
SR,2026-03,15,2039,185889.0
SR,2026-03,16,2018,201561.0
SR,2026-03,17,1983,182078.0
SR,2026-03,18,1686,141720.0
SR,2026-03,19,1474,59888.0
SR,2026-03,20,1379,46600.0
SR,2026-03,21,1215,34563.0
SR,2026-03,22,1181,38680.0
SR,2026-03,23,1124,38651.0
SR,2026-04,8,26,756.0
SR,2026-04,9,1600,137687.0
SR,2026-04,10,1737,395783.0
SR,2026-04,11,1646,244174.0
SR,2026-04,12,1588,175911.0
SR,2026-04,13,1590,209475.0
SR,2026-04,14,1595,147619.0
SR,2026-04,15,1589,141458.0
SR,2026-04,16,1597,168061.0
SR,2026-04,17,1663,167610.0
SR,2026-04,18,1555,133951.0
SR,2026-04,19,1380,61496.0
SR,2026-04,20,1291,39765.0
SR,2026-04,21,1184,43390.0
SR,2026-04,22,1174,35043.0
SR,2026-04,23,1005,30413.0
SR,2026-05,8,17,367.0
SR,2026-05,9,1507,100278.0
SR,2026-05,10,1785,293363.0
SR,2026-05,11,1660,210095.0
SR,2026-05,12,1565,133237.0
SR,2026-05,13,1486,96209.0
SR,2026-05,14,1455,97033.0
SR,2026-05,15,1493,122746.0
SR,2026-05,16,1523,109063.0
SR,2026-05,17,1641,272898.0
SR,2026-05,18,1560,136878.0
SR,2026-05,19,1309,50051.0
SR,2026-05,20,1148,32983.0
SR,2026-05,21,1078,38993.0
SR,2026-05,22,945,30683.0
SR,2026-05,23,909,30522.0
SR,2026-06,8,25,1312.0
SR,2026-06,9,1681,186602.0
SR,2026-06,10,1888,426081.0
SR,2026-06,11,1822,445977.0
SR,2026-06,12,1717,295850.0
SR,2026-06,13,1658,304989.0
SR,2026-06,14,1665,245468.0
SR,2026-06,15,1768,417547.0
SR,2026-06,16,1779,259297.0
SR,2026-06,17,1762,355360.0
SR,2026-06,18,1750,232050.0
SR,2026-06,19,1524,101631.0
SR,2026-06,20,1306,49848.0
SR,2026-06,21,1257,51099.0
SR,2026-06,22,1076,62208.0
SR,2026-06,23,1012,40576.0
SR,2026-07,6,6,132.0
SR,2026-07,7,837,114582.0
SR,2026-07,8,852,87537.0
SR,2026-07,9,1431,292988.0
SR,2026-07,10,1471,588679.0
SR,2026-07,11,1446,665692.0
SR,2026-07,12,1426,584124.0
SR,2026-07,13,1417,481703.0
SR,2026-07,14,1410,436964.0
SR,2026-07,15,1406,412825.0
SR,2026-07,16,1402,512990.0
SR,2026-07,17,1415,413058.0
SR,2026-07,18,1428,354568.0
SR,2026-07,19,1359,149592.0
SR,2026-07,20,1312,109636.0
SR,2026-07,21,1238,78794.0
SR,2026-07,22,1194,66777.0
SR,2026-07,23,1049,58342.0
SR,2026-08,6,16,147.0
SR,2026-08,7,1637,141046.0
SR,2026-08,8,1547,82634.0
SR,2026-08,9,1669,143441.0
SR,2026-08,10,1902,359466.0
SR,2026-08,11,1801,343626.0
SR,2026-08,12,1804,276210.0
SR,2026-08,13,1748,206411.0
SR,2026-08,14,1654,163919.0
SR,2026-08,15,1661,173367.0
SR,2026-08,16,1699,224717.0
SR,2026-08,17,1698,239022.0
SR,2026-08,18,1643,220131.0
SR,2026-08,19,1492,87009.0
SR,2026-08,20,1320,47948.0
SR,2026-08,21,1255,39509.0
SR,2026-08,22,1123,34715.0
SR,2026-08,23,1014,30730.0
SR,2026-09,6,18,137.0
SR,2026-09,7,1516,95119.0
SR,2026-09,8,1409,53829.0
SR,2026-09,9,1615,120320.0
SR,2026-09,10,1724,251623.0
SR,2026-09,11,1695,354919.0
SR,2026-09,12,1707,229090.0
SR,2026-09,13,1668,250113.0
SR,2026-09,14,1638,228000.0
SR,2026-09,15,1654,202989.0
SR,2026-09,16,1626,157792.0
SR,2026-09,17,1645,206235.0
SR,2026-09,18,1568,261806.0
SR,2026-09,19,1319,71488.0
SR,2026-09,20,1221,58183.0
SR,2026-09,21,1197,59825.0
SR,2026-09,22,1088,32853.0
SR,2026-09,23,955,31083.0
Si,2025-09,8,4,652.0
Si,2025-09,9,240,92110.0
Si,2025-09,10,240,442600.0
Si,2025-09,11,240,416260.0
Si,2025-09,12,240,442750.0
Si,2025-09,13,240,461159.0
Si,2025-09,14,220,355428.0
Si,2025-09,15,240,265505.0
Si,2025-09,16,240,193850.0
Si,2025-09,17,240,228639.0
Si,2025-09,18,200,278103.0
Si,2025-09,19,220,152692.0
Si,2025-09,20,239,45081.0
Si,2025-09,21,240,24175.0
Si,2025-09,22,238,18439.0
Si,2025-09,23,199,14742.0
Si,2025-10,8,30,3272.0
Si,2025-10,9,2083,1340590.0
Si,2025-10,10,2208,3805728.0
Si,2025-10,11,2097,2710845.0
Si,2025-10,12,2064,2432395.0
Si,2025-10,13,2077,2231188.0
Si,2025-10,14,1920,1795992.0
Si,2025-10,15,2156,1961385.0
Si,2025-10,16,2102,1789839.0
Si,2025-10,17,2126,2034347.0
Si,2025-10,18,1748,1392989.0
Si,2025-10,19,1738,549415.0
Si,2025-10,20,1784,282980.0
Si,2025-10,21,1646,164891.0
Si,2025-10,22,1687,200350.0
Si,2025-10,23,1413,161102.0
Si,2025-11,8,23,1779.0
Si,2025-11,9,2016,799268.0
Si,2025-11,10,2165,2653244.0
Si,2025-11,11,2106,1968023.0
Si,2025-11,12,2053,1600691.0
Si,2025-11,13,2084,1388105.0
Si,2025-11,14,1949,1454047.0
Si,2025-11,15,2062,1197482.0
Si,2025-11,16,2062,1449679.0
Si,2025-11,17,2098,1108809.0
Si,2025-11,18,1739,780596.0
Si,2025-11,19,1587,236770.0
Si,2025-11,20,1650,137979.0
Si,2025-11,21,1590,144844.0
Si,2025-11,22,1547,95696.0
Si,2025-11,23,1384,118577.0
Si,2025-12,8,34,4060.0
Si,2025-12,9,2141,1180448.0
Si,2025-12,10,2157,3862494.0
Si,2025-12,11,2155,4227996.0
Si,2025-12,12,2156,4122848.0
Si,2025-12,13,2151,3474882.0
Si,2025-12,14,1968,2711133.0
Si,2025-12,15,2143,3241535.0
Si,2025-12,16,2150,2970208.0
Si,2025-12,17,2142,3351570.0
Si,2025-12,18,1794,2297403.0
Si,2025-12,19,1898,577906.0
Si,2025-12,20,2020,334615.0
Si,2025-12,21,2016,237456.0
Si,2025-12,22,1973,180710.0
Si,2025-12,23,1650,149867.0
Si,2026-01,8,25,1748.0
Si,2026-01,9,1728,698645.0
Si,2026-01,10,1880,2355765.0
Si,2026-01,11,1843,1740072.0
Si,2026-01,12,1828,1729600.0
Si,2026-01,13,1827,1520031.0
Si,2026-01,14,1683,1427914.0
Si,2026-01,15,1799,1472887.0
Si,2026-01,16,1815,1215694.0
Si,2026-01,17,1797,1462972.0
Si,2026-01,18,1504,915454.0
Si,2026-01,19,1418,264048.0
Si,2026-01,20,1454,130486.0
Si,2026-01,21,1381,94569.0
Si,2026-01,22,1347,109899.0
Si,2026-01,23,1138,101621.0
Si,2026-02,8,31,3548.0
Si,2026-02,9,1952,594128.0
Si,2026-02,10,2172,2889215.0
Si,2026-02,11,2211,2786161.0
Si,2026-02,12,2178,2234078.0
Si,2026-02,13,2183,2279217.0
Si,2026-02,14,1979,1496964.0
Si,2026-02,15,2155,1564330.0
Si,2026-02,16,2152,1908081.0
Si,2026-02,17,2137,1642455.0
Si,2026-02,18,1729,870644.0
Si,2026-02,19,1673,316506.0
Si,2026-02,20,1650,131441.0
Si,2026-02,21,1622,98287.0
Si,2026-02,22,1486,76006.0
Si,2026-02,23,1277,86708.0
Si,2026-03,8,35,9244.0
Si,2026-03,9,2152,1492002.0
Si,2026-03,10,2160,5252373.0
Si,2026-03,11,2160,4964073.0
Si,2026-03,12,2160,4902303.0
Si,2026-03,13,2160,3841198.0
Si,2026-03,14,2013,3571508.0
Si,2026-03,15,2160,3687920.0
Si,2026-03,16,2159,3763804.0
Si,2026-03,17,2160,3262880.0
Si,2026-03,18,1868,1991524.0
Si,2026-03,19,1888,595895.0
Si,2026-03,20,1980,424909.0
Si,2026-03,21,1965,332434.0
Si,2026-03,22,1948,270156.0
Si,2026-03,23,1641,206633.0
Si,2026-04,8,27,3434.0
Si,2026-04,9,2121,1289654.0
Si,2026-04,10,2283,3850831.0
Si,2026-04,11,2285,2813245.0
Si,2026-04,12,2292,3334926.0
Si,2026-04,13,2269,2715699.0
Si,2026-04,14,2251,2605926.0
Si,2026-04,15,2243,2865184.0
Si,2026-04,16,2216,2544524.0
Si,2026-04,17,2243,2410978.0
Si,2026-04,18,2093,1315494.0
Si,2026-04,19,1900,318215.0
Si,2026-04,20,1805,250556.0
Si,2026-04,21,1773,199108.0
Si,2026-04,22,1713,160345.0
Si,2026-04,23,1445,152114.0
Si,2026-05,8,33,4038.0
Si,2026-05,9,2311,1241217.0
Si,2026-05,10,2365,3616043.0
Si,2026-05,11,2381,2787211.0
Si,2026-05,12,2365,2905063.0
Si,2026-05,13,2357,2449019.0
Si,2026-05,14,2331,2437864.0
Si,2026-05,15,2351,2643794.0
Si,2026-05,16,2337,2287413.0
Si,2026-05,17,2311,2180993.0
Si,2026-05,18,2277,1199917.0
Si,2026-05,19,2074,320626.0
Si,2026-05,20,1979,239436.0
Si,2026-05,21,1904,135150.0
Si,2026-05,22,1853,139666.0
Si,2026-05,23,1544,165785.0
Si,2026-06,8,34,4443.0
Si,2026-06,9,2038,2006961.0
Si,2026-06,10,2040,6157060.0
Si,2026-06,11,2040,5470897.0
Si,2026-06,12,2040,5108851.0
Si,2026-06,13,2040,4251576.0
Si,2026-06,14,2039,3232461.0
Si,2026-06,15,2038,3761367.0
Si,2026-06,16,2040,3284699.0
Si,2026-06,17,2040,3350537.0
Si,2026-06,18,2039,1879924.0
Si,2026-06,19,1952,517109.0
Si,2026-06,20,1931,313350.0
Si,2026-06,21,1917,275823.0
Si,2026-06,22,1884,209028.0
Si,2026-06,23,1596,190848.0
Si,2026-07,6,13,413.0
Si,2026-07,7,1106,195525.0
Si,2026-07,8,1127,144598.0
Si,2026-07,9,1801,1381909.0
Si,2026-07,10,1920,4910380.0
Si,2026-07,11,1906,4691732.0
Si,2026-07,12,1903,4625155.0
Si,2026-07,13,1900,3542795.0
Si,2026-07,14,1818,2459133.0
Si,2026-07,15,1863,2745706.0
Si,2026-07,16,1864,3137355.0
Si,2026-07,17,1890,2774875.0
Si,2026-07,18,1883,1656024.0
Si,2026-07,19,1727,592305.0
Si,2026-07,20,1662,284535.0
Si,2026-07,21,1628,191393.0
Si,2026-07,22,1625,174459.0
Si,2026-07,23,1334,152611.0
Si,2026-08,6,30,2441.0
Si,2026-08,7,2103,405324.0
Si,2026-08,8,2127,359327.0
Si,2026-08,9,2276,895989.0
Si,2026-08,10,2469,4447077.0
Si,2026-08,11,2437,3382769.0
Si,2026-08,12,2444,3891569.0
Si,2026-08,13,2412,2748632.0
Si,2026-08,14,2398,3175087.0
Si,2026-08,15,2440,2995760.0
Si,2026-08,16,2444,2930473.0
Si,2026-08,17,2392,2745730.0
Si,2026-08,18,2355,1787103.0
Si,2026-08,19,2194,601417.0
Si,2026-08,20,2049,276444.0
Si,2026-08,21,1957,231879.0
Si,2026-08,22,1877,205423.0
Si,2026-08,23,1612,173486.0
Si,2026-09,6,22,983.0
Si,2026-09,7,1832,274669.0
Si,2026-09,8,1850,221972.0
Si,2026-09,9,1880,938330.0
Si,2026-09,10,1920,4019536.0
Si,2026-09,11,1918,3856401.0
Si,2026-09,12,1920,4233465.0
Si,2026-09,13,1918,4054050.0
Si,2026-09,14,1916,2771027.0
Si,2026-09,15,1918,3077088.0
Si,2026-09,16,1918,2826084.0
Si,2026-09,17,1917,2860705.0
Si,2026-09,18,1846,1656213.0
Si,2026-09,19,1776,510913.0
Si,2026-09,20,1746,368830.0
Si,2026-09,21,1716,243660.0
Si,2026-09,22,1685,138931.0
Si,2026-09,23,1410,152613.0
TATN,2025-09,6,4,1925.0
TATN,2025-09,7,224,129625.0
TATN,2025-09,8,229,64568.0
TATN,2025-09,9,236,190821.0
TATN,2025-09,10,240,832909.0
TATN,2025-09,11,240,616406.0
TATN,2025-09,12,240,826999.0
TATN,2025-09,13,240,505859.0
TATN,2025-09,14,240,444607.0
TATN,2025-09,15,240,769576.0
TATN,2025-09,16,240,625167.0
TATN,2025-09,17,240,755534.0
TATN,2025-09,18,178,621230.0
TATN,2025-09,19,239,433680.0
TATN,2025-09,20,240,364769.0
TATN,2025-09,21,239,371792.0
TATN,2025-09,22,238,111426.0
TATN,2025-09,23,193,90763.0
TATN,2025-10,6,22,27593.0
TATN,2025-10,7,1346,1622309.0
TATN,2025-10,8,1360,847580.0
TATN,2025-10,9,1353,2112360.0
TATN,2025-10,10,1380,5631006.0
TATN,2025-10,11,1380,4677497.0
TATN,2025-10,12,1380,4440364.0
TATN,2025-10,13,1379,4359098.0
TATN,2025-10,14,1380,4411716.0
TATN,2025-10,15,1380,4095757.0
TATN,2025-10,16,1380,4542651.0
TATN,2025-10,17,1380,4988495.0
TATN,2025-10,18,1021,3193524.0
TATN,2025-10,19,1379,2060792.0
TATN,2025-10,20,1369,3123767.0
TATN,2025-10,21,1372,1603054.0
TATN,2025-10,22,1370,1434880.0
TATN,2025-10,23,1138,1672780.0
TATN,2025-11,2,21,429.0
TATN,2025-11,3,10,35.0
TATN,2025-11,4,8,188.0
TATN,2025-11,5,10,380.0
TATN,2025-11,6,36,14256.0
TATN,2025-11,7,1129,1176655.0
TATN,2025-11,8,1133,653921.0
TATN,2025-11,9,1181,1668431.0
TATN,2025-11,10,1186,3814420.0
TATN,2025-11,11,1185,3654536.0
TATN,2025-11,12,1183,3347728.0
TATN,2025-11,13,1189,2519462.0
TATN,2025-11,14,1181,3260713.0
TATN,2025-11,15,1176,3737142.0
TATN,2025-11,16,1179,4306735.0
TATN,2025-11,17,1175,4882829.0
TATN,2025-11,18,886,2330932.0
TATN,2025-11,19,1171,1878048.0
TATN,2025-11,20,1161,2436159.0
TATN,2025-11,21,1170,3032578.0
TATN,2025-11,22,1126,1372919.0
TATN,2025-11,23,950,1225067.0
TATN,2025-12,2,25,805.0
TATN,2025-12,3,12,69.0
TATN,2025-12,4,11,192.0
TATN,2025-12,5,16,870.0
TATN,2025-12,6,43,19577.0
TATN,2025-12,7,1272,740149.0
TATN,2025-12,8,1282,681342.0
TATN,2025-12,9,1351,1784808.0
TATN,2025-12,10,1370,3071402.0
TATN,2025-12,11,1365,4104205.0
TATN,2025-12,12,1364,3735205.0
TATN,2025-12,13,1366,3833000.0
TATN,2025-12,14,1360,3170529.0
TATN,2025-12,15,1364,3461333.0
TATN,2025-12,16,1355,3124422.0
TATN,2025-12,17,1359,4014810.0
TATN,2025-12,18,1013,3281314.0
TATN,2025-12,19,1341,2235183.0
TATN,2025-12,20,1315,1006076.0
TATN,2025-12,21,1308,1032770.0
TATN,2025-12,22,1269,1087829.0
TATN,2025-12,23,1068,812853.0
TATN,2026-01,2,38,596.0
TATN,2026-01,3,23,246.0
TATN,2026-01,4,19,146.0
TATN,2026-01,5,25,546.0
TATN,2026-01,6,53,19474.0
TATN,2026-01,7,1072,541200.0
TATN,2026-01,8,1106,335346.0
TATN,2026-01,9,1150,1300198.0
TATN,2026-01,10,1232,2752266.0
TATN,2026-01,11,1237,2517521.0
TATN,2026-01,12,1222,2135555.0
TATN,2026-01,13,1235,2677044.0
TATN,2026-01,14,1224,2061780.0
TATN,2026-01,15,1219,2036142.0
TATN,2026-01,16,1213,2124445.0
TATN,2026-01,17,1212,2799174.0
TATN,2026-01,18,913,1970084.0
TATN,2026-01,19,1206,787235.0
TATN,2026-01,20,1195,721072.0
TATN,2026-01,21,1202,609474.0
TATN,2026-01,22,1189,714116.0
TATN,2026-01,23,978,810801.0
TATN,2026-02,2,20,173.0
TATN,2026-02,3,10,15.0
TATN,2026-02,4,15,1403.0
TATN,2026-02,5,15,184.0
TATN,2026-02,6,27,6011.0
TATN,2026-02,7,1130,586663.0
TATN,2026-02,8,1134,386221.0
TATN,2026-02,9,1162,862708.0
TATN,2026-02,10,1200,2335681.0
TATN,2026-02,11,1199,1960696.0
TATN,2026-02,12,1200,2463729.0
TATN,2026-02,13,1197,2416619.0
TATN,2026-02,14,1195,2049129.0
TATN,2026-02,15,1195,2810235.0
TATN,2026-02,16,1195,2542232.0
TATN,2026-02,17,1188,2474628.0
TATN,2026-02,18,894,1376305.0
TATN,2026-02,19,1163,735174.0
TATN,2026-02,20,1132,721893.0
TATN,2026-02,21,1135,650646.0
TATN,2026-02,22,1147,456092.0
TATN,2026-02,23,936,546922.0
TATN,2026-03,6,22,309097.0
TATN,2026-03,7,1319,8883997.0
TATN,2026-03,8,1317,6230331.0
TATN,2026-03,9,1319,7065427.0
TATN,2026-03,10,1320,12309553.0
TATN,2026-03,11,1320,8553445.0
TATN,2026-03,12,1320,11381768.0
TATN,2026-03,13,1320,8120127.0
TATN,2026-03,14,1317,10454574.0
TATN,2026-03,15,1320,10021719.0
TATN,2026-03,16,1320,13426355.0
TATN,2026-03,17,1320,13344434.0
TATN,2026-03,18,1075,7265980.0
TATN,2026-03,19,1320,4643730.0
TATN,2026-03,20,1318,3354716.0
TATN,2026-03,21,1314,3072238.0
TATN,2026-03,22,1313,3816366.0
TATN,2026-03,23,1099,4284623.0
TATN,2026-04,6,22,258300.0
TATN,2026-04,7,1308,3075648.0
TATN,2026-04,8,1308,1488429.0
TATN,2026-04,9,1317,2616252.0
TATN,2026-04,10,1320,4040182.0
TATN,2026-04,11,1320,3428247.0
TATN,2026-04,12,1320,2545774.0
TATN,2026-04,13,1320,4026596.0
TATN,2026-04,14,1319,3865017.0
TATN,2026-04,15,1320,4106552.0
TATN,2026-04,16,1320,4670437.0
TATN,2026-04,17,1320,4816950.0
TATN,2026-04,18,1259,3552962.0
TATN,2026-04,19,1314,1341444.0
TATN,2026-04,20,1315,1631465.0
TATN,2026-04,21,1307,951024.0
TATN,2026-04,22,1292,962812.0
TATN,2026-04,23,1071,1000988.0
TATN,2026-05,2,11,888.0
TATN,2026-05,3,7,48.0
TATN,2026-05,4,9,300.0
TATN,2026-05,5,11,1174.0
TATN,2026-05,6,37,17418.0
TATN,2026-05,7,1190,1004673.0
TATN,2026-05,8,1196,852168.0
TATN,2026-05,9,1221,1753527.0
TATN,2026-05,10,1260,2994053.0
TATN,2026-05,11,1260,3143768.0
TATN,2026-05,12,1258,2861595.0
TATN,2026-05,13,1253,2825099.0
TATN,2026-05,14,1252,2829789.0
TATN,2026-05,15,1253,3159512.0
TATN,2026-05,16,1253,3430813.0
TATN,2026-05,17,1256,4335406.0
TATN,2026-05,18,1201,2855647.0
TATN,2026-05,19,1219,1194440.0
TATN,2026-05,20,1179,821724.0
TATN,2026-05,21,1196,831149.0
TATN,2026-05,22,1164,564707.0
TATN,2026-05,23,968,661316.0
TATN,2026-06,2,8,54.0
TATN,2026-06,3,11,706.0
TATN,2026-06,4,4,14.0
TATN,2026-06,5,8,30.0
TATN,2026-06,6,41,19799.0
TATN,2026-06,7,1244,1867394.0
TATN,2026-06,8,1255,1189860.0
TATN,2026-06,9,1273,3633699.0
TATN,2026-06,10,1320,7283763.0
TATN,2026-06,11,1319,7399131.0
TATN,2026-06,12,1318,6751408.0
TATN,2026-06,13,1317,6207477.0
TATN,2026-06,14,1314,4800074.0
TATN,2026-06,15,1316,8319143.0
TATN,2026-06,16,1313,7910569.0
TATN,2026-06,17,1315,7527987.0
TATN,2026-06,18,1246,4710918.0
TATN,2026-06,19,1275,2158563.0
TATN,2026-06,20,1262,1403281.0
TATN,2026-06,21,1246,1071298.0
TATN,2026-06,22,1228,1315415.0
TATN,2026-06,23,1017,907651.0
TATN,2026-07,6,23,79529.0
TATN,2026-07,7,1373,3723716.0
TATN,2026-07,8,1374,2362890.0
TATN,2026-07,9,1380,4842620.0
TATN,2026-07,10,1380,9678698.0
TATN,2026-07,11,1380,9294469.0
TATN,2026-07,12,1380,7788898.0
TATN,2026-07,13,1380,6635972.0
TATN,2026-07,14,1380,7876243.0
TATN,2026-07,15,1380,7984257.0
TATN,2026-07,16,1380,10490863.0
TATN,2026-07,17,1380,8909655.0
TATN,2026-07,18,1320,7135782.0
TATN,2026-07,19,1378,4003542.0
TATN,2026-07,20,1379,2367879.0
TATN,2026-07,21,1372,1857943.0
TATN,2026-07,22,1368,1813498.0
TATN,2026-07,23,1139,1668515.0
TATN,2026-08,6,20,27710.0
TATN,2026-08,7,1255,2959140.0
TATN,2026-08,8,1260,1836855.0
TATN,2026-08,9,1259,3357857.0
TATN,2026-08,10,1260,6530979.0
TATN,2026-08,11,1260,6847474.0
TATN,2026-08,12,1260,5453276.0
TATN,2026-08,13,1260,4945887.0
TATN,2026-08,14,1260,4169860.0
TATN,2026-08,15,1260,5294276.0
TATN,2026-08,16,1260,5806960.0
TATN,2026-08,17,1260,7424934.0
TATN,2026-08,18,1208,7200110.0
TATN,2026-08,19,1258,3790629.0
TATN,2026-08,20,1251,1565802.0
TATN,2026-08,21,1245,1102331.0
TATN,2026-08,22,1237,1229402.0
TATN,2026-08,23,1030,995289.0
TATN,2026-09,6,19,15872.0
TATN,2026-09,7,1136,2025586.0
TATN,2026-09,8,1131,1255142.0
TATN,2026-09,9,1140,1925689.0
TATN,2026-09,10,1140,4261159.0
TATN,2026-09,11,1140,4681764.0
TATN,2026-09,12,1140,3838881.0
TATN,2026-09,13,1140,4406740.0
TATN,2026-09,14,1140,3613007.0
TATN,2026-09,15,1140,4757255.0
TATN,2026-09,16,1140,4181031.0
TATN,2026-09,17,1140,4133863.0
TATN,2026-09,18,1045,5087670.0
TATN,2026-09,19,1074,1731050.0
TATN,2026-09,20,1066,1432306.0
TATN,2026-09,21,1059,1119054.0
TATN,2026-09,22,1044,937904.0
TATN,2026-09,23,867,988147.0
VTBR,2025-09,6,4,25239.0
VTBR,2025-09,7,240,9552786.0
VTBR,2025-09,8,240,4738398.0
VTBR,2025-09,9,240,10689689.0
VTBR,2025-09,10,240,51521915.0
VTBR,2025-09,11,240,39356152.0
VTBR,2025-09,12,240,41848453.0
VTBR,2025-09,13,240,23755083.0
VTBR,2025-09,14,240,23386458.0
VTBR,2025-09,15,240,18453119.0
VTBR,2025-09,16,240,27870232.0
VTBR,2025-09,17,240,53635117.0
VTBR,2025-09,18,180,37874001.0
VTBR,2025-09,19,240,21681626.0
VTBR,2025-09,20,240,12484023.0
VTBR,2025-09,21,240,18758230.0
VTBR,2025-09,22,240,6212573.0
VTBR,2025-09,23,200,6729192.0
VTBR,2025-10,6,23,1696109.0
VTBR,2025-10,7,1380,80973862.0
VTBR,2025-10,8,1380,54066624.0
VTBR,2025-10,9,1380,80526547.0
VTBR,2025-10,10,1380,161228889.0
VTBR,2025-10,11,1380,139721089.0
VTBR,2025-10,12,1380,166410437.0
VTBR,2025-10,13,1380,142320378.0
VTBR,2025-10,14,1380,119300571.0
VTBR,2025-10,15,1380,127364254.0
VTBR,2025-10,16,1380,120335624.0
VTBR,2025-10,17,1380,156643378.0
VTBR,2025-10,18,1035,119352782.0
VTBR,2025-10,19,1380,86093318.0
VTBR,2025-10,20,1380,112146528.0
VTBR,2025-10,21,1380,63860575.0
VTBR,2025-10,22,1380,55851220.0
VTBR,2025-10,23,1150,65750534.0
VTBR,2025-11,2,40,4661.0
VTBR,2025-11,3,27,2185.0
VTBR,2025-11,4,20,363.0
VTBR,2025-11,5,32,1181.0
VTBR,2025-11,6,53,867658.0
VTBR,2025-11,7,1188,53900709.0
VTBR,2025-11,8,1193,29897683.0
VTBR,2025-11,9,1197,47809846.0
VTBR,2025-11,10,1199,111772837.0
VTBR,2025-11,11,1200,84663994.0
VTBR,2025-11,12,1199,75408328.0
VTBR,2025-11,13,1198,71964595.0
VTBR,2025-11,14,1199,97821306.0
VTBR,2025-11,15,1198,110448831.0
VTBR,2025-11,16,1199,107792755.0
VTBR,2025-11,17,1199,112618003.0
VTBR,2025-11,18,911,64383120.0
VTBR,2025-11,19,1197,55062565.0
VTBR,2025-11,20,1197,50466296.0
VTBR,2025-11,21,1199,60186581.0
VTBR,2025-11,22,1198,40330437.0
VTBR,2025-11,23,995,47944229.0
VTBR,2025-12,2,50,6180.0
VTBR,2025-12,3,32,3812.0
VTBR,2025-12,4,34,3527.0
VTBR,2025-12,5,32,4656.0
VTBR,2025-12,6,68,1432259.0
VTBR,2025-12,7,1373,66939291.0
VTBR,2025-12,8,1375,40216335.0
VTBR,2025-12,9,1380,57929391.0
VTBR,2025-12,10,1380,159309394.0
VTBR,2025-12,11,1380,158777235.0
VTBR,2025-12,12,1378,136166582.0
VTBR,2025-12,13,1380,152902398.0
VTBR,2025-12,14,1379,101443041.0
VTBR,2025-12,15,1379,104810147.0
VTBR,2025-12,16,1375,137399953.0
VTBR,2025-12,17,1378,114461022.0
VTBR,2025-12,18,1045,96494290.0
VTBR,2025-12,19,1376,74516033.0
VTBR,2025-12,20,1373,33244382.0
VTBR,2025-12,21,1371,41867300.0
VTBR,2025-12,22,1366,43833720.0
VTBR,2025-12,23,1139,38433144.0
VTBR,2026-01,2,90,23757.0
VTBR,2026-01,3,79,4535.0
VTBR,2026-01,4,74,9698.0
VTBR,2026-01,5,53,10771.0
VTBR,2026-01,6,86,773816.0
VTBR,2026-01,7,1231,53543595.0
VTBR,2026-01,8,1242,25059785.0
VTBR,2026-01,9,1249,58088930.0
VTBR,2026-01,10,1257,117131308.0
VTBR,2026-01,11,1255,112143135.0
VTBR,2026-01,12,1257,87495101.0
VTBR,2026-01,13,1255,71534493.0
VTBR,2026-01,14,1257,77391483.0
VTBR,2026-01,15,1257,70544884.0
VTBR,2026-01,16,1257,81481713.0
VTBR,2026-01,17,1258,88673442.0
VTBR,2026-01,18,970,71320166.0
VTBR,2026-01,19,1256,42487611.0
VTBR,2026-01,20,1255,30821473.0
VTBR,2026-01,21,1249,35437801.0
VTBR,2026-01,22,1245,28802054.0
VTBR,2026-01,23,1041,35614939.0
VTBR,2026-02,2,39,23194.0
VTBR,2026-02,3,38,30050.0
VTBR,2026-02,4,25,1370.0
VTBR,2026-02,5,36,4475.0
VTBR,2026-02,6,64,2365186.0
VTBR,2026-02,7,1193,189125843.0
VTBR,2026-02,8,1193,96825697.0
VTBR,2026-02,9,1180,152221938.0
VTBR,2026-02,10,1200,299013530.0
VTBR,2026-02,11,1200,200250126.0
VTBR,2026-02,12,1200,194130662.0
VTBR,2026-02,13,1200,312528121.0
VTBR,2026-02,14,1200,357699233.0
VTBR,2026-02,15,1200,262968793.0
VTBR,2026-02,16,1200,194732237.0
VTBR,2026-02,17,1200,155798555.0
VTBR,2026-02,18,915,116489054.0
VTBR,2026-02,19,1185,163482887.0
VTBR,2026-02,20,1140,122226908.0
VTBR,2026-02,21,1153,85065678.0
VTBR,2026-02,22,1199,54740857.0
VTBR,2026-02,23,995,66402653.0
VTBR,2026-03,6,22,454630.0
VTBR,2026-03,7,1320,55550140.0
VTBR,2026-03,8,1320,44952397.0
VTBR,2026-03,9,1320,60266821.0
VTBR,2026-03,10,1320,118348524.0
VTBR,2026-03,11,1320,83771589.0
VTBR,2026-03,12,1320,80989070.0
VTBR,2026-03,13,1320,67437110.0
VTBR,2026-03,14,1317,62116514.0
VTBR,2026-03,15,1320,69050342.0
VTBR,2026-03,16,1320,98621943.0
VTBR,2026-03,17,1320,94188630.0
VTBR,2026-03,18,1078,80056679.0
VTBR,2026-03,19,1320,46320657.0
VTBR,2026-03,20,1320,19974103.0
VTBR,2026-03,21,1320,31044953.0
VTBR,2026-03,22,1320,33801984.0
VTBR,2026-03,23,1100,35010426.0
VTBR,2026-04,6,22,677124.0
VTBR,2026-04,7,1320,87879890.0
VTBR,2026-04,8,1320,65942643.0
VTBR,2026-04,9,1320,95789167.0
VTBR,2026-04,10,1320,121733223.0
VTBR,2026-04,11,1320,180812382.0
VTBR,2026-04,12,1320,124565806.0
VTBR,2026-04,13,1320,143968725.0
VTBR,2026-04,14,1320,120305519.0
VTBR,2026-04,15,1320,122130907.0
VTBR,2026-04,16,1320,107223806.0
VTBR,2026-04,17,1320,131347773.0
VTBR,2026-04,18,1275,158489478.0
VTBR,2026-04,19,1320,54502819.0
VTBR,2026-04,20,1320,42503870.0
VTBR,2026-04,21,1320,44711872.0
VTBR,2026-04,22,1320,36260986.0
VTBR,2026-04,23,1100,44856955.0
VTBR,2026-05,2,35,25702.0
VTBR,2026-05,3,21,2954.0
VTBR,2026-05,4,24,2824.0
VTBR,2026-05,5,31,10568.0
VTBR,2026-05,6,65,368843.0
VTBR,2026-05,7,1246,103962401.0
VTBR,2026-05,8,1249,42967874.0
VTBR,2026-05,9,1239,92329857.0
VTBR,2026-05,10,1260,107642919.0
VTBR,2026-05,11,1260,77284154.0
VTBR,2026-05,12,1260,90646064.0
VTBR,2026-05,13,1260,149064333.0
VTBR,2026-05,14,1260,90656856.0
VTBR,2026-05,15,1260,124790037.0
VTBR,2026-05,16,1260,95996519.0
VTBR,2026-05,17,1260,128451836.0
VTBR,2026-05,18,1216,174072236.0
VTBR,2026-05,19,1255,69623467.0
VTBR,2026-05,20,1251,136025876.0
VTBR,2026-05,21,1255,55077182.0
VTBR,2026-05,22,1250,29035877.0
VTBR,2026-05,23,1036,31251433.0
VTBR,2026-06,2,26,4418.0
VTBR,2026-06,3,16,538.0
VTBR,2026-06,4,22,1829.0
VTBR,2026-06,5,33,1711.0
VTBR,2026-06,6,63,474201.0
VTBR,2026-06,7,1313,41377723.0
VTBR,2026-06,8,1315,40069071.0
VTBR,2026-06,9,1299,58396367.0
VTBR,2026-06,10,1320,140833618.0
VTBR,2026-06,11,1320,141394654.0
VTBR,2026-06,12,1320,121928058.0
VTBR,2026-06,13,1320,139360727.0
VTBR,2026-06,14,1320,102712493.0
VTBR,2026-06,15,1320,140776424.0
VTBR,2026-06,16,1320,107761528.0
VTBR,2026-06,17,1320,137279985.0
VTBR,2026-06,18,1277,101730318.0
VTBR,2026-06,19,1318,55509454.0
VTBR,2026-06,20,1314,35598176.0
VTBR,2026-06,21,1317,31771537.0
VTBR,2026-06,22,1311,40476897.0
VTBR,2026-06,23,1096,27285131.0
VTBR,2026-07,6,23,1259865.0
VTBR,2026-07,7,1380,110498564.0
VTBR,2026-07,8,1380,72038183.0
VTBR,2026-07,9,1380,133490499.0
VTBR,2026-07,10,1380,313337406.0
VTBR,2026-07,11,1380,285555590.0
VTBR,2026-07,12,1380,265167016.0
VTBR,2026-07,13,1380,192667750.0
VTBR,2026-07,14,1380,170029739.0
VTBR,2026-07,15,1380,221086027.0
VTBR,2026-07,16,1380,417830049.0
VTBR,2026-07,17,1380,384787220.0
VTBR,2026-07,18,1333,261969343.0
VTBR,2026-07,19,1380,133135030.0
VTBR,2026-07,20,1380,74829519.0
VTBR,2026-07,21,1380,65025757.0
VTBR,2026-07,22,1380,61827730.0
VTBR,2026-07,23,1150,48948383.0
VTBR,2026-08,6,21,724662.0
VTBR,2026-08,7,1260,112986538.0
VTBR,2026-08,8,1260,63439366.0
VTBR,2026-08,9,1260,87395867.0
VTBR,2026-08,10,1260,152375525.0
VTBR,2026-08,11,1260,147315888.0
VTBR,2026-08,12,1260,131210688.0
VTBR,2026-08,13,1260,105002715.0
VTBR,2026-08,14,1260,74699250.0
VTBR,2026-08,15,1260,104718189.0
VTBR,2026-08,16,1260,100287442.0
VTBR,2026-08,17,1260,127427863.0
VTBR,2026-08,18,1215,111764998.0
VTBR,2026-08,19,1260,66401149.0
VTBR,2026-08,20,1260,33108766.0
VTBR,2026-08,21,1260,42760392.0
VTBR,2026-08,22,1260,46272468.0
VTBR,2026-08,23,1050,27717107.0
VTBR,2026-09,6,19,538565.0
VTBR,2026-09,7,1140,58902810.0
VTBR,2026-09,8,1140,36580670.0
VTBR,2026-09,9,1140,45750860.0
VTBR,2026-09,10,1140,84544343.0
VTBR,2026-09,11,1140,100544272.0
VTBR,2026-09,12,1140,89703124.0
VTBR,2026-09,13,1140,86949473.0
VTBR,2026-09,14,1140,65144175.0
VTBR,2026-09,15,1140,55561560.0
VTBR,2026-09,16,1140,42972996.0
VTBR,2026-09,17,1140,53278809.0
VTBR,2026-09,18,1051,56660093.0
VTBR,2026-09,19,1080,24534366.0
VTBR,2026-09,20,1080,31069668.0
VTBR,2026-09,21,1080,39705787.0
VTBR,2026-09,22,1080,28408007.0
VTBR,2026-09,23,900,22270688.0
