rank,strategy_id,family,instruments,annual_return,avg_monthly_return,max_drawdown,min_monthly_return,sharpe,profitable_month_ratio,walk_forward_result,holdout_result,evidence
1,LIB_404,P_TSMOM_S,ALL,0.6618283248557575,0.052150871403033046,0.3673787538718898,-0.09172115617548116,1.3311175042207548,0.8571428571428571,(in-sample конфигурация) 2026-01..06: +37.3%,2026-07..09: -0.8%,"library {""n"": 120, ""vn"": 60}"
2,LIB_362,P_BRK_S,EQ,0.5992840553272368,0.04518411528260913,0.3201374583877623,-0.06011765543371439,1.3685988085108662,0.75,(in-sample конфигурация) 2026-01..06: +35.7%,2026-07..09: +0.5%,"library {""n"": 55, ""vn"": 60}"
3,LIB_374,P_TSMOM_S,ALL,0.5665403748485561,0.04464235380042477,0.3369002296531107,-0.11647437294595875,1.2955105343565587,0.7142857142857143,(in-sample конфигурация) 2026-01..06: +37.8%,2026-07..09: -6.5%,"library {""n"": 120, ""vn"": 20}"
4,LIB_332,P_BRK_S,EQ,0.5602202218241904,0.042238826248649275,0.27378244962892495,-0.07660518572083674,1.4855449483884968,0.625,(in-sample конфигурация) 2026-01..06: +36.6%,2026-07..09: -2.9%,"library {""n"": 55, ""vn"": 20}"
5,LIB_028,P_BRK,FUT,0.5067076445858338,0.04204284208324018,0.1977785279523232,-0.0660263696918264,1.694080873820221,0.7272727272727273,(in-sample конфигурация) 2026-01..06: +40.3%,2026-07..09: +6.8%,"library {""n"": 10, ""vn"": 60}"
6,LIB_284,P_TSMOM_S,FUT,0.49361467577237295,0.03889594100473914,0.16726400368497707,-0.04431433021090925,1.7666948024552585,0.7142857142857143,(in-sample конфигурация) 2026-01..06: +25.9%,2026-07..09: +1.4%,"library {""n"": 120, ""vn"": 60}"
7,LIB_402,P_TSMOM_S,ALL,0.4800519008843472,0.037908860426978205,0.35593854024773464,-0.07893820240860805,1.0685646150672294,0.7,(in-sample конфигурация) 2026-01..06: +37.3%,2026-07..09: -0.7%,"library {""n"": 60, ""vn"": 60}"
8,LIB_092,P_BRK,ALL,0.47449843187452007,0.03937036050906913,0.3228189561050385,-0.10344717671978287,1.0305222283603312,0.7272727272727273,(in-sample конфигурация) 2026-01..06: +35.2%,2026-07..09: +6.7%,"library {""n"": 10, ""vn"": 60}"
9,LIB_084,P_TSMOM,ALL,0.4737197869928615,0.03740882444903946,0.3257995747262612,-0.07878890124675308,0.9940791838576356,0.7,(in-sample конфигурация) 2026-01..06: +35.6%,2026-07..09: +1.8%,"library {""n"": 60, ""vn"": 60}"
10,LIB_422,P_BRK_S,ALL,0.466205035202438,0.03597261074092886,0.3628342356532812,-0.0813759059747099,1.0048460720972239,0.5555555555555556,(in-sample конфигурация) 2026-01..06: +33.8%,2026-07..09: -1.4%,"library {""n"": 55, ""vn"": 60}"
11,LIB_083,P_TSMOM,ALL,0.4526016225301571,0.03575748749426566,0.33782983443234116,-0.07863589812768623,1.006462230380547,0.9090909090909091,(in-sample конфигурация) 2026-01..06: +37.9%,2026-07..09: +7.3%,"library {""n"": 40, ""vn"": 60}"
12,LIB_254,P_TSMOM_S,FUT,0.44948216852532674,0.03541837949264196,0.15731478741508909,-0.058860456105321646,1.7807593207375887,0.7142857142857143,(in-sample конфигурация) 2026-01..06: +27.1%,2026-07..09: -2.3%,"library {""n"": 120, ""vn"": 20}"
13,LIB_344,P_TSMOM_S,EQ,0.4480337506755198,0.03530424679359255,0.344172551878728,-0.08295834821183234,1.0419215783972542,0.7142857142857143,(in-sample конфигурация) 2026-01..06: +27.0%,2026-07..09: -2.3%,"library {""n"": 120, ""vn"": 60}"
14,LIB_342,P_TSMOM_S,EQ,0.44114534588684295,0.03483647771090546,0.317685395013541,-0.052437003469094634,1.1267080054934069,0.7,(in-sample конфигурация) 2026-01..06: +33.1%,2026-07..09: +1.3%,"library {""n"": 60, ""vn"": 60}"
15,LIB_093,P_BRK,ALL,0.4046053668851053,0.03357115237502677,0.3141816871793708,-0.07053482311312109,0.9673831420152732,0.5454545454545454,(in-sample конфигурация) 2026-01..06: +42.0%,2026-07..09: +4.5%,"library {""n"": 20, ""vn"": 60}"
16,LIB_023,P_EMA,FUT,0.3986013118654702,0.033072980421738146,0.16027771707740612,-0.0563516191978124,1.3445152459912288,0.7272727272727273,(in-sample конфигурация) 2026-01..06: +39.6%,2026-07..09: +4.0%,"library {""f"": 5, ""s"": 20, ""vn"": 60}"
17,LIB_400,P_TSMOM_S,ALL,0.39488618486251503,0.03119771806814242,0.351909771328792,-0.06233309576055035,0.9099397975094532,0.5454545454545454,(in-sample конфигурация) 2026-01..06: +36.6%,2026-07..09: +2.5%,"library {""n"": 40, ""vn"": 60}"
18,LIB_012,P_BRK,FUT,0.3833693119673303,0.03144034039943714,0.24225129385013133,-0.07472338352818042,1.2935606706370721,0.75,(in-sample конфигурация) 2026-01..06: +37.1%,2026-07..09: +7.5%,"library {""n"": 10, ""vn"": 20}"
19,LIB_392,P_BRK_S,ALL,0.38094110947684384,0.02939360412629968,0.3213104497990571,-0.10381828006939031,0.943642406448087,0.4444444444444444,(in-sample конфигурация) 2026-01..06: +33.0%,2026-07..09: -6.6%,"library {""n"": 55, ""vn"": 20}"
20,LIB_052,P_TSMOM,EQ,0.3790914320788258,0.02993618848558981,0.31479231687262654,-0.03544999338919297,0.9340227703784942,0.6,(in-sample конфигурация) 2026-01..06: +28.1%,2026-07..09: +2.6%,"library {""n"": 60, ""vn"": 60}"
21,LIB_372,P_TSMOM_S,ALL,0.3710703668324979,0.029302778968121855,0.31324157485505566,-0.09833602234721184,0.9184190276633877,0.5,(in-sample конфигурация) 2026-01..06: +34.0%,2026-07..09: -5.8%,"library {""n"": 60, ""vn"": 20}"
22,LIB_087,P_EMA,ALL,0.36900244510446334,0.03061708599351608,0.33300033456180245,-0.055381875950843096,0.7935232776404836,0.5454545454545454,(in-sample конфигурация) 2026-01..06: +39.5%,2026-07..09: +3.1%,"library {""f"": 5, ""s"": 20, ""vn"": 60}"
23,LIB_314,P_TSMOM_S,EQ,0.36019950646617305,0.028383067686393457,0.3127706756349653,-0.10310645238496363,0.956600037969205,0.7142857142857143,(in-sample конфигурация) 2026-01..06: +26.5%,2026-07..09: -6.6%,"library {""n"": 120, ""vn"": 20}"
24,LIB_312,P_TSMOM_S,EQ,0.3513333299431257,0.02774417962646112,0.2672616263735108,-0.0670566723565571,1.0104240689268753,0.5,(in-sample конфигурация) 2026-01..06: +30.0%,2026-07..09: -2.2%,"library {""n"": 60, ""vn"": 20}"
25,LIB_019,P_TSMOM,FUT,0.3512495695461825,0.027750236555055544,0.16116203926503658,-0.06661978106421884,1.2471590237696024,0.6363636363636364,(in-sample конфигурация) 2026-01..06: +29.7%,2026-07..09: +4.4%,"library {""n"": 40, ""vn"": 60}"
26,LIB_418,P_BRK_S,ALL,0.3331754048911535,0.027644423926755157,0.3291419221495744,-0.0708504596259445,0.7847935595058648,0.36363636363636365,(in-sample конфигурация) 2026-01..06: +33.4%,2026-07..09: +2.5%,"library {""n"": 10, ""vn"": 60}"
27,LIB_067,P_TSMOM,ALL,0.3317558965358679,0.02621015199904584,0.2932469211227726,-0.10676232044352219,0.7857804310375283,0.6363636363636364,(in-sample конфигурация) 2026-01..06: +29.4%,2026-07..09: +7.7%,"library {""n"": 40, ""vn"": 20}"
28,LIB_298,P_BRK_S,FUT,0.3210247708521543,0.02663625443578481,0.1597889802287682,-0.04037733213044703,1.3450079548269218,0.5454545454545454,(in-sample конфигурация) 2026-01..06: +29.8%,2026-07..09: +1.0%,"library {""n"": 10, ""vn"": 60}"
29,LIB_068,P_TSMOM,ALL,0.3172060194315305,0.025049205502728,0.2751849796040915,-0.09145098114095163,0.711852563243093,0.6,(in-sample конфигурация) 2026-01..06: +27.4%,2026-07..09: -1.9%,"library {""n"": 60, ""vn"": 20}"
30,LIB_420,P_BRK_S,ALL,0.31675671226884056,0.026282122590848965,0.33167805382981896,-0.07588908879552037,0.7800679400270206,0.45454545454545453,(in-sample конфигурация) 2026-01..06: +38.8%,2026-07..09: +1.4%,"library {""n"": 20, ""vn"": 60}"
31,LIB_061,P_BRK,EQ,0.2976650242961984,0.024698035926452245,0.28091038670390844,-0.060595067392569035,0.8244405898286568,0.6363636363636364,(in-sample конфигурация) 2026-01..06: +26.8%,2026-07..09: +7.8%,"library {""n"": 20, ""vn"": 60}"
32,LIB_081,P_TSMOM,ALL,0.2969844599081072,0.024641567741293165,0.29652234787499765,-0.1479945362370927,0.6744387376211004,0.5454545454545454,(in-sample конфигурация) 2026-01..06: +28.2%,2026-07..09: +18.1%,"library {""n"": 10, ""vn"": 60}"
33,LIB_340,P_TSMOM_S,EQ,0.2948872987135038,0.023297373166759495,0.317685395013541,-0.05111993984610308,0.7733178996285252,0.5454545454545454,(in-sample конфигурация) 2026-01..06: +27.2%,2026-07..09: +3.5%,"library {""n"": 40, ""vn"": 60}"
34,LIB_370,P_TSMOM_S,ALL,0.2930962244718103,0.023155870548097566,0.3486756335478276,-0.08342505048494786,0.7294616568769181,0.45454545454545453,(in-sample конфигурация) 2026-01..06: +32.4%,2026-07..09: -0.4%,"library {""n"": 40, ""vn"": 20}"
35,LIB_021,P_TSMOM,FUT,0.29043029069108217,0.02288538004878709,0.1488079183618538,-0.08416022307937965,0.9811072139857355,0.7142857142857143,(in-sample конфигурация) 2026-01..06: +8.4%,2026-07..09: +7.6%,"library {""n"": 120, ""vn"": 60}"
36,LIB_082,P_TSMOM,ALL,0.28877189151130356,0.02396014972857136,0.41214079321798636,-0.1266364295661333,0.6286081184946342,0.5454545454545454,(in-sample конфигурация) 2026-01..06: +34.5%,2026-07..09: -4.5%,"library {""n"": 20, ""vn"": 60}"
37,LIB_077,P_BRK,ALL,0.2867154486234559,0.022660381025464933,0.2717802250335808,-0.09508353273849934,0.7600618328650257,0.5,(in-sample конфигурация) 2026-01..06: +35.2%,2026-07..09: +4.3%,"library {""n"": 20, ""vn"": 20}"
38,LIB_094,P_BRK,ALL,0.28593995365372393,0.023147520057682412,0.3389998816419393,-0.08321267669089139,0.6393737732344176,0.6,(in-sample конфигурация) 2026-01..06: +26.5%,2026-07..09: +0.3%,"library {""n"": 55, ""vn"": 60}"
39,LIB_408,P_EMA_S,ALL,0.280926451088817,0.023309193272160137,0.34021565556759015,-0.06637431477429345,0.6557904411154314,0.45454545454545453,(in-sample конфигурация) 2026-01..06: +35.6%,2026-07..09: +0.7%,"library {""f"": 5, ""s"": 20, ""vn"": 60}"
40,LIB_088,P_EMA,ALL,0.2805821692784894,0.02328062732108678,0.39134685919998446,-0.05582232240703888,0.6441019632090806,0.5454545454545454,(in-sample конфигурация) 2026-01..06: +34.2%,2026-07..09: -4.8%,"library {""f"": 10, ""s"": 50, ""vn"": 60}"
41,LIB_360,P_BRK_S,EQ,0.27296342429636633,0.022648480370910627,0.2872007889673114,-0.06487694422685308,0.7617081563868365,0.45454545454545453,(in-sample конфигурация) 2026-01..06: +29.8%,2026-07..09: +4.8%,"library {""n"": 20, ""vn"": 60}"
42,LIB_062,P_BRK,EQ,0.26859184443995165,0.02174314931180561,0.31957382382825017,-0.05081963614793494,0.6912123325596023,0.5,(in-sample конфигурация) 2026-01..06: +23.8%,2026-07..09: +0.8%,"library {""n"": 55, ""vn"": 60}"
43,LIB_003,P_TSMOM,FUT,0.2669060521931324,0.021086733560712837,0.20705028528755065,-0.08489658427424729,0.9645430715578968,0.6363636363636364,(in-sample конфигурация) 2026-01..06: +23.4%,2026-07..09: +4.5%,"library {""n"": 40, ""vn"": 20}"
44,LIB_288,P_EMA_S,FUT,0.26617007666370585,0.0220848187707981,0.16264598426596422,-0.02966083119645191,1.12212725117666,0.36363636363636365,(in-sample конфигурация) 2026-01..06: +29.4%,2026-07..09: -0.4%,"library {""f"": 5, ""s"": 20, ""vn"": 60}"
45,LIB_268,P_BRK_S,FUT,0.26355537223031617,0.02161432946862381,0.19149418391680229,-0.049125369609100744,1.173165791115936,0.5,(in-sample конфигурация) 2026-01..06: +30.1%,2026-07..09: -1.4%,"library {""n"": 10, ""vn"": 20}"
46,LIB_280,P_TSMOM_S,FUT,0.26269206918986543,0.020753810661104086,0.17071956413565204,-0.05496460388530977,1.097479522555655,0.6363636363636364,(in-sample конфигурация) 2026-01..06: +24.4%,2026-07..09: -0.1%,"library {""n"": 40, ""vn"": 60}"
47,LIB_051,P_TSMOM,EQ,0.2626091233215784,0.020747257578436387,0.31479231687262654,-0.050610453203262296,0.6747192081490851,0.5454545454545454,(in-sample конфигурация) 2026-01..06: +22.1%,2026-07..09: +5.8%,"library {""n"": 40, ""vn"": 60}"
48,LIB_036,P_TSMOM,EQ,0.2607055089270331,0.02058745883987285,0.25046879111323506,-0.052783948194701225,0.6966481307355519,0.5,(in-sample конфигурация) 2026-01..06: +22.9%,2026-07..09: -0.5%,"library {""n"": 60, ""vn"": 20}"
49,LIB_410,P_EMA_S,ALL,0.25101740131250827,0.02082756215796425,0.38176708726678044,-0.06696635426487774,0.5870391812419116,0.36363636363636365,(in-sample конфигурация) 2026-01..06: +35.0%,2026-07..09: -3.7%,"library {""f"": 10, ""s"": 50, ""vn"": 60}"
50,LIB_398,P_TSMOM_S,ALL,0.24276699107748873,0.020143004310181244,0.3795828335278202,-0.08021278645901475,0.571626006018343,0.36363636363636365,(in-sample конфигурация) 2026-01..06: +33.4%,2026-07..09: -3.1%,"library {""n"": 20, ""vn"": 60}"
51,LIB_020,P_TSMOM,FUT,0.24114650550904454,0.019042918490595185,0.23262781335506588,-0.09641011939675082,0.8156006484473046,0.7,(in-sample конфигурация) 2026-01..06: +18.4%,2026-07..09: -0.3%,"library {""n"": 60, ""vn"": 60}"
52,LIB_396,P_TSMOM_S,ALL,0.24018577109358297,0.019928833820896132,0.3327008126725559,-0.09291347303224029,0.5868802320799295,0.45454545454545453,(in-sample конфигурация) 2026-01..06: +29.5%,2026-07..09: +8.4%,"library {""n"": 10, ""vn"": 60}"
53,LIB_007,P_EMA,FUT,0.2388442605370801,0.019745722597311516,0.311222979028571,-0.06609482457861304,0.8010089779711319,0.6666666666666666,(in-sample конфигурация) 2026-01..06: +34.4%,2026-07..09: +4.1%,"library {""f"": 5, ""s"": 20, ""vn"": 20}"
54,LIB_029,P_BRK,FUT,0.23861766499163503,0.019798724007242443,0.18890447000740096,-0.048522047291044146,0.8978115541907928,0.45454545454545453,(in-sample конфигурация) 2026-01..06: +30.6%,2026-07..09: -2.1%,"library {""n"": 20, ""vn"": 60}"
55,LIB_017,P_TSMOM,FUT,0.2365883978245699,0.019630350468849592,0.20516900179063668,-0.09874199969635811,0.8356185522248585,0.5454545454545454,(in-sample конфигурация) 2026-01..06: +29.0%,2026-07..09: +6.8%,"library {""n"": 10, ""vn"": 60}"
56,LIB_022,P_EMA,FUT,0.23252247637568002,0.019292990464071572,0.26103700132807717,-0.10951848630793393,0.7945441245710668,0.6363636363636364,(in-sample конфигурация) 2026-01..06: +26.7%,2026-07..09: +8.4%,"library {""f"": 3, ""s"": 10, ""vn"": 60}"
57,LIB_005,P_TSMOM,FUT,0.23056952083205282,0.018168459974861304,0.11525560484733433,-0.09657839790452272,0.8373255105905774,0.7142857142857143,(in-sample конфигурация) 2026-01..06: +6.9%,2026-07..09: +5.8%,"library {""n"": 120, ""vn"": 20}"
58,LIB_024,P_EMA,FUT,0.22663973667472223,0.018804884356127746,0.19576633063843474,-0.07395456999074668,0.8209521641600908,0.5454545454545454,(in-sample конфигурация) 2026-01..06: +23.0%,2026-07..09: -4.4%,"library {""f"": 10, ""s"": 50, ""vn"": 60}"
59,LIB_282,P_TSMOM_S,FUT,0.22371838622794216,0.017666650341016065,0.18438531830906868,-0.10688896871397446,0.8850464404981849,0.7,(in-sample конфигурация) 2026-01..06: +18.8%,2026-07..09: -2.6%,"library {""n"": 60, ""vn"": 60}"
60,LIB_076,P_BRK,ALL,0.22292270555728289,0.018355738652038173,0.41673419601647765,-0.15881268517114222,0.5024181904521581,0.6666666666666666,(in-sample конфигурация) 2026-01..06: +29.8%,2026-07..09: +5.6%,"library {""n"": 10, ""vn"": 20}"
61,LIB_250,P_TSMOM_S,FUT,0.21342150022196804,0.01686122242013384,0.20439072194130858,-0.07788326942682033,0.9302762347238097,0.45454545454545453,(in-sample конфигурация) 2026-01..06: +23.2%,2026-07..09: -2.9%,"library {""n"": 40, ""vn"": 20}"
62,LIB_045,P_BRK,EQ,0.21084112086651338,0.016663699698113987,0.25282934145059244,-0.07867742027156055,0.6513571886706736,0.6666666666666666,(in-sample конфигурация) 2026-01..06: +21.9%,2026-07..09: +8.6%,"library {""n"": 20, ""vn"": 20}"
63,LIB_018,P_TSMOM,FUT,0.20961071787599433,0.01739194268090862,0.22193632627750048,-0.049333492024743464,0.7035184361720807,0.45454545454545453,(in-sample конфигурация) 2026-01..06: +30.1%,2026-07..09: -5.2%,"library {""n"": 20, ""vn"": 60}"
64,LIB_046,P_BRK,EQ,0.20802772248091916,0.01684033943893155,0.2657848842936801,-0.06609265874431003,0.6042205001013444,0.4,(in-sample конфигурация) 2026-01..06: +22.1%,2026-07..09: -2.1%,"library {""n"": 55, ""vn"": 20}"
65,LIB_390,P_BRK_S,ALL,0.20764088313267945,0.016410770856055024,0.3692634953222296,-0.10238040809053928,0.5658063421724285,0.4166666666666667,(in-sample конфигурация) 2026-01..06: +35.6%,2026-07..09: -1.9%,"library {""n"": 20, ""vn"": 20}"
66,LIB_310,P_TSMOM_S,EQ,0.20290141100500877,0.016030089830482295,0.3055912047129823,-0.07096131546131801,0.5787788534446976,0.45454545454545453,(in-sample конфигурация) 2026-01..06: +22.8%,2026-07..09: +2.0%,"library {""n"": 40, ""vn"": 20}"
67,LIB_123,P_XS_REV,FUT,0.19698148001509252,0.016284844577967306,0.15704372629988939,-0.04160770762246102,0.953071064392641,0.6666666666666666,(in-sample конфигурация) 2026-01..06: +6.7%,2026-07..09: -1.9%,"library {""hold"": 5, ""k"": 1, ""n"": 5}"
68,C7_WF_PANEL_SORTINO_K1,candidate,ALL/EQ,0.19133778294471135,0.016039724859948524,0.05407986624753337,-0.011033642584310306,1.7602913597801086,0.875,"OOS 2026-01..06: Sharpe 2.20, +13.5%, прибыльных мес. 83%","2026-07..09: -0.7%, прибыльных мес. 67%","frozen candidate, vol-target 10%"
69,LIB_297,P_BRK_L,FUT,0.18568285451673094,0.015406586052975513,0.14332390853087418,-0.045911315639386885,1.1062672599210865,0.6363636363636364,(in-sample конфигурация) 2026-01..06: +10.5%,2026-07..09: +5.8%,"library {""n"": 10, ""vn"": 60}"
70,LIB_276,P_TSMOM_S,FUT,0.18427736263898703,0.015289968761532113,0.18435785645306169,-0.05668806572793983,0.8216829018115138,0.5454545454545454,(in-sample конфигурация) 2026-01..06: +24.0%,2026-07..09: +1.0%,"library {""n"": 10, ""vn"": 60}"
71,LIB_286,P_EMA_S,FUT,0.18269098786176585,0.015158343148703518,0.22208293667063117,-0.06203731296409387,0.7836307577925093,0.45454545454545453,(in-sample конфигурация) 2026-01..06: +22.9%,2026-07..09: +1.8%,"library {""f"": 3, ""s"": 10, ""vn"": 60}"
72,LIB_290,P_EMA_S,FUT,0.1802497943050817,0.014955791013769405,0.19802373200946022,-0.07338994511474084,0.7507945453502987,0.5454545454545454,(in-sample конфигурация) 2026-01..06: +21.1%,2026-07..09: -4.6%,"library {""f"": 10, ""s"": 50, ""vn"": 60}"
73,LIB_133,P_XS_MOM,FUT,0.17826785887829982,0.014678801871923497,0.18766783791215857,-0.0796533528555301,0.8691467946996038,0.5833333333333334,(in-sample конфигурация) 2026-01..06: +27.1%,2026-07..09: -0.7%,"library {""hold"": 5, ""k"": 1, ""n"": 10}"
74,LIB_350,P_EMA_S,EQ,0.1759638973153652,0.014600179070178208,0.338608096819371,-0.06983494444284588,0.4726799488269638,0.45454545454545453,(in-sample конфигурация) 2026-01..06: +28.1%,2026-07..09: -0.9%,"library {""f"": 10, ""s"": 50, ""vn"": 60}"
75,LIB_330,P_BRK_S,EQ,0.17508324944916148,0.01383759808807857,0.3301155008193746,-0.0884948237799108,0.5461516797175835,0.5,(in-sample конфигурация) 2026-01..06: +26.0%,2026-07..09: +3.4%,"library {""n"": 20, ""vn"": 20}"
76,LIB_050,P_TSMOM,EQ,0.1738161687762959,0.014421976485767696,0.35815142234787345,-0.13668077043257654,0.450643772725447,0.5454545454545454,(in-sample конфигурация) 2026-01..06: +18.0%,2026-07..09: -1.6%,"library {""n"": 20, ""vn"": 60}"
77,LIB_338,P_TSMOM_S,EQ,0.17324828799249625,0.014374857950315345,0.32214796415064484,-0.10055297959479503,0.46910749580815075,0.45454545454545453,(in-sample конфигурация) 2026-01..06: +22.9%,2026-07..09: +0.2%,"library {""n"": 20, ""vn"": 60}"
78,LIB_388,P_BRK_S,ALL,0.17286878892548796,0.014177069991243721,0.4164630779869185,-0.07370449366317189,0.43881726807084814,0.3333333333333333,(in-sample конфигурация) 2026-01..06: +30.1%,2026-07..09: -1.3%,"library {""n"": 10, ""vn"": 20}"
79,LIB_035,P_TSMOM,EQ,0.17211449188311834,0.013597789943146794,0.2732386846146255,-0.07408999658582616,0.47220396451655583,0.5454545454545454,(in-sample конфигурация) 2026-01..06: +16.3%,2026-07..09: +6.3%,"library {""n"": 40, ""vn"": 20}"
80,LIB_278,P_TSMOM_S,FUT,0.17077951439448794,0.014170017428114079,0.2139069537370233,-0.05283776723081246,0.7158463889903165,0.36363636363636365,(in-sample конфигурация) 2026-01..06: +24.6%,2026-07..09: -5.0%,"library {""n"": 20, ""vn"": 60}"
81,LIB_300,P_BRK_S,FUT,0.1700095426573408,0.014106130884267093,0.18859810996218584,-0.04429513250943273,0.7590431494460147,0.36363636363636365,(in-sample конфигурация) 2026-01..06: +24.9%,2026-07..09: -3.4%,"library {""n"": 20, ""vn"": 60}"
82,LIB_258,P_EMA_S,FUT,0.1662263577054764,0.01374225840819084,0.2681604611302646,-0.04521239466203042,0.7033494512146093,0.3333333333333333,(in-sample конфигурация) 2026-01..06: +28.7%,2026-07..09: -3.1%,"library {""f"": 5, ""s"": 20, ""vn"": 20}"
83,LIB_060,P_BRK,EQ,0.16536934450414265,0.013721121657991634,0.3186716725176666,-0.0820823484682478,0.4344255644996837,0.7272727272727273,(in-sample конфигурация) 2026-01..06: +10.4%,2026-07..09: +2.8%,"library {""n"": 10, ""vn"": 60}"
84,LIB_358,P_BRK_S,EQ,0.16273402102249984,0.01350246206175143,0.29790164222504245,-0.05875855192425661,0.4419327521693833,0.45454545454545453,(in-sample конфигурация) 2026-01..06: +18.3%,2026-07..09: +2.4%,"library {""n"": 10, ""vn"": 60}"
85,LIB_049,P_TSMOM,EQ,0.16195297087574348,0.013437656313643938,0.23735358073099633,-0.11537456652149558,0.4342734477380159,0.45454545454545453,(in-sample конфигурация) 2026-01..06: +10.6%,2026-07..09: +17.9%,"library {""n"": 10, ""vn"": 60}"
86,LIB_252,P_TSMOM_S,FUT,0.16091100308561057,0.012706860957950993,0.1904349523683777,-0.1328011289006099,0.6788675297458755,0.6,(in-sample конфигурация) 2026-01..06: +17.4%,2026-07..09: -6.3%,"library {""n"": 60, ""vn"": 20}"
87,LIB_001,P_TSMOM,FUT,0.15970443416412614,0.013150265908355626,0.3417081786401468,-0.09781364066293463,0.5522903825614283,0.5,(in-sample конфигурация) 2026-01..06: +30.5%,2026-07..09: +6.3%,"library {""n"": 10, ""vn"": 20}"
88,LIB_013,P_BRK,FUT,0.1584805294359395,0.012525412214017706,0.1547734473424498,-0.054769163369201124,0.6263488457030718,0.5,(in-sample конфигурация) 2026-01..06: +25.7%,2026-07..09: -3.3%,"library {""n"": 20, ""vn"": 20}"
89,LIB_066,P_TSMOM,ALL,0.15817194555206107,0.012501023474518055,0.43875560839660466,-0.11174819816369563,0.3574971074713567,0.5,(in-sample конфигурация) 2026-01..06: +24.3%,2026-07..09: -7.5%,"library {""n"": 20, ""vn"": 20}"
90,LIB_336,P_TSMOM_S,EQ,0.1579348761264713,0.013104264613668254,0.2828610400993057,-0.08392203850962687,0.43687729026638533,0.45454545454545453,(in-sample конфигурация) 2026-01..06: +18.3%,2026-07..09: +10.2%,"library {""n"": 10, ""vn"": 60}"
91,LIB_406,P_EMA_S,ALL,0.15325524298968957,0.012715983364945383,0.37151858769357204,-0.08286100201075897,0.3725472306553481,0.5454545454545454,(in-sample конфигурация) 2026-01..06: +25.6%,2026-07..09: +3.2%,"library {""f"": 3, ""s"": 10, ""vn"": 60}"
92,LIB_056,P_EMA,EQ,0.1449722831838501,0.012028724795196798,0.35766424564644694,-0.08038864680565894,0.3886623683377541,0.45454545454545453,(in-sample конфигурация) 2026-01..06: +23.1%,2026-07..09: -2.6%,"library {""f"": 10, ""s"": 50, ""vn"": 60}"
93,LIB_160,P_XS_MOM,FUT,0.14472538353640912,0.011428710842756118,0.23334784974849754,-0.09220300428842165,0.5987812402325497,0.7,(in-sample конфигурация) 2026-01..06: +1.2%,2026-07..09: +8.7%,"library {""hold"": 1, ""k"": 2, ""n"": 60}"
94,LIB_105,P_XS_MOM,FUT,0.14167650318564845,0.011712673874474907,0.21551555152109358,-0.14301503852766473,0.6882276227354177,0.6666666666666666,(in-sample конфигурация) 2026-01..06: +25.5%,2026-07..09: +4.7%,"library {""hold"": 5, ""k"": 3, ""n"": 1}"
95,LIB_417,P_BRK_L,ALL,0.14132300269890907,0.0117259345673698,0.18588905217347929,-0.05280141840921715,0.6093949338926822,0.5454545454545454,(in-sample конфигурация) 2026-01..06: +1.9%,2026-07..09: +4.2%,"library {""n"": 10, ""vn"": 60}"
96,LIB_348,P_EMA_S,EQ,0.14112069053776988,0.011709148204793317,0.3100093891262077,-0.07328305807095603,0.3773155857111186,0.45454545454545453,(in-sample конфигурация) 2026-01..06: +21.7%,2026-07..09: +1.3%,"library {""f"": 5, ""s"": 20, ""vn"": 60}"
97,C6_WF_PANEL_SHARPE_K10_SMOOTH,candidate,ALL/EQ,0.14053756404420406,0.01053412076169078,0.057251400321720144,-0.016433037307418904,1.324206628272388,0.4444444444444444,"OOS 2026-01..06: Sharpe 1.70, +10.3%, прибыльных мес. 67%","2026-07..09: -0.9%, прибыльных мес. 0%","frozen candidate, vol-target 10%"
98,LIB_002,P_TSMOM,FUT,0.14049140190349835,0.01110365246525665,0.24330152687616646,-0.05614933976903558,0.47927331613959806,0.4166666666666667,(in-sample конфигурация) 2026-01..06: +23.0%,2026-07..09: -6.6%,"library {""n"": 20, ""vn"": 20}"
99,LIB_416,P_BRK_S,ALL,0.13746484215062874,0.011405813021156064,0.31264093167192186,-0.06696021766401827,0.3439764618380512,0.45454545454545453,(in-sample конфигурация) 2026-01..06: +19.6%,2026-07..09: +3.5%,"library {""n"": 5, ""vn"": 60}"
100,LIB_246,P_TSMOM_S,FUT,0.1350678164151277,0.011121655518309126,0.27999736867241154,-0.050698954728432,0.6044657603744449,0.5,(in-sample конфигурация) 2026-01..06: +26.6%,2026-07..09: -2.0%,"library {""n"": 10, ""vn"": 20}"
101,LIB_004,P_TSMOM,FUT,0.13338707223629537,0.010533344196437611,0.32158655499233646,-0.1566492573369942,0.4564335731536693,0.6,(in-sample конфигурация) 2026-01..06: +11.8%,2026-07..09: -2.3%,"library {""n"": 60, ""vn"": 20}"
102,LIB_287,P_EMA_L,FUT,0.13243120913558296,0.010988159488161646,0.12466480141301872,-0.045392786734737456,0.7904558884050638,0.6363636363636364,(in-sample конфигурация) 2026-01..06: +10.2%,2026-07..09: +4.4%,"library {""f"": 5, ""s"": 20, ""vn"": 60}"
103,LIB_248,P_TSMOM_S,FUT,0.13238042750053408,0.010462606538567343,0.223886811741977,-0.07340861321426928,0.5747888215060133,0.4166666666666667,(in-sample конфигурация) 2026-01..06: +22.9%,2026-07..09: -8.5%,"library {""n"": 20, ""vn"": 20}"
104,LIB_078,P_BRK,ALL,0.1304824343550375,0.010562863733503037,0.2848263554624282,-0.10189025406725705,0.32807698398596674,0.4,(in-sample конфигурация) 2026-01..06: +18.8%,2026-07..09: -3.6%,"library {""n"": 55, ""vn"": 20}"
105,LIB_147,P_XS_REV,FUT,0.1275236852672233,0.010078756871318243,0.1393467952075298,-0.0725703833886655,0.6424999955685087,0.4166666666666667,(in-sample конфигурация) 2026-01..06: +2.2%,2026-07..09: +5.3%,"library {""hold"": 5, ""k"": 1, ""n"": 20}"
106,LIB_368,P_TSMOM_S,ALL,0.12411167728519809,0.009809090896548392,0.4815788931264251,-0.11875389656051993,0.30819594360734665,0.4166666666666667,(in-sample конфигурация) 2026-01..06: +27.7%,2026-07..09: -7.9%,"library {""n"": 20, ""vn"": 20}"
107,LIB_086,P_EMA,ALL,0.12284343399747424,0.010192637019992451,0.3694199752644636,-0.12349274891312234,0.28188062340755854,0.6363636363636364,(in-sample конфигурация) 2026-01..06: +20.2%,2026-07..09: +7.8%,"library {""f"": 3, ""s"": 10, ""vn"": 60}"
108,LIB_212,P_XS_MOM,EQ,0.1204151860006113,0.009915139323463032,0.11050290711136768,-0.0532048000022769,0.746603074036286,0.5,(in-sample конфигурация) 2026-01..06: +9.3%,2026-07..09: +2.9%,"library {""hold"": 1, ""k"": 4, ""n"": 10}"
109,LIB_267,P_BRK_L,FUT,0.12029902408159691,0.009826011556929378,0.13952765367139364,-0.05464371015841607,0.6589950794670736,0.5833333333333334,(in-sample конфигурация) 2026-01..06: +7.0%,2026-07..09: +8.9%,"library {""n"": 10, ""vn"": 20}"
110,LIB_412,P_EMA_S,ALL,0.12019967720780583,0.00997327769040236,0.36448969622142613,-0.09330786411010195,0.28222502310418146,0.36363636363636365,(in-sample конфигурация) 2026-01..06: +23.5%,2026-07..09: -1.2%,"library {""f"": 20, ""s"": 100, ""vn"": 60}"
111,LIB_055,P_EMA,EQ,0.11972925359915952,0.009934245428501692,0.3299979868461378,-0.077651078812778,0.307803485599326,0.36363636363636365,(in-sample конфигурация) 2026-01..06: +16.7%,2026-07..09: +0.6%,"library {""f"": 5, ""s"": 20, ""vn"": 60}"
112,LIB_270,P_BRK_S,FUT,0.11803657281337843,0.009328948711110266,0.19568875361301252,-0.05556833095033653,0.5572731526732791,0.4166666666666667,(in-sample конфигурация) 2026-01..06: +24.4%,2026-07..09: -6.7%,"library {""n"": 20, ""vn"": 20}"
113,LIB_292,P_EMA_S,FUT,0.11455223710591267,0.009504694997965336,0.18492230551782995,-0.11465308690094389,0.4771864857435269,0.36363636363636365,(in-sample конфигурация) 2026-01..06: +13.3%,2026-07..09: -1.5%,"library {""f"": 20, ""s"": 100, ""vn"": 60}"
114,LIB_356,P_BRK_S,EQ,0.10605532619456821,0.008799684352363163,0.268276562623214,-0.06691808099276386,0.30655790947972356,0.5454545454545454,(in-sample конфигурация) 2026-01..06: +12.2%,2026-07..09: +7.2%,"library {""n"": 5, ""vn"": 60}"
115,LIB_146,P_XS_REV,FUT,0.10127641577721734,0.008004319897736423,0.16135036322521046,-0.03463227317115525,0.4638653297379202,0.5,(in-sample конфигурация) 2026-01..06: -3.4%,2026-07..09: +13.4%,"library {""hold"": 1, ""k"": 1, ""n"": 20}"
116,LIB_025,P_EMA,FUT,0.09899394993541216,0.00821378372479971,0.19448645535157993,-0.11185379943344742,0.38092252410532357,0.6363636363636364,(in-sample конфигурация) 2026-01..06: +7.5%,2026-07..09: +1.9%,"library {""f"": 20, ""s"": 100, ""vn"": 60}"
117,C1_TREND_FUT_ENS,candidate,FUT,0.09639816723623575,0.007998404929413493,0.08097642202691559,-0.03230143258455752,0.7752179061996562,0.5454545454545454,"OOS 2026-01..06: Sharpe 1.92, +13.3%, прибыльных мес. 67%","2026-07..09: +0.7%, прибыльных мес. 67%","frozen candidate, vol-target 10%"
118,LIB_294,P_EMA_S,FUT,0.09627930159546415,0.007988542340171989,0.20129905367502943,-0.12149334992864169,0.4321509469986044,0.45454545454545453,(in-sample конфигурация) 2026-01..06: +11.2%,2026-07..09: -1.3%,"library {""f"": 50, ""s"": 200, ""vn"": 60}"
119,LIB_419,P_BRK_L,ALL,0.09184174364580196,0.007289027273476346,0.2265462898703845,-0.06730089039774612,0.40009188497139014,0.6363636363636364,(in-sample конфигурация) 2026-01..06: +3.2%,2026-07..09: +3.1%,"library {""n"": 20, ""vn"": 60}"
120,LIB_030,P_BRK,FUT,0.09177650680030083,0.0071745919998647874,0.20186395083510433,-0.07219739764695987,0.32651137292574767,0.6,(in-sample конфигурация) 2026-01..06: +9.6%,2026-07..09: -0.5%,"library {""n"": 55, ""vn"": 60}"
121,LIB_274,P_TSMOM_S,FUT,0.09049077117069038,0.007508253019213126,0.19930750296043698,-0.05520036902453285,0.40802409016897084,0.2727272727272727,(in-sample конфигурация) 2026-01..06: +20.4%,2026-07..09: -4.4%,"library {""n"": 5, ""vn"": 60}"
122,LIB_091,P_BRK,ALL,0.09033998412269284,0.00749574182836196,0.24104600516147912,-0.09115288945031352,0.21533875865539714,0.6363636363636364,(in-sample конфигурация) 2026-01..06: +8.3%,2026-07..09: +8.3%,"library {""n"": 5, ""vn"": 60}"
123,LIB_260,P_EMA_S,FUT,0.08996009377406153,0.007437177064654558,0.2141452932910397,-0.09994971277683362,0.3796077548292905,0.3333333333333333,(in-sample конфигурация) 2026-01..06: +19.7%,2026-07..09: -8.0%,"library {""f"": 10, ""s"": 50, ""vn"": 20}"
124,LIB_101,P_XS_MOM,FUT,0.0898828164532897,0.007430788397262707,0.1771958097415336,-0.1417233650572598,0.43278988254970047,0.6666666666666666,(in-sample конфигурация) 2026-01..06: +19.8%,2026-07..09: +3.6%,"library {""hold"": 5, ""k"": 2, ""n"": 1}"
125,LIB_279,P_TSMOM_L,FUT,0.0885574955840863,0.006996425516924567,0.16333124511584174,-0.07758327177725732,0.5720189355233256,0.6363636363636364,(in-sample конфигурация) 2026-01..06: +5.3%,2026-07..09: +4.6%,"library {""n"": 40, ""vn"": 60}"
126,LIB_407,P_EMA_L,ALL,0.08807597289367392,0.007307890968811328,0.187830433174895,-0.05705488348030485,0.3836128461065648,0.5454545454545454,(in-sample конфигурация) 2026-01..06: +3.9%,2026-07..09: +2.4%,"library {""f"": 5, ""s"": 20, ""vn"": 60}"
127,LIB_296,P_BRK_S,FUT,0.08751884893850809,0.007261664955215317,0.18128397723194212,-0.051086932769976556,0.38136294408566707,0.2727272727272727,(in-sample конфигурация) 2026-01..06: +15.8%,2026-07..09: -3.0%,"library {""n"": 5, ""vn"": 60}"
128,LIB_302,P_BRK_S,FUT,0.08709721099818125,0.00672046381158806,0.18870514433365315,-0.11031495087081566,0.33674533598309186,0.5555555555555556,(in-sample конфигурация) 2026-01..06: +8.7%,2026-07..09: -2.7%,"library {""n"": 55, ""vn"": 60}"
129,LIB_008,P_EMA,FUT,0.0869579383637756,0.0071889829996507615,0.2447179371083621,-0.09248156592366286,0.32442200056098025,0.5,(in-sample конфигурация) 2026-01..06: +16.4%,2026-07..09: -5.8%,"library {""f"": 10, ""s"": 50, ""vn"": 20}"
130,LIB_389,P_BRK_L,ALL,0.08590372221760018,0.00681775573155557,0.22236383650670177,-0.06772185047157109,0.327421231342726,0.7272727272727273,(in-sample конфигурация) 2026-01..06: -0.4%,2026-07..09: +6.1%,"library {""n"": 20, ""vn"": 20}"
131,C2_TREND_ALL_ENS,candidate,ALL/EQ,0.08534865401315883,0.007081598276705098,0.08140099040416393,-0.029693086912511244,0.6764214870470903,0.6363636363636364,"OOS 2026-01..06: Sharpe 1.65, +11.9%, прибыльных мес. 83%","2026-07..09: +1.2%, прибыльных мес. 67%","frozen candidate, vol-target 10%"
132,LIB_085,P_TSMOM,ALL,0.08363304576532297,0.006590132291031685,0.34106784108735155,-0.09977581205021124,0.17618104409661084,0.42857142857142855,(in-sample конфигурация) 2026-01..06: +3.0%,2026-07..09: +1.6%,"library {""n"": 120, ""vn"": 60}"
133,LIB_256,P_EMA_S,FUT,0.08148159166797996,0.0067362426974189775,0.35098063063196605,-0.05690365836198907,0.34755134904041407,0.3333333333333333,(in-sample конфигурация) 2026-01..06: +24.1%,2026-07..09: -1.3%,"library {""f"": 3, ""s"": 10, ""vn"": 20}"
134,LIB_241,P_CARRY_TF,FX,0.07756072468068306,0.006412096947807792,0.1504348076414317,-0.1323271135916002,0.39117034334265594,0.4166666666666667,(in-sample конфигурация) 2026-01..06: -1.3%,2026-07..09: +0.0%,"library {""f"": 10, ""s"": 50}"
135,LIB_099,P_XS_REV,FUT,0.07496694061544258,0.006197663741356034,0.19052486931468593,-0.13381376408506185,0.4464811573496386,0.5833333333333334,(in-sample конфигурация) 2026-01..06: -4.2%,2026-07..09: -3.1%,"library {""hold"": 5, ""k"": 1, ""n"": 1}"
136,LIB_257,P_EMA_L,FUT,0.07261791912582702,0.006003465536196018,0.12438817064685281,-0.04549938510172069,0.4071282439480348,0.5833333333333334,(in-sample конфигурация) 2026-01..06: +5.7%,2026-07..09: +7.2%,"library {""f"": 5, ""s"": 20, ""vn"": 20}"
137,LIB_299,P_BRK_L,FUT,0.0717266575518641,0.005692591869195563,0.17694769548324984,-0.06348131900085718,0.4318283661434047,0.5454545454545454,(in-sample конфигурация) 2026-01..06: +5.6%,2026-07..09: +1.3%,"library {""n"": 20, ""vn"": 60}"
138,LIB_006,P_EMA,FUT,0.07091783722201944,0.005862916437005576,0.46631599459851714,-0.11151772795710713,0.2355534627143644,0.5833333333333334,(in-sample конфигурация) 2026-01..06: +25.3%,2026-07..09: +7.8%,"library {""f"": 3, ""s"": 10, ""vn"": 20}"
139,LIB_229,P_XS_MOM,EQ,0.07024294238165489,0.005546962513471953,0.19338507810607553,-0.054861731245182455,0.34438417648275615,0.6,(in-sample конфигурация) 2026-01..06: -0.3%,2026-07..09: +5.8%,"library {""hold"": 5, ""k"": 2, ""n"": 60}"
140,C5_TREND_FUT_LONGONLY,candidate,FUT,0.06921535032029619,0.005742976397427174,0.10129023636878702,-0.025531412146465773,0.571834886995039,0.5454545454545454,"OOS 2026-01..06: Sharpe 0.56, +3.1%, прибыльных мес. 50%","2026-07..09: +5.4%, прибыльных мес. 100%","frozen candidate, vol-target 10%"
141,LIB_111,P_XS_REV,FUT,0.06908785492612515,0.00571162821809897,0.2732746594992932,-0.183077800902538,0.3924750585960486,0.6666666666666666,(in-sample конфигурация) 2026-01..06: -15.8%,2026-07..09: +11.7%,"library {""hold"": 5, ""k"": 1, ""n"": 3}"
142,LIB_414,P_EMA_S,ALL,0.06607729778334824,0.005482604072932934,0.3785849396372214,-0.11776016355725005,0.16773871795098133,0.45454545454545453,(in-sample конфигурация) 2026-01..06: +21.0%,2026-07..09: -3.2%,"library {""f"": 50, ""s"": 200, ""vn"": 60}"
143,LIB_117,P_XS_MOM,FUT,0.06515097680512555,0.005386158796720035,0.22723941742287934,-0.09652220530551858,0.2899868798416311,0.4166666666666667,(in-sample конфигурация) 2026-01..06: +34.9%,2026-07..09: -11.0%,"library {""hold"": 5, ""k"": 3, ""n"": 3}"
144,LIB_026,P_EMA,FUT,0.061442639408683726,0.005098054496391507,0.18503464298555627,-0.12542107701301575,0.26943655567743513,0.5454545454545454,(in-sample конфигурация) 2026-01..06: +3.3%,2026-07..09: +2.3%,"library {""f"": 50, ""s"": 200, ""vn"": 60}"
145,C8_WF_PANEL_FLOOR_K5,candidate,ALL/EQ,0.060702392286614275,0.004550002949173027,0.09747276299480001,-0.03512956900928806,0.5836535966607885,0.5555555555555556,"OOS 2026-01..06: Sharpe 0.84, +4.9%, прибыльных мес. 67%","2026-07..09: -0.8%, прибыльных мес. 33%","frozen candidate, vol-target 10%"
146,LIB_352,P_EMA_S,EQ,0.059804091366696295,0.004962099933023142,0.32744902302511036,-0.08038773812586442,0.16112517652699238,0.45454545454545453,(in-sample конфигурация) 2026-01..06: +19.6%,2026-07..09: -0.2%,"library {""f"": 20, ""s"": 100, ""vn"": 60}"
147,LIB_034,P_TSMOM,EQ,0.05974754380967242,0.004722110770671861,0.40749430654977914,-0.13929378904867917,0.16069926427471692,0.4166666666666667,(in-sample конфигурация) 2026-01..06: +10.5%,2026-07..09: -4.2%,"library {""n"": 20, ""vn"": 20}"
148,LIB_399,P_TSMOM_L,ALL,0.05771544218974942,0.004559769783389294,0.19780428316789767,-0.07604024122701958,0.27833580948290493,0.5454545454545454,(in-sample конфигурация) 2026-01..06: +1.4%,2026-07..09: +4.7%,"library {""n"": 40, ""vn"": 60}"
149,LIB_059,P_BRK,EQ,0.05695008416078054,0.004725295583325947,0.20179748395457864,-0.0486358606867725,0.1689833470802091,0.6363636363636364,(in-sample конфигурация) 2026-01..06: -1.4%,2026-07..09: +11.7%,"library {""n"": 5, ""vn"": 60}"
150,LIB_395,P_TSMOM_L,ALL,0.05679866818220193,0.004712732208479958,0.25996313975338126,-0.13694807331921766,0.23667410044263287,0.5454545454545454,(in-sample конфигурация) 2026-01..06: -1.4%,2026-07..09: +9.8%,"library {""n"": 10, ""vn"": 60}"
151,LIB_249,P_TSMOM_L,FUT,0.05348453883078485,0.004225510102432137,0.16227008424175438,-0.07661469938466325,0.3223111389158751,0.6363636363636364,(in-sample конфигурация) 2026-01..06: +0.2%,2026-07..09: +7.3%,"library {""n"": 40, ""vn"": 20}"
152,LIB_275,P_TSMOM_L,FUT,0.052311015305610414,0.004340380057824818,0.1797222768946085,-0.1000444893288659,0.300928455768913,0.45454545454545453,(in-sample конфигурация) 2026-01..06: +5.0%,2026-07..09: +5.8%,"library {""n"": 10, ""vn"": 60}"
153,LIB_205,P_XS_MOM,EQ,0.050972986868891235,0.004197180466386878,0.13037490073475055,-0.032800932589452714,0.3182254567979327,0.4166666666666667,(in-sample конфигурация) 2026-01..06: +4.9%,2026-07..09: +2.0%,"library {""hold"": 5, ""k"": 2, ""n"": 10}"
154,LIB_387,P_BRK_L,ALL,0.05074816504623096,0.004178668352021002,0.19294817794070696,-0.11538642243249342,0.18982691599370327,0.5,(in-sample конфигурация) 2026-01..06: -0.3%,2026-07..09: +7.0%,"library {""n"": 10, ""vn"": 20}"
155,LIB_016,P_TSMOM,FUT,0.050662550794557955,0.0042036026994041594,0.21514532334549585,-0.09308363369200379,0.18412697733835978,0.5454545454545454,(in-sample конфигурация) 2026-01..06: +21.9%,2026-07..09: -3.9%,"library {""n"": 5, ""vn"": 60}"
156,LIB_209,P_XS_MOM,EQ,0.0500290402116267,0.004119454699965293,0.14688275821390562,-0.08652179170167074,0.2981339351652667,0.6666666666666666,(in-sample конфигурация) 2026-01..06: +12.8%,2026-07..09: -6.5%,"library {""hold"": 5, ""k"": 3, ""n"": 10}"
157,LIB_285,P_EMA_L,FUT,0.0498314913838049,0.004134647553490306,0.15953268474549986,-0.061702231236267835,0.2932199468611362,0.45454545454545453,(in-sample конфигурация) 2026-01..06: +3.8%,2026-07..09: +6.6%,"library {""f"": 3, ""s"": 10, ""vn"": 60}"
158,LIB_308,P_TSMOM_S,EQ,0.049529181599468924,0.003914508730910408,0.4483118175267009,-0.1349713651870843,0.14120790869337935,0.4166666666666667,(in-sample конфигурация) 2026-01..06: +16.8%,2026-07..09: -3.1%,"library {""n"": 20, ""vn"": 20}"
159,LIB_289,P_EMA_L,FUT,0.04638993742954209,0.003849092932465613,0.19060381930466974,-0.07392257419996895,0.3210711890308699,0.5454545454545454,(in-sample конфигурация) 2026-01..06: +1.9%,2026-07..09: +0.2%,"library {""f"": 10, ""s"": 50, ""vn"": 60}"
160,LIB_397,P_TSMOM_L,ALL,0.04600485680873491,0.0038171417987045556,0.16554824539616675,-0.07484878465766087,0.19939475750509592,0.6363636363636364,(in-sample конфигурация) 2026-01..06: +1.1%,2026-07..09: -1.4%,"library {""n"": 20, ""vn"": 60}"
161,LIB_213,P_XS_MOM,EQ,0.04485809217439088,0.0036936722722960744,0.16818652972506243,-0.0832053056328732,0.27662196536215605,0.4166666666666667,(in-sample конфигурация) 2026-01..06: +11.5%,2026-07..09: -5.9%,"library {""hold"": 5, ""k"": 4, ""n"": 10}"
162,LIB_346,P_EMA_S,EQ,0.04452260431794655,0.0036941554809263007,0.30564134571795876,-0.07387190603185445,0.1252193909438829,0.5454545454545454,(in-sample конфигурация) 2026-01..06: +14.0%,2026-07..09: +2.7%,"library {""f"": 3, ""s"": 10, ""vn"": 60}"
163,LIB_269,P_BRK_L,FUT,0.04393684890006129,0.0034870515000048645,0.172203824378812,-0.06162998144645826,0.2499285727831324,0.5454545454545454,(in-sample конфигурация) 2026-01..06: +1.3%,2026-07..09: +3.4%,"library {""n"": 20, ""vn"": 20}"
164,LIB_394,P_TSMOM_S,ALL,0.04293985077187561,0.0035628303309997796,0.36558099580724956,-0.1194116689148359,0.10888059534712889,0.45454545454545453,(in-sample конфигурация) 2026-01..06: +23.8%,2026-07..09: -1.6%,"library {""n"": 5, ""vn"": 60}"
165,LIB_027,P_BRK,FUT,0.04226645676598823,0.0035069570909730496,0.18615590210538357,-0.08758505439618602,0.1427402939708868,0.5454545454545454,(in-sample конфигурация) 2026-01..06: +12.5%,2026-07..09: -1.1%,"library {""n"": 5, ""vn"": 60}"
166,LIB_329,P_BRK_L,EQ,0.03884603771001904,0.0030830188658745265,0.19830088067783436,-0.04018826235551387,0.17759072384927957,0.6363636363636364,(in-sample конфигурация) 2026-01..06: -4.1%,2026-07..09: +5.2%,"library {""n"": 20, ""vn"": 20}"
167,LIB_277,P_TSMOM_L,FUT,0.03883119273535988,0.003221924361159009,0.16162340439041145,-0.07470501131319907,0.23252917421214866,0.36363636363636365,(in-sample конфигурация) 2026-01..06: +5.5%,2026-07..09: -0.2%,"library {""n"": 20, ""vn"": 60}"
168,LIB_369,P_TSMOM_L,ALL,0.03865968918051119,0.003054282803222205,0.19581983918828882,-0.07822381117148325,0.15986443605188724,0.5454545454545454,(in-sample конфигурация) 2026-01..06: -3.0%,2026-07..09: +8.1%,"library {""n"": 40, ""vn"": 20}"
169,LIB_366,P_TSMOM_S,ALL,0.03692457412942158,0.003040416322164674,0.5665093114275805,-0.12071581050986424,0.09167422130602718,0.5,(in-sample конфигурация) 2026-01..06: +27.8%,2026-07..09: +3.0%,"library {""n"": 10, ""vn"": 20}"
170,LIB_116,P_XS_MOM,FUT,0.03575842342420947,0.002956218867742185,0.23044597264379263,-0.08424843032844365,0.15477869854870102,0.5833333333333334,(in-sample конфигурация) 2026-01..06: +12.5%,2026-07..09: -2.4%,"library {""hold"": 1, ""k"": 3, ""n"": 3}"
171,LIB_242,P_CARRY_TF,FX,0.03560451926995302,0.002943495310015957,0.16623822995461524,-0.14813053590478376,0.16768210239148756,0.5,(in-sample конфигурация) 2026-01..06: -7.1%,2026-07..09: +1.7%,"library {""f"": 20, ""s"": 100}"
172,LIB_367,P_TSMOM_L,ALL,0.034060288196076226,0.0026919341530629026,0.17655948754691053,-0.07062318979296833,0.13420676202193227,0.5833333333333334,(in-sample конфигурация) 2026-01..06: -3.4%,2026-07..09: +0.4%,"library {""n"": 20, ""vn"": 20}"
173,LIB_262,P_EMA_S,FUT,0.03212853056390304,0.0026561285188411907,0.24187376834015595,-0.1401499598432565,0.13556992672228402,0.3333333333333333,(in-sample конфигурация) 2026-01..06: +11.5%,2026-07..09: -5.0%,"library {""f"": 20, ""s"": 100, ""vn"": 20}"
174,LIB_156,P_XS_MOM,FUT,0.030203613594476243,0.0023851266290876084,0.21584063695263467,-0.07946804747916758,0.13101903536725124,0.7,(in-sample конфигурация) 2026-01..06: -4.5%,2026-07..09: +7.9%,"library {""hold"": 1, ""k"": 1, ""n"": 60}"
175,LIB_409,P_EMA_L,ALL,0.029564767272424197,0.0024530651055763224,0.23947157565271482,-0.07455091776500922,0.1478221825665219,0.5454545454545454,(in-sample конфигурация) 2026-01..06: -0.8%,2026-07..09: -1.1%,"library {""f"": 10, ""s"": 50, ""vn"": 60}"
176,LIB_161,P_XS_MOM,FUT,0.029486939234099816,0.0023285321061848664,0.18154638379928656,-0.06810965994372964,0.13024256853562416,0.5,(in-sample конфигурация) 2026-01..06: -1.2%,2026-07..09: +3.9%,"library {""hold"": 5, ""k"": 2, ""n"": 60}"
177,LIB_359,P_BRK_L,EQ,0.02582441325966184,0.0020495566079096698,0.1929072867933428,-0.0372959176893346,0.14030944276483417,0.6363636363636364,(in-sample конфигурация) 2026-01..06: -2.9%,2026-07..09: +3.0%,"library {""n"": 20, ""vn"": 60}"
178,LIB_245,P_TSMOM_L,FUT,0.024636608592337295,0.0020286096360753922,0.17771024284593295,-0.09922215124242939,0.13168008038825876,0.4166666666666667,(in-sample конфигурация) 2026-01..06: +3.8%,2026-07..09: +8.3%,"library {""n"": 10, ""vn"": 20}"
179,LIB_378,P_EMA_S,ALL,0.022728649886325003,0.001879021981343006,0.5373588935472071,-0.10763520770706236,0.05394177339296005,0.3333333333333333,(in-sample конфигурация) 2026-01..06: +31.1%,2026-07..09: -3.5%,"library {""f"": 5, ""s"": 20, ""vn"": 20}"
180,LIB_089,P_EMA,ALL,0.02041382495410052,0.00169378778479189,0.3442185129970312,-0.1194724424276501,0.048813654624280514,0.5454545454545454,(in-sample конфигурация) 2026-01..06: +9.4%,2026-07..09: +0.9%,"library {""f"": 20, ""s"": 100, ""vn"": 60}"
181,LIB_228,P_XS_MOM,EQ,0.020295030235730573,0.0016026631019485649,0.1977453991639777,-0.0329121446411591,0.10016933302260271,0.5,(in-sample конфигурация) 2026-01..06: -1.1%,2026-07..09: +3.5%,"library {""hold"": 1, ""k"": 2, ""n"": 60}"
182,LIB_244,P_TSMOM_S,FUT,0.020279617157561006,0.0016765556512533901,0.28353196260286495,-0.07465692890400533,0.0938404004515054,0.25,(in-sample конфигурация) 2026-01..06: +23.1%,2026-07..09: -7.3%,"library {""n"": 5, ""vn"": 20}"
183,LIB_380,P_EMA_S,ALL,0.01981250320308027,0.0016379384261805778,0.4359851177650853,-0.0855873815016821,0.04766315615991433,0.3333333333333333,(in-sample конфигурация) 2026-01..06: +29.9%,2026-07..09: -8.2%,"library {""f"": 10, ""s"": 50, ""vn"": 20}"
184,LIB_159,P_XS_REV,FUT,0.019380606705024218,0.0015304526723411982,0.15961928886645183,-0.07530445361044258,0.0890738093501263,0.5,(in-sample конфигурация) 2026-01..06: +1.0%,2026-07..09: -1.2%,"library {""hold"": 5, ""k"": 1, ""n"": 60}"
185,LIB_071,P_EMA,ALL,0.017698273556947242,0.00146315092236667,0.5695839069776412,-0.19546845136210322,0.03863085151880626,0.4166666666666667,(in-sample конфигурация) 2026-01..06: +31.7%,2026-07..09: +1.3%,"library {""f"": 5, ""s"": 20, ""vn"": 20}"
186,LIB_165,P_XS_MOM,FUT,0.01763472454813976,0.0013925834067777033,0.25226519332136377,-0.16203797736670822,0.0818135971151925,0.5,(in-sample конфигурация) 2026-01..06: -2.2%,2026-07..09: +3.0%,"library {""hold"": 5, ""k"": 3, ""n"": 60}"
187,LIB_281,P_TSMOM_L,FUT,0.017428118905641055,0.0013762681199295912,0.1759275197327952,-0.05330220493488014,0.11303235965828075,0.3,(in-sample конфигурация) 2026-01..06: -0.3%,2026-07..09: +2.2%,"library {""n"": 60, ""vn"": 60}"
188,LIB_301,P_BRK_L,FUT,0.014405890878608751,0.0011261748028118745,0.23809655298100552,-0.09484391803562175,0.09459799703364308,0.4,(in-sample конфигурация) 2026-01..06: +0.9%,2026-07..09: +2.2%,"library {""n"": 55, ""vn"": 60}"
189,LIB_128,P_XS_MOM,FUT,0.01234101803577505,0.0010202561206824612,0.3152580376918195,-0.08838120673317462,0.05072960440381966,0.4166666666666667,(in-sample конфигурация) 2026-01..06: +17.2%,2026-07..09: -0.7%,"library {""hold"": 1, ""k"": 3, ""n"": 5}"
190,LIB_264,P_EMA_S,FUT,0.011692254885230794,0.0009666216009615406,0.2371439887001543,-0.13555200546397828,0.05279556270201021,0.4166666666666667,(in-sample конфигурация) 2026-01..06: +9.8%,2026-07..09: -5.8%,"library {""f"": 50, ""s"": 200, ""vn"": 20}"
191,LIB_065,P_TSMOM,ALL,0.01095547365901395,0.0009020876127957914,0.6042385196051328,-0.17744401772506535,0.024961398134236614,0.5,(in-sample конфигурация) 2026-01..06: +25.7%,2026-07..09: +14.1%,"library {""n"": 10, ""vn"": 20}"
192,LIB_307,P_TSMOM_L,EQ,0.010218342129473777,0.0008076004526931987,0.1656237931965734,-0.06598116352688521,0.0483156284517309,0.4166666666666667,(in-sample конфигурация) 2026-01..06: -6.2%,2026-07..09: -1.2%,"library {""n"": 20, ""vn"": 20}"
193,LIB_266,P_BRK_S,FUT,0.009697005996946246,0.0008016704693242597,0.29428699861455243,-0.04914311035827268,0.043663056460911606,0.25,(in-sample конфигурация) 2026-01..06: +17.0%,2026-07..09: -5.7%,"library {""n"": 5, ""vn"": 20}"
194,C4_CARRY_FX,candidate,FUT,0.008430067330204337,0.0006994644610198438,0.12720551806730065,-0.06418981736028118,0.08401735586677253,0.5454545454545454,"OOS 2026-01..06: Sharpe 0.03, +0.1%, прибыльных мес. 50%","2026-07..09: -3.7%, прибыльных мес. 67%","frozen candidate, vol-target 10%"
195,LIB_247,P_TSMOM_L,FUT,0.008110989550777386,0.0006410471238874985,0.15985357055615168,-0.0738785651337821,0.04671488657174844,0.5,(in-sample конфигурация) 2026-01..06: +0.0%,2026-07..09: +1.9%,"library {""n"": 20, ""vn"": 20}"
196,LIB_240,P_CARRY,FX,0.004502368773508352,0.0003722196406670264,0.2995355103048496,-0.14813053590478376,0.018917533020563527,0.5833333333333334,(in-sample конфигурация) 2026-01..06: +0.4%,2026-07..09: -9.0%,library {}
197,LIB_354,P_EMA_S,EQ,0.0040317239740903935,0.0003345225519627671,0.32929375616367906,-0.07927775256393943,0.011638615242188594,0.5454545454545454,(in-sample конфигурация) 2026-01..06: +18.0%,2026-07..09: -3.1%,"library {""f"": 50, ""s"": 200, ""vn"": 60}"
198,LIB_335,P_TSMOM_L,EQ,0.004018085342906251,0.0003333909195052084,0.20752109914610628,-0.09675763817358529,0.02109189435240974,0.5454545454545454,(in-sample конфигурация) 2026-01..06: -7.7%,2026-07..09: +7.7%,"library {""n"": 10, ""vn"": 60}"
199,LIB_127,P_XS_REV,FUT,0.0035153751226316672,0.0002906229433392582,0.1986002739849937,-0.057402500677198987,0.016280371227062152,0.6666666666666666,(in-sample конфигурация) 2026-01..06: -11.3%,2026-07..09: +1.1%,"library {""hold"": 5, ""k"": 2, ""n"": 5}"
200,LIB_357,P_BRK_L,EQ,0.0026353436002745697,0.00021866126553504728,0.19403487580348155,-0.05410634441432194,0.014245728159810915,0.5454545454545454,(in-sample конфигурация) 2026-01..06: -8.0%,2026-07..09: +0.4%,"library {""n"": 10, ""vn"": 60}"
201,C9_META_RP,candidate,ALL/EQ,0.0013872293840620428,0.00011505196082102209,0.07402711368296885,-0.046893077591553395,0.014737671875921926,0.5,"OOS 2026-01..06: Sharpe 1.36, +6.9%, прибыльных мес. 67%","2026-07..09: -2.1%, прибыльных мес. 33%","frozen candidate, vol-target 10%"
202,LIB_337,P_TSMOM_L,EQ,0.0005678790720792123,4.7118393426485866e-05,0.13724059666856192,-0.07978593336883932,0.0030153775399709916,0.5454545454545454,(in-sample конфигурация) 2026-01..06: -4.9%,2026-07..09: -1.8%,"library {""n"": 20, ""vn"": 60}"
203,LIB_259,P_EMA_L,FUT,-0.003002145790611394,-0.00024819326972647104,0.19322017307422357,-0.07320309983333573,-0.019798779965371327,0.5,(in-sample конфигурация) 2026-01..06: -3.3%,2026-07..09: +2.2%,"library {""f"": 10, ""s"": 50, ""vn"": 20}"
204,LIB_377,P_EMA_L,ALL,-0.005030391081592825,-0.00041587227857083536,0.18735580637439853,-0.08783324994101349,-0.01953041538299159,0.5,(in-sample конфигурация) 2026-01..06: +0.6%,2026-07..09: +4.8%,"library {""f"": 5, ""s"": 20, ""vn"": 20}"
205,LIB_177,P_XS_MOM,EQ,-0.005785812750269542,-0.0004783244667881566,0.17969005891063716,-0.08547872079452645,-0.03823522353439401,0.4166666666666667,(in-sample конфигурация) 2026-01..06: +13.5%,2026-07..09: -10.1%,"library {""hold"": 5, ""k"": 4, ""n"": 1}"
206,LIB_401,P_TSMOM_L,ALL,-0.006332122307693721,-0.0005000366425520042,0.23773643656386412,-0.07225371597451158,-0.02872238836867287,0.4,(in-sample конфигурация) 2026-01..06: -1.7%,2026-07..09: +2.5%,"library {""n"": 60, ""vn"": 60}"
207,LIB_173,P_XS_MOM,EQ,-0.006521640387363732,-0.000539156778055864,0.15512835588742746,-0.08107369494246086,-0.0430500597903136,0.5,(in-sample конфигурация) 2026-01..06: +13.4%,2026-07..09: -8.8%,"library {""hold"": 5, ""k"": 3, ""n"": 1}"
208,LIB_272,P_BRK_S,FUT,-0.008239632728509605,-0.0006357741302862349,0.1829006374173332,-0.1352326745982282,-0.03435973805214746,0.4444444444444444,(in-sample конфигурация) 2026-01..06: +6.2%,2026-07..09: -6.8%,"library {""n"": 55, ""vn"": 20}"
209,LIB_328,P_BRK_S,EQ,-0.008988629047119657,-0.0007312178391506071,0.40372112896056933,-0.07530102983582765,-0.026023100970503813,0.3333333333333333,(in-sample конфигурация) 2026-01..06: +13.7%,2026-07..09: -0.5%,"library {""n"": 10, ""vn"": 20}"
210,LIB_153,P_XS_MOM,FUT,-0.009548369435708014,-0.0007546495684967643,0.1450029363259091,-0.06655089670675807,-0.042287353852649506,0.4166666666666667,(in-sample конфигурация) 2026-01..06: +13.6%,2026-07..09: -7.3%,"library {""hold"": 5, ""k"": 3, ""n"": 20}"
211,LIB_208,P_XS_MOM,EQ,-0.01044643478200165,-0.0008601727052640248,0.13594896158610936,-0.051514315156964585,-0.06676447092124997,0.3333333333333333,(in-sample конфигурация) 2026-01..06: +7.0%,2026-07..09: -2.7%,"library {""hold"": 1, ""k"": 3, ""n"": 10}"
212,LIB_255,P_EMA_L,FUT,-0.010563749834604095,-0.0008733258791835397,0.1843233806612261,-0.060976087504968746,-0.05764440927682419,0.4166666666666667,(in-sample конфигурация) 2026-01..06: +1.2%,2026-07..09: +9.1%,"library {""f"": 3, ""s"": 10, ""vn"": 20}"
213,LIB_291,P_EMA_L,FUT,-0.015558288055383498,-0.001290911346586654,0.20969633612276084,-0.08100166641543183,-0.12086447296337663,0.5454545454545454,(in-sample конфигурация) 2026-01..06: -5.8%,2026-07..09: +3.4%,"library {""f"": 20, ""s"": 100, ""vn"": 60}"
214,LIB_112,P_XS_MOM,FUT,-0.016888759721769023,-0.001396226828849952,0.1884223105153069,-0.0730512993177399,-0.08020845291952694,0.4166666666666667,(in-sample конфигурация) 2026-01..06: +9.2%,2026-07..09: -5.4%,"library {""hold"": 1, ""k"": 2, ""n"": 3}"
215,LIB_334,P_TSMOM_S,EQ,-0.021363641660212557,-0.0017725965302485167,0.31992676949084853,-0.11016187103814445,-0.061910376296480295,0.5454545454545454,(in-sample конфигурация) 2026-01..06: +13.9%,2026-07..09: +1.6%,"library {""n"": 5, ""vn"": 60}"
216,LIB_347,P_EMA_L,EQ,-0.02139144601090305,-0.0017749035290431823,0.19917549290767056,-0.04900405908119865,-0.11734433411031972,0.5454545454545454,(in-sample конфигурация) 2026-01..06: -5.1%,2026-07..09: -0.7%,"library {""f"": 5, ""s"": 20, ""vn"": 60}"
217,C10_ML_HOURLY_H16_PREMIUM,ml,ALL,-0.022262842762691158,-0.0018552368968909297,,-0.03299442875184447,,0.4444444444444444,OOS 2026-01..06: Sharpe 1.27 (порог выбран на тех же месяцах),"2026-07..09: -7.3%, 0/3 прибыльных","frozen candidate, 1× номинал"
218,LIB_072,P_EMA,ALL,-0.024131837542236096,-0.001995026251838302,0.3780604293860961,-0.12821358075598255,-0.0585664422626479,0.4166666666666667,(in-sample конфигурация) 2026-01..06: +24.0%,2026-07..09: -7.4%,"library {""f"": 10, ""s"": 50, ""vn"": 20}"
219,LIB_009,P_EMA,FUT,-0.0253519649914233,-0.0020958965766718998,0.28295088563027093,-0.17146855004830286,-0.09955955226047071,0.5,(in-sample конфигурация) 2026-01..06: +0.1%,2026-07..09: +0.5%,"library {""f"": 20, ""s"": 100, ""vn"": 20}"
220,LIB_365,P_TSMOM_L,ALL,-0.025969089326029364,-0.002138327791726624,0.2545755759747408,-0.13708087548729964,-0.09652484477189768,0.5,(in-sample конфигурация) 2026-01..06: -2.1%,2026-07..09: +11.1%,"library {""n"": 10, ""vn"": 20}"
221,LIB_251,P_TSMOM_L,FUT,-0.027523926294830817,-0.0021735164018537034,0.21300562521901156,-0.058116959833569126,-0.16107960488807008,0.3,(in-sample конфигурация) 2026-01..06: -5.6%,2026-07..09: +4.0%,"library {""n"": 60, ""vn"": 20}"
222,LIB_149,P_XS_MOM,FUT,-0.029299164440097565,-0.0023156416339891925,0.15072145877275034,-0.0856586874833738,-0.13510216872119737,0.4166666666666667,(in-sample конфигурация) 2026-01..06: +14.8%,2026-07..09: -8.8%,"library {""hold"": 5, ""k"": 2, ""n"": 20}"
223,LIB_405,P_EMA_L,ALL,-0.030411846738254256,-0.002523349476839278,0.28038408915745094,-0.08467972210200969,-0.1309441457041447,0.36363636363636365,(in-sample конфигурация) 2026-01..06: -5.4%,2026-07..09: +4.6%,"library {""f"": 3, ""s"": 10, ""vn"": 60}"
224,LIB_309,P_TSMOM_L,EQ,-0.030786915902727707,-0.002432299633007708,0.1885081967120641,-0.04330152564216405,-0.14964103505662407,0.2727272727272727,(in-sample конфигурация) 2026-01..06: -6.5%,2026-07..09: +4.3%,"library {""n"": 40, ""vn"": 20}"
225,LIB_349,P_EMA_L,EQ,-0.030991614324834108,-0.002571454291021589,0.19411607708025258,-0.047049944589161896,-0.18437954058989123,0.6363636363636364,(in-sample конфигурация) 2026-01..06: -4.9%,2026-07..09: -1.6%,"library {""f"": 10, ""s"": 50, ""vn"": 60}"
226,LIB_339,P_TSMOM_L,EQ,-0.032278180146495784,-0.0025501159639547536,0.17403244261367945,-0.03942803910467774,-0.1907012589935363,0.45454545454545453,(in-sample конфигурация) 2026-01..06: -5.1%,2026-07..09: +2.3%,"library {""n"": 40, ""vn"": 60}"
227,LIB_293,P_EMA_L,FUT,-0.03483665043517565,-0.0028904868687194803,0.20786018471699208,-0.08851533889537677,-0.26884784234085657,0.5454545454545454,(in-sample конфигурация) 2026-01..06: -7.9%,2026-07..09: +3.6%,"library {""f"": 50, ""s"": 200, ""vn"": 60}"
228,LIB_141,P_XS_MOM,FUT,-0.03530171253095683,-0.002906787837370454,0.2357165682478808,-0.1359599072020501,-0.15342030412774002,0.5,(in-sample конфигурация) 2026-01..06: +12.6%,2026-07..09: -5.3%,"library {""hold"": 5, ""k"": 3, ""n"": 10}"
229,LIB_129,P_XS_MOM,FUT,-0.035476266273486545,-0.002932892383720779,0.2661374020271978,-0.08579809172078967,-0.16042598955215717,0.4166666666666667,(in-sample конфигурация) 2026-01..06: +14.8%,2026-07..09: -0.1%,"library {""hold"": 5, ""k"": 3, ""n"": 5}"
230,LIB_137,P_XS_MOM,FUT,-0.036403570653879815,-0.00299751623439685,0.2323648088167829,-0.1254433272370079,-0.16146685036098954,0.4166666666666667,(in-sample конфигурация) 2026-01..06: +12.6%,2026-07..09: -8.2%,"library {""hold"": 5, ""k"": 2, ""n"": 10}"
231,LIB_273,P_TSMOM_L,FUT,-0.03982822857126492,-0.0033046509997802787,0.20681909506674856,-0.04015238309511915,-0.23334603221223435,0.36363636363636365,(in-sample конфигурация) 2026-01..06: +1.5%,2026-07..09: +0.5%,"library {""n"": 5, ""vn"": 60}"
232,LIB_379,P_EMA_L,ALL,-0.04394432482708362,-0.0036329633620274158,0.24132718834880507,-0.0767561755128554,-0.19475079472370907,0.4166666666666667,(in-sample конфигурация) 2026-01..06: -5.9%,2026-07..09: +0.8%,"library {""f"": 10, ""s"": 50, ""vn"": 20}"
233,LIB_164,P_XS_MOM,FUT,-0.044585335183796246,-0.003520826072053751,0.2758256359884399,-0.146765714387584,-0.19997082953063797,0.5,(in-sample конфигурация) 2026-01..06: -6.6%,2026-07..09: +2.4%,"library {""hold"": 1, ""k"": 3, ""n"": 60}"
234,LIB_295,P_BRK_L,FUT,-0.04525238777465204,-0.0037547074993398155,0.23735252873666468,-0.08214112227142323,-0.2544733376967826,0.36363636363636365,(in-sample конфигурация) 2026-01..06: -3.3%,2026-07..09: +1.9%,"library {""n"": 5, ""vn"": 60}"
235,LIB_415,P_BRK_L,ALL,-0.047124852801346644,-0.003910070759130494,0.337019928778318,-0.09664689570126939,-0.19814114017672604,0.5454545454545454,(in-sample конфигурация) 2026-01..06: -11.3%,2026-07..09: +4.8%,"library {""n"": 5, ""vn"": 60}"
236,LIB_000,P_TSMOM,FUT,-0.04743307122745318,-0.003921384856766963,0.33585624559782445,-0.12114623456727713,-0.1714290553531269,0.5,(in-sample конфигурация) 2026-01..06: +23.7%,2026-07..09: -4.2%,"library {""n"": 5, ""vn"": 20}"
237,LIB_355,P_BRK_L,EQ,-0.04910523853411533,-0.004074388478660363,0.25700806003442267,-0.10222435589093948,-0.26360743086362287,0.5454545454545454,(in-sample конфигурация) 2026-01..06: -13.7%,2026-07..09: +4.5%,"library {""n"": 5, ""vn"": 60}"
238,LIB_320,P_EMA_S,EQ,-0.05169825697940541,-0.004273996112715395,0.4343775038178137,-0.099692446005065,-0.14269732366289822,0.4166666666666667,(in-sample конфигурация) 2026-01..06: +22.5%,2026-07..09: -3.9%,"library {""f"": 10, ""s"": 50, ""vn"": 20}"
239,LIB_136,P_XS_MOM,FUT,-0.052936246066707666,-0.004358837721762636,0.26105880172690377,-0.12107972404919565,-0.22320567178366774,0.3333333333333333,(in-sample конфигурация) 2026-01..06: +14.5%,2026-07..09: -5.0%,"library {""hold"": 1, ""k"": 2, ""n"": 10}"
240,LIB_371,P_TSMOM_L,ALL,-0.053864332474651166,-0.004253572286688723,0.2709721906721825,-0.08075369178550318,-0.20542388677859824,0.5,(in-sample конфигурация) 2026-01..06: -6.6%,2026-07..09: +3.9%,"library {""n"": 60, ""vn"": 20}"
241,LIB_140,P_XS_MOM,FUT,-0.056142537297080665,-0.004622847813152475,0.2933592634362867,-0.10508122446481138,-0.24095208285246814,0.3333333333333333,(in-sample конфигурация) 2026-01..06: +7.8%,2026-07..09: +1.0%,"library {""hold"": 1, ""k"": 3, ""n"": 10}"
242,LIB_261,P_EMA_L,FUT,-0.05748048459441634,-0.004752024189353203,0.23142818854103098,-0.08601146380533464,-0.41168300698346466,0.5,(in-sample конфигурация) 2026-01..06: -11.4%,2026-07..09: +5.5%,"library {""f"": 20, ""s"": 100, ""vn"": 20}"
243,LIB_113,P_XS_MOM,FUT,-0.05795241989346687,-0.004791040004420211,0.23668416323926067,-0.11954871495254338,-0.25891666045551026,0.3333333333333333,(in-sample конфигурация) 2026-01..06: +26.8%,2026-07..09: -16.5%,"library {""hold"": 5, ""k"": 2, ""n"": 3}"
244,LIB_151,P_XS_REV,FUT,-0.05799169690936617,-0.004583338479278609,0.23456651090964442,-0.13586594647495076,-0.26742313030149334,0.5,(in-sample конфигурация) 2026-01..06: -19.4%,2026-07..09: +7.2%,"library {""hold"": 5, ""k"": 2, ""n"": 20}"
245,LIB_132,P_XS_MOM,FUT,-0.05813045500786779,-0.004786535481798637,0.24214483431205736,-0.09249036648543552,-0.26697191129404335,0.5,(in-sample конфигурация) 2026-01..06: +4.6%,2026-07..09: -4.4%,"library {""hold"": 1, ""k"": 1, ""n"": 10}"
246,LIB_148,P_XS_MOM,FUT,-0.06109465448776159,-0.00482857884344412,0.193299389546155,-0.07182859502790961,-0.27581182838092366,0.3333333333333333,(in-sample конфигурация) 2026-01..06: +10.2%,2026-07..09: -13.3%,"library {""hold"": 1, ""k"": 2, ""n"": 20}"
247,LIB_341,P_TSMOM_L,EQ,-0.062053918374594695,-0.004900289585930295,0.18153592749149539,-0.05570474465639563,-0.34625483773384963,0.3,(in-sample конфигурация) 2026-01..06: -5.0%,2026-07..09: +1.3%,"library {""n"": 60, ""vn"": 60}"
248,LIB_054,P_EMA,EQ,-0.06384043562973839,-0.005297005842294311,0.2748647888547566,-0.07140642320155166,-0.17958616805412275,0.45454545454545453,(in-sample конфигурация) 2026-01..06: +2.2%,2026-07..09: +2.8%,"library {""f"": 3, ""s"": 10, ""vn"": 60}"
249,LIB_327,P_BRK_L,EQ,-0.06619868323503901,-0.005450883639393093,0.2181502140210796,-0.10930494079366326,-0.3054141843479128,0.5,(in-sample конфигурация) 2026-01..06: -8.0%,2026-07..09: +1.4%,"library {""n"": 10, ""vn"": 20}"
250,LIB_010,P_EMA,FUT,-0.0663472476813913,-0.005485056851966874,0.20736634357035655,-0.16194949677446857,-0.29486494418077763,0.4166666666666667,(in-sample конфигурация) 2026-01..06: -3.4%,2026-07..09: -1.1%,"library {""f"": 50, ""s"": 200, ""vn"": 20}"
251,LIB_243,P_TSMOM_L,FUT,-0.067712671536603,-0.0055979391151292175,0.18148009329888737,-0.04648930573603138,-0.36294090934555795,0.3333333333333333,(in-sample конфигурация) 2026-01..06: +0.6%,2026-07..09: +3.1%,"library {""n"": 5, ""vn"": 20}"
252,LIB_306,P_TSMOM_S,EQ,-0.06819850327068357,-0.005615551360582079,0.5120613544349908,-0.1155592986906413,-0.1916602429095679,0.4166666666666667,(in-sample конфигурация) 2026-01..06: +13.7%,2026-07..09: +5.7%,"library {""n"": 10, ""vn"": 20}"
253,LIB_192,P_XS_MOM,EQ,-0.0716022496406199,-0.005919498151506275,0.26555904747510795,-0.07770109819830395,-0.39238919298549557,0.4166666666666667,(in-sample конфигурация) 2026-01..06: +5.7%,2026-07..09: -0.1%,"library {""hold"": 1, ""k"": 2, ""n"": 5}"
254,LIB_044,P_BRK,EQ,-0.07507899338123529,-0.006182099653415207,0.4042783491750015,-0.16796951065771282,-0.20573289985893853,0.6666666666666666,(in-sample конфигурация) 2026-01..06: +5.7%,2026-07..09: +0.8%,"library {""n"": 10, ""vn"": 20}"
255,LIB_069,P_TSMOM,ALL,-0.07643311989046432,-0.006022791193182846,0.30545377028465737,-0.12215784560248721,-0.18146592684093252,0.42857142857142855,(in-sample конфигурация) 2026-01..06: -1.1%,2026-07..09: -3.1%,"library {""n"": 120, ""vn"": 20}"
256,LIB_115,P_XS_REV,FUT,-0.07722999540003365,-0.006384754910717068,0.3757292226637219,-0.15305480093229562,-0.346228251258628,0.4166666666666667,(in-sample конфигурация) 2026-01..06: -33.6%,2026-07..09: +13.9%,"library {""hold"": 5, ""k"": 2, ""n"": 3}"
257,LIB_263,P_EMA_L,FUT,-0.07803949619139894,-0.006451677925876235,0.24130850563233253,-0.09627265287417686,-0.5588070082436547,0.5,(in-sample конфигурация) 2026-01..06: -13.2%,2026-07..09: +4.7%,"library {""f"": 50, ""s"": 200, ""vn"": 20}"
258,LIB_157,P_XS_MOM,FUT,-0.0780639523348798,-0.00616457401374646,0.2456286856904626,-0.14805208891630173,-0.3566312583849463,0.5,(in-sample конфигурация) 2026-01..06: -4.5%,2026-07..09: +0.5%,"library {""hold"": 5, ""k"": 1, ""n"": 60}"
259,LIB_376,P_EMA_S,ALL,-0.0783025907400297,-0.00647342846726436,0.617485970906273,-0.11649592034518719,-0.1898512796002808,0.3333333333333333,(in-sample конфигурация) 2026-01..06: +23.5%,2026-07..09: -0.2%,"library {""f"": 3, ""s"": 10, ""vn"": 20}"
260,LIB_011,P_BRK,FUT,-0.07894039495563811,-0.006526156990380135,0.36333736971880626,-0.09598640620242804,-0.27098914647432576,0.5,(in-sample конфигурация) 2026-01..06: +11.2%,2026-07..09: -1.0%,"library {""n"": 5, ""vn"": 20}"
261,LIB_139,P_XS_REV,FUT,-0.07982129212868162,-0.006572586554246603,0.26492729675373994,-0.12021947634639218,-0.35545378740389033,0.5,(in-sample конфигурация) 2026-01..06: -18.9%,2026-07..09: +5.9%,"library {""hold"": 5, ""k"": 2, ""n"": 10}"
262,LIB_305,P_TSMOM_L,EQ,-0.0822924472164692,-0.006776064602149745,0.19979559989269546,-0.09759773710038644,-0.3834251591259278,0.5,(in-sample конфигурация) 2026-01..06: -7.7%,2026-07..09: +7.3%,"library {""n"": 10, ""vn"": 20}"
263,LIB_166,P_XS_REV,FUT,-0.08293851649642561,-0.006549509834439959,0.21079320926219225,-0.09748984966427088,-0.3730566792945877,0.5,(in-sample конфигурация) 2026-01..06: -1.2%,2026-07..09: -4.0%,"library {""hold"": 1, ""k"": 3, ""n"": 60}"
264,LIB_232,P_XS_MOM,EQ,-0.08380048248626742,-0.006617577783637784,0.18461428222528298,-0.03505141720233951,-0.4191552417027885,0.4,(in-sample конфигурация) 2026-01..06: -8.5%,2026-07..09: +3.5%,"library {""hold"": 1, ""k"": 3, ""n"": 60}"
265,LIB_152,P_XS_MOM,FUT,-0.08685700950649577,-0.006864690896842755,0.208625829374796,-0.07420017704498605,-0.3884265954370731,0.3333333333333333,(in-sample конфигурация) 2026-01..06: +8.7%,2026-07..09: -14.0%,"library {""hold"": 1, ""k"": 3, ""n"": 20}"
266,LIB_319,P_EMA_L,EQ,-0.08722541056197952,-0.0072110954498991004,0.20722359547653468,-0.05444351353798993,-0.44492573015759773,0.4166666666666667,(in-sample конфигурация) 2026-01..06: -7.2%,2026-07..09: -0.8%,"library {""f"": 10, ""s"": 50, ""vn"": 20}"
267,LIB_265,P_BRK_L,FUT,-0.08863738767230188,-0.007327826361797444,0.22909440760486177,-0.08209600103145931,-0.46521571024641845,0.3333333333333333,(in-sample конфигурация) 2026-01..06: -5.8%,2026-07..09: +4.7%,"library {""n"": 5, ""vn"": 20}"
268,LIB_057,P_EMA,EQ,-0.08875987579977727,-0.007364636159433179,0.3266862296150066,-0.06820472789695486,-0.24834694656182982,0.36363636363636365,(in-sample конфигурация) 2026-01..06: +3.2%,2026-07..09: -0.4%,"library {""f"": 20, ""s"": 100, ""vn"": 60}"
269,LIB_143,P_XS_REV,FUT,-0.0897910967076489,-0.007393512923348074,0.27516154665499926,-0.09776273835450411,-0.3908676320850447,0.4166666666666667,(in-sample конфигурация) 2026-01..06: -19.7%,2026-07..09: +3.3%,"library {""hold"": 5, ""k"": 3, ""n"": 10}"
270,LIB_311,P_TSMOM_L,EQ,-0.09062780841164778,-0.007156719791237265,0.20451749619678594,-0.06287465913919732,-0.4093337286901471,0.3,(in-sample конфигурация) 2026-01..06: -7.1%,2026-07..09: +1.7%,"library {""n"": 60, ""vn"": 20}"
271,LIB_155,P_XS_REV,FUT,-0.0913834860155049,-0.007222438213527009,0.2349898631000542,-0.12451074904674897,-0.40531241183193034,0.5,(in-sample конфигурация) 2026-01..06: -19.2%,2026-07..09: +5.6%,"library {""hold"": 5, ""k"": 3, ""n"": 20}"
272,LIB_154,P_XS_REV,FUT,-0.09167676055051335,-0.007245616987953933,0.2798098125276738,-0.1218410863657482,-0.41130980956634855,0.5,(in-sample конфигурация) 2026-01..06: -19.0%,2026-07..09: +10.8%,"library {""hold"": 1, ""k"": 3, ""n"": 20}"
273,LIB_167,P_XS_REV,FUT,-0.09179561261056797,-0.007248939249802788,0.23906029166391818,-0.10360817989567295,-0.42795338635232033,0.4,(in-sample конфигурация) 2026-01..06: -2.2%,2026-07..09: -4.2%,"library {""hold"": 5, ""k"": 3, ""n"": 60}"
274,LIB_122,P_XS_REV,FUT,-0.09222982294333633,-0.007624820018463652,0.3321479981968878,-0.09420858230441809,-0.4240879435238878,0.5,(in-sample конфигурация) 2026-01..06: -9.9%,2026-07..09: -4.9%,"library {""hold"": 1, ""k"": 1, ""n"": 5}"
275,LIB_375,P_EMA_L,ALL,-0.09237962002050336,-0.007637204036086587,0.25720492830805597,-0.08978101626917123,-0.355505140203789,0.4166666666666667,(in-sample конфигурация) 2026-01..06: -6.3%,2026-07..09: +7.9%,"library {""f"": 3, ""s"": 10, ""vn"": 20}"
276,LIB_124,P_XS_MOM,FUT,-0.09271988321637037,-0.007665334260612629,0.31810151124955155,-0.08555857057217509,-0.3905964109826038,0.5,(in-sample конфигурация) 2026-01..06: +6.1%,2026-07..09: -3.3%,"library {""hold"": 1, ""k"": 2, ""n"": 5}"
277,LIB_317,P_EMA_L,EQ,-0.09344218264365918,-0.00772504816829193,0.20566152265564597,-0.08829519934079144,-0.4499011634119185,0.5,(in-sample конфигурация) 2026-01..06: -5.7%,2026-07..09: +0.0%,"library {""f"": 5, ""s"": 20, ""vn"": 20}"
278,LIB_169,P_XS_MOM,EQ,-0.09482362594951702,-0.007839254790800018,0.13408001019979565,-0.07311707298504189,-0.6763148167382436,0.3333333333333333,(in-sample конфигурация) 2026-01..06: -1.3%,2026-07..09: -7.9%,"library {""hold"": 5, ""k"": 2, ""n"": 1}"
279,LIB_271,P_BRK_L,FUT,-0.09611977679893695,-0.007514125408488326,0.26402191451052204,-0.09547829712391831,-0.5954177979199312,0.4,(in-sample конфигурация) 2026-01..06: -7.2%,2026-07..09: +3.7%,"library {""n"": 55, ""vn"": 20}"
280,LIB_196,P_XS_MOM,EQ,-0.09948379147908418,-0.00822451979820471,0.30100092326756567,-0.07218896993435919,-0.5304399454625202,0.3333333333333333,(in-sample конфигурация) 2026-01..06: +0.3%,2026-07..09: +1.1%,"library {""hold"": 1, ""k"": 3, ""n"": 5}"
281,LIB_411,P_EMA_L,ALL,-0.09978588597492173,-0.008279492703546897,0.3081439109737403,-0.09923063800670207,-0.5402943802568517,0.6363636363636364,(in-sample конфигурация) 2026-01..06: -14.1%,2026-07..09: +2.1%,"library {""f"": 20, ""s"": 100, ""vn"": 60}"
282,LIB_090,P_EMA,ALL,-0.10060976781479321,-0.008347852307865238,0.3629232950042933,-0.16550514319169451,-0.2819558824800714,0.5454545454545454,(in-sample конфигурация) 2026-01..06: +3.0%,2026-07..09: -3.3%,"library {""f"": 50, ""s"": 200, ""vn"": 60}"
283,LIB_163,P_XS_REV,FUT,-0.10091162897733008,-0.007968815145432018,0.17019933531992137,-0.08818248112220317,-0.4466370446452251,0.3,(in-sample конфигурация) 2026-01..06: -3.2%,2026-07..09: -4.7%,"library {""hold"": 5, ""k"": 2, ""n"": 60}"
284,LIB_386,P_BRK_S,ALL,-0.1020432675050106,-0.00843611669188249,0.5606641966005554,-0.11242827377282083,-0.26330064519440555,0.3333333333333333,(in-sample конфигурация) 2026-01..06: +17.4%,2026-07..09: -0.9%,"library {""n"": 5, ""vn"": 20}"
285,LIB_382,P_EMA_S,ALL,-0.10210481163952499,-0.008441204665966021,0.48263806832255796,-0.13241412519710138,-0.24488937770381028,0.3333333333333333,(in-sample конфигурация) 2026-01..06: +18.3%,2026-07..09: -5.9%,"library {""f"": 20, ""s"": 100, ""vn"": 20}"
286,LIB_014,P_BRK,FUT,-0.10343926364504544,-0.008086323388124584,0.2836266989543219,-0.12154128751717508,-0.3830506620517458,0.5,(in-sample конфигурация) 2026-01..06: -1.1%,2026-07..09: -3.1%,"library {""n"": 55, ""vn"": 20}"
287,LIB_172,P_XS_MOM,EQ,-0.10687201320696477,-0.008835318552163093,0.2780671260993586,-0.06729726518096868,-0.5952560009836616,0.4166666666666667,(in-sample конфигурация) 2026-01..06: -0.8%,2026-07..09: +6.5%,"library {""hold"": 1, ""k"": 3, ""n"": 1}"
288,LIB_345,P_EMA_L,EQ,-0.10836304165068608,-0.008991161464523017,0.26082877324006404,-0.08021970912159304,-0.5851046984641219,0.45454545454545453,(in-sample конфигурация) 2026-01..06: -11.9%,2026-07..09: +0.1%,"library {""f"": 3, ""s"": 10, ""vn"": 60}"
289,LIB_104,P_XS_MOM,FUT,-0.10923989236971829,-0.009031075758078563,0.31680883917579195,-0.12237196008209139,-0.5077727674785035,0.3333333333333333,(in-sample конфигурация) 2026-01..06: +8.7%,2026-07..09: -1.9%,"library {""hold"": 1, ""k"": 3, ""n"": 1}"
290,LIB_150,P_XS_REV,FUT,-0.10933791498678432,-0.008641455582619528,0.30705505938385613,-0.16661683737765998,-0.4937249937817283,0.5833333333333334,(in-sample конфигурация) 2026-01..06: -19.9%,2026-07..09: +10.3%,"library {""hold"": 1, ""k"": 2, ""n"": 20}"
291,LIB_080,P_TSMOM,ALL,-0.11275111627739692,-0.009355251350577666,0.3552872302097967,-0.15923769178334624,-0.26441153910744275,0.45454545454545453,(in-sample конфигурация) 2026-01..06: +15.3%,2026-07..09: -2.3%,"library {""n"": 5, ""vn"": 60}"
292,LIB_108,P_XS_MOM,FUT,-0.11280986171134282,-0.009326212112379531,0.1488561898804619,-0.05218318075640127,-0.668408919993562,0.25,(in-sample конфигурация) 2026-01..06: -5.9%,2026-07..09: -3.9%,"library {""hold"": 1, ""k"": 1, ""n"": 3}"
293,LIB_318,P_EMA_S,EQ,-0.1138890508243785,-0.009415430789052456,0.49384544463919156,-0.11305993012001636,-0.30904227181153027,0.4166666666666667,(in-sample конфигурация) 2026-01..06: +16.3%,2026-07..09: -1.9%,"library {""f"": 5, ""s"": 20, ""vn"": 20}"
294,LIB_421,P_BRK_L,ALL,-0.11399085819806822,-0.009227831377938856,0.30620708737842506,-0.10613892969558947,-0.5782871461062149,0.4,(in-sample конфигурация) 2026-01..06: -7.3%,2026-07..09: +1.7%,"library {""n"": 55, ""vn"": 60}"
295,LIB_325,P_BRK_L,EQ,-0.11657378561695805,-0.009637383070185024,0.2555302918080997,-0.10724503902019933,-0.5527018911370872,0.5,(in-sample конфигурация) 2026-01..06: -12.1%,2026-07..09: +5.2%,"library {""n"": 5, ""vn"": 20}"
296,C3_XSMOM_EQ_ENS,candidate,ALL/EQ,-0.11864754636597696,-0.009844493385344408,0.18593639594989553,-0.0530560103831132,-0.9579518424816642,0.36363636363636365,"OOS 2026-01..06: Sharpe -0.09, -0.7%, прибыльных мес. 33%","2026-07..09: -1.0%, прибыльных мес. 67%","frozen candidate, vol-target 10%"
297,LIB_015,P_BUYHOLD,FUT,-0.11967828050907701,-0.009894037740499092,0.6103353709331714,-0.18916940037161112,-0.4068535629195652,0.5833333333333334,(in-sample конфигурация) 2026-01..06: -24.5%,2026-07..09: +10.0%,"library {""vn"": 20}"
298,LIB_204,P_XS_MOM,EQ,-0.12391587690813524,-0.010203390658110342,0.195319641752576,-0.07579895085655153,-0.8111862464778266,0.4166666666666667,(in-sample конфигурация) 2026-01..06: +1.8%,2026-07..09: -4.7%,"library {""hold"": 1, ""k"": 2, ""n"": 10}"
299,LIB_131,P_XS_REV,FUT,-0.1250430365673965,-0.010337552626272858,0.3646319042891264,-0.088666359661147,-0.5681052581799846,0.4166666666666667,(in-sample конфигурация) 2026-01..06: -23.5%,2026-07..09: -2.6%,"library {""hold"": 5, ""k"": 3, ""n"": 5}"
300,LIB_158,P_XS_REV,FUT,-0.12655100665592245,-0.009993512033543085,0.16223861528851558,-0.07179812388494611,-0.5502188105337418,0.3,(in-sample конфигурация) 2026-01..06: -1.6%,2026-07..09: -9.0%,"library {""hold"": 1, ""k"": 1, ""n"": 60}"
301,LIB_385,P_BRK_L,ALL,-0.12694350533466786,-0.010494668099757595,0.31276725625502877,-0.10668020611046813,-0.4765224065873993,0.5,(in-sample конфигурация) 2026-01..06: -11.9%,2026-07..09: +7.1%,"library {""n"": 5, ""vn"": 20}"
302,LIB_134,P_XS_REV,FUT,-0.12796901254662232,-0.010537130993422275,0.23681930149177788,-0.10365952416759683,-0.589507760016374,0.3333333333333333,(in-sample конфигурация) 2026-01..06: -14.6%,2026-07..09: +0.4%,"library {""hold"": 1, ""k"": 1, ""n"": 10}"
303,LIB_364,P_TSMOM_S,ALL,-0.13384839013020972,-0.011065508443304376,0.5531899612469715,-0.16775937302736565,-0.3546384360287552,0.3333333333333333,(in-sample конфигурация) 2026-01..06: +24.5%,2026-07..09: -4.9%,"library {""n"": 5, ""vn"": 20}"
304,LIB_180,P_XS_MOM,EQ,-0.13647110878156674,-0.011282333728634816,0.2917644719937016,-0.089849048119504,-0.7725579188972138,0.3333333333333333,(in-sample конфигурация) 2026-01..06: -19.7%,2026-07..09: +10.8%,"library {""hold"": 1, ""k"": 2, ""n"": 3}"
305,LIB_183,P_XS_REV,EQ,-0.13739190270182736,-0.011358457564635197,0.2522639883100055,-0.09840537409763783,-0.9622870361626862,0.4166666666666667,(in-sample конфигурация) 2026-01..06: -16.7%,2026-07..09: +5.6%,"library {""hold"": 5, ""k"": 2, ""n"": 3}"
306,LIB_236,P_XS_MOM,EQ,-0.13746258629456423,-0.010855180425642175,0.24032029211593908,-0.07799266879737843,-0.6643831580136553,0.2,(in-sample конфигурация) 2026-01..06: -12.5%,2026-07..09: +2.9%,"library {""hold"": 1, ""k"": 4, ""n"": 60}"
307,LIB_315,P_EMA_L,EQ,-0.13781289924995507,-0.011393262173442054,0.2592366561293602,-0.07937488696916262,-0.662174173410486,0.4166666666666667,(in-sample конфигурация) 2026-01..06: -10.9%,2026-07..09: +2.5%,"library {""f"": 3, ""s"": 10, ""vn"": 20}"
308,LIB_040,P_EMA,EQ,-0.13892367735816516,-0.011485092374186934,0.42241362150525674,-0.1342285959981382,-0.38810768334440593,0.4166666666666667,(in-sample конфигурация) 2026-01..06: +15.3%,2026-07..09: -4.7%,"library {""f"": 10, ""s"": 50, ""vn"": 20}"
309,LIB_237,P_XS_MOM,EQ,-0.1427577615821741,-0.011273331172560574,0.2568352422094904,-0.08187195919890655,-0.6513625380394599,0.5,(in-sample конфигурация) 2026-01..06: -9.3%,2026-07..09: -1.2%,"library {""hold"": 5, ""k"": 4, ""n"": 60}"
310,LIB_326,P_BRK_S,EQ,-0.14347417751722968,-0.011861291130723354,0.490500670777692,-0.11841439678391907,-0.4220409040187206,0.3333333333333333,(in-sample конфигурация) 2026-01..06: +8.3%,2026-07..09: +3.8%,"library {""n"": 5, ""vn"": 20}"
311,LIB_125,P_XS_MOM,FUT,-0.14757250858523185,-0.012200108183302897,0.25309707322958275,-0.05845479761410388,-0.6758048388698301,0.3333333333333333,(in-sample конфигурация) 2026-01..06: +3.6%,2026-07..09: -3.8%,"library {""hold"": 5, ""k"": 2, ""n"": 5}"
312,LIB_223,P_XS_REV,EQ,-0.1476554906150805,-0.011669861857474947,0.2642949575038074,-0.07566854583274107,-0.6478324892689822,0.3333333333333333,(in-sample конфигурация) 2026-01..06: -15.5%,2026-07..09: +2.4%,"library {""hold"": 5, ""k"": 3, ""n"": 20}"
313,LIB_384,P_EMA_S,ALL,-0.14769793337630108,-0.012210477296321187,0.49067277618451044,-0.15131945227039978,-0.37709288976560473,0.4166666666666667,(in-sample конфигурация) 2026-01..06: +16.3%,2026-07..09: -8.1%,"library {""f"": 50, ""s"": 200, ""vn"": 20}"
314,LIB_351,P_EMA_L,EQ,-0.1485639671624876,-0.012326736092125595,0.25307555776817026,-0.06770695446175523,-0.9697995245094506,0.45454545454545453,(in-sample конфигурация) 2026-01..06: -16.3%,2026-07..09: -0.2%,"library {""f"": 20, ""s"": 100, ""vn"": 60}"
315,LIB_197,P_XS_MOM,EQ,-0.14967907134801497,-0.012374261850861027,0.237751117138032,-0.061878210166469216,-0.9093489516381406,0.16666666666666666,(in-sample конфигурация) 2026-01..06: -1.9%,2026-07..09: -7.0%,"library {""hold"": 5, ""k"": 3, ""n"": 5}"
316,LIB_096,P_XS_MOM,FUT,-0.1498241161679907,-0.012386252990078598,0.2819891480539809,-0.09231431625084952,-0.8986384078741354,0.4166666666666667,(in-sample конфигурация) 2026-01..06: +10.2%,2026-07..09: -10.7%,"library {""hold"": 1, ""k"": 1, ""n"": 1}"
317,LIB_031,P_BUYHOLD,FUT,-0.14999015562479262,-0.01244507063264874,0.6283540607255418,-0.17380078718997538,-0.5271185066819344,0.6363636363636364,(in-sample конфигурация) 2026-01..06: -20.1%,2026-07..09: +4.6%,"library {""vn"": 60}"
318,LIB_219,P_XS_REV,EQ,-0.15023278457106645,-0.01187355671709156,0.2620495360533823,-0.09207416826393455,-0.7544904981907599,0.25,(in-sample конфигурация) 2026-01..06: -15.2%,2026-07..09: +4.4%,"library {""hold"": 5, ""k"": 2, ""n"": 20}"
319,LIB_233,P_XS_MOM,EQ,-0.1502918706867252,-0.011868286613753299,0.26280565741762985,-0.0825871147972066,-0.7165768292671753,0.3,(in-sample конфигурация) 2026-01..06: -9.8%,2026-07..09: -1.5%,"library {""hold"": 5, ""k"": 3, ""n"": 60}"
320,LIB_033,P_TSMOM,EQ,-0.1504909387058214,-0.012391614992642038,0.5279403159947833,-0.15550988051109016,-0.40985236544203635,0.4166666666666667,(in-sample конфигурация) 2026-01..06: +6.0%,2026-07..09: +13.0%,"library {""n"": 10, ""vn"": 20}"
321,LIB_220,P_XS_MOM,EQ,-0.15425770394790847,-0.012191663771015252,0.27809029136551544,-0.06296191635374271,-0.6757667853736317,0.3333333333333333,(in-sample конфигурация) 2026-01..06: -2.6%,2026-07..09: -3.9%,"library {""hold"": 1, ""k"": 3, ""n"": 20}"
322,LIB_393,P_TSMOM_L,ALL,-0.15569100651027046,-0.012918084955758373,0.40235579530417453,-0.13138728284684476,-0.6167883071558018,0.36363636363636365,(in-sample конфигурация) 2026-01..06: -8.5%,2026-07..09: -0.6%,"library {""n"": 5, ""vn"": 60}"
323,LIB_120,P_XS_MOM,FUT,-0.16023730900918598,-0.013247132027875827,0.381904875201144,-0.06180944771767827,-0.7369958528862846,0.25,(in-sample конфигурация) 2026-01..06: -3.5%,2026-07..09: +0.3%,"library {""hold"": 1, ""k"": 1, ""n"": 5}"
324,LIB_200,P_XS_MOM,EQ,-0.16189463903315482,-0.013384146745465841,0.3045185699575086,-0.05801863022497855,-0.8672409678379469,0.16666666666666666,(in-sample конфигурация) 2026-01..06: -2.0%,2026-07..09: -3.1%,"library {""hold"": 1, ""k"": 4, ""n"": 5}"
325,LIB_195,P_XS_REV,EQ,-0.16241084136120482,-0.013426822202480556,0.27846419296520253,-0.17955357756000012,-1.002368258114522,0.4166666666666667,(in-sample конфигурация) 2026-01..06: -19.7%,2026-07..09: +1.9%,"library {""hold"": 5, ""k"": 2, ""n"": 5}"
326,LIB_322,P_EMA_S,EQ,-0.16289609676908004,-0.013466939217020505,0.45486904282370233,-0.1148945036547957,-0.4462058382513505,0.3333333333333333,(in-sample конфигурация) 2026-01..06: +14.2%,2026-07..09: -3.5%,"library {""f"": 20, ""s"": 100, ""vn"": 20}"
327,LIB_381,P_EMA_L,ALL,-0.16405846061802,-0.013563034111939487,0.347285769872542,-0.11055807609227486,-0.7803285329500748,0.5833333333333334,(in-sample конфигурация) 2026-01..06: -20.1%,2026-07..09: +3.8%,"library {""f"": 20, ""s"": 100, ""vn"": 20}"
328,LIB_413,P_EMA_L,ALL,-0.16668707498457758,-0.013830457159615022,0.36306447139941156,-0.09925325459335,-0.8711240363614847,0.5454545454545454,(in-sample конфигурация) 2026-01..06: -18.0%,2026-07..09: -0.1%,"library {""f"": 50, ""s"": 200, ""vn"": 60}"
329,LIB_097,P_XS_MOM,FUT,-0.169645071994717,-0.014024890211203456,0.2389939298027457,-0.0929592524189502,-1.005704054673735,0.4166666666666667,(in-sample конфигурация) 2026-01..06: -0.8%,2026-07..09: +1.5%,"library {""hold"": 5, ""k"": 1, ""n"": 1}"
330,LIB_109,P_XS_MOM,FUT,-0.16989504852332174,-0.01404555626019525,0.2339566973496403,-0.08091292530298233,-0.9586758379446119,0.25,(in-sample конфигурация) 2026-01..06: +11.2%,2026-07..09: -14.1%,"library {""hold"": 5, ""k"": 1, ""n"": 3}"
331,LIB_070,P_EMA,ALL,-0.17068221230758354,-0.01411063263124864,0.7043218642065767,-0.19896674808114767,-0.3840837174286068,0.5833333333333334,(in-sample конфигурация) 2026-01..06: +17.2%,2026-07..09: +7.8%,"library {""f"": 3, ""s"": 10, ""vn"": 20}"
332,LIB_053,P_TSMOM,EQ,-0.17116952420667939,-0.013487847995877798,0.35419819492381066,-0.09156797570176423,-0.4274016262721569,0.2857142857142857,(in-sample конфигурация) 2026-01..06: -4.9%,2026-07..09: -4.5%,"library {""n"": 120, ""vn"": 60}"
333,LIB_363,P_TSMOM_L,ALL,-0.17181019349070265,-0.014203885043874228,0.35468533444509376,-0.11491616106650326,-0.6126891093987246,0.3333333333333333,(in-sample конфигурация) 2026-01..06: -7.2%,2026-07..09: +2.9%,"library {""n"": 5, ""vn"": 20}"
334,LIB_316,P_EMA_S,EQ,-0.1741497324675147,-0.014397299311137127,0.520440272277483,-0.10582042469832231,-0.4859427512899133,0.3333333333333333,(in-sample конфигурация) 2026-01..06: +10.2%,2026-07..09: +0.9%,"library {""f"": 3, ""s"": 10, ""vn"": 20}"
335,LIB_110,P_XS_REV,FUT,-0.17533304334338753,-0.014495125937780054,0.2370659924345091,-0.10900912204670021,-1.0336780721560759,0.3333333333333333,(in-sample конфигурация) 2026-01..06: -9.3%,2026-07..09: -1.2%,"library {""hold"": 1, ""k"": 1, ""n"": 3}"
336,LIB_361,P_BRK_L,EQ,-0.1779335350609686,-0.01440414331445936,0.22903391395811923,-0.0684149840453756,-1.0881116015157002,0.2,(in-sample конфигурация) 2026-01..06: -11.9%,2026-07..09: +0.4%,"library {""n"": 55, ""vn"": 60}"
337,LIB_168,P_XS_MOM,EQ,-0.1788814046098232,-0.014788475910203639,0.3092454003453895,-0.060784295201301575,-0.9809254591708353,0.25,(in-sample конфигурация) 2026-01..06: -12.9%,2026-07..09: +7.0%,"library {""hold"": 1, ""k"": 2, ""n"": 1}"
338,LIB_201,P_XS_MOM,EQ,-0.17980939309112728,-0.014865194534650072,0.24422397783200722,-0.08175400283653289,-1.0928697217879364,0.16666666666666666,(in-sample конфигурация) 2026-01..06: -7.3%,2026-07..09: -1.4%,"library {""hold"": 5, ""k"": 4, ""n"": 5}"
339,LIB_191,P_XS_REV,EQ,-0.18157651615783107,-0.015011286058021748,0.33773698200639046,-0.14093602483626455,-1.1140784132744066,0.25,(in-sample конфигурация) 2026-01..06: -23.9%,2026-07..09: +8.1%,"library {""hold"": 5, ""k"": 4, ""n"": 3}"
340,LIB_138,P_XS_REV,FUT,-0.18368786936068307,-0.015125092417595928,0.32821468427209766,-0.15882453962694854,-0.7732742078404926,0.3333333333333333,(in-sample конфигурация) 2026-01..06: -26.9%,2026-07..09: +0.6%,"library {""hold"": 1, ""k"": 2, ""n"": 10}"
341,LIB_142,P_XS_REV,FUT,-0.18700992222551008,-0.01539863446896561,0.3292322015240643,-0.15617348882369697,-0.8024722277534767,0.4166666666666667,(in-sample конфигурация) 2026-01..06: -21.7%,2026-07..09: -4.8%,"library {""hold"": 1, ""k"": 3, ""n"": 10}"
342,LIB_126,P_XS_REV,FUT,-0.1935771405316482,-0.01600340116829102,0.40129029263334814,-0.14830081490799785,-0.816734743948781,0.5,(in-sample конфигурация) 2026-01..06: -21.8%,2026-07..09: -2.6%,"library {""hold"": 1, ""k"": 2, ""n"": 5}"
343,LIB_304,P_TSMOM_S,EQ,-0.1949395269523957,-0.016116032320799906,0.5048873659361561,-0.15726998960599303,-0.5897638088095252,0.5,(in-sample конфигурация) 2026-01..06: +12.5%,2026-07..09: -0.2%,"library {""n"": 5, ""vn"": 20}"
344,LIB_391,P_BRK_L,ALL,-0.19630528312301762,-0.015891380062339523,0.3387958147068275,-0.11302364811126608,-0.9057719716416158,0.3,(in-sample конфигурация) 2026-01..06: -14.3%,2026-07..09: +3.0%,"library {""n"": 55, ""vn"": 20}"
345,LIB_303,P_TSMOM_L,EQ,-0.19644599622566603,-0.016240575084793818,0.3247941360841651,-0.13523094533957192,-0.8467502851458061,0.4166666666666667,(in-sample конфигурация) 2026-01..06: -11.9%,2026-07..09: +1.0%,"library {""n"": 5, ""vn"": 20}"
346,LIB_333,P_TSMOM_L,EQ,-0.1985207159768122,-0.016471776578162626,0.36805878356972244,-0.15213876856432762,-0.9541585295212169,0.36363636363636365,(in-sample конфигурация) 2026-01..06: -14.3%,2026-07..09: -1.6%,"library {""n"": 5, ""vn"": 60}"
347,LIB_321,P_EMA_L,EQ,-0.20151332954037934,-0.016659501450097498,0.30371275103243534,-0.07835314304975327,-1.1263753940725005,0.3333333333333333,(in-sample конфигурация) 2026-01..06: -19.6%,2026-07..09: +0.3%,"library {""f"": 20, ""s"": 100, ""vn"": 20}"
348,LIB_283,P_TSMOM_L,FUT,-0.20318439109471276,-0.016010561429798793,0.18384298640012275,-0.06519434577785432,-1.735756895296607,0.2857142857142857,(in-sample конфигурация) 2026-01..06: -17.4%,2026-07..09: +6.2%,"library {""n"": 120, ""vn"": 60}"
349,LIB_145,P_XS_MOM,FUT,-0.20420764065020042,-0.016139426625462267,0.2799872971372679,-0.13746974407695234,-1.0233992592369903,0.5,(in-sample конфигурация) 2026-01..06: -6.6%,2026-07..09: -6.7%,"library {""hold"": 5, ""k"": 1, ""n"": 20}"
350,LIB_324,P_EMA_S,EQ,-0.20551177987153643,-0.01699006116662834,0.4547189506411087,-0.1164922337338794,-0.592276124534766,0.4166666666666667,(in-sample конфигурация) 2026-01..06: +13.0%,2026-07..09: -5.7%,"library {""f"": 50, ""s"": 200, ""vn"": 20}"
351,LIB_039,P_EMA,EQ,-0.20733123415103183,-0.017140479013808847,0.504325791123847,-0.20135513248533243,-0.5422276518667672,0.3333333333333333,(in-sample конфигурация) 2026-01..06: +10.7%,2026-07..09: -1.9%,"library {""f"": 5, ""s"": 20, ""vn"": 20}"
352,LIB_331,P_BRK_L,EQ,-0.20939125351244856,-0.016950720522436312,0.2673653964593541,-0.07673600479029119,-1.1273722897853344,0.2,(in-sample конфигурация) 2026-01..06: -14.6%,2026-07..09: +0.8%,"library {""n"": 55, ""vn"": 20}"
353,LIB_187,P_XS_REV,EQ,-0.21734031787578714,-0.0179679495598369,0.3962095792157925,-0.14532688386680093,-1.3888867740492639,0.3333333333333333,(in-sample конфигурация) 2026-01..06: -31.8%,2026-07..09: +11.8%,"library {""hold"": 5, ""k"": 3, ""n"": 3}"
354,LIB_253,P_TSMOM_L,FUT,-0.21891264887056575,-0.017249919610549114,0.21146883785695536,-0.0773981133243069,-1.7635764648304957,0.42857142857142855,(in-sample конфигурация) 2026-01..06: -20.2%,2026-07..09: +8.1%,"library {""n"": 120, ""vn"": 20}"
355,LIB_383,P_EMA_L,ALL,-0.21902037298138022,-0.018106843004413047,0.4002468694379786,-0.10174396639922634,-1.022142232846863,0.4166666666666667,(in-sample конфигурация) 2026-01..06: -23.7%,2026-07..09: +1.7%,"library {""f"": 50, ""s"": 200, ""vn"": 20}"
356,LIB_176,P_XS_MOM,EQ,-0.21985619056195718,-0.018175941680055985,0.30543126894917805,-0.07259248830087017,-1.2416479178326332,0.25,(in-sample конфигурация) 2026-01..06: -7.4%,2026-07..09: +1.8%,"library {""hold"": 1, ""k"": 4, ""n"": 1}"
357,LIB_048,P_TSMOM,EQ,-0.2198843662227813,-0.01824437382079354,0.2994610659625323,-0.13210055173840374,-0.6111018426682765,0.45454545454545453,(in-sample конфигурация) 2026-01..06: -0.4%,2026-07..09: +0.1%,"library {""n"": 5, ""vn"": 60}"
358,LIB_100,P_XS_MOM,FUT,-0.22018909028201597,-0.01820346315162169,0.3116633131976414,-0.09251919109374285,-1.1156453050781563,0.5,(in-sample конфигурация) 2026-01..06: +5.1%,2026-07..09: -11.5%,"library {""hold"": 1, ""k"": 2, ""n"": 1}"
359,LIB_119,P_XS_REV,FUT,-0.22126758657771278,-0.018292624551728903,0.49643362012102443,-0.1708177204563981,-0.989096665205013,0.5833333333333334,(in-sample конфигурация) 2026-01..06: -43.2%,2026-07..09: +8.1%,"library {""hold"": 5, ""k"": 3, ""n"": 3}"
360,LIB_058,P_EMA,EQ,-0.22138436097514427,-0.018368832259842417,0.32390525366645306,-0.11735065917309839,-0.7080723582234401,0.36363636363636365,(in-sample конфигурация) 2026-01..06: -2.1%,2026-07..09: -6.3%,"library {""f"": 50, ""s"": 200, ""vn"": 60}"
361,LIB_353,P_EMA_L,EQ,-0.2254160948682946,-0.01870335563481521,0.3397932791413041,-0.08348357700742781,-1.3892849776474827,0.45454545454545453,(in-sample конфигурация) 2026-01..06: -20.1%,2026-07..09: -3.2%,"library {""f"": 50, ""s"": 200, ""vn"": 60}"
362,LIB_224,P_XS_MOM,EQ,-0.22810301608829628,-0.018027983083698018,0.27087319967404255,-0.08835006580784466,-1.086711886289566,0.25,(in-sample конфигурация) 2026-01..06: -10.0%,2026-07..09: -7.0%,"library {""hold"": 1, ""k"": 4, ""n"": 20}"
363,LIB_075,P_BRK,ALL,-0.22898678798472977,-0.018930786043711123,0.5787354049971327,-0.21910848474362865,-0.5633459622686986,0.5833333333333334,(in-sample конфигурация) 2026-01..06: +5.5%,2026-07..09: +6.3%,"library {""n"": 5, ""vn"": 20}"
364,LIB_103,P_XS_REV,FUT,-0.23243978452807823,-0.019216252027784247,0.3688452948408667,-0.13653598766541108,-1.1229624748245297,0.3333333333333333,(in-sample конфигурация) 2026-01..06: -27.4%,2026-07..09: -6.4%,"library {""hold"": 5, ""k"": 2, ""n"": 1}"
365,LIB_218,P_XS_REV,EQ,-0.2381313411027058,-0.018820565649320997,0.325854579154111,-0.08422688630525954,-1.20168459768325,0.4166666666666667,(in-sample конфигурация) 2026-01..06: -22.3%,2026-07..09: -4.2%,"library {""hold"": 1, ""k"": 2, ""n"": 20}"
366,LIB_144,P_XS_MOM,FUT,-0.23957537564700596,-0.0189346940408844,0.2997677409694006,-0.08685634017456323,-1.0967786278536547,0.3333333333333333,(in-sample конфигурация) 2026-01..06: -3.7%,2026-07..09: -16.4%,"library {""hold"": 1, ""k"": 1, ""n"": 20}"
367,LIB_217,P_XS_MOM,EQ,-0.24189308553431904,-0.019117872831581433,0.31981731271662284,-0.137487722793594,-1.2169281300686028,0.4166666666666667,(in-sample конфигурация) 2026-01..06: -9.7%,2026-07..09: -9.8%,"library {""hold"": 5, ""k"": 2, ""n"": 20}"
368,LIB_162,P_XS_REV,FUT,-0.24425531056447508,-0.019288415397750214,0.2599564720876515,-0.10627904484863393,-1.0089677347943746,0.3,(in-sample конфигурация) 2026-01..06: -7.7%,2026-07..09: -9.5%,"library {""hold"": 1, ""k"": 2, ""n"": 60}"
369,LIB_227,P_XS_REV,EQ,-0.24837498398402477,-0.019630165731541638,0.30606321936284075,-0.0812816249745083,-1.2069374855273451,0.25,(in-sample конфигурация) 2026-01..06: -21.7%,2026-07..09: -0.0%,"library {""hold"": 5, ""k"": 4, ""n"": 20}"
370,LIB_098,P_XS_REV,FUT,-0.25519438324682414,-0.02109741924990279,0.40714123501675203,-0.2464591016760096,-1.5318845932250895,0.4166666666666667,(in-sample конфигурация) 2026-01..06: -31.3%,2026-07..09: +2.7%,"library {""hold"": 1, ""k"": 1, ""n"": 1}"
371,LIB_135,P_XS_REV,FUT,-0.2580465040214495,-0.0212478768192265,0.3828022326233622,-0.14308304595761,-1.2573958658410622,0.4166666666666667,(in-sample конфигурация) 2026-01..06: -31.0%,2026-07..09: -1.2%,"library {""hold"": 5, ""k"": 1, ""n"": 10}"
372,LIB_323,P_EMA_L,EQ,-0.25881098860921337,-0.021396411095338408,0.37520350361592136,-0.09641018269758206,-1.399303581074631,0.4166666666666667,(in-sample конфигурация) 2026-01..06: -23.4%,2026-07..09: -1.8%,"library {""f"": 50, ""s"": 200, ""vn"": 20}"
373,LIB_216,P_XS_MOM,EQ,-0.2590194009852091,-0.020471440752468578,0.3112566709241946,-0.07001563228550367,-1.2969617491136545,0.3333333333333333,(in-sample конфигурация) 2026-01..06: -8.6%,2026-07..09: -2.7%,"library {""hold"": 1, ""k"": 2, ""n"": 20}"
374,LIB_043,P_BRK,EQ,-0.26004795777657996,-0.02149867375798446,0.4805820049077738,-0.2256594360806048,-0.7882458527614565,0.4166666666666667,(in-sample конфигурация) 2026-01..06: -3.8%,2026-07..09: +9.0%,"library {""n"": 5, ""vn"": 20}"
375,LIB_073,P_EMA,ALL,-0.2661632576222182,-0.02200423756797439,0.5080346699141955,-0.1989953246084042,-0.6681757580496416,0.5,(in-sample конфигурация) 2026-01..06: -1.8%,2026-07..09: -2.1%,"library {""f"": 20, ""s"": 100, ""vn"": 20}"
376,LIB_184,P_XS_MOM,EQ,-0.2740689043467573,-0.022657812859354937,0.3674289716018393,-0.09935069811763242,-1.64230551704071,0.25,(in-sample конфигурация) 2026-01..06: -23.5%,2026-07..09: +3.6%,"library {""hold"": 1, ""k"": 3, ""n"": 3}"
377,LIB_193,P_XS_MOM,EQ,-0.28178624899615534,-0.02329582084954988,0.2808286746585509,-0.07943859587976476,-1.7389006793270345,0.08333333333333333,(in-sample конфигурация) 2026-01..06: -8.8%,2026-07..09: -8.0%,"library {""hold"": 5, ""k"": 2, ""n"": 5}"
378,LIB_121,P_XS_MOM,FUT,-0.2935546669884352,-0.024268739003673545,0.39879048423244967,-0.08821175654884428,-1.4088946476394617,0.25,(in-sample конфигурация) 2026-01..06: -11.4%,2026-07..09: -0.0%,"library {""hold"": 5, ""k"": 1, ""n"": 5}"
379,LIB_181,P_XS_MOM,EQ,-0.29440696388648935,-0.024339200056753423,0.29207040068104106,-0.08877026321715675,-2.023520610599405,0.16666666666666666,(in-sample конфигурация) 2026-01..06: -10.8%,2026-07..09: -11.7%,"library {""hold"": 5, ""k"": 2, ""n"": 3}"
380,LIB_064,P_TSMOM,ALL,-0.30565860143559986,-0.02526939495995369,0.5955883663264103,-0.2180326537345536,-0.751239092090446,0.4166666666666667,(in-sample конфигурация) 2026-01..06: +17.3%,2026-07..09: -2.1%,"library {""n"": 5, ""vn"": 20}"
381,LIB_107,P_XS_REV,FUT,-0.30784033761208407,-0.025449763360787376,0.46081436554231914,-0.16378219246689696,-1.4993507206893715,0.3333333333333333,(in-sample конфигурация) 2026-01..06: -34.9%,2026-07..09: -7.7%,"library {""hold"": 5, ""k"": 3, ""n"": 1}"
382,LIB_038,P_EMA,EQ,-0.3119626399702392,-0.02579056216685179,0.5470521297247615,-0.1821961086243391,-0.859034593580556,0.4166666666666667,(in-sample конфигурация) 2026-01..06: -0.7%,2026-07..09: +3.4%,"library {""f"": 3, ""s"": 10, ""vn"": 20}"
383,LIB_225,P_XS_MOM,EQ,-0.31237310161848186,-0.024688218018127372,0.34097591023601126,-0.09543112124083564,-1.5075109968656533,0.3333333333333333,(in-sample конфигурация) 2026-01..06: -14.9%,2026-07..09: -7.0%,"library {""hold"": 5, ""k"": 4, ""n"": 20}"
384,LIB_130,P_XS_REV,FUT,-0.3127955741164042,-0.025859422463327064,0.4777861984111951,-0.15484962344635278,-1.2882295186274249,0.3333333333333333,(in-sample конфигурация) 2026-01..06: -33.6%,2026-07..09: -5.2%,"library {""hold"": 1, ""k"": 3, ""n"": 5}"
385,LIB_185,P_XS_MOM,EQ,-0.3167090004303027,-0.02618295307790201,0.3141954369348241,-0.14738022279925644,-2.007248031589415,0.25,(in-sample конфигурация) 2026-01..06: -2.2%,2026-07..09: -19.5%,"library {""hold"": 5, ""k"": 3, ""n"": 3}"
386,LIB_235,P_XS_REV,EQ,-0.32422486152240687,-0.025603471207523397,0.26458266645295225,-0.0719473637336705,-1.5495509224121515,0.1,(in-sample конфигурация) 2026-01..06: -20.2%,2026-07..09: -4.3%,"library {""hold"": 5, ""k"": 3, ""n"": 60}"
387,LIB_037,P_TSMOM,EQ,-0.33095877759306014,-0.026078951295598278,0.32808350055711344,-0.11302550043910742,-0.9322653953588257,0.2857142857142857,(in-sample конфигурация) 2026-01..06: -9.1%,2026-07..09: -9.2%,"library {""n"": 120, ""vn"": 20}"
388,LIB_102,P_XS_REV,FUT,-0.33285967685852663,-0.027518161115949624,0.443019791819097,-0.20191888861882035,-1.6862440751083152,0.4166666666666667,(in-sample конфигурация) 2026-01..06: -34.0%,2026-07..09: +0.2%,"library {""hold"": 1, ""k"": 2, ""n"": 1}"
389,LIB_221,P_XS_MOM,EQ,-0.3341922786555138,-0.026412683399030357,0.3636137292996864,-0.12987516674911603,-1.4551159444736848,0.4166666666666667,(in-sample конфигурация) 2026-01..06: -15.6%,2026-07..09: -8.7%,"library {""hold"": 5, ""k"": 3, ""n"": 20}"
390,LIB_114,P_XS_REV,FUT,-0.34323693126125726,-0.028376069052683306,0.44752722846897086,-0.16803161532152444,-1.6217545102847182,0.4166666666666667,(in-sample конфигурация) 2026-01..06: -28.3%,2026-07..09: -1.4%,"library {""hold"": 1, ""k"": 2, ""n"": 3}"
391,LIB_171,P_XS_REV,EQ,-0.34622549813089426,-0.028623139726429752,0.3717051112180343,-0.09648276236839592,-2.449901190713934,0.08333333333333333,(in-sample конфигурация) 2026-01..06: -26.7%,2026-07..09: +1.7%,"library {""hold"": 5, ""k"": 2, ""n"": 1}"
392,LIB_188,P_XS_MOM,EQ,-0.35309967127436537,-0.029191441077576503,0.44760690896509914,-0.10024857098323992,-1.9247745202246684,0.25,(in-sample конфигурация) 2026-01..06: -28.2%,2026-07..09: +3.5%,"library {""hold"": 1, ""k"": 4, ""n"": 3}"
393,LIB_041,P_EMA,EQ,-0.36440940846543524,-0.030126439191917598,0.48030583667059545,-0.12177571927531972,-1.053860103015243,0.16666666666666666,(in-sample конфигурация) 2026-01..06: -5.4%,2026-07..09: -3.2%,"library {""f"": 20, ""s"": 100, ""vn"": 20}"
394,LIB_074,P_EMA,ALL,-0.36671829813608203,-0.030317319621038525,0.4455015257735795,-0.2361689362442121,-1.053179971659636,0.5,(in-sample конфигурация) 2026-01..06: -7.5%,2026-07..09: -6.4%,"library {""f"": 50, ""s"": 200, ""vn"": 20}"
395,LIB_032,P_TSMOM,EQ,-0.39138553211290855,-0.032356608144255006,0.5180498250338132,-0.18632483680266887,-1.1505527143166807,0.4166666666666667,(in-sample конфигурация) 2026-01..06: +0.6%,2026-07..09: +0.8%,"library {""n"": 5, ""vn"": 20}"
396,LIB_199,P_XS_REV,EQ,-0.39724404501941174,-0.03284094287528205,0.44381536995933857,-0.21754833904560655,-2.4256906259895326,0.3333333333333333,(in-sample конфигурация) 2026-01..06: -34.0%,2026-07..09: -0.5%,"library {""hold"": 5, ""k"": 3, ""n"": 5}"
397,LIB_239,P_XS_REV,EQ,-0.40673653325078035,-0.0321192738559148,0.3264916175558028,-0.075023098870588,-1.8852322793207523,0.2,(in-sample конфигурация) 2026-01..06: -25.8%,2026-07..09: -5.3%,"library {""hold"": 5, ""k"": 4, ""n"": 60}"
398,LIB_079,P_BUYHOLD,ALL,-0.4105677210262511,-0.033942437254154356,1.154288629826624,-0.32297765283146873,-0.7805219409842357,0.5833333333333334,(in-sample конфигурация) 2026-01..06: -59.7%,2026-07..09: +4.5%,"library {""vn"": 20}"
399,LIB_118,P_XS_REV,FUT,-0.4155822096797638,-0.034356994847864065,0.5214447797188768,-0.18543254214455374,-1.798459082103712,0.25,(in-sample конфигурация) 2026-01..06: -33.4%,2026-07..09: -4.6%,"library {""hold"": 1, ""k"": 3, ""n"": 3}"
400,LIB_222,P_XS_REV,EQ,-0.4188587718817871,-0.03310424817451955,0.4343464440535172,-0.08870745141757652,-1.8624309112505526,0.16666666666666666,(in-sample конфигурация) 2026-01..06: -33.3%,2026-07..09: -4.1%,"library {""hold"": 1, ""k"": 3, ""n"": 20}"
401,LIB_206,P_XS_REV,EQ,-0.42323826047110075,-0.034849975812600555,0.45088273867804674,-0.15226422960404307,-2.785421160079093,0.3333333333333333,(in-sample конфигурация) 2026-01..06: -36.1%,2026-07..09: -3.0%,"library {""hold"": 1, ""k"": 2, ""n"": 10}"
402,LIB_226,P_XS_REV,EQ,-0.42529876386624016,-0.03361322902249716,0.4090219033823814,-0.07716323400381953,-2.053420813127563,0.08333333333333333,(in-sample конфигурация) 2026-01..06: -31.6%,2026-07..09: -1.7%,"library {""hold"": 1, ""k"": 4, ""n"": 20}"
403,LIB_231,P_XS_REV,EQ,-0.44860430476550406,-0.03542549866997433,0.36302376150160853,-0.09086018602101831,-2.20661219755021,0.2,(in-sample конфигурация) 2026-01..06: -23.3%,2026-07..09: -10.8%,"library {""hold"": 5, ""k"": 2, ""n"": 60}"
404,LIB_203,P_XS_REV,EQ,-0.4510424386613304,-0.03728856139726607,0.4836283674449078,-0.198247705004178,-2.754063491794485,0.16666666666666666,(in-sample конфигурация) 2026-01..06: -34.2%,2026-07..09: -6.8%,"library {""hold"": 5, ""k"": 4, ""n"": 5}"
405,LIB_189,P_XS_MOM,EQ,-0.45623148530360774,-0.03771755004163424,0.4526106004996109,-0.14751362788956612,-2.7482662394475996,0.08333333333333333,(in-sample конфигурация) 2026-01..06: -17.4%,2026-07..09: -16.8%,"library {""hold"": 5, ""k"": 4, ""n"": 3}"
406,LIB_207,P_XS_REV,EQ,-0.45721931957818757,-0.03764801937002934,0.4537160874906476,-0.1148000672692433,-2.904566364833203,0.0,(in-sample конфигурация) 2026-01..06: -30.8%,2026-07..09: -7.8%,"library {""hold"": 5, ""k"": 2, ""n"": 10}"
407,LIB_230,P_XS_REV,EQ,-0.4603489986766728,-0.03635295664153091,0.37396495571192645,-0.0865777488797903,-2.2866996682295664,0.1,(in-sample конфигурация) 2026-01..06: -26.5%,2026-07..09: -9.0%,"library {""hold"": 1, ""k"": 2, ""n"": 60}"
408,LIB_042,P_EMA,EQ,-0.4643227759542642,-0.038386472879816814,0.5220460653144983,-0.17919552736566402,-1.481865972284477,0.3333333333333333,(in-sample конфигурация) 2026-01..06: -10.4%,2026-07..09: -7.4%,"library {""f"": 50, ""s"": 200, ""vn"": 20}"
409,LIB_234,P_XS_REV,EQ,-0.4693143642862151,-0.03706093590990349,0.3791573134767532,-0.07814124107244425,-2.3814411242583575,0.1,(in-sample конфигурация) 2026-01..06: -26.4%,2026-07..09: -10.0%,"library {""hold"": 1, ""k"": 3, ""n"": 60}"
410,LIB_238,P_XS_REV,EQ,-0.48271705173712104,-0.038119322736383764,0.3853761939853939,-0.08021627020298183,-2.360034531093846,0.1,(in-sample конфигурация) 2026-01..06: -27.4%,2026-07..09: -9.8%,"library {""hold"": 1, ""k"": 4, ""n"": 60}"
411,LIB_047,P_BUYHOLD,EQ,-0.5088051871689967,-0.0420639208969078,1.0358667580294423,-0.2704595341347158,-1.1097862777328162,0.3333333333333333,(in-sample конфигурация) 2026-01..06: -61.7%,2026-07..09: -3.8%,"library {""vn"": 20}"
412,LIB_106,P_XS_REV,FUT,-0.5217577365597243,-0.04313473351188198,0.6171874078572728,-0.2584974007913843,-2.434718468634118,0.3333333333333333,(in-sample конфигурация) 2026-01..06: -43.1%,2026-07..09: -10.5%,"library {""hold"": 1, ""k"": 3, ""n"": 1}"
413,LIB_175,P_XS_REV,EQ,-0.5244617392211803,-0.04335827870545472,0.5450361919538409,-0.1317385691218078,-3.368614584260282,0.08333333333333333,(in-sample конфигурация) 2026-01..06: -47.3%,2026-07..09: +1.4%,"library {""hold"": 5, ""k"": 3, ""n"": 1}"
414,LIB_194,P_XS_REV,EQ,-0.526711727937305,-0.043544289677356574,0.5586873512020247,-0.20385175554838497,-2.863413087013158,0.16666666666666666,(in-sample конфигурация) 2026-01..06: -43.4%,2026-07..09: -8.3%,"library {""hold"": 1, ""k"": 2, ""n"": 5}"
415,LIB_095,P_BUYHOLD,ALL,-0.5291637136674304,-0.043906080138351004,1.2134725490177516,-0.31958093578577973,-1.0456976824112696,0.5454545454545454,(in-sample конфигурация) 2026-01..06: -56.2%,2026-07..09: -2.5%,"library {""vn"": 60}"
416,LIB_211,P_XS_REV,EQ,-0.5421528937579105,-0.04464155772014541,0.5697368325127172,-0.145788096007891,-3.2058692351298923,0.08333333333333333,(in-sample конфигурация) 2026-01..06: -44.3%,2026-07..09: -0.3%,"library {""hold"": 5, ""k"": 3, ""n"": 10}"
417,LIB_182,P_XS_REV,EQ,-0.5466635538757837,-0.04519374618682074,0.5500500997350173,-0.07878065964905545,-3.1167441702218572,0.08333333333333333,(in-sample конфигурация) 2026-01..06: -23.2%,2026-07..09: -20.8%,"library {""hold"": 1, ""k"": 2, ""n"": 3}"
418,LIB_186,P_XS_REV,EQ,-0.5607252604299975,-0.04635625499586619,0.5676816562929616,-0.0899868061781035,-3.4118220898656966,0.0,(in-sample конфигурация) 2026-01..06: -29.8%,2026-07..09: -15.6%,"library {""hold"": 1, ""k"": 3, ""n"": 3}"
419,LIB_190,P_XS_REV,EQ,-0.5759721605801896,-0.04761674607971145,0.5934737720763223,-0.09877428779873298,-3.2242187643696547,0.08333333333333333,(in-sample конфигурация) 2026-01..06: -31.5%,2026-07..09: -16.4%,"library {""hold"": 1, ""k"": 4, ""n"": 3}"
420,LIB_403,P_TSMOM_L,ALL,-0.5781953246420645,-0.045560742701387165,0.3591178167407634,-0.10277539596427232,-3.4072654877608204,0.2857142857142857,(in-sample конфигурация) 2026-01..06: -34.3%,2026-07..09: +2.4%,"library {""n"": 120, ""vn"": 60}"
421,LIB_179,P_XS_REV,EQ,-0.6082437253888348,-0.05028469951957959,0.6286312109114078,-0.15670284914085642,-3.966627154368267,0.25,(in-sample конфигурация) 2026-01..06: -53.3%,2026-07..09: +1.4%,"library {""hold"": 5, ""k"": 4, ""n"": 1}"
422,LIB_343,P_TSMOM_L,EQ,-0.6192032585823137,-0.04879209350506893,0.3428958251934091,-0.1069491652015131,-4.155465441474314,0.0,(in-sample конфигурация) 2026-01..06: -31.9%,2026-07..09: -2.2%,"library {""n"": 120, ""vn"": 60}"
423,LIB_215,P_XS_REV,EQ,-0.6192390319372982,-0.05098892822499579,0.6295822663802255,-0.1567037187924143,-3.691594366079826,0.08333333333333333,(in-sample конфигурация) 2026-01..06: -49.0%,2026-07..09: -1.5%,"library {""hold"": 5, ""k"": 4, ""n"": 10}"
424,LIB_210,P_XS_REV,EQ,-0.6212108929193416,-0.05115129376220769,0.6192008388534305,-0.14906994759803638,-3.9880209117044787,0.08333333333333333,(in-sample конфигурация) 2026-01..06: -47.5%,2026-07..09: -5.8%,"library {""hold"": 1, ""k"": 3, ""n"": 10}"
425,LIB_198,P_XS_REV,EQ,-0.6304459852254367,-0.052120203805012956,0.6431512587914767,-0.21632042596684187,-3.3810684809944798,0.08333333333333333,(in-sample конфигурация) 2026-01..06: -47.2%,2026-07..09: -11.1%,"library {""hold"": 1, ""k"": 3, ""n"": 5}"
426,LIB_063,P_BUYHOLD,EQ,-0.6394748574225283,-0.05305888066637139,1.0876688902499154,-0.27927569951862097,-1.4497605144719963,0.36363636363636365,(in-sample конфигурация) 2026-01..06: -60.9%,2026-07..09: -8.4%,"library {""vn"": 60}"
427,LIB_373,P_TSMOM_L,ALL,-0.6429734938420363,-0.05066514492292689,0.4023138442862546,-0.11874737613834441,-3.553022895150624,0.2857142857142857,(in-sample конфигурация) 2026-01..06: -38.9%,2026-07..09: +3.4%,"library {""n"": 120, ""vn"": 20}"
428,LIB_202,P_XS_REV,EQ,-0.669465466958005,-0.05534602074718956,0.6691171481215861,-0.22632922339835204,-3.643175863135704,0.0,(in-sample конфигурация) 2026-01..06: -51.6%,2026-07..09: -8.3%,"library {""hold"": 1, ""k"": 4, ""n"": 5}"
429,LIB_313,P_TSMOM_L,EQ,-0.6911582711733292,-0.054462017966605866,0.38304663883536705,-0.12331607821397483,-4.3016553465029865,0.0,(in-sample конфигурация) 2026-01..06: -35.6%,2026-07..09: -2.5%,"library {""n"": 120, ""vn"": 20}"
430,LIB_170,P_XS_REV,EQ,-0.7703296273308224,-0.06368465834414867,0.780890761383489,-0.13162346533499658,-4.204306814677338,0.08333333333333333,(in-sample конфигурация) 2026-01..06: -46.4%,2026-07..09: -21.0%,"library {""hold"": 1, ""k"": 2, ""n"": 1}"
431,LIB_214,P_XS_REV,EQ,-0.8254305636159605,-0.06796700077393325,0.815604009287199,-0.200641960487701,-5.059879583321704,0.0,(in-sample конфигурация) 2026-01..06: -55.1%,2026-07..09: -12.2%,"library {""hold"": 1, ""k"": 4, ""n"": 10}"
432,LIB_174,P_XS_REV,EQ,-1.0338952567845408,-0.08547414490612937,1.0387605609557795,-0.22899531217990443,-5.689314525935142,0.08333333333333333,(in-sample конфигурация) 2026-01..06: -70.8%,2026-07..09: -23.4%,"library {""hold"": 1, ""k"": 3, ""n"": 1}"
433,LIB_178,P_XS_REV,EQ,-1.0514732056189386,-0.08692734834812654,1.0529698295049457,-0.19893169865645177,-5.852038566641539,0.08333333333333333,(in-sample конфигурация) 2026-01..06: -73.6%,2026-07..09: -20.5%,"library {""hold"": 1, ""k"": 4, ""n"": 1}"
