rank,strategy_id,family,instruments,timeframe,avg_monthly_return,median_monthly_return,min_monthly_return,profitable_month_ratio,annual_return,max_drawdown,profit_factor,sharpe,sortino,calmar,trades,walk_forward_result,holdout_result,evidence
1,C7_WF_PANEL_SORTINO_K1,candidate,ALL/EQ,1d,0.016039724859948524,0.00707616584928835,-0.011033642584310306,0.875,0.19133778294471135,0.05407986624753337,1.412493742483714,1.7602913597801086,3.043651970891411,3.5380594705786357,169.0,"OOS 2026-01..06: Sharpe 2.20, +13.5%, прибыльных мес. 83%","2026-07..09: -0.7%, прибыльных мес. 67%","frozen candidate, vol-target 10%"
2,LIB_404,P_TSMOM_S,ALL,1d,0.052150871403033046,0.06571807130239904,-0.09172115617548116,0.8571428571428571,0.6618283248557575,0.3673787538718898,1.2773158010073846,1.3311175042207548,1.9742452466277387,1.8014877503954583,139.0,(in-sample конфигурация) 2026-01..06: +37.3%,2026-07..09: -0.8%,"library {""n"": 120, ""vn"": 60}"
3,LIB_284,P_TSMOM_S,FUT,1d,0.03889594100473914,0.04344634944573045,-0.04431433021090925,0.7142857142857143,0.49361467577237295,0.16726400368497707,1.3560116765461683,1.7666948024552585,2.795514067335928,2.9511112068203307,139.0,(in-sample конфигурация) 2026-01..06: +25.9%,2026-07..09: +1.4%,"library {""n"": 120, ""vn"": 60}"
4,LIB_362,P_BRK_S,EQ,1d,0.04518411528260913,0.049099796335212886,-0.06011765543371439,0.75,0.5992840553272368,0.3201374583877623,1.2992880639308566,1.3685988085108662,2.029391797200784,1.8719585591304404,152.0,(in-sample конфигурация) 2026-01..06: +35.7%,2026-07..09: +0.5%,"library {""n"": 55, ""vn"": 60}"
5,LIB_083,P_TSMOM,ALL,1d,0.03575748749426566,0.01989120739744976,-0.07863589812768623,0.9090909090909091,0.4526016225301571,0.33782983443234116,1.211724398202713,1.006462230380547,1.5032278200687301,1.3397325410607033,219.0,(in-sample конфигурация) 2026-01..06: +37.9%,2026-07..09: +7.3%,"library {""n"": 40, ""vn"": 60}"
6,LIB_254,P_TSMOM_S,FUT,1d,0.03541837949264196,0.03396967879962176,-0.058860456105321646,0.7142857142857143,0.44948216852532674,0.15731478741508909,1.3438584182074198,1.7807593207375887,2.8543038547974486,2.857214988565112,139.0,(in-sample конфигурация) 2026-01..06: +27.1%,2026-07..09: -2.3%,"library {""n"": 120, ""vn"": 20}"
7,LIB_028,P_BRK,FUT,1d,0.04204284208324018,0.0358174678258365,-0.0660263696918264,0.7272727272727273,0.5067076445858338,0.1977785279523232,1.3581999104202693,1.694080873820221,2.716534450092376,2.5619952268427317,227.0,(in-sample конфигурация) 2026-01..06: +40.3%,2026-07..09: +6.8%,"library {""n"": 10, ""vn"": 60}"
8,LIB_342,P_TSMOM_S,EQ,1d,0.03483647771090546,0.021949215122731403,-0.052437003469094634,0.7,0.44114534588684295,0.317685395013541,1.2660036302310729,1.1267080054934069,1.6837018180265366,1.3886233135396093,182.0,(in-sample конфигурация) 2026-01..06: +33.1%,2026-07..09: +1.3%,"library {""n"": 60, ""vn"": 60}"
9,LIB_023,P_EMA,FUT,1d,0.033072980421738146,0.0235571974189952,-0.0563516191978124,0.7272727272727273,0.3986013118654702,0.16027771707740612,1.2710750256686398,1.3445152459912288,2.119951375839159,2.4869415358153977,227.0,(in-sample конфигурация) 2026-01..06: +39.6%,2026-07..09: +4.0%,"library {""f"": 5, ""s"": 20, ""vn"": 60}"
10,LIB_344,P_TSMOM_S,EQ,1d,0.03530424679359255,0.04249480184080312,-0.08295834821183234,0.7142857142857143,0.4480337506755198,0.344172551878728,1.214912092977581,1.0419215783972542,1.494201473139648,1.301770720035188,139.0,(in-sample конфигурация) 2026-01..06: +27.0%,2026-07..09: -2.3%,"library {""n"": 120, ""vn"": 60}"
11,LIB_332,P_BRK_S,EQ,1d,0.042238826248649275,0.04744166729506105,-0.07660518572083674,0.625,0.5602202218241904,0.27378244962892495,1.3040005726179986,1.4855449483884968,2.242378449375175,2.046224009550258,152.0,(in-sample конфигурация) 2026-01..06: +36.6%,2026-07..09: -2.9%,"library {""n"": 55, ""vn"": 20}"
12,LIB_374,P_TSMOM_S,ALL,1d,0.04464235380042477,0.06466528307646513,-0.11647437294595875,0.7142857142857143,0.5665403748485561,0.3369002296531107,1.2534769416834146,1.2955105343565587,1.9365438890959403,1.6816265617624966,139.0,(in-sample конфигурация) 2026-01..06: +37.8%,2026-07..09: -6.5%,"library {""n"": 120, ""vn"": 20}"
13,LIB_012,P_BRK,FUT,1d,0.03144034039943714,0.021762940243206685,-0.07472338352818042,0.75,0.3833693119673303,0.24225129385013133,1.2584927154972763,1.2935606706370721,1.9960824614656907,1.5825274072818847,244.0,(in-sample конфигурация) 2026-01..06: +37.1%,2026-07..09: +7.5%,"library {""n"": 10, ""vn"": 20}"
14,LIB_092,P_BRK,ALL,1d,0.03937036050906913,0.03720527677796781,-0.10344717671978287,0.7272727272727273,0.47449843187452007,0.3228189561050385,1.212691958458679,1.0305222283603312,1.5244545215872727,1.4698592598141238,230.0,(in-sample конфигурация) 2026-01..06: +35.2%,2026-07..09: +6.7%,"library {""n"": 10, ""vn"": 60}"
15,LIB_084,P_TSMOM,ALL,1d,0.03740882444903946,0.024414563551545143,-0.07878890124675308,0.7,0.4737197869928615,0.3257995747262612,1.210993447803031,0.9940791838576356,1.4985742244527396,1.4540221158694997,199.0,(in-sample конфигурация) 2026-01..06: +35.6%,2026-07..09: +1.8%,"library {""n"": 60, ""vn"": 60}"
16,LIB_021,P_TSMOM,FUT,1d,0.02288538004878709,0.04813236043264624,-0.08416022307937965,0.7142857142857143,0.29043029069108217,0.1488079183618538,1.1828560833796704,0.9811072139857355,1.4915385929744938,1.9517126097070152,139.0,(in-sample конфигурация) 2026-01..06: +8.4%,2026-07..09: +7.6%,"library {""n"": 120, ""vn"": 60}"
17,LIB_052,P_TSMOM,EQ,1d,0.02993618848558981,0.011212547920877114,-0.03544999338919297,0.6,0.3790914320788258,0.31479231687262654,1.1939607979999107,0.9340227703784942,1.3783853670303094,1.2042588454667285,199.0,(in-sample конфигурация) 2026-01..06: +28.1%,2026-07..09: +2.6%,"library {""n"": 60, ""vn"": 60}"
18,LIB_123,P_XS_REV,FUT,1d,0.016284844577967306,0.019775000957451994,-0.04160770762246102,0.6666666666666666,0.19698148001509252,0.15704372629988939,1.1859842339069324,0.953071064392641,1.489533904404936,1.2543097687260574,246.0,(in-sample конфигурация) 2026-01..06: +6.7%,2026-07..09: -1.9%,"library {""hold"": 5, ""k"": 1, ""n"": 5}"
19,LIB_402,P_TSMOM_S,ALL,1d,0.037908860426978205,0.01102096663089469,-0.07893820240860805,0.7,0.4800519008843472,0.35593854024773464,1.2435477336360197,1.0685646150672294,1.6271498484372118,1.3486932338100537,199.0,(in-sample конфигурация) 2026-01..06: +37.3%,2026-07..09: -0.7%,"library {""n"": 60, ""vn"": 60}"
20,LIB_061,P_BRK,EQ,1d,0.024698035926452245,0.027841505652759224,-0.060595067392569035,0.6363636363636364,0.2976650242961984,0.28091038670390844,1.1811816110403077,0.8244405898286568,1.19430452638149,1.0596440658135937,230.0,(in-sample конфигурация) 2026-01..06: +26.8%,2026-07..09: +7.8%,"library {""n"": 20, ""vn"": 60}"
21,LIB_005,P_TSMOM,FUT,1d,0.018168459974861304,0.05349244503304362,-0.09657839790452272,0.7142857142857143,0.23056952083205282,0.11525560484733433,1.1487688005492023,0.8373255105905774,1.2628043698390266,2.000505928865337,139.0,(in-sample конфигурация) 2026-01..06: +6.9%,2026-07..09: +5.8%,"library {""n"": 120, ""vn"": 20}"
22,LIB_297,P_BRK_L,FUT,1d,0.015406586052975513,0.022704441100358963,-0.045911315639386885,0.6363636363636364,0.18568285451673094,0.14332390853087418,1.2275645090838132,1.1062672599210865,1.627025828499542,1.2955469636577208,226.0,(in-sample конфигурация) 2026-01..06: +10.5%,2026-07..09: +5.8%,"library {""n"": 10, ""vn"": 60}"
23,LIB_019,P_TSMOM,FUT,1d,0.027750236555055544,0.01741133537143469,-0.06661978106421884,0.6363636363636364,0.3512495695461825,0.16116203926503658,1.241750011549989,1.2471590237696024,1.9118364677145916,2.179480795527416,216.0,(in-sample конфигурация) 2026-01..06: +29.7%,2026-07..09: +4.4%,"library {""n"": 40, ""vn"": 60}"
24,LIB_314,P_TSMOM_S,EQ,1d,0.028383067686393457,0.030002001934917644,-0.10310645238496363,0.7142857142857143,0.36019950646617305,0.3127706756349653,1.1842004278317035,0.956600037969205,1.3811162524097753,1.1516409130584926,139.0,(in-sample конфигурация) 2026-01..06: +26.5%,2026-07..09: -6.6%,"library {""n"": 120, ""vn"": 20}"
25,LIB_007,P_EMA,FUT,1d,0.019745722597311516,0.015874385106144473,-0.06609482457861304,0.6666666666666666,0.2388442605370801,0.311222979028571,1.1485371172558476,0.8010089779711319,1.1998515655342423,0.7674377428125372,246.0,(in-sample конфигурация) 2026-01..06: +34.4%,2026-07..09: +4.1%,"library {""f"": 5, ""s"": 20, ""vn"": 20}"
26,LIB_298,P_BRK_S,FUT,1d,0.02663625443578481,0.0087122382792586,-0.04037733213044703,0.5454545454545454,0.3210247708521543,0.1597889802287682,1.3007929646265757,1.3450079548269218,2.127639677291127,2.0090545067159606,227.0,(in-sample конфигурация) 2026-01..06: +29.8%,2026-07..09: +1.0%,"library {""n"": 10, ""vn"": 60}"
27,LIB_280,P_TSMOM_S,FUT,1d,0.020753810661104086,0.006750853091944009,-0.05496460388530977,0.6363636363636364,0.26269206918986543,0.17071956413565204,1.2326990815369008,1.097479522555655,1.682127748220696,1.538734418166233,212.0,(in-sample конфигурация) 2026-01..06: +24.4%,2026-07..09: -0.1%,"library {""n"": 40, ""vn"": 60}"
28,LIB_087,P_EMA,ALL,1d,0.03061708599351608,0.009759761102031916,-0.055381875950843096,0.5454545454545454,0.36900244510446334,0.33300033456180245,1.1595190496771868,0.7935232776404836,1.1903052498165945,1.1081143374526525,230.0,(in-sample конфигурация) 2026-01..06: +39.5%,2026-07..09: +3.1%,"library {""f"": 5, ""s"": 20, ""vn"": 60}"
29,LIB_051,P_TSMOM,EQ,1d,0.020747257578436387,0.01704009241075255,-0.050610453203262296,0.5454545454545454,0.2626091233215784,0.31479231687262654,1.142479470345216,0.6747192081490851,0.9772970169740415,0.8342297738729026,219.0,(in-sample конфигурация) 2026-01..06: +22.1%,2026-07..09: +5.8%,"library {""n"": 40, ""vn"": 60}"
30,LIB_045,P_BRK,EQ,1d,0.016663699698113987,0.021951237726170802,-0.07867742027156055,0.6666666666666666,0.21084112086651338,0.25282934145059244,1.1264356910120852,0.6513571886706736,0.9474821402225536,0.8339266307337025,239.0,(in-sample конфигурация) 2026-01..06: +21.9%,2026-07..09: +8.6%,"library {""n"": 20, ""vn"": 20}"
31,LIB_093,P_BRK,ALL,1d,0.03357115237502677,0.008852323982864618,-0.07053482311312109,0.5454545454545454,0.4046053668851053,0.3141816871793708,1.207328493833473,0.9673831420152732,1.4306508743869963,1.2878069709203335,230.0,(in-sample конфигурация) 2026-01..06: +42.0%,2026-07..09: +4.5%,"library {""n"": 20, ""vn"": 60}"
32,LIB_020,P_TSMOM,FUT,1d,0.019042918490595185,0.017344153515296057,-0.09641011939675082,0.7,0.24114650550904454,0.23262781335506588,1.1555229176399833,0.8156006484473046,1.2178841765424517,1.0366194051825453,196.0,(in-sample конфигурация) 2026-01..06: +18.4%,2026-07..09: -0.3%,"library {""n"": 60, ""vn"": 60}"
33,LIB_400,P_TSMOM_S,ALL,1d,0.03119771806814242,0.004082691157236695,-0.06233309576055035,0.5454545454545454,0.39488618486251503,0.351909771328792,1.2065999642636895,0.9099397975094532,1.3545316075496465,1.1221233879680195,217.0,(in-sample конфигурация) 2026-01..06: +36.6%,2026-07..09: +2.5%,"library {""n"": 40, ""vn"": 60}"
34,LIB_088,P_EMA,ALL,1d,0.02328062732108678,0.012248584069311619,-0.05582232240703888,0.5454545454545454,0.2805821692784894,0.39134685919998446,1.1321245255870853,0.6441019632090806,0.9457180009745525,0.7169654302376998,230.0,(in-sample конфигурация) 2026-01..06: +34.2%,2026-07..09: -4.8%,"library {""f"": 10, ""s"": 50, ""vn"": 60}"
35,LIB_422,P_BRK_S,ALL,1d,0.03597261074092886,0.005999869666993618,-0.0813759059747099,0.5555555555555556,0.466205035202438,0.3628342356532812,1.2223198611543793,1.0048460720972239,1.513649624957545,1.2848981418829957,175.0,(in-sample конфигурация) 2026-01..06: +33.8%,2026-07..09: -1.4%,"library {""n"": 55, ""vn"": 60}"
36,LIB_067,P_TSMOM,ALL,1d,0.02621015199904584,0.022288245265372097,-0.10676232044352219,0.6363636363636364,0.3317558965358679,0.2932469211227726,1.1523380466447497,0.7857804310375283,1.1482539085259764,1.1313192829634957,219.0,(in-sample конфигурация) 2026-01..06: +29.4%,2026-07..09: +7.7%,"library {""n"": 40, ""vn"": 20}"
37,LIB_060,P_BRK,EQ,1d,0.013721121657991634,0.014733852120116353,-0.0820823484682478,0.7272727272727273,0.16536934450414265,0.3186716725176666,1.086432179433563,0.4344255644996837,0.601259307955385,0.5189333058619287,230.0,(in-sample конфигурация) 2026-01..06: +10.4%,2026-07..09: +2.8%,"library {""n"": 10, ""vn"": 60}"
38,LIB_003,P_TSMOM,FUT,1d,0.021086733560712837,0.012555635417811573,-0.08489658427424729,0.6363636363636364,0.2669060521931324,0.20705028528755065,1.1777339639850581,0.9645430715578968,1.4315577007460392,1.2890880677727843,216.0,(in-sample конфигурация) 2026-01..06: +23.4%,2026-07..09: +4.5%,"library {""n"": 40, ""vn"": 20}"
39,LIB_094,P_BRK,ALL,1d,0.023147520057682412,0.01806950429454446,-0.08321267669089139,0.6,0.28593995365372393,0.3389998816419393,1.1312262819655496,0.6393737732344176,0.9324855777778578,0.8434809837359806,204.0,(in-sample конфигурация) 2026-01..06: +26.5%,2026-07..09: +0.3%,"library {""n"": 55, ""vn"": 60}"
40,LIB_340,P_TSMOM_S,EQ,1d,0.023297373166759495,0.0007259317208081484,-0.05111993984610308,0.5454545454545454,0.2948872987135038,0.317685395013541,1.1788502932881966,0.7733178996285252,1.125317455641952,0.9282368763000092,207.0,(in-sample конфигурация) 2026-01..06: +27.2%,2026-07..09: +3.5%,"library {""n"": 40, ""vn"": 60}"
41,LIB_068,P_TSMOM,ALL,1d,0.025049205502728,0.011282485953415744,-0.09145098114095163,0.6,0.3172060194315305,0.2751849796040915,1.1404839055934723,0.711852563243093,1.0799168062381048,1.1527010663441537,199.0,(in-sample конфигурация) 2026-01..06: +27.4%,2026-07..09: -1.9%,"library {""n"": 60, ""vn"": 20}"
42,LIB_267,P_BRK_L,FUT,1d,0.009826011556929378,0.02486066467827186,-0.05464371015841607,0.5833333333333334,0.12029902408159691,0.13952765367139364,1.1340233750656126,0.6589950794670736,0.9447073595296441,0.8621876804788624,242.0,(in-sample конфигурация) 2026-01..06: +7.0%,2026-07..09: +8.9%,"library {""n"": 10, ""vn"": 20}"
43,LIB_312,P_TSMOM_S,EQ,1d,0.02774417962646112,0.0168075320252683,-0.0670566723565571,0.5,0.3513333299431257,0.2672616263735108,1.2174193587997286,1.0104240689268753,1.51020744511395,1.3145670581683908,182.0,(in-sample конфигурация) 2026-01..06: +30.0%,2026-07..09: -2.2%,"library {""n"": 60, ""vn"": 20}"
44,C2_TREND_ALL_ENS,candidate,ALL/EQ,1d,0.007081598276705098,0.0019003504070490137,-0.029693086912511244,0.6363636363636364,0.08534865401315883,0.08140099040416393,1.138059238811296,0.6764214870470903,0.9741898816931525,1.0484965058704367,230.0,"OOS 2026-01..06: Sharpe 1.65, +11.9%, прибыльных мес. 83%","2026-07..09: +1.2%, прибыльных мес. 67%","frozen candidate, vol-target 10%"
45,LIB_287,P_EMA_L,FUT,1d,0.010988159488161646,0.004280706285499036,-0.045392786734737456,0.6363636363636364,0.13243120913558296,0.12466480141301872,1.1554286673025966,0.7904558884050638,1.1540407147292437,1.0622983202518717,216.0,(in-sample конфигурация) 2026-01..06: +10.2%,2026-07..09: +4.4%,"library {""f"": 5, ""s"": 20, ""vn"": 60}"
46,LIB_282,P_TSMOM_S,FUT,1d,0.017666650341016065,0.01592979652923532,-0.10688896871397446,0.7,0.22371838622794216,0.18438531830906868,1.1771833568493533,0.8850464404981849,1.3562421687592203,1.213319955621103,196.0,(in-sample конфигурация) 2026-01..06: +18.8%,2026-07..09: -2.6%,"library {""n"": 60, ""vn"": 60}"
47,LIB_022,P_EMA,FUT,1d,0.019292990464071572,0.022431302699260414,-0.10951848630793393,0.6363636363636364,0.23252247637568002,0.26103700132807717,1.1512368242593611,0.7945441245710668,1.248968873709067,0.8907644326002678,227.0,(in-sample конфигурация) 2026-01..06: +26.7%,2026-07..09: +8.4%,"library {""f"": 3, ""s"": 10, ""vn"": 60}"
48,C6_WF_PANEL_SHARPE_K10_SMOOTH,candidate,ALL/EQ,1d,0.01053412076169078,-0.00046159697557584763,-0.016433037307418904,0.4444444444444444,0.14053756404420406,0.057251400321720144,1.2914308939427677,1.324206628272388,2.13686224331896,2.4547445696430703,170.0,"OOS 2026-01..06: Sharpe 1.70, +10.3%, прибыльных мес. 67%","2026-07..09: -0.9%, прибыльных мес. 0%","frozen candidate, vol-target 10%"
49,C1_TREND_FUT_ENS,candidate,FUT,1d,0.007998404929413493,0.007788584822601186,-0.03230143258455752,0.5454545454545454,0.09639816723623575,0.08097642202691559,1.1565707242376775,0.7752179061996562,1.1602099418010434,1.1904473527392228,227.0,"OOS 2026-01..06: Sharpe 1.92, +13.3%, прибыльных мес. 67%","2026-07..09: +0.7%, прибыльных мес. 67%","frozen candidate, vol-target 10%"
50,LIB_160,P_XS_MOM,FUT,1d,0.011428710842756118,0.009580108191585168,-0.09220300428842165,0.7,0.14472538353640912,0.23334784974849754,1.1079209405185537,0.5987812402325497,0.8129083697681065,0.6202130582835635,196.0,(in-sample конфигурация) 2026-01..06: +1.2%,2026-07..09: +8.7%,"library {""hold"": 1, ""k"": 2, ""n"": 60}"
51,LIB_276,P_TSMOM_S,FUT,1d,0.015289968761532113,0.004431149194715545,-0.05668806572793983,0.5454545454545454,0.18427736263898703,0.18435785645306169,1.1670733245172702,0.8216829018115138,1.2748213043534578,0.9995633827837701,226.0,(in-sample конфигурация) 2026-01..06: +24.0%,2026-07..09: +1.0%,"library {""n"": 10, ""vn"": 60}"
52,LIB_268,P_BRK_S,FUT,1d,0.02161432946862381,-0.004502266059716931,-0.049125369609100744,0.5,0.26355537223031617,0.19149418391680229,1.245435979688084,1.173165791115936,1.8105775259128576,1.376310062475955,244.0,(in-sample конфигурация) 2026-01..06: +30.1%,2026-07..09: -1.4%,"library {""n"": 10, ""vn"": 20}"
53,LIB_062,P_BRK,EQ,1d,0.02174314931180561,-0.0007469118136214092,-0.05081963614793494,0.5,0.26859184443995165,0.31957382382825017,1.142254610273212,0.6912123325596023,0.9994079770231591,0.8404688507413612,204.0,(in-sample конфигурация) 2026-01..06: +23.8%,2026-07..09: +0.8%,"library {""n"": 55, ""vn"": 60}"
54,LIB_036,P_TSMOM,EQ,1d,0.02058745883987285,-0.002676592230272945,-0.052783948194701225,0.5,0.2607055089270331,0.25046879111323506,1.1337565957984002,0.6966481307355519,1.04244849302949,1.0408702328473733,199.0,(in-sample конфигурация) 2026-01..06: +22.9%,2026-07..09: -0.5%,"library {""n"": 60, ""vn"": 20}"
55,LIB_017,P_TSMOM,FUT,1d,0.019630350468849592,0.018920704256743193,-0.09874199969635811,0.5454545454545454,0.2365883978245699,0.20516900179063668,1.1552172372979066,0.8356185522248585,1.2858248615682444,1.1531390987903472,227.0,(in-sample конфигурация) 2026-01..06: +29.0%,2026-07..09: +6.8%,"library {""n"": 10, ""vn"": 60}"
56,LIB_417,P_BRK_L,ALL,1d,0.0117259345673698,0.01045864334446378,-0.05280141840921715,0.5454545454545454,0.14132300269890907,0.18588905217347929,1.1223390452211766,0.6093949338926822,0.8974281141642328,0.760254576837697,230.0,(in-sample конфигурация) 2026-01..06: +1.9%,2026-07..09: +4.2%,"library {""n"": 10, ""vn"": 60}"
57,LIB_076,P_BRK,ALL,1d,0.018355738652038173,0.027038958849516348,-0.15881268517114222,0.6666666666666666,0.22292270555728289,0.41673419601647765,1.095256657026032,0.5024181904521581,0.7179602369141738,0.5349277973542361,249.0,(in-sample конфигурация) 2026-01..06: +29.8%,2026-07..09: +5.6%,"library {""n"": 10, ""vn"": 20}"
58,LIB_024,P_EMA,FUT,1d,0.018804884356127746,0.004076006182003766,-0.07395456999074668,0.5454545454545454,0.22663973667472223,0.19576633063843474,1.1560241327886716,0.8209521641600908,1.2183170659777245,1.1577053926260092,227.0,(in-sample конфигурация) 2026-01..06: +23.0%,2026-07..09: -4.4%,"library {""f"": 10, ""s"": 50, ""vn"": 60}"
59,LIB_030,P_BRK,FUT,1d,0.0071745919998647874,0.015680394441005774,-0.07219739764695987,0.6,0.09177650680030083,0.20186395083510433,1.0592112963231228,0.32651137292574767,0.46775156524244604,0.4546453510922804,194.0,(in-sample конфигурация) 2026-01..06: +9.6%,2026-07..09: -0.5%,"library {""n"": 55, ""vn"": 60}"
60,C5_TREND_FUT_LONGONLY,candidate,FUT,1d,0.005742976397427174,0.000803256293271065,-0.025531412146465773,0.5454545454545454,0.06921535032029619,0.10129023636878702,1.109834967214502,0.571834886995039,0.8324959866238587,0.6833368427366526,227.0,"OOS 2026-01..06: Sharpe 0.56, +3.1%, прибыльных мес. 50%","2026-07..09: +5.4%, прибыльных мес. 100%","frozen candidate, vol-target 10%"
61,LIB_029,P_BRK,FUT,1d,0.019798724007242443,-0.001151491975178942,-0.048522047291044146,0.45454545454545453,0.23861766499163503,0.18890447000740096,1.170763477401443,0.8978115541907928,1.320160307257483,1.2631657947653985,227.0,(in-sample конфигурация) 2026-01..06: +30.6%,2026-07..09: -2.1%,"library {""n"": 20, ""vn"": 60}"
62,LIB_372,P_TSMOM_S,ALL,1d,0.029302778968121855,0.004532968818239169,-0.09833602234721184,0.5,0.3710703668324979,0.31324157485505566,1.1930940090875188,0.9184190276633877,1.3899601962377262,1.1846140379169048,199.0,(in-sample конфигурация) 2026-01..06: +34.0%,2026-07..09: -5.8%,"library {""n"": 60, ""vn"": 20}"
63,LIB_059,P_BRK,EQ,1d,0.004725295583325947,0.004288109252229333,-0.0486358606867725,0.6363636363636364,0.05695008416078054,0.20179748395457864,1.0332195704962037,0.1689833470802091,0.22743189571344408,0.28221404471821404,230.0,(in-sample конфигурация) 2026-01..06: -1.4%,2026-07..09: +11.7%,"library {""n"": 5, ""vn"": 60}"
64,LIB_133,P_XS_MOM,FUT,1d,0.014678801871923497,0.008604016322351526,-0.0796533528555301,0.5833333333333334,0.17826785887829982,0.18766783791215857,1.1574917388475598,0.8691467946996038,1.2565431719205347,0.9499116143797715,245.0,(in-sample конфигурация) 2026-01..06: +27.1%,2026-07..09: -0.7%,"library {""hold"": 5, ""k"": 1, ""n"": 10}"
65,LIB_389,P_BRK_L,ALL,1d,0.00681775573155557,0.007296876981854439,-0.06772185047157109,0.7272727272727273,0.08590372221760018,0.22236383650670177,1.0609850512525856,0.327421231342726,0.47682975943058886,0.38632056168454865,220.0,(in-sample конфигурация) 2026-01..06: -0.4%,2026-07..09: +6.1%,"library {""n"": 20, ""vn"": 20}"
66,LIB_082,P_TSMOM,ALL,1d,0.02396014972857136,0.010602638823911548,-0.1266364295661333,0.5454545454545454,0.28877189151130356,0.41214079321798636,1.1269177029320616,0.6286081184946342,0.9337576955923491,0.7006632108813566,230.0,(in-sample конфигурация) 2026-01..06: +34.5%,2026-07..09: -4.5%,"library {""n"": 20, ""vn"": 60}"
67,LIB_086,P_EMA,ALL,1d,0.010192637019992451,0.019932245602831244,-0.12349274891312234,0.6363636363636364,0.12284343399747424,0.3694199752644636,1.053052150844866,0.28188062340755854,0.4016496377634968,0.3325305674375946,230.0,(in-sample конфигурация) 2026-01..06: +20.2%,2026-07..09: +7.8%,"library {""f"": 3, ""s"": 10, ""vn"": 60}"
68,LIB_406,P_EMA_S,ALL,1d,0.012715983364945383,0.002695016773941461,-0.08286100201075897,0.5454545454545454,0.15325524298968957,0.37151858769357204,1.0816519314662687,0.3725472306553481,0.5331418575970452,0.4125102971054957,229.0,(in-sample конфигурация) 2026-01..06: +25.6%,2026-07..09: +3.2%,"library {""f"": 3, ""s"": 10, ""vn"": 60}"
69,LIB_246,P_TSMOM_S,FUT,1d,0.011121655518309126,-0.003487424529339478,-0.050698954728432,0.5,0.1350678164151277,0.27999736867241154,1.117497199322815,0.6044657603744449,0.8701156162022391,0.48238959192917613,244.0,(in-sample конфигурация) 2026-01..06: +26.6%,2026-07..09: -2.0%,"library {""n"": 10, ""vn"": 20}"
70,LIB_290,P_EMA_S,FUT,1d,0.014955791013769405,0.0006744633428752422,-0.07338994511474084,0.5454545454545454,0.1802497943050817,0.19802373200946022,1.1516569385175177,0.7507945453502987,1.1297328735285852,0.9102433959605942,226.0,(in-sample конфигурация) 2026-01..06: +21.1%,2026-07..09: -4.6%,"library {""f"": 10, ""s"": 50, ""vn"": 60}"
71,LIB_091,P_BRK,ALL,1d,0.00749574182836196,0.017175641303765588,-0.09115288945031352,0.6363636363636364,0.09033998412269284,0.24104600516147912,1.0402290558325777,0.21533875865539714,0.3072805000907278,0.37478316250117144,230.0,(in-sample конфигурация) 2026-01..06: +8.3%,2026-07..09: +8.3%,"library {""n"": 5, ""vn"": 60}"
72,LIB_013,P_BRK,FUT,1d,0.012525412214017706,-0.001134389516664669,-0.054769163369201124,0.5,0.1584805294359395,0.1547734473424498,1.1118279172783787,0.6263488457030718,0.8970321812150177,1.02395166714409,235.0,(in-sample конфигурация) 2026-01..06: +25.7%,2026-07..09: -3.3%,"library {""n"": 20, ""vn"": 20}"
73,LIB_359,P_BRK_L,EQ,1d,0.0020495566079096698,0.006302235298790038,-0.0372959176893346,0.6363636363636364,0.02582441325966184,0.1929072867933428,1.0251803169375313,0.14030944276483417,0.2013917250888424,0.1338695582159473,201.0,(in-sample конфигурация) 2026-01..06: -2.9%,2026-07..09: +3.0%,"library {""n"": 20, ""vn"": 60}"
74,LIB_360,P_BRK_S,EQ,1d,0.022648480370910627,-0.0025877903681248426,-0.06487694422685308,0.45454545454545453,0.27296342429636633,0.2872007889673114,1.1781688646437114,0.7617081563868365,1.1146928059406587,0.9504271394165094,224.0,(in-sample конфигурация) 2026-01..06: +29.8%,2026-07..09: +4.8%,"library {""n"": 20, ""vn"": 60}"
75,LIB_229,P_XS_MOM,EQ,1d,0.005546962513471953,0.012063993606716394,-0.054861731245182455,0.6,0.07024294238165489,0.19338507810607553,1.0700625429244914,0.34438417648275615,0.43760492211940116,0.3632283476552687,199.0,(in-sample конфигурация) 2026-01..06: -0.3%,2026-07..09: +5.8%,"library {""hold"": 5, ""k"": 2, ""n"": 60}"
76,LIB_081,P_TSMOM,ALL,1d,0.024641567741293165,0.013311438386153895,-0.1479945362370927,0.5454545454545454,0.2969844599081072,0.29652234787499765,1.1356647143790184,0.6744387376211004,1.0110653079082232,1.0015584391409997,230.0,(in-sample конфигурация) 2026-01..06: +28.2%,2026-07..09: +18.1%,"library {""n"": 10, ""vn"": 60}"
77,LIB_257,P_EMA_L,FUT,1d,0.006003465536196018,0.0031365732138510793,-0.04549938510172069,0.5833333333333334,0.07261791912582702,0.12438817064685281,1.0800196729388865,0.4071282439480348,0.579363470972624,0.5838008449532925,235.0,(in-sample конфигурация) 2026-01..06: +5.7%,2026-07..09: +7.2%,"library {""f"": 5, ""s"": 20, ""vn"": 20}"
78,LIB_035,P_TSMOM,EQ,1d,0.013597789943146794,0.002858981490135193,-0.07408999658582616,0.5454545454545454,0.17211449188311834,0.2732386846146255,1.0923040355003784,0.47220396451655583,0.6695781232262517,0.6299052863831041,219.0,(in-sample конфигурация) 2026-01..06: +16.3%,2026-07..09: +6.3%,"library {""n"": 40, ""vn"": 20}"
79,LIB_288,P_EMA_S,FUT,1d,0.0220848187707981,-0.01379948989733748,-0.02966083119645191,0.36363636363636365,0.26617007666370585,0.16264598426596422,1.2442491644100182,1.12212725117666,1.7767211799973963,1.6364995291150597,225.0,(in-sample конфигурация) 2026-01..06: +29.4%,2026-07..09: -0.4%,"library {""f"": 5, ""s"": 20, ""vn"": 60}"
80,LIB_420,P_BRK_S,ALL,1d,0.026282122590848965,-0.008565911095502088,-0.07588908879552037,0.45454545454545453,0.31675671226884056,0.33167805382981896,1.1784963203757066,0.7800679400270206,1.1625078856626443,0.9550125750296569,230.0,(in-sample конфигурация) 2026-01..06: +38.8%,2026-07..09: +1.4%,"library {""n"": 20, ""vn"": 60}"
81,LIB_146,P_XS_REV,FUT,1d,0.008004319897736423,0.0020183066808385774,-0.03463227317115525,0.5,0.10127641577721734,0.16135036322521046,1.0940106445905011,0.4638653297379202,0.824618649439649,0.6276801226400539,235.0,(in-sample конфигурация) 2026-01..06: -3.4%,2026-07..09: +13.4%,"library {""hold"": 1, ""k"": 1, ""n"": 20}"
82,LIB_329,P_BRK_L,EQ,1d,0.0030830188658745265,0.004879672545939684,-0.04018826235551387,0.6363636363636364,0.03884603771001904,0.19830088067783436,1.0334051650150973,0.17759072384927957,0.2618750619051879,0.19589442859373626,201.0,(in-sample конфигурация) 2026-01..06: -4.1%,2026-07..09: +5.2%,"library {""n"": 20, ""vn"": 20}"
83,LIB_077,P_BRK,ALL,1d,0.022660381025464933,0.003080635884543881,-0.09508353273849934,0.5,0.2867154486234559,0.2717802250335808,1.1447457335980311,0.7600618328650257,1.1196501646801036,1.0549533123244332,239.0,(in-sample конфигурация) 2026-01..06: +35.2%,2026-07..09: +4.3%,"library {""n"": 20, ""vn"": 20}"
84,LIB_006,P_EMA,FUT,1d,0.005862916437005576,0.012458896238968009,-0.11151772795710713,0.5833333333333334,0.07091783722201944,0.46631599459851714,1.0412147557700229,0.2355534627143644,0.3509011788772273,0.15208107387154365,246.0,(in-sample конфигурация) 2026-01..06: +25.3%,2026-07..09: +7.8%,"library {""f"": 3, ""s"": 10, ""vn"": 20}"
85,LIB_356,P_BRK_S,EQ,1d,0.008799684352363163,0.004366726381704211,-0.06691808099276386,0.5454545454545454,0.10605532619456821,0.268276562623214,1.0679290918084312,0.30655790947972356,0.42204092722357056,0.39532087767025553,219.0,(in-sample конфигурация) 2026-01..06: +12.2%,2026-07..09: +7.2%,"library {""n"": 5, ""vn"": 60}"
86,LIB_370,P_TSMOM_S,ALL,1d,0.023155870548097566,-0.007130455283913761,-0.08342505048494786,0.45454545454545453,0.2930962244718103,0.3486756335478276,1.15187496426063,0.7294616568769181,1.053813288411544,0.8405985284647269,217.0,(in-sample конфигурация) 2026-01..06: +32.4%,2026-07..09: -0.4%,"library {""n"": 40, ""vn"": 20}"
87,LIB_419,P_BRK_L,ALL,1d,0.007289027273476346,0.00578182129538618,-0.06730089039774612,0.6363636363636364,0.09184174364580196,0.2265462898703845,1.072726960109792,0.40009188497139014,0.5774795261476969,0.4053994602972664,220.0,(in-sample конфигурация) 2026-01..06: +3.2%,2026-07..09: +3.1%,"library {""n"": 20, ""vn"": 60}"
88,C8_WF_PANEL_FLOOR_K5,candidate,ALL/EQ,1d,0.004550002949173027,0.004460363671028375,-0.03512956900928806,0.5555555555555556,0.060702392286614275,0.09747276299480001,1.1152128748202224,0.5836535966607885,0.9510397517487633,0.6227626100006279,170.0,"OOS 2026-01..06: Sharpe 0.84, +4.9%, прибыльных мес. 67%","2026-07..09: -0.8%, прибыльных мес. 33%","frozen candidate, vol-target 10%"
89,LIB_018,P_TSMOM,FUT,1d,0.01739194268090862,-0.025845055817626417,-0.049333492024743464,0.45454545454545453,0.20961071787599433,0.22193632627750048,1.1366035144789652,0.7035184361720807,1.0726043463624657,0.9444633124813705,227.0,(in-sample конфигурация) 2026-01..06: +30.1%,2026-07..09: -5.2%,"library {""n"": 20, ""vn"": 60}"
90,LIB_050,P_TSMOM,EQ,1d,0.014421976485767696,0.022160312670166604,-0.13668077043257654,0.5454545454545454,0.1738161687762959,0.35815142234787345,1.0898112672980975,0.450643772725447,0.6423221511156038,0.4853147521705716,230.0,(in-sample конфигурация) 2026-01..06: +18.0%,2026-07..09: -1.6%,"library {""n"": 20, ""vn"": 60}"
91,LIB_408,P_EMA_S,ALL,1d,0.023309193272160137,-0.030689003178849816,-0.06637431477429345,0.45454545454545453,0.280926451088817,0.34021565556759015,1.1475990434021024,0.6557904411154314,0.9683888694205245,0.8257305226596362,230.0,(in-sample конфигурация) 2026-01..06: +35.6%,2026-07..09: +0.7%,"library {""f"": 5, ""s"": 20, ""vn"": 60}"
92,LIB_127,P_XS_REV,FUT,1d,0.0002906229433392582,0.011603142585954629,-0.057402500677198987,0.6666666666666666,0.0035153751226316672,0.1986002739849937,1.0027768033387936,0.016280371227062152,0.023257680674384325,0.017700756661077368,246.0,(in-sample конфигурация) 2026-01..06: -11.3%,2026-07..09: +1.1%,"library {""hold"": 5, ""k"": 2, ""n"": 5}"
93,LIB_212,P_XS_MOM,EQ,1d,0.009915139323463032,0.000996405412479362,-0.0532048000022769,0.5,0.1204151860006113,0.11050290711136768,1.143985526711765,0.746603074036286,1.168033139782334,1.0897015214201902,249.0,(in-sample конфигурация) 2026-01..06: +9.3%,2026-07..09: +2.9%,"library {""hold"": 1, ""k"": 4, ""n"": 10}"
94,LIB_156,P_XS_MOM,FUT,1d,0.0023851266290876084,0.002764098724583164,-0.07946804747916758,0.7,0.030203613594476243,0.21584063695263467,1.0241309255169708,0.13101903536725124,0.16023794590807017,0.1399347871694073,196.0,(in-sample конфигурация) 2026-01..06: -4.5%,2026-07..09: +7.9%,"library {""hold"": 1, ""k"": 1, ""n"": 60}"
95,LIB_310,P_TSMOM_S,EQ,1d,0.016030089830482295,-0.0008731887210160494,-0.07096131546131801,0.45454545454545453,0.20290141100500877,0.3055912047129823,1.1222052533462685,0.5787788534446976,0.8165788147752078,0.663963516867503,207.0,(in-sample конфигурация) 2026-01..06: +22.8%,2026-07..09: +2.0%,"library {""n"": 40, ""vn"": 20}"
96,LIB_397,P_TSMOM_L,ALL,1d,0.0038171417987045556,0.01791116053937003,-0.07484878465766087,0.6363636363636364,0.04600485680873491,0.16554824539616675,1.0379877015542907,0.19939475750509592,0.2778160173444902,0.27789395591987437,228.0,(in-sample конфигурация) 2026-01..06: +1.1%,2026-07..09: -1.4%,"library {""n"": 20, ""vn"": 60}"
97,LIB_252,P_TSMOM_S,FUT,1d,0.012706860957950993,0.014347690739668906,-0.1328011289006099,0.6,0.16091100308561057,0.1904349523683777,1.1282119097748464,0.6788675297458755,1.0231577880753642,0.8449657013295755,196.0,(in-sample конфигурация) 2026-01..06: +17.4%,2026-07..09: -6.3%,"library {""n"": 60, ""vn"": 20}"
98,LIB_001,P_TSMOM,FUT,1d,0.013150265908355626,-0.002689715267479187,-0.09781364066293463,0.5,0.15970443416412614,0.3417081786401468,1.100257330339891,0.5522903825614283,0.8186416422480225,0.46737082735239716,245.0,(in-sample конфигурация) 2026-01..06: +30.5%,2026-07..09: +6.3%,"library {""n"": 10, ""vn"": 20}"
99,LIB_392,P_BRK_S,ALL,1d,0.02939360412629968,-0.0015602938874508254,-0.10381828006939031,0.4444444444444444,0.38094110947684384,0.3213104497990571,1.1938914043333164,0.943642406448087,1.4357741719336712,1.1855858087251097,175.0,(in-sample конфигурация) 2026-01..06: +33.0%,2026-07..09: -6.6%,"library {""n"": 55, ""vn"": 20}"
100,LIB_330,P_BRK_S,EQ,1d,0.01383759808807857,0.003281107230577618,-0.0884948237799108,0.5,0.17508324944916148,0.3301155008193746,1.1117868745850272,0.5461516797175835,0.7906929665140457,0.5303696706594815,233.0,(in-sample конфигурация) 2026-01..06: +26.0%,2026-07..09: +3.4%,"library {""n"": 20, ""vn"": 20}"
101,LIB_250,P_TSMOM_S,FUT,1d,0.01686122242013384,-5.791157309431583e-05,-0.07788326942682033,0.45454545454545453,0.21342150022196804,0.20439072194130858,1.1856171329428313,0.9302762347238097,1.3855099609019452,1.0441838954081912,212.0,(in-sample конфигурация) 2026-01..06: +23.2%,2026-07..09: -2.9%,"library {""n"": 40, ""vn"": 20}"
102,LIB_279,P_TSMOM_L,FUT,1d,0.006996425516924567,0.009107546793529764,-0.07758327177725732,0.6363636363636364,0.0885574955840863,0.16333124511584174,1.109952289860567,0.5720189355233256,0.8107106471562967,0.5421956804485106,207.0,(in-sample конфигурация) 2026-01..06: +5.3%,2026-07..09: +4.6%,"library {""n"": 40, ""vn"": 60}"
103,LIB_396,P_TSMOM_S,ALL,1d,0.019928833820896132,-0.01104645938903559,-0.09291347303224029,0.45454545454545453,0.24018577109358297,0.3327008126725559,1.1323507113714637,0.5868802320799295,0.8684971694508599,0.7219272149177879,229.0,(in-sample конфигурация) 2026-01..06: +29.5%,2026-07..09: +8.4%,"library {""n"": 10, ""vn"": 60}"
104,LIB_066,P_TSMOM,ALL,1d,0.012501023474518055,-0.01026571256807074,-0.11174819816369563,0.5,0.15817194555206107,0.43875560839660466,1.066978190240425,0.3574971074713567,0.511695239290388,0.3605012506394781,239.0,(in-sample конфигурация) 2026-01..06: +24.3%,2026-07..09: -7.5%,"library {""n"": 20, ""vn"": 20}"
105,LIB_286,P_EMA_S,FUT,1d,0.015158343148703518,-0.01556601544143632,-0.06203731296409387,0.45454545454545453,0.18269098786176585,0.22208293667063117,1.1652471364576513,0.7836307577925093,1.2364718326863442,0.8226250544079976,224.0,(in-sample конфигурация) 2026-01..06: +22.9%,2026-07..09: +1.8%,"library {""f"": 3, ""s"": 10, ""vn"": 60}"
106,LIB_105,P_XS_MOM,FUT,1d,0.011712673874474907,0.02145039930474013,-0.14301503852766473,0.6666666666666666,0.14167650318564845,0.21551555152109358,1.1231063571454896,0.6882276227354177,1.0641810722887637,0.657384129292321,243.0,(in-sample конфигурация) 2026-01..06: +25.5%,2026-07..09: +4.7%,"library {""hold"": 5, ""k"": 3, ""n"": 1}"
107,LIB_407,P_EMA_L,ALL,1d,0.007307890968811328,0.00010729033238021657,-0.05705488348030485,0.5454545454545454,0.08807597289367392,0.187830433174895,1.0740223164408698,0.3836128461065648,0.5556670026875289,0.46891215339775916,229.0,(in-sample конфигурация) 2026-01..06: +3.9%,2026-07..09: +2.4%,"library {""f"": 5, ""s"": 20, ""vn"": 60}"
108,LIB_354,P_EMA_S,EQ,1d,0.0003345225519627671,0.006621936845476739,-0.07927775256393943,0.5454545454545454,0.0040317239740903935,0.32929375616367906,1.0023028177047788,0.011638615242188594,0.015869765920668383,0.012243548195570343,230.0,(in-sample конфигурация) 2026-01..06: +18.0%,2026-07..09: -3.1%,"library {""f"": 50, ""s"": 200, ""vn"": 60}"
109,LIB_025,P_EMA,FUT,1d,0.00821378372479971,0.010788031271658838,-0.11185379943344742,0.6363636363636364,0.09899394993541216,0.19448645535157993,1.068197368265315,0.38092252410532357,0.5619507672201747,0.5090017695908815,227.0,(in-sample конфигурация) 2026-01..06: +7.5%,2026-07..09: +1.9%,"library {""f"": 20, ""s"": 100, ""vn"": 60}"
110,LIB_116,P_XS_MOM,FUT,1d,0.002956218867742185,0.007286915410077199,-0.08424843032844365,0.5833333333333334,0.03575842342420947,0.23044597264379263,1.0262723881717675,0.15477869854870102,0.2224003183058581,0.15517052875331588,246.0,(in-sample конфигурация) 2026-01..06: +12.5%,2026-07..09: -2.4%,"library {""hold"": 1, ""k"": 3, ""n"": 3}"
111,LIB_350,P_EMA_S,EQ,1d,0.014600179070178208,-0.011766251787776127,-0.06983494444284588,0.45454545454545453,0.1759638973153652,0.338608096819371,1.1044772308720872,0.4726799488269638,0.680378900622933,0.5196683096719698,224.0,(in-sample конфигурация) 2026-01..06: +28.1%,2026-07..09: -0.9%,"library {""f"": 10, ""s"": 50, ""vn"": 60}"
112,LIB_016,P_TSMOM,FUT,1d,0.0042036026994041594,0.020227487781085074,-0.09308363369200379,0.5454545454545454,0.050662550794557955,0.21514532334549585,1.0332485171288956,0.18412697733835978,0.2783681343396352,0.23548060448983305,227.0,(in-sample конфигурация) 2026-01..06: +21.9%,2026-07..09: -3.9%,"library {""n"": 5, ""vn"": 60}"
113,LIB_300,P_BRK_S,FUT,1d,0.014106130884267093,-0.007800265040714294,-0.04429513250943273,0.36363636363636365,0.1700095426573408,0.18859810996218584,1.1591748390309706,0.7590431494460147,1.1473872135080345,0.9014382100193259,214.0,(in-sample конфигурация) 2026-01..06: +24.9%,2026-07..09: -3.4%,"library {""n"": 20, ""vn"": 60}"
114,LIB_346,P_EMA_S,EQ,1d,0.0036941554809263007,0.00020835423492826521,-0.07387190603185445,0.5454545454545454,0.04452260431794655,0.30564134571795876,1.0270952670059568,0.1252193909438829,0.17000328596770695,0.14566944211478294,216.0,(in-sample конфигурация) 2026-01..06: +14.0%,2026-07..09: +2.7%,"library {""f"": 3, ""s"": 10, ""vn"": 60}"
115,LIB_367,P_TSMOM_L,ALL,1d,0.0026919341530629026,0.02179524128587218,-0.07062318979296833,0.5833333333333334,0.034060288196076226,0.17655948754691053,1.0265603282697604,0.13420676202193227,0.19297391894650157,0.19291111833923205,237.0,(in-sample конфигурация) 2026-01..06: -3.4%,2026-07..09: +0.4%,"library {""n"": 20, ""vn"": 20}"
116,LIB_418,P_BRK_S,ALL,1d,0.027644423926755157,-0.02357093751197681,-0.0708504596259445,0.36363636363636365,0.3331754048911535,0.3291419221495744,1.1821663517937597,0.7847935595058648,1.151408327050293,1.0122545396685936,230.0,(in-sample конфигурация) 2026-01..06: +33.4%,2026-07..09: +2.5%,"library {""n"": 10, ""vn"": 60}"
117,LIB_004,P_TSMOM,FUT,1d,0.010533344196437611,0.01129615651734639,-0.1566492573369942,0.6,0.13338707223629537,0.32158655499233646,1.0835252329030312,0.4564335731536693,0.6679095995609117,0.4147781372249037,196.0,(in-sample конфигурация) 2026-01..06: +11.8%,2026-07..09: -2.3%,"library {""n"": 60, ""vn"": 20}"
118,LIB_002,P_TSMOM,FUT,1d,0.01110365246525665,-0.02305737548158504,-0.05614933976903558,0.4166666666666667,0.14049140190349835,0.24330152687616646,1.090209905486475,0.47927331613959806,0.709113532314292,0.5774374033213712,235.0,(in-sample конфигурация) 2026-01..06: +23.0%,2026-07..09: -6.6%,"library {""n"": 20, ""vn"": 20}"
119,LIB_358,P_BRK_S,EQ,1d,0.01350246206175143,-0.020663823599988973,-0.05875855192425661,0.45454545454545453,0.16273402102249984,0.29790164222504245,1.100615887441266,0.4419327521693833,0.6208236574540023,0.5462676197654742,221.0,(in-sample конфигурация) 2026-01..06: +18.3%,2026-07..09: +2.4%,"library {""n"": 10, ""vn"": 60}"
120,LIB_338,P_TSMOM_S,EQ,1d,0.014374857950315345,-0.0013482875074259937,-0.10055297959479503,0.45454545454545453,0.17324828799249625,0.32214796415064484,1.1068139834408157,0.46910749580815075,0.67351515339077,0.5377910378830791,220.0,(in-sample конфигурация) 2026-01..06: +22.9%,2026-07..09: +0.2%,"library {""n"": 20, ""vn"": 60}"
121,LIB_416,P_BRK_S,ALL,1d,0.011405813021156064,-0.02072106912964955,-0.06696021766401827,0.45454545454545453,0.13746484215062874,0.31264093167192186,1.0756824926257764,0.3439764618380512,0.49068331180612834,0.43968920325148325,230.0,(in-sample конфигурация) 2026-01..06: +19.6%,2026-07..09: +3.5%,"library {""n"": 5, ""vn"": 60}"
122,LIB_249,P_TSMOM_L,FUT,1d,0.004225510102432137,0.005200295912800357,-0.07661469938466325,0.6363636363636364,0.05348453883078485,0.16227008424175438,1.06101843240959,0.3223111389158751,0.4476777693948854,0.32960196625708366,207.0,(in-sample конфигурация) 2026-01..06: +0.2%,2026-07..09: +7.3%,"library {""n"": 40, ""vn"": 20}"
123,LIB_027,P_BRK,FUT,1d,0.0035069570909730496,0.00502321826206753,-0.08758505439618602,0.5454545454545454,0.04226645676598823,0.18615590210538357,1.0251867584650984,0.1427402939708868,0.21552784699659075,0.22704870642275435,227.0,(in-sample конфигурация) 2026-01..06: +12.5%,2026-07..09: -1.1%,"library {""n"": 5, ""vn"": 60}"
124,LIB_270,P_BRK_S,FUT,1d,0.009328948711110266,-0.01391506107756868,-0.05556833095033653,0.4166666666666667,0.11803657281337843,0.19568875361301252,1.108319511173662,0.5572731526732791,0.820505500411314,0.603185265550843,222.0,(in-sample конфигурация) 2026-01..06: +24.4%,2026-07..09: -6.7%,"library {""n"": 20, ""vn"": 20}"
125,LIB_008,P_EMA,FUT,1d,0.0071889829996507615,-0.003723088579135947,-0.09248156592366286,0.5,0.0869579383637756,0.2447179371083621,1.056809190798564,0.32442200056098025,0.4646580453822269,0.35533945484866636,246.0,(in-sample конфигурация) 2026-01..06: +16.4%,2026-07..09: -5.8%,"library {""f"": 10, ""s"": 50, ""vn"": 20}"
126,LIB_347,P_EMA_L,EQ,1d,-0.0017749035290431823,0.013275619596242905,-0.04900405908119865,0.5454545454545454,-0.02139144601090305,0.19917549290767056,0.9781760634909661,-0.11734433411031972,-0.16652831023157807,-0.10739999032320323,208.0,(in-sample конфигурация) 2026-01..06: -5.1%,2026-07..09: -0.7%,"library {""f"": 5, ""s"": 20, ""vn"": 60}"
127,LIB_159,P_XS_REV,FUT,1d,0.0015304526723411982,0.0031152567826211452,-0.07530445361044258,0.5,0.019380606705024218,0.15961928886645183,1.0156292180295763,0.0890738093501263,0.1494303122969525,0.12141769859179945,196.0,(in-sample конфигурация) 2026-01..06: +1.0%,2026-07..09: -1.2%,"library {""hold"": 5, ""k"": 1, ""n"": 60}"
128,LIB_410,P_EMA_S,ALL,1d,0.02082756215796425,-0.027261552400887012,-0.06696635426487774,0.36363636363636365,0.25101740131250827,0.38176708726678044,1.1274564840831318,0.5870391812419116,0.8605503379334877,0.6575145152235092,230.0,(in-sample конфигурация) 2026-01..06: +35.0%,2026-07..09: -3.7%,"library {""f"": 10, ""s"": 50, ""vn"": 60}"
129,LIB_228,P_XS_MOM,EQ,1d,0.0016026631019485649,-0.001533347851363942,-0.0329121446411591,0.5,0.020295030235730573,0.1977453991639777,1.0196634263559872,0.10016933302260271,0.12777903158084816,0.10263212353629118,199.0,(in-sample конфигурация) 2026-01..06: -1.1%,2026-07..09: +3.5%,"library {""hold"": 1, ""k"": 2, ""n"": 60}"
130,LIB_046,P_BRK,EQ,1d,0.01684033943893155,-0.012241550284670666,-0.06609265874431003,0.4,0.20802772248091916,0.2657848842936801,1.1147250964061333,0.6042205001013444,0.8829249334100306,0.782692074584114,204.0,(in-sample конфигурация) 2026-01..06: +22.1%,2026-07..09: -2.1%,"library {""n"": 55, ""vn"": 20}"
131,LIB_278,P_TSMOM_S,FUT,1d,0.014170017428114079,-0.018011790234595537,-0.05283776723081246,0.36363636363636365,0.17077951439448794,0.2139069537370233,1.1533432115191105,0.7158463889903165,1.1064564980969274,0.7983822470981653,221.0,(in-sample конфигурация) 2026-01..06: +24.6%,2026-07..09: -5.0%,"library {""n"": 20, ""vn"": 60}"
132,LIB_209,P_XS_MOM,EQ,1d,0.004119454699965293,0.006969583355385112,-0.08652179170167074,0.6666666666666666,0.0500290402116267,0.14688275821390562,1.0573070573878993,0.2981339351652667,0.4044717962804746,0.3406052610938128,249.0,(in-sample конфигурация) 2026-01..06: +12.8%,2026-07..09: -6.5%,"library {""hold"": 5, ""k"": 3, ""n"": 10}"
133,LIB_398,P_TSMOM_S,ALL,1d,0.020143004310181244,-0.026162157708313316,-0.08021278645901475,0.36363636363636365,0.24276699107748873,0.3795828335278202,1.1297656478694535,0.571626006018343,0.8463450227166318,0.6395626188392842,228.0,(in-sample конфигурация) 2026-01..06: +33.4%,2026-07..09: -3.1%,"library {""n"": 20, ""vn"": 60}"
134,LIB_056,P_EMA,EQ,1d,0.012028724795196798,-0.006346261652652174,-0.08038864680565894,0.45454545454545453,0.1449722831838501,0.35766424564644694,1.0793844856621095,0.3886623683377541,0.5593459207635377,0.4053306556315836,230.0,(in-sample конфигурация) 2026-01..06: +23.1%,2026-07..09: -2.6%,"library {""f"": 10, ""s"": 50, ""vn"": 60}"
135,LIB_357,P_BRK_L,EQ,1d,0.00021866126553504728,0.006124355248175561,-0.05410634441432194,0.5454545454545454,0.0026353436002745697,0.19403487580348155,1.0026896836295156,0.014245728159810915,0.020497564950533245,0.01358180373173555,204.0,(in-sample конфигурация) 2026-01..06: -8.0%,2026-07..09: +0.4%,"library {""n"": 10, ""vn"": 60}"
136,LIB_390,P_BRK_S,ALL,1d,0.016410770856055024,-0.009330053197118104,-0.10238040809053928,0.4166666666666667,0.20764088313267945,0.3692634953222296,1.1143413307328216,0.5658063421724285,0.8300333041175143,0.5623108857578414,239.0,(in-sample конфигурация) 2026-01..06: +35.6%,2026-07..09: -1.9%,"library {""n"": 20, ""vn"": 20}"
137,LIB_336,P_TSMOM_S,EQ,1d,0.013104264613668254,-0.01861692639067769,-0.08392203850962687,0.45454545454545453,0.1579348761264713,0.2828610400993057,1.1000490016453028,0.43687729026638533,0.6279079695326236,0.55834792967962,222.0,(in-sample конфигурация) 2026-01..06: +18.3%,2026-07..09: +10.2%,"library {""n"": 10, ""vn"": 60}"
138,LIB_299,P_BRK_L,FUT,1d,0.005692591869195563,0.001554681221023202,-0.06348131900085718,0.5454545454545454,0.0717266575518641,0.17694769548324984,1.0797871278214197,0.4318283661434047,0.6128760997886497,0.40535513817219426,213.0,(in-sample конфигурация) 2026-01..06: +5.6%,2026-07..09: +1.3%,"library {""n"": 20, ""vn"": 60}"
139,LIB_302,P_BRK_S,FUT,1d,0.00672046381158806,0.0051993177039548755,-0.11031495087081566,0.5555555555555556,0.08709721099818125,0.18870514433365315,1.0634630529067537,0.33674533598309186,0.4987819586758353,0.46155186338843535,168.0,(in-sample конфигурация) 2026-01..06: +8.7%,2026-07..09: -2.7%,"library {""n"": 55, ""vn"": 60}"
140,LIB_101,P_XS_MOM,FUT,1d,0.007430788397262707,0.01260067117982544,-0.1417233650572598,0.6666666666666666,0.0898828164532897,0.1771958097415336,1.0766657023282205,0.43278988254970047,0.6409966471599173,0.5072513655057483,243.0,(in-sample конфигурация) 2026-01..06: +19.8%,2026-07..09: +3.6%,"library {""hold"": 5, ""k"": 2, ""n"": 1}"
141,LIB_349,P_EMA_L,EQ,1d,-0.002571454291021589,0.005419987952336669,-0.047049944589161896,0.6363636363636364,-0.030991614324834108,0.19411607708025258,0.9668706005008361,-0.18437954058989123,-0.25608030245684066,-0.15965506201746174,202.0,(in-sample конфигурация) 2026-01..06: -4.9%,2026-07..09: -1.6%,"library {""f"": 10, ""s"": 50, ""vn"": 60}"
142,LIB_049,P_TSMOM,EQ,1d,0.013437656313643938,-0.00016098853666335344,-0.11537456652149558,0.45454545454545453,0.16195297087574348,0.23735358073099633,1.0887973385041922,0.4342734477380159,0.6256816039986709,0.6823279024355322,230.0,(in-sample конфигурация) 2026-01..06: +10.6%,2026-07..09: +17.9%,"library {""n"": 10, ""vn"": 60}"
143,LIB_161,P_XS_MOM,FUT,1d,0.0023285321061848664,0.003027543338248506,-0.06810965994372964,0.5,0.029486939234099816,0.18154638379928656,1.0223740800760257,0.13024256853562416,0.1776393827781458,0.16242096712154777,196.0,(in-sample конфигурация) 2026-01..06: -1.2%,2026-07..09: +3.9%,"library {""hold"": 5, ""k"": 2, ""n"": 60}"
144,LIB_258,P_EMA_S,FUT,1d,0.01374225840819084,-0.02548316634783987,-0.04521239466203042,0.3333333333333333,0.1662263577054764,0.2681604611302646,1.1405905052672345,0.7033494512146093,1.0319787541067857,0.6198764612980302,244.0,(in-sample конфигурация) 2026-01..06: +28.7%,2026-07..09: -3.1%,"library {""f"": 5, ""s"": 20, ""vn"": 20}"
145,LIB_089,P_EMA,ALL,1d,0.00169378778479189,0.014175106771290302,-0.1194724424276501,0.5454545454545454,0.02041382495410052,0.3442185129970312,1.0094598420826109,0.048813654624280514,0.06832479459053523,0.05930484324146908,230.0,(in-sample конфигурация) 2026-01..06: +9.4%,2026-07..09: +0.9%,"library {""f"": 20, ""s"": 100, ""vn"": 60}"
146,LIB_248,P_TSMOM_S,FUT,1d,0.010462606538567343,-0.019043469852476846,-0.07340861321426928,0.4166666666666667,0.13238042750053408,0.223886811741977,1.1145722145303494,0.5747888215060133,0.8604260897447598,0.5912828293481559,229.0,(in-sample конфигурация) 2026-01..06: +22.9%,2026-07..09: -8.5%,"library {""n"": 20, ""vn"": 20}"
147,LIB_352,P_EMA_S,EQ,1d,0.004962099933023142,-0.002457500682794489,-0.08038773812586442,0.45454545454545453,0.059804091366696295,0.32744902302511036,1.0327196763416315,0.16112517652699238,0.22521031986399043,0.1826363408087195,230.0,(in-sample конфигурация) 2026-01..06: +19.6%,2026-07..09: -0.2%,"library {""f"": 20, ""s"": 100, ""vn"": 60}"
148,LIB_240,P_CARRY,FX,1d,0.0003722196406670264,0.013618383251014166,-0.14813053590478376,0.5833333333333334,0.004502368773508352,0.2995355103048496,1.0031112092559724,0.018917533020563527,0.026853522233625946,0.015031168654848655,243.0,(in-sample конфигурация) 2026-01..06: +0.4%,2026-07..09: -9.0%,library {}
149,LIB_348,P_EMA_S,EQ,1d,0.011709148204793317,-0.028396668531286196,-0.07328305807095603,0.45454545454545453,0.14112069053776988,0.3100093891262077,1.0838368637445754,0.3773155857111186,0.5340752610827668,0.45521424668953603,221.0,(in-sample конфигурация) 2026-01..06: +21.7%,2026-07..09: +1.3%,"library {""f"": 5, ""s"": 20, ""vn"": 60}"
150,LIB_205,P_XS_MOM,EQ,1d,0.004197180466386878,-0.008190587202989263,-0.032800932589452714,0.4166666666666667,0.050972986868891235,0.13037490073475055,1.0594526541238019,0.3182254567979327,0.4357221276716729,0.39097239255120464,249.0,(in-sample конфигурация) 2026-01..06: +4.9%,2026-07..09: +2.0%,"library {""hold"": 5, ""k"": 2, ""n"": 10}"
151,LIB_285,P_EMA_L,FUT,1d,0.004134647553490306,-0.001594560540979728,-0.061702231236267835,0.45454545454545453,0.0498314913838049,0.15953268474549986,1.0555588638389615,0.2932199468611362,0.4212351256091321,0.3123591348274515,217.0,(in-sample конфигурация) 2026-01..06: +3.8%,2026-07..09: +6.6%,"library {""f"": 3, ""s"": 10, ""vn"": 60}"
152,LIB_366,P_TSMOM_S,ALL,1d,0.003040416322164674,-0.026839313853997737,-0.12071581050986424,0.5,0.03692457412942158,0.5665093114275805,1.018640719512165,0.09167422130602718,0.12444176799890888,0.06517911247808646,248.0,(in-sample конфигурация) 2026-01..06: +27.8%,2026-07..09: +3.0%,"library {""n"": 10, ""vn"": 20}"
153,C4_CARRY_FX,candidate,FUT,1d,0.0006994644610198438,0.0036548476946026594,-0.06418981736028118,0.5454545454545454,0.008430067330204337,0.12720551806730065,1.0139737808535048,0.08401735586677253,0.1204190835190502,0.06627123931639695,224.0,"OOS 2026-01..06: Sharpe 0.03, +0.1%, прибыльных мес. 50%","2026-07..09: -3.7%, прибыльных мес. 67%","frozen candidate, vol-target 10%"
154,LIB_065,P_TSMOM,ALL,1d,0.0009020876127957914,0.0008095261428024969,-0.17744401772506535,0.5,0.01095547365901395,0.6042385196051328,1.004523619287142,0.024961398134236614,0.035284367299698485,0.018131041473776456,249.0,(in-sample конфигурация) 2026-01..06: +25.7%,2026-07..09: +14.1%,"library {""n"": 10, ""vn"": 20}"
155,LIB_412,P_EMA_S,ALL,1d,0.00997327769040236,-0.003503366886434378,-0.09330786411010195,0.36363636363636365,0.12019967720780583,0.36448969622142613,1.0573576605052148,0.28222502310418146,0.40446643528916604,0.32977524043583656,230.0,(in-sample конфигурация) 2026-01..06: +23.5%,2026-07..09: -1.2%,"library {""f"": 20, ""s"": 100, ""vn"": 60}"
156,LIB_399,P_TSMOM_L,ALL,1d,0.004559769783389294,0.0053252356592565775,-0.07604024122701958,0.5454545454545454,0.05771544218974942,0.19780428316789767,1.051596997977022,0.27833580948290493,0.3932277734444737,0.2917805482541556,212.0,(in-sample конфигурация) 2026-01..06: +1.4%,2026-07..09: +4.7%,"library {""n"": 40, ""vn"": 60}"
157,LIB_368,P_TSMOM_S,ALL,1d,0.009809090896548392,-0.02917173418973107,-0.11875389656051993,0.4166666666666667,0.12411167728519809,0.4815788931264251,1.0632691528893425,0.30819594360734665,0.43625214937101536,0.2577182660134069,237.0,(in-sample конфигурация) 2026-01..06: +27.7%,2026-07..09: -7.9%,"library {""n"": 20, ""vn"": 20}"
158,LIB_147,P_XS_REV,FUT,1d,0.010078756871318243,-0.002299099985975772,-0.0725703833886655,0.4166666666666667,0.1275236852672233,0.1393467952075298,1.1276022607322467,0.6424999955685087,1.0750605163105384,0.915153341541165,235.0,(in-sample конфигурация) 2026-01..06: +2.2%,2026-07..09: +5.3%,"library {""hold"": 5, ""k"": 1, ""n"": 20}"
159,LIB_269,P_BRK_L,FUT,1d,0.0034870515000048645,0.0013546167756430805,-0.06162998144645826,0.5454545454545454,0.04393684890006129,0.172203824378812,1.0457855454177984,0.2499285727831324,0.34736143041050455,0.2551444432697936,213.0,(in-sample конфигурация) 2026-01..06: +1.3%,2026-07..09: +3.4%,"library {""n"": 20, ""vn"": 20}"
160,LIB_085,P_TSMOM,ALL,1d,0.006590132291031685,-0.008728446322493255,-0.09977581205021124,0.42857142857142855,0.08363304576532297,0.34106784108735155,1.0335963968157218,0.17618104409661084,0.2510662123477768,0.24520941493250767,139.0,(in-sample конфигурация) 2026-01..06: +3.0%,2026-07..09: +1.6%,"library {""n"": 120, ""vn"": 60}"
161,LIB_409,P_EMA_L,ALL,1d,0.0024530651055763224,0.008092519245110452,-0.07455091776500922,0.5454545454545454,0.029564767272424197,0.23947157565271482,1.0274216160848175,0.1478221825665219,0.20833783513244414,0.12345835697552454,226.0,(in-sample конфигурация) 2026-01..06: -0.8%,2026-07..09: -1.1%,"library {""f"": 10, ""s"": 50, ""vn"": 60}"
162,LIB_388,P_BRK_S,ALL,1d,0.014177069991243721,-0.036903617987263715,-0.07370449366317189,0.3333333333333333,0.17286878892548796,0.4164630779869185,1.0925290202599107,0.43881726807084814,0.6169690590641418,0.41508791070049655,248.0,(in-sample конфигурация) 2026-01..06: +30.1%,2026-07..09: -1.3%,"library {""n"": 10, ""vn"": 20}"
163,LIB_334,P_TSMOM_S,EQ,1d,-0.0017725965302485167,0.01335683191427961,-0.11016187103814445,0.5454545454545454,-0.021363641660212557,0.31992676949084853,0.9867773700177456,-0.061910376296480295,-0.08410508467935088,-0.06677666171609208,222.0,(in-sample конфигурация) 2026-01..06: +13.9%,2026-07..09: +1.6%,"library {""n"": 5, ""vn"": 60}"
164,LIB_414,P_EMA_S,ALL,1d,0.005482604072932934,-0.007569138309918344,-0.11776016355725005,0.45454545454545453,0.06607729778334824,0.3785849396372214,1.0331495343926764,0.16773871795098133,0.2335637681225991,0.17453757628781202,230.0,(in-sample конфигурация) 2026-01..06: +21.0%,2026-07..09: -3.2%,"library {""f"": 50, ""s"": 200, ""vn"": 60}"
165,LIB_395,P_TSMOM_L,ALL,1d,0.004712732208479958,0.013315824762685224,-0.13694807331921766,0.5454545454545454,0.05679866818220193,0.25996313975338126,1.0450521922209761,0.23667410044263287,0.3442843257495022,0.21848739108200116,229.0,(in-sample конфигурация) 2026-01..06: -1.4%,2026-07..09: +9.8%,"library {""n"": 10, ""vn"": 60}"
166,LIB_256,P_EMA_S,FUT,1d,0.0067362426974189775,-0.024949891536380164,-0.05690365836198907,0.3333333333333333,0.08148159166797996,0.35098063063196605,1.0670817360958977,0.34755134904041407,0.5075117743689382,0.23215409785225596,243.0,(in-sample конфигурация) 2026-01..06: +24.1%,2026-07..09: -1.3%,"library {""f"": 3, ""s"": 10, ""vn"": 20}"
167,LIB_166,P_XS_REV,FUT,1d,-0.006549509834439959,-0.0006261757807806134,-0.09748984966427088,0.5,-0.08293851649642561,0.21079320926219225,0.9395950888243557,-0.3730566792945877,-0.5410529011605301,-0.393459147885849,196.0,(in-sample конфигурация) 2026-01..06: -1.2%,2026-07..09: -4.0%,"library {""hold"": 1, ""k"": 3, ""n"": 60}"
168,LIB_415,P_BRK_L,ALL,1d,-0.003910070759130494,0.00929291217471473,-0.09664689570126939,0.5454545454545454,-0.047124852801346644,0.337019928778318,0.9648741371187526,-0.19814114017672604,-0.2816650725911291,-0.13982808960933588,230.0,(in-sample конфигурация) 2026-01..06: -11.3%,2026-07..09: +4.8%,"library {""n"": 5, ""vn"": 60}"
169,LIB_078,P_BRK,ALL,1d,0.010562863733503037,-0.008923930719902273,-0.10189025406725705,0.4,0.1304824343550375,0.2848263554624282,1.0623198925631365,0.32807698398596674,0.4751844618837845,0.4581122211924297,204.0,(in-sample конфигурация) 2026-01..06: +18.8%,2026-07..09: -3.6%,"library {""n"": 55, ""vn"": 20}"
170,LIB_044,P_BRK,EQ,1d,-0.006182099653415207,0.014015962893608958,-0.16796951065771282,0.6666666666666666,-0.07507899338123529,0.4042783491750015,0.9632578138102142,-0.20573289985893853,-0.2759842990665359,-0.1857111406891977,249.0,(in-sample конфигурация) 2026-01..06: +5.7%,2026-07..09: +0.8%,"library {""n"": 10, ""vn"": 20}"
171,LIB_055,P_EMA,EQ,1d,0.009934245428501692,-0.007593343209009618,-0.077651078812778,0.36363636363636365,0.11972925359915952,0.3299979868461378,1.059439066423576,0.307803485599326,0.4357907062301557,0.36281813335723023,230.0,(in-sample конфигурация) 2026-01..06: +16.7%,2026-07..09: +0.6%,"library {""f"": 5, ""s"": 20, ""vn"": 60}"
172,LIB_099,P_XS_REV,FUT,1d,0.006197663741356034,0.011598129520280054,-0.13381376408506185,0.5833333333333334,0.07496694061544258,0.19052486931468593,1.0762471941916374,0.4464811573496386,0.6454955643389649,0.3934758799997981,243.0,(in-sample конфигурация) 2026-01..06: -4.2%,2026-07..09: -3.1%,"library {""hold"": 5, ""k"": 1, ""n"": 1}"
173,LIB_369,P_TSMOM_L,ALL,1d,0.003054282803222205,4.425877705216408e-06,-0.07822381117148325,0.5454545454545454,0.03865968918051119,0.19581983918828882,1.0304557898130349,0.15986443605188724,0.22807022373686325,0.19742478259998117,212.0,(in-sample конфигурация) 2026-01..06: -3.0%,2026-07..09: +8.1%,"library {""n"": 40, ""vn"": 20}"
174,LIB_111,P_XS_REV,FUT,1d,0.00571162821809897,0.020323048447608016,-0.183077800902538,0.6666666666666666,0.06908785492612515,0.2732746594992932,1.0659174922031773,0.3924750585960486,0.5548806583341412,0.2528147141513641,246.0,(in-sample конфигурация) 2026-01..06: -15.8%,2026-07..09: +11.7%,"library {""hold"": 5, ""k"": 1, ""n"": 3}"
175,LIB_289,P_EMA_L,FUT,1d,0.003849092932465613,0.00019754047389142215,-0.07392257419996895,0.5454545454545454,0.04638993742954209,0.19060381930466974,1.0624011062603265,0.3210711890308699,0.44350365061954466,0.24338409166602437,212.0,(in-sample конфигурация) 2026-01..06: +1.9%,2026-07..09: +0.2%,"library {""f"": 10, ""s"": 50, ""vn"": 60}"
176,LIB_394,P_TSMOM_S,ALL,1d,0.0035628303309997796,-0.006876403582282364,-0.1194116689148359,0.45454545454545453,0.04293985077187561,0.36558099580724956,1.0233884273238874,0.10888059534712889,0.15388712687102063,0.11745646317598903,230.0,(in-sample конфигурация) 2026-01..06: +23.8%,2026-07..09: -1.6%,"library {""n"": 5, ""vn"": 60}"
177,LIB_031,P_BUYHOLD,FUT,1d,-0.01244507063264874,0.014254234731197357,-0.17380078718997538,0.6363636363636364,-0.14999015562479262,0.6283540607255418,0.9158595286334763,-0.5271185066819344,-0.7244313470677104,-0.2387032486932661,227.0,(in-sample конфигурация) 2026-01..06: -20.1%,2026-07..09: +4.6%,"library {""vn"": 60}"
178,LIB_117,P_XS_MOM,FUT,1d,0.005386158796720035,-0.016518772368726786,-0.09652220530551858,0.4166666666666667,0.06515097680512555,0.22723941742287934,1.0503745928069912,0.2899868798416311,0.42555701696562925,0.2867063185780105,246.0,(in-sample конфигурация) 2026-01..06: +34.9%,2026-07..09: -11.0%,"library {""hold"": 5, ""k"": 3, ""n"": 3}"
179,C9_META_RP,candidate,ALL/EQ,1d,0.00011505196082102209,-0.003382746619771445,-0.046893077591553395,0.5,0.0013872293840620428,0.07402711368296885,1.002537380347567,0.014737671875921926,0.019658936078370784,0.018739476862532297,209.0,"OOS 2026-01..06: Sharpe 1.36, +6.9%, прибыльных мес. 67%","2026-07..09: -2.1%, прибыльных мес. 33%","frozen candidate, vol-target 10%"
180,LIB_387,P_BRK_L,ALL,1d,0.004178668352021002,0.004811861961570685,-0.11538642243249342,0.5,0.05074816504623096,0.19294817794070696,1.0380124373999622,0.18982691599370327,0.2756991177443515,0.26301448185650084,249.0,(in-sample конфигурация) 2026-01..06: -0.3%,2026-07..09: +7.0%,"library {""n"": 10, ""vn"": 20}"
181,LIB_371,P_TSMOM_L,ALL,1d,-0.004253572286688723,-0.0027929666903219186,-0.08075369178550318,0.5,-0.053864332474651166,0.2709721906721825,0.9576513005580175,-0.20542388677859824,-0.29511569768656853,-0.1987817729230204,186.0,(in-sample конфигурация) 2026-01..06: -6.6%,2026-07..09: +3.9%,"library {""n"": 60, ""vn"": 20}"
182,LIB_274,P_TSMOM_S,FUT,1d,0.007508253019213126,-0.011559273581951857,-0.05520036902453285,0.2727272727272727,0.09049077117069038,0.19930750296043698,1.0845131828684265,0.40802409016897084,0.621540293957253,0.45402591385961527,226.0,(in-sample конфигурация) 2026-01..06: +20.4%,2026-07..09: -4.4%,"library {""n"": 5, ""vn"": 60}"
183,LIB_275,P_TSMOM_L,FUT,1d,0.004340380057824818,-0.0033537957933731377,-0.1000444893288659,0.45454545454545453,0.052311015305610414,0.1797222768946085,1.0585598719858786,0.300928455768913,0.4452121914340135,0.2910658389682336,218.0,(in-sample конфигурация) 2026-01..06: +5.0%,2026-07..09: +5.8%,"library {""n"": 10, ""vn"": 60}"
184,LIB_070,P_EMA,ALL,1d,-0.01411063263124864,0.008557059321901761,-0.19896674808114767,0.5833333333333334,-0.17068221230758354,0.7043218642065767,0.9349952434338225,-0.3840837174286068,-0.5254426872032213,-0.24233553007737194,250.0,(in-sample конфигурация) 2026-01..06: +17.2%,2026-07..09: +7.8%,"library {""f"": 3, ""s"": 10, ""vn"": 20}"
185,LIB_034,P_TSMOM,EQ,1d,0.004722110770671861,-0.010159687837585807,-0.13929378904867917,0.4166666666666667,0.05974754380967242,0.40749430654977914,1.0295778497940347,0.16069926427471692,0.22042764035087348,0.14662178795956676,239.0,(in-sample конфигурация) 2026-01..06: +10.5%,2026-07..09: -4.2%,"library {""n"": 20, ""vn"": 20}"
186,LIB_026,P_EMA,FUT,1d,0.005098054496391507,0.010953231190796942,-0.12542107701301575,0.5454545454545454,0.061442639408683726,0.18503464298555627,1.0481156122448918,0.26943655567743513,0.37868892016857775,0.33206019379560137,227.0,(in-sample конфигурация) 2026-01..06: +3.3%,2026-07..09: +2.3%,"library {""f"": 50, ""s"": 200, ""vn"": 60}"
187,LIB_308,P_TSMOM_S,EQ,1d,0.003914508730910408,-0.00793141072790604,-0.1349713651870843,0.4166666666666667,0.049529181599468924,0.4483118175267009,1.0289219984486884,0.14120790869337935,0.193134535408594,0.11047931297621666,229.0,(in-sample конфигурация) 2026-01..06: +16.8%,2026-07..09: -3.1%,"library {""n"": 20, ""vn"": 20}"
188,LIB_296,P_BRK_S,FUT,1d,0.007261664955215317,-0.01835951377870515,-0.051086932769976556,0.2727272727272727,0.08751884893850809,0.18128397723194212,1.077334666180592,0.38136294408566707,0.5827515215049169,0.4827721140877933,227.0,(in-sample конфигурация) 2026-01..06: +15.8%,2026-07..09: -3.0%,"library {""n"": 5, ""vn"": 60}"
189,LIB_242,P_CARRY_TF,FX,1d,0.002943495310015957,0.008271655649878085,-0.14813053590478376,0.5,0.03560451926995302,0.16623822995461524,1.0323597815041594,0.16768210239148756,0.23822399789485288,0.21417768511896104,193.0,(in-sample конфигурация) 2026-01..06: -7.1%,2026-07..09: +1.7%,"library {""f"": 20, ""s"": 100}"
190,LIB_377,P_EMA_L,ALL,1d,-0.00041587227857083536,0.0011714540160028264,-0.08783324994101349,0.5,-0.005030391081592825,0.18735580637439853,0.9961739373215722,-0.01953041538299159,-0.02815109649814647,-0.026849400501313788,249.0,(in-sample конфигурация) 2026-01..06: +0.6%,2026-07..09: +4.8%,"library {""f"": 5, ""s"": 20, ""vn"": 20}"
191,LIB_153,P_XS_MOM,FUT,1d,-0.0007546495684967643,-0.016908578691072762,-0.06655089670675807,0.4166666666666667,-0.009548369435708014,0.1450029363259091,0.9927787156373068,-0.042287353852649506,-0.0561856502166346,-0.06584949020788838,235.0,(in-sample конфигурация) 2026-01..06: +13.6%,2026-07..09: -7.3%,"library {""hold"": 5, ""k"": 3, ""n"": 20}"
192,LIB_011,P_BRK,FUT,1d,-0.006526156990380135,-0.015160664928487222,-0.09598640620242804,0.5,-0.07894039495563811,0.36333736971880626,0.9550186653540638,-0.27098914647432576,-0.39811492803404874,-0.21726472841681985,246.0,(in-sample конфигурация) 2026-01..06: +11.2%,2026-07..09: -1.0%,"library {""n"": 5, ""vn"": 20}"
193,LIB_380,P_EMA_S,ALL,1d,0.0016379384261805778,-0.04275259777932661,-0.0855873815016821,0.3333333333333333,0.01981250320308027,0.4359851177650853,1.0092890584408678,0.04766315615991433,0.06428710865630267,0.045443072242102346,250.0,(in-sample конфигурация) 2026-01..06: +29.9%,2026-07..09: -8.2%,"library {""f"": 10, ""s"": 50, ""vn"": 20}"
194,LIB_112,P_XS_MOM,FUT,1d,-0.001396226828849952,-0.010323630827770103,-0.0730512993177399,0.4166666666666667,-0.016888759721769023,0.1884223105153069,0.986557582693172,-0.08020845291952694,-0.11057402898654461,-0.08963248394301496,246.0,(in-sample конфигурация) 2026-01..06: +9.2%,2026-07..09: -5.4%,"library {""hold"": 1, ""k"": 2, ""n"": 3}"
195,LIB_124,P_XS_MOM,FUT,1d,-0.007665334260612629,-0.01925134682096541,-0.08555857057217509,0.5,-0.09271988321637037,0.31810151124955155,0.9349859718218271,-0.3905964109826038,-0.5144498105560898,-0.2914789145520008,246.0,(in-sample конфигурация) 2026-01..06: +6.1%,2026-07..09: -3.3%,"library {""hold"": 1, ""k"": 2, ""n"": 5}"
196,LIB_260,P_EMA_S,FUT,1d,0.007437177064654558,-0.007644694564078236,-0.09994971277683362,0.3333333333333333,0.08996009377406153,0.2141452932910397,1.0716877611375333,0.3796077548292905,0.5367365780327221,0.420089054452385,245.0,(in-sample конфигурация) 2026-01..06: +19.7%,2026-07..09: -8.0%,"library {""f"": 10, ""s"": 50, ""vn"": 20}"
197,LIB_173,P_XS_MOM,EQ,1d,-0.000539156778055864,-0.00864642105443636,-0.08107369494246086,0.5,-0.006521640387363732,0.15512835588742746,0.9922826005236095,-0.0430500597903136,-0.06332576227503153,-0.042040285607721606,250.0,(in-sample конфигурация) 2026-01..06: +13.4%,2026-07..09: -8.8%,"library {""hold"": 5, ""k"": 3, ""n"": 1}"
198,LIB_096,P_XS_MOM,FUT,1d,-0.012386252990078598,-0.015133564636016672,-0.09231431625084952,0.4166666666666667,-0.1498241161679907,0.2819891480539809,0.8649390236289101,-0.8986384078741354,-1.1894353265001347,-0.5313116380610151,246.0,(in-sample конфигурация) 2026-01..06: +10.2%,2026-07..09: -10.7%,"library {""hold"": 1, ""k"": 1, ""n"": 1}"
199,LIB_128,P_XS_MOM,FUT,1d,0.0010202561206824612,-0.017290783202042803,-0.08838120673317462,0.4166666666666667,0.01234101803577505,0.3152580376918195,1.0085857941677887,0.05072960440381966,0.07210308660201667,0.03914576810199844,246.0,(in-sample конфигурация) 2026-01..06: +17.2%,2026-07..09: -0.7%,"library {""hold"": 1, ""k"": 3, ""n"": 5}"
200,LIB_255,P_EMA_L,FUT,1d,-0.0008733258791835397,-0.013624960294691846,-0.060976087504968746,0.4166666666666667,-0.010563749834604095,0.1843233806612261,0.9891070105552003,-0.05764440927682419,-0.08093705999273905,-0.057310959666150824,236.0,(in-sample конфигурация) 2026-01..06: +1.2%,2026-07..09: +9.1%,"library {""f"": 3, ""s"": 10, ""vn"": 20}"
201,LIB_014,P_BRK,FUT,1d,-0.008086323388124584,0.00018285946498508565,-0.12154128751717508,0.5,-0.10343926364504544,0.2836266989543219,0.9347799233683014,-0.3830506620517458,-0.5189747268522462,-0.3647021385024981,194.0,(in-sample конфигурация) 2026-01..06: -1.1%,2026-07..09: -3.1%,"library {""n"": 55, ""vn"": 20}"
202,LIB_000,P_TSMOM,FUT,1d,-0.003921384856766963,-0.006482674914877862,-0.12114623456727713,0.5,-0.04743307122745318,0.33585624559782445,0.9712340415481823,-0.1714290553531269,-0.24972107968011772,-0.14123027887429118,246.0,(in-sample конфигурация) 2026-01..06: +23.7%,2026-07..09: -4.2%,"library {""n"": 5, ""vn"": 20}"
203,LIB_294,P_EMA_S,FUT,1d,0.007988542340171989,-0.003648655841971049,-0.12149334992864169,0.45454545454545453,0.09627930159546415,0.20129905367502943,1.0800849921865068,0.4321509469986044,0.6241991941385254,0.47828988680142676,227.0,(in-sample конфигурация) 2026-01..06: +11.2%,2026-07..09: -1.3%,"library {""f"": 50, ""s"": 200, ""vn"": 60}"
204,LIB_411,P_EMA_L,ALL,1d,-0.008279492703546897,0.003486891888314858,-0.09923063800670207,0.6363636363636364,-0.09978588597492173,0.3081439109737403,0.904016912840097,-0.5402943802568517,-0.7170804825428722,-0.32382884237302156,215.0,(in-sample конфигурация) 2026-01..06: -14.1%,2026-07..09: +2.1%,"library {""f"": 20, ""s"": 100, ""vn"": 60}"
205,LIB_335,P_TSMOM_L,EQ,1d,0.0003333909195052084,0.002453093151871144,-0.09675763817358529,0.5454545454545454,0.004018085342906251,0.20752109914610628,1.0038828801007773,0.02109189435240974,0.029886925498161205,0.019362297903391973,213.0,(in-sample конфигурация) 2026-01..06: -7.7%,2026-07..09: +7.7%,"library {""n"": 10, ""vn"": 60}"
206,LIB_365,P_TSMOM_L,ALL,1d,-0.002138327791726624,0.001483494774220162,-0.13708087548729964,0.5,-0.025969089326029364,0.2545755759747408,0.9812651541704934,-0.09652484477189768,-0.1396224976881256,-0.10200935115867533,247.0,(in-sample конфигурация) 2026-01..06: -2.1%,2026-07..09: +11.1%,"library {""n"": 10, ""vn"": 20}"
207,LIB_213,P_XS_MOM,EQ,1d,0.0036936722722960744,-0.007081482842295372,-0.0832053056328732,0.4166666666666667,0.04485809217439088,0.16818652972506243,1.051513828490736,0.27662196536215605,0.4018319695806459,0.2667163193611356,249.0,(in-sample конфигурация) 2026-01..06: +11.5%,2026-07..09: -5.9%,"library {""hold"": 5, ""k"": 4, ""n"": 10}"
208,LIB_337,P_TSMOM_L,EQ,1d,4.7118393426485866e-05,0.0036405107675818726,-0.07978593336883932,0.5454545454545454,0.0005678790720792123,0.13724059666856192,1.0005614357193664,0.0030153775399709916,0.004172268062782202,0.004137835930942859,211.0,(in-sample конфигурация) 2026-01..06: -4.9%,2026-07..09: -1.8%,"library {""n"": 20, ""vn"": 60}"
209,LIB_320,P_EMA_S,EQ,1d,-0.004273996112715395,-0.02891084732254967,-0.099692446005065,0.4166666666666667,-0.05169825697940541,0.4343775038178137,0.9720956344399931,-0.14269732366289822,-0.18879355441430593,-0.11901688398920551,244.0,(in-sample конфигурация) 2026-01..06: +22.5%,2026-07..09: -3.9%,"library {""f"": 10, ""s"": 50, ""vn"": 20}"
210,LIB_069,P_TSMOM,ALL,1d,-0.006022791193182846,-0.022322629316477105,-0.12215784560248721,0.42857142857142855,-0.07643311989046432,0.30545377028465737,0.9684327759697249,-0.18146592684093252,-0.25802444756758064,-0.2502281108504081,139.0,(in-sample конфигурация) 2026-01..06: -1.1%,2026-07..09: -3.1%,"library {""n"": 120, ""vn"": 20}"
211,LIB_385,P_BRK_L,ALL,1d,-0.010494668099757595,0.0019154390465700999,-0.10668020611046813,0.5,-0.12694350533466786,0.31276725625502877,0.9142632584168789,-0.4765224065873993,-0.6766268758204732,-0.40587210712095384,250.0,(in-sample конфигурация) 2026-01..06: -11.9%,2026-07..09: +7.1%,"library {""n"": 5, ""vn"": 20}"
212,LIB_072,P_EMA,ALL,1d,-0.001995026251838302,-0.0307634287601104,-0.12821358075598255,0.4166666666666667,-0.024131837542236096,0.3780604293860961,0.9892203853372075,-0.0585664422626479,-0.08023814534986992,-0.06383063570398513,250.0,(in-sample конфигурация) 2026-01..06: +24.0%,2026-07..09: -7.4%,"library {""f"": 10, ""s"": 50, ""vn"": 20}"
213,LIB_292,P_EMA_S,FUT,1d,0.009504694997965336,-0.002513802428438794,-0.11465308690094389,0.36363636363636365,0.11455223710591267,0.18492230551782995,1.0912337041100704,0.4771864857435269,0.7137254625343457,0.6194614369809903,227.0,(in-sample конфигурация) 2026-01..06: +13.3%,2026-07..09: -1.5%,"library {""f"": 20, ""s"": 100, ""vn"": 60}"
214,LIB_378,P_EMA_S,ALL,1d,0.001879021981343006,-0.04684460544376634,-0.10763520770706236,0.3333333333333333,0.022728649886325003,0.5373588935472071,1.0107993613577824,0.05394177339296005,0.07300687873440334,0.04229696420634059,250.0,(in-sample конфигурация) 2026-01..06: +31.1%,2026-07..09: -3.5%,"library {""f"": 5, ""s"": 20, ""vn"": 20}"
215,LIB_355,P_BRK_L,EQ,1d,-0.004074388478660363,0.010634301521349698,-0.10222435589093948,0.5454545454545454,-0.04910523853411533,0.25700806003442267,0.9546180342906341,-0.26360743086362287,-0.3718848986767395,-0.19106497487875815,221.0,(in-sample конфигурация) 2026-01..06: -13.7%,2026-07..09: +4.5%,"library {""n"": 5, ""vn"": 60}"
216,LIB_015,P_BUYHOLD,FUT,1d,-0.009894037740499092,0.0010877518798224628,-0.18916940037161112,0.5833333333333334,-0.11967828050907701,0.6103353709331714,0.9346011041167337,-0.4068535629195652,-0.5882668199719904,-0.19608609660963133,246.0,(in-sample конфигурация) 2026-01..06: -24.5%,2026-07..09: +10.0%,"library {""vn"": 20}"
217,LIB_401,P_TSMOM_L,ALL,1d,-0.0005000366425520042,-0.003434732640016591,-0.07225371597451158,0.4,-0.006332122307693721,0.23773643656386412,0.9941685320427459,-0.02872238836867287,-0.040491582160277866,-0.026635051821316827,186.0,(in-sample конфигурация) 2026-01..06: -1.7%,2026-07..09: +2.5%,"library {""n"": 60, ""vn"": 60}"
218,LIB_167,P_XS_REV,FUT,1d,-0.007248939249802788,-0.007445572889082541,-0.10360817989567295,0.4,-0.09179561261056797,0.23906029166391818,0.9309911316532173,-0.42795338635232033,-0.6220365644973991,-0.38398519457852254,196.0,(in-sample конфигурация) 2026-01..06: -2.2%,2026-07..09: -4.2%,"library {""hold"": 5, ""k"": 3, ""n"": 60}"
219,LIB_139,P_XS_REV,FUT,1d,-0.006572586554246603,0.0005000955861760303,-0.12021947634639218,0.5,-0.07982129212868162,0.26492729675373994,0.9447519445791771,-0.35545378740389033,-0.5041691132807814,-0.30129508399762434,245.0,(in-sample конфигурация) 2026-01..06: -18.9%,2026-07..09: +5.9%,"library {""hold"": 5, ""k"": 2, ""n"": 10}"
220,LIB_177,P_XS_MOM,EQ,1d,-0.0004783244667881566,-0.0150871415171423,-0.08547872079452645,0.4166666666666667,-0.005785812750269542,0.17969005891063716,0.993007149295746,-0.03823522353439401,-0.05741404894249048,-0.03219884720026121,250.0,(in-sample конфигурация) 2026-01..06: +13.5%,2026-07..09: -10.1%,"library {""hold"": 5, ""k"": 4, ""n"": 1}"
221,LIB_245,P_TSMOM_L,FUT,1d,0.0020286096360753922,-0.012902194028356462,-0.09922215124242939,0.4166666666666667,0.024636608592337295,0.17771024284593295,1.0261821328347391,0.13168008038825876,0.19292218210623568,0.13863358801268513,236.0,(in-sample конфигурация) 2026-01..06: +3.8%,2026-07..09: +8.3%,"library {""n"": 10, ""vn"": 20}"
222,LIB_165,P_XS_MOM,FUT,1d,0.0013925834067777033,0.0025694487576402025,-0.16203797736670822,0.5,0.01763472454813976,0.25226519332136377,1.0137944652246673,0.0818135971151925,0.11094113606861897,0.06990550030290808,196.0,(in-sample конфигурация) 2026-01..06: -2.2%,2026-07..09: +3.0%,"library {""hold"": 5, ""k"": 3, ""n"": 60}"
223,LIB_266,P_BRK_S,FUT,1d,0.0008016704693242597,-0.027481484255986288,-0.04914311035827268,0.25,0.009697005996946246,0.29428699861455243,1.0081252509916423,0.043663056460911606,0.0635073702396746,0.03295084744687301,246.0,(in-sample конфигурация) 2026-01..06: +17.0%,2026-07..09: -5.7%,"library {""n"": 5, ""vn"": 20}"
224,LIB_071,P_EMA,ALL,1d,0.00146315092236667,-0.0056283004796569,-0.19546845136210322,0.4166666666666667,0.017698273556947242,0.5695839069776412,1.006874375759706,0.03863085151880626,0.05412779378001715,0.03107228511925282,250.0,(in-sample конфигурация) 2026-01..06: +31.7%,2026-07..09: +1.3%,"library {""f"": 5, ""s"": 20, ""vn"": 20}"
225,LIB_291,P_EMA_L,FUT,1d,-0.001290911346586654,0.00279928365489468,-0.08100166641543183,0.5454545454545454,-0.015558288055383498,0.20969633612276084,0.9776508047264947,-0.12086447296337663,-0.16177616874311737,-0.07419437241037599,210.0,(in-sample конфигурация) 2026-01..06: -5.8%,2026-07..09: +3.4%,"library {""f"": 20, ""s"": 100, ""vn"": 60}"
226,LIB_164,P_XS_MOM,FUT,1d,-0.003520826072053751,-0.004648363770684227,-0.146765714387584,0.5,-0.044585335183796246,0.2758256359884399,0.967167346662197,-0.19997082953063797,-0.26947439531739,-0.16164318818307685,196.0,(in-sample конфигурация) 2026-01..06: -6.6%,2026-07..09: +2.4%,"library {""hold"": 1, ""k"": 3, ""n"": 60}"
227,LIB_272,P_BRK_S,FUT,1d,-0.0006357741302862349,-0.007467460993211716,-0.1352326745982282,0.4444444444444444,-0.008239632728509605,0.1829006374173332,0.9939126753188963,-0.03435973805214746,-0.049158941956847,-0.045049775904874724,168.0,(in-sample конфигурация) 2026-01..06: +6.2%,2026-07..09: -6.8%,"library {""n"": 55, ""vn"": 20}"
228,LIB_301,P_BRK_L,FUT,1d,0.0011261748028118745,-0.007878943731157051,-0.09484391803562175,0.4,0.014405890878608751,0.23809655298100552,1.0178702376322075,0.09459799703364308,0.1281717392227459,0.06050440755334245,187.0,(in-sample конфигурация) 2026-01..06: +0.9%,2026-07..09: +2.2%,"library {""n"": 55, ""vn"": 60}"
229,LIB_339,P_TSMOM_L,EQ,1d,-0.0025501159639547536,-0.0003824869345407933,-0.03942803910467774,0.45454545454545453,-0.032278180146495784,0.17403244261367945,0.9656993122739433,-0.1907012589935363,-0.26579123536317745,-0.18547220082492036,188.0,(in-sample конфигурация) 2026-01..06: -5.1%,2026-07..09: +2.3%,"library {""n"": 40, ""vn"": 60}"
230,C10_ML_HOURLY_H16_PREMIUM,ml,ALL,60m,-0.0018552368968909297,-0.009148767159310843,-0.03299442875184447,0.4444444444444444,-0.022262842762691158,,,,,,,OOS 2026-01..06: Sharpe 1.27 (порог выбран на тех же месяцах),"2026-07..09: -7.3%, 0/3 прибыльных","frozen candidate, 1× номинал"
231,LIB_100,P_XS_MOM,FUT,1d,-0.01820346315162169,-0.023835154373955447,-0.09251919109374285,0.5,-0.22018909028201597,0.3116633131976414,0.8304850523444107,-1.1156453050781563,-1.4931494185861238,-0.7064966614866953,246.0,(in-sample конфигурация) 2026-01..06: +5.1%,2026-07..09: -11.5%,"library {""hold"": 1, ""k"": 2, ""n"": 1}"
232,LIB_376,P_EMA_S,ALL,1d,-0.00647342846726436,-0.02636809724936029,-0.11649592034518719,0.3333333333333333,-0.0783025907400297,0.617485970906273,0.9627469569349455,-0.1898512796002808,-0.2535651256876325,-0.1268086959532156,249.0,(in-sample конфигурация) 2026-01..06: +23.5%,2026-07..09: -0.2%,"library {""f"": 3, ""s"": 10, ""vn"": 20}"
233,LIB_328,P_BRK_S,EQ,1d,-0.0007312178391506071,-0.029990343074587145,-0.07530102983582765,0.3333333333333333,-0.008988629047119657,0.40372112896056933,0.9947149738197013,-0.026023100970503813,-0.034947935900791344,-0.02226445038995608,237.0,(in-sample конфигурация) 2026-01..06: +13.7%,2026-07..09: -0.5%,"library {""n"": 10, ""vn"": 20}"
234,LIB_149,P_XS_MOM,FUT,1d,-0.0023156416339891925,-0.014081790257478133,-0.0856586874833738,0.4166666666666667,-0.029299164440097565,0.15072145877275034,0.9764485961279452,-0.13510216872119737,-0.18124952610748796,-0.1943927870567738,235.0,(in-sample конфигурация) 2026-01..06: +14.8%,2026-07..09: -8.8%,"library {""hold"": 5, ""k"": 2, ""n"": 20}"
235,LIB_054,P_EMA,EQ,1d,-0.005297005842294311,-0.011652564629912376,-0.07140642320155166,0.45454545454545453,-0.06384043562973839,0.2748647888547566,0.9666892737376549,-0.17958616805412275,-0.23529059815112047,-0.23226123613626187,230.0,(in-sample конфигурация) 2026-01..06: +2.2%,2026-07..09: +2.8%,"library {""f"": 3, ""s"": 10, ""vn"": 60}"
236,LIB_132,P_XS_MOM,FUT,1d,-0.004786535481798637,-0.0006802546049584635,-0.09249036648543552,0.5,-0.05813045500786779,0.24214483431205736,0.9548722636708767,-0.26697191129404335,-0.35260908144333936,-0.24006481564233492,245.0,(in-sample конфигурация) 2026-01..06: +4.6%,2026-07..09: -4.4%,"library {""hold"": 1, ""k"": 1, ""n"": 10}"
237,LIB_306,P_TSMOM_S,EQ,1d,-0.005615551360582079,-0.027336615647072904,-0.1155592986906413,0.4166666666666667,-0.06819850327068357,0.5120613544349908,0.9615637363281809,-0.1916602429095679,-0.2533566069148917,-0.13318424184917038,241.0,(in-sample конфигурация) 2026-01..06: +13.7%,2026-07..09: +5.7%,"library {""n"": 10, ""vn"": 20}"
238,LIB_413,P_EMA_L,ALL,1d,-0.013830457159615022,0.002368613117141649,-0.09925325459335,0.5454545454545454,-0.16668707498457758,0.36306447139941156,0.8576910452229607,-0.8711240363614847,-1.1337098265166985,-0.4591115025441394,230.0,(in-sample конфигурация) 2026-01..06: -18.0%,2026-07..09: -0.1%,"library {""f"": 50, ""s"": 200, ""vn"": 60}"
239,LIB_259,P_EMA_L,FUT,1d,-0.00024819326972647104,-0.003577277297154069,-0.07320309983333573,0.5,-0.003002145790611394,0.19322017307422357,0.9962892921286338,-0.019798779965371327,-0.026519155592830794,-0.01553743453825678,231.0,(in-sample конфигурация) 2026-01..06: -3.3%,2026-07..09: +2.2%,"library {""f"": 10, ""s"": 50, ""vn"": 20}"
240,LIB_247,P_TSMOM_L,FUT,1d,0.0006410471238874985,8.723966311663389e-05,-0.0738785651337821,0.5,0.008110989550777386,0.15985357055615168,1.0087296468971152,0.04671488657174844,0.06416525532173359,0.05074012124069661,228.0,(in-sample конфигурация) 2026-01..06: +0.0%,2026-07..09: +1.9%,"library {""n"": 20, ""vn"": 20}"
241,LIB_057,P_EMA,EQ,1d,-0.007364636159433179,-0.0057752844877541065,-0.06820472789695486,0.36363636363636365,-0.08875987579977727,0.3266862296150066,0.952335915162083,-0.24834694656182982,-0.3354462231688811,-0.271697634468337,230.0,(in-sample конфигурация) 2026-01..06: +3.2%,2026-07..09: -0.4%,"library {""f"": 20, ""s"": 100, ""vn"": 60}"
242,LIB_241,P_CARRY_TF,FX,1d,0.006412096947807792,0.0,-0.1323271135916002,0.4166666666666667,0.07756072468068306,0.1504348076414317,1.0846360333100105,0.39117034334265594,0.5643450026442429,0.515576985783454,161.0,(in-sample конфигурация) 2026-01..06: -1.3%,2026-07..09: +0.0%,"library {""f"": 10, ""s"": 50}"
243,LIB_129,P_XS_MOM,FUT,1d,-0.002932892383720779,-0.005818940175231546,-0.08579809172078967,0.4166666666666667,-0.035476266273486545,0.2661374020271978,0.9732755873211894,-0.16042598955215717,-0.22678578989301296,-0.13330056581021657,246.0,(in-sample конфигурация) 2026-01..06: +14.8%,2026-07..09: -0.1%,"library {""hold"": 5, ""k"": 3, ""n"": 5}"
244,LIB_281,P_TSMOM_L,FUT,1d,0.0013762681199295912,-0.0033157452271552756,-0.05330220493488014,0.3,0.017428118905641055,0.1759275197327952,1.0226560271098317,0.11303235965828075,0.15112651626801868,0.09906419946186637,176.0,(in-sample конфигурация) 2026-01..06: -0.3%,2026-07..09: +2.2%,"library {""n"": 60, ""vn"": 60}"
245,LIB_208,P_XS_MOM,EQ,1d,-0.0008601727052640248,-0.010291438302374445,-0.051514315156964585,0.3333333333333333,-0.01044643478200165,0.13594896158610936,0.9879490845179955,-0.06676447092124997,-0.09363929148329263,-0.07684085748154047,249.0,(in-sample конфигурация) 2026-01..06: +7.0%,2026-07..09: -2.7%,"library {""hold"": 1, ""k"": 3, ""n"": 10}"
246,LIB_305,P_TSMOM_L,EQ,1d,-0.006776064602149745,-0.004510453120474267,-0.09759773710038644,0.5,-0.0822924472164692,0.19979559989269546,0.9284273956649849,-0.3834251591259278,-0.546135560436777,-0.411883180914225,230.0,(in-sample конфигурация) 2026-01..06: -7.7%,2026-07..09: +7.3%,"library {""n"": 10, ""vn"": 20}"
247,LIB_325,P_BRK_L,EQ,1d,-0.009637383070185024,0.00228164489089977,-0.10724503902019933,0.5,-0.11657378561695805,0.2555302918080997,0.9034045115264613,-0.5527018911370872,-0.7812681176259206,-0.456203390964323,241.0,(in-sample конфигурация) 2026-01..06: -12.1%,2026-07..09: +5.2%,"library {""n"": 5, ""vn"": 20}"
248,LIB_381,P_EMA_L,ALL,1d,-0.013563034111939487,0.0037147440925764386,-0.11055807609227486,0.5833333333333334,-0.16405846061802,0.347285769872542,0.863410376863637,-0.7803285329500748,-1.0453445303967857,-0.47240190888970607,235.0,(in-sample конфигурация) 2026-01..06: -20.1%,2026-07..09: +3.8%,"library {""f"": 20, ""s"": 100, ""vn"": 20}"
249,LIB_244,P_TSMOM_S,FUT,1d,0.0016765556512533901,-0.02223522235362907,-0.07465692890400533,0.25,0.020279617157561006,0.28353196260286495,1.0175735909798012,0.0938404004515054,0.13597351431882518,0.07152497718913646,245.0,(in-sample конфигурация) 2026-01..06: +23.1%,2026-07..09: -7.3%,"library {""n"": 5, ""vn"": 20}"
250,LIB_307,P_TSMOM_L,EQ,1d,0.0008076004526931987,-0.002445993581204675,-0.06598116352688521,0.4166666666666667,0.010218342129473777,0.1656237931965734,1.0094564193548172,0.0483156284517309,0.07000549931883857,0.06169610013306461,220.0,(in-sample конфигурация) 2026-01..06: -6.2%,2026-07..09: -1.2%,"library {""n"": 20, ""vn"": 20}"
251,LIB_119,P_XS_REV,FUT,1d,-0.018292624551728903,0.007039945761789568,-0.1708177204563981,0.5833333333333334,-0.22126758657771278,0.49643362012102443,0.8457081446862896,-0.989096665205013,-1.3001192898910048,-0.44571434650975184,246.0,(in-sample конфигурация) 2026-01..06: -43.2%,2026-07..09: +8.1%,"library {""hold"": 5, ""k"": 3, ""n"": 3}"
252,LIB_155,P_XS_REV,FUT,1d,-0.007222438213527009,0.010145594322239049,-0.12451074904674897,0.5,-0.0913834860155049,0.2349898631000542,0.9332380850762524,-0.40531241183193034,-0.5972900528472801,-0.3888826726819086,235.0,(in-sample конфигурация) 2026-01..06: -19.2%,2026-07..09: +5.6%,"library {""hold"": 5, ""k"": 3, ""n"": 20}"
253,LIB_273,P_TSMOM_L,FUT,1d,-0.0033046509997802787,-0.021234455809462816,-0.04015238309511915,0.36363636363636365,-0.03982822857126492,0.20681909506674856,0.9589815084871524,-0.23334603221223435,-0.3227394276948932,-0.19257519987896088,225.0,(in-sample конфигурация) 2026-01..06: +1.5%,2026-07..09: +0.5%,"library {""n"": 5, ""vn"": 60}"
254,LIB_141,P_XS_MOM,FUT,1d,-0.002906787837370454,0.002271550241857767,-0.1359599072020501,0.5,-0.03530171253095683,0.2357165682478808,0.9757641738022667,-0.15342030412774002,-0.21469190551765321,-0.14976339081024362,245.0,(in-sample конфигурация) 2026-01..06: +12.6%,2026-07..09: -5.3%,"library {""hold"": 5, ""k"": 3, ""n"": 10}"
255,LIB_090,P_EMA,ALL,1d,-0.008347852307865238,0.009951909072697163,-0.16550514319169451,0.5454545454545454,-0.10060976781479321,0.3629232950042933,0.9462353876144035,-0.2819558824800714,-0.37455329683224226,-0.27722047385688764,230.0,(in-sample конфигурация) 2026-01..06: +3.0%,2026-07..09: -3.3%,"library {""f"": 50, ""s"": 200, ""vn"": 60}"
256,LIB_148,P_XS_MOM,FUT,1d,-0.00482857884344412,-0.019763338481425308,-0.07182859502790961,0.3333333333333333,-0.06109465448776159,0.193299389546155,0.9518104056250278,-0.27581182838092366,-0.36798941304089583,-0.31606232503478104,235.0,(in-sample конфигурация) 2026-01..06: +10.2%,2026-07..09: -13.3%,"library {""hold"": 1, ""k"": 2, ""n"": 20}"
257,LIB_009,P_EMA,FUT,1d,-0.0020958965766718998,0.0013748508272328763,-0.17146855004830286,0.5,-0.0253519649914233,0.28295088563027093,0.9832757489181446,-0.09955955226047071,-0.14109088743359777,-0.08959846488888695,246.0,(in-sample конфигурация) 2026-01..06: +0.1%,2026-07..09: +0.5%,"library {""f"": 20, ""s"": 100, ""vn"": 20}"
258,LIB_033,P_TSMOM,EQ,1d,-0.012391614992642038,-0.014818719871982466,-0.15550988051109016,0.4166666666666667,-0.1504909387058214,0.5279403159947833,0.9272768429981891,-0.40985236544203635,-0.5530835358390602,-0.28505293902826023,249.0,(in-sample конфигурация) 2026-01..06: +6.0%,2026-07..09: +13.0%,"library {""n"": 10, ""vn"": 20}"
259,LIB_192,P_XS_MOM,EQ,1d,-0.005919498151506275,-0.025852228776784614,-0.07770109819830395,0.4166666666666667,-0.0716022496406199,0.26555904747510795,0.9259825164190895,-0.39238919298549557,-0.5319764370457776,-0.2696283569375715,250.0,(in-sample конфигурация) 2026-01..06: +5.7%,2026-07..09: -0.1%,"library {""hold"": 1, ""k"": 2, ""n"": 5}"
260,LIB_172,P_XS_MOM,EQ,1d,-0.008835318552163093,-0.025620017084293067,-0.06729726518096868,0.4166666666666667,-0.10687201320696477,0.2780671260993586,0.8950196608236168,-0.5952560009836616,-0.9616022959495557,-0.3843388994094088,250.0,(in-sample конфигурация) 2026-01..06: -0.8%,2026-07..09: +6.5%,"library {""hold"": 1, ""k"": 3, ""n"": 1}"
261,LIB_143,P_XS_REV,FUT,1d,-0.007393512923348074,-0.008871203288435936,-0.09776273835450411,0.4166666666666667,-0.0897910967076489,0.27516154665499926,0.9396319396313114,-0.3908676320850447,-0.541363732354281,-0.3263213839258943,245.0,(in-sample конфигурация) 2026-01..06: -19.7%,2026-07..09: +3.3%,"library {""hold"": 5, ""k"": 3, ""n"": 10}"
262,LIB_277,P_TSMOM_L,FUT,1d,0.003221924361159009,-0.003825686886557378,-0.07470501131319907,0.36363636363636365,0.03883119273535988,0.16162340439041145,1.0424656830433607,0.23252917421214866,0.32164049093687413,0.24025723800224316,220.0,(in-sample конфигурация) 2026-01..06: +5.5%,2026-07..09: -0.2%,"library {""n"": 20, ""vn"": 60}"
263,LIB_151,P_XS_REV,FUT,1d,-0.004583338479278609,0.009673296844994184,-0.13586594647495076,0.5,-0.05799169690936617,0.23456651090964442,0.9541544488418731,-0.26742313030149334,-0.39197019411787265,-0.24722922587915674,235.0,(in-sample конфигурация) 2026-01..06: -19.4%,2026-07..09: +7.2%,"library {""hold"": 5, ""k"": 2, ""n"": 20}"
264,LIB_293,P_EMA_L,FUT,1d,-0.0028904868687194803,0.004891106466857309,-0.08851533889537677,0.5454545454545454,-0.03483665043517565,0.20786018471699208,0.952980813882892,-0.26884784234085657,-0.36348661683986483,-0.16759655285886907,227.0,(in-sample конфигурация) 2026-01..06: -7.9%,2026-07..09: +3.6%,"library {""f"": 50, ""s"": 200, ""vn"": 60}"
265,LIB_318,P_EMA_S,EQ,1d,-0.009415430789052456,-0.039059007375954025,-0.11305993012001636,0.4166666666666667,-0.1138890508243785,0.49384544463919156,0.939854074686407,-0.30904227181153027,-0.4020801265383689,-0.23061678924179807,241.0,(in-sample конфигурация) 2026-01..06: +16.3%,2026-07..09: -1.9%,"library {""f"": 5, ""s"": 20, ""vn"": 20}"
266,LIB_375,P_EMA_L,ALL,1d,-0.007637204036086587,-0.016596738395946886,-0.08978101626917123,0.4166666666666667,-0.09237962002050336,0.25720492830805597,0.9335757831984166,-0.355505140203789,-0.5076819182049921,-0.35916737921078906,248.0,(in-sample конфигурация) 2026-01..06: -6.3%,2026-07..09: +7.9%,"library {""f"": 3, ""s"": 10, ""vn"": 20}"
267,LIB_113,P_XS_MOM,FUT,1d,-0.004791040004420211,-0.008364300494577037,-0.11954871495254338,0.3333333333333333,-0.05795241989346687,0.23668416323926067,0.9581280918409175,-0.25891666045551026,-0.3616023845775045,-0.24485127817733876,246.0,(in-sample конфигурация) 2026-01..06: +26.8%,2026-07..09: -16.5%,"library {""hold"": 5, ""k"": 2, ""n"": 3}"
268,LIB_251,P_TSMOM_L,FUT,1d,-0.0021735164018537034,-0.009545341934426688,-0.058116959833569126,0.3,-0.027523926294830817,0.21300562521901156,0.9676074608261639,-0.16107960488807008,-0.21360752988605053,-0.12921689869237407,176.0,(in-sample конфигурация) 2026-01..06: -5.6%,2026-07..09: +4.0%,"library {""n"": 60, ""vn"": 20}"
269,LIB_079,P_BUYHOLD,ALL,1d,-0.033942437254154356,0.011264374028542079,-0.32297765283146873,0.5833333333333334,-0.4105677210262511,1.154288629826624,0.8776964528468079,-0.7805219409842357,-1.1242775601637058,-0.35568895891135915,250.0,(in-sample конфигурация) 2026-01..06: -59.7%,2026-07..09: +4.5%,"library {""vn"": 20}"
270,LIB_271,P_BRK_L,FUT,1d,-0.007514125408488326,-0.005637169233523309,-0.09547829712391831,0.4,-0.09611977679893695,0.26402191451052204,0.8906263035210641,-0.5954177979199312,-0.7362242228399443,-0.3640598432033046,187.0,(in-sample конфигурация) 2026-01..06: -7.2%,2026-07..09: +3.7%,"library {""n"": 55, ""vn"": 20}"
271,LIB_264,P_EMA_S,FUT,1d,0.0009666216009615406,-0.006727025684085675,-0.13555200546397828,0.4166666666666667,0.011692254885230794,0.2371439887001543,1.0092733602117427,0.05279556270201021,0.07094716944133685,0.0493044540125979,246.0,(in-sample конфигурация) 2026-01..06: +9.8%,2026-07..09: -5.8%,"library {""f"": 50, ""s"": 200, ""vn"": 20}"
272,LIB_379,P_EMA_L,ALL,1d,-0.0036329633620274158,-0.004183575350907631,-0.0767561755128554,0.4166666666666667,-0.04394432482708362,0.24132718834880507,0.964159459442429,-0.19475079472370907,-0.27319561611150345,-0.18209438036284653,246.0,(in-sample конфигурация) 2026-01..06: -5.9%,2026-07..09: +0.8%,"library {""f"": 10, ""s"": 50, ""vn"": 20}"
273,LIB_137,P_XS_MOM,FUT,1d,-0.00299751623439685,-0.007806912326486781,-0.1254433272370079,0.4166666666666667,-0.036403570653879815,0.2323648088167829,0.9743805227775844,-0.16146685036098954,-0.2212683037302308,-0.15666559337986344,245.0,(in-sample конфигурация) 2026-01..06: +12.6%,2026-07..09: -8.2%,"library {""hold"": 5, ""k"": 2, ""n"": 10}"
274,LIB_080,P_TSMOM,ALL,1d,-0.009355251350577666,-0.003668250050395727,-0.15923769178334624,0.45454545454545453,-0.11275111627739692,0.3552872302097967,0.9521872714320041,-0.26441153910744275,-0.3677750589542012,-0.3173520089951376,230.0,(in-sample конфигурация) 2026-01..06: +15.3%,2026-07..09: -2.3%,"library {""n"": 5, ""vn"": 60}"
275,LIB_382,P_EMA_S,ALL,1d,-0.008441204665966021,-0.03564381500473246,-0.13241412519710138,0.3333333333333333,-0.10210481163952499,0.48263806832255796,0.9548712997102629,-0.24488937770381028,-0.3225952751815752,-0.2115556528609468,250.0,(in-sample конфигурация) 2026-01..06: +18.3%,2026-07..09: -5.9%,"library {""f"": 20, ""s"": 100, ""vn"": 20}"
276,LIB_075,P_BRK,ALL,1d,-0.018930786043711123,0.004828953073229059,-0.21910848474362865,0.5833333333333334,-0.22898678798472977,0.5787354049971327,0.9065561770054067,-0.5633459622686986,-0.774562692349491,-0.3956674950375021,250.0,(in-sample конфигурация) 2026-01..06: +5.5%,2026-07..09: +6.3%,"library {""n"": 5, ""vn"": 20}"
277,LIB_386,P_BRK_S,ALL,1d,-0.00843611669188249,-0.042219268798362464,-0.11242827377282083,0.3333333333333333,-0.1020432675050106,0.5606641966005554,0.9492717262261703,-0.26330064519440555,-0.3513402546722417,-0.18200425160679773,250.0,(in-sample конфигурация) 2026-01..06: +17.4%,2026-07..09: -0.9%,"library {""n"": 5, ""vn"": 20}"
278,LIB_140,P_XS_MOM,FUT,1d,-0.004622847813152475,-0.00825230430928059,-0.10508122446481138,0.3333333333333333,-0.056142537297080665,0.2933592634362867,0.9611214417934443,-0.24095208285246814,-0.33881913983371614,-0.1913780960568644,245.0,(in-sample конфигурация) 2026-01..06: +7.8%,2026-07..09: +1.0%,"library {""hold"": 1, ""k"": 3, ""n"": 10}"
279,LIB_324,P_EMA_S,EQ,1d,-0.01699006116662834,-0.02593092233655625,-0.1164922337338794,0.4166666666666667,-0.20551177987153643,0.4547189506411087,0.8926135940477169,-0.592276124534766,-0.746870329809815,-0.4519534089832526,250.0,(in-sample конфигурация) 2026-01..06: +13.0%,2026-07..09: -5.7%,"library {""f"": 50, ""s"": 200, ""vn"": 20}"
280,LIB_115,P_XS_REV,FUT,1d,-0.006384754910717068,-0.0014313370047602803,-0.15305480093229562,0.4166666666666667,-0.07722999540003365,0.3757292226637219,0.9439635211749542,-0.346228251258628,-0.47999252772030515,-0.20554694908347493,246.0,(in-sample конфигурация) 2026-01..06: -33.6%,2026-07..09: +13.9%,"library {""hold"": 5, ""k"": 2, ""n"": 3}"
281,LIB_327,P_BRK_L,EQ,1d,-0.005450883639393093,-0.011621310739428736,-0.10930494079366326,0.5,-0.06619868323503901,0.2181502140210796,0.9420401326126816,-0.3054141843479128,-0.43944947073501606,-0.30345458762026384,223.0,(in-sample конфигурация) 2026-01..06: -8.0%,2026-07..09: +1.4%,"library {""n"": 10, ""vn"": 20}"
282,LIB_104,P_XS_MOM,FUT,1d,-0.009031075758078563,-0.0239078308804892,-0.12237196008209139,0.3333333333333333,-0.10923989236971829,0.31680883917579195,0.919686418503718,-0.5077727674785035,-0.7213085035711317,-0.3448132717948027,246.0,(in-sample конфигурация) 2026-01..06: +8.7%,2026-07..09: -1.9%,"library {""hold"": 1, ""k"": 3, ""n"": 1}"
283,LIB_157,P_XS_MOM,FUT,1d,-0.00616457401374646,-0.005215356010012329,-0.14805208891630173,0.5,-0.0780639523348798,0.2456286856904626,0.9396087045228106,-0.3566312583849463,-0.4392910043723189,-0.3178128487535644,196.0,(in-sample конфигурация) 2026-01..06: -4.5%,2026-07..09: +0.5%,"library {""hold"": 5, ""k"": 1, ""n"": 60}"
284,LIB_319,P_EMA_L,EQ,1d,-0.0072110954498991004,-0.0039931135543156415,-0.05444351353798993,0.4166666666666667,-0.08722541056197952,0.20722359547653468,0.9191487306814795,-0.44492573015759773,-0.6273182118586723,-0.42092412479087904,222.0,(in-sample конфигурация) 2026-01..06: -7.2%,2026-07..09: -0.8%,"library {""f"": 10, ""s"": 50, ""vn"": 20}"
285,LIB_384,P_EMA_S,ALL,1d,-0.012210477296321187,-0.04141702922061086,-0.15131945227039978,0.4166666666666667,-0.14769793337630108,0.49067277618451044,0.9317232633392206,-0.37709288976560473,-0.483254876606011,-0.30101106184208065,250.0,(in-sample конфигурация) 2026-01..06: +16.3%,2026-07..09: -8.1%,"library {""f"": 50, ""s"": 200, ""vn"": 20}"
286,LIB_131,P_XS_REV,FUT,1d,-0.010337552626272858,-0.0034543740330263972,-0.088666359661147,0.4166666666666667,-0.1250430365673965,0.3646319042891264,0.9080886506876975,-0.5681052581799846,-0.7748480518254003,-0.3429294998504753,246.0,(in-sample конфигурация) 2026-01..06: -23.5%,2026-07..09: -2.6%,"library {""hold"": 5, ""k"": 3, ""n"": 5}"
287,LIB_421,P_BRK_L,ALL,1d,-0.009227831377938856,-0.001643658739340026,-0.10613892969558947,0.4,-0.11399085819806822,0.30620708737842506,0.8970789580657507,-0.5782871461062149,-0.7641932130011414,-0.3722672103183326,198.0,(in-sample конфигурация) 2026-01..06: -7.3%,2026-07..09: +1.7%,"library {""n"": 55, ""vn"": 60}"
288,LIB_405,P_EMA_L,ALL,1d,-0.002523349476839278,-0.01764619696768932,-0.08467972210200969,0.36363636363636365,-0.030411846738254256,0.28038408915745094,0.9762913542145086,-0.1309441457041447,-0.18946427343098293,-0.10846495187954958,228.0,(in-sample конфигурация) 2026-01..06: -5.4%,2026-07..09: +4.6%,"library {""f"": 3, ""s"": 10, ""vn"": 60}"
289,LIB_040,P_EMA,EQ,1d,-0.011485092374186934,-0.018347315868595615,-0.1342285959981382,0.4166666666666667,-0.13892367735816516,0.42241362150525674,0.9290694564964798,-0.38810768334440593,-0.5167165012496425,-0.3288806759192928,250.0,(in-sample конфигурация) 2026-01..06: +15.3%,2026-07..09: -4.7%,"library {""f"": 10, ""s"": 50, ""vn"": 20}"
290,LIB_317,P_EMA_L,EQ,1d,-0.00772504816829193,-0.0034912325363620766,-0.08829519934079144,0.5,-0.09344218264365918,0.20566152265564597,0.9151384126679006,-0.4499011634119185,-0.644586749176156,-0.45434936704283874,226.0,(in-sample конфигурация) 2026-01..06: -5.7%,2026-07..09: +0.0%,"library {""f"": 5, ""s"": 20, ""vn"": 20}"
291,LIB_136,P_XS_MOM,FUT,1d,-0.004358837721762636,-0.012759198085404932,-0.12107972404919565,0.3333333333333333,-0.052936246066707666,0.26105880172690377,0.9635613222513943,-0.22320567178366774,-0.30693208119135085,-0.20277518212959855,245.0,(in-sample конфигурация) 2026-01..06: +14.5%,2026-07..09: -5.0%,"library {""hold"": 1, ""k"": 2, ""n"": 10}"
292,LIB_261,P_EMA_L,FUT,1d,-0.004752024189353203,-0.0015808672542334534,-0.08601146380533464,0.5,-0.05748048459441634,0.23142818854103098,0.9262445216356082,-0.41168300698346466,-0.5398692650087731,-0.24837287521794416,229.0,(in-sample конфигурация) 2026-01..06: -11.4%,2026-07..09: +5.5%,"library {""f"": 20, ""s"": 100, ""vn"": 20}"
293,LIB_262,P_EMA_S,FUT,1d,0.0026561285188411907,-0.010535562156292144,-0.1401499598432565,0.3333333333333333,0.03212853056390304,0.24187376834015595,1.0243903432366201,0.13556992672228402,0.18987462096739102,0.13283181051166948,246.0,(in-sample конфигурация) 2026-01..06: +11.5%,2026-07..09: -5.0%,"library {""f"": 20, ""s"": 100, ""vn"": 20}"
294,LIB_097,P_XS_MOM,FUT,1d,-0.014024890211203456,-0.018700495721532207,-0.0929592524189502,0.4166666666666667,-0.169645071994717,0.2389939298027457,0.846896896757087,-1.005704054673735,-1.3508322958785741,-0.7098300452012904,243.0,(in-sample конфигурация) 2026-01..06: -0.8%,2026-07..09: +1.5%,"library {""hold"": 5, ""k"": 1, ""n"": 1}"
295,LIB_237,P_XS_MOM,EQ,1d,-0.011273331172560574,-0.003446662252827082,-0.08187195919890655,0.5,-0.1427577615821741,0.2568352422094904,0.8725942956234924,-0.6513625380394599,-0.763296085274126,-0.555834006089134,199.0,(in-sample конфигурация) 2026-01..06: -9.3%,2026-07..09: -1.2%,"library {""hold"": 5, ""k"": 4, ""n"": 60}"
296,LIB_383,P_EMA_L,ALL,1d,-0.018106843004413047,-0.0018859556585084647,-0.10174396639922634,0.4166666666666667,-0.21902037298138022,0.4002468694379786,0.8334005694341299,-1.022142232846863,-1.3410730131504107,-0.5472132069113389,250.0,(in-sample конфигурация) 2026-01..06: -23.7%,2026-07..09: +1.7%,"library {""f"": 50, ""s"": 200, ""vn"": 20}"
297,LIB_204,P_XS_MOM,EQ,1d,-0.010203390658110342,-0.023134420145652257,-0.07579895085655153,0.4166666666666667,-0.12391587690813524,0.195319641752576,0.864558372817546,-0.8111862464778266,-1.1316712654552,-0.6344260914890858,249.0,(in-sample конфигурация) 2026-01..06: +1.8%,2026-07..09: -4.7%,"library {""hold"": 1, ""k"": 2, ""n"": 10}"
298,LIB_150,P_XS_REV,FUT,1d,-0.008641455582619528,0.004598666142555885,-0.16661683737765998,0.5833333333333334,-0.10933791498678432,0.30705505938385613,0.9156685834703983,-0.4937249937817283,-0.7164050900801883,-0.3560856974843024,235.0,(in-sample конфигурация) 2026-01..06: -19.9%,2026-07..09: +10.3%,"library {""hold"": 1, ""k"": 2, ""n"": 20}"
299,LIB_295,P_BRK_L,FUT,1d,-0.0037547074993398155,-0.007483341032639146,-0.08214112227142323,0.36363636363636365,-0.04525238777465204,0.23735252873666468,0.9535914026330764,-0.2544733376967826,-0.3563498405867317,-0.1906547531450915,219.0,(in-sample конфигурация) 2026-01..06: -3.3%,2026-07..09: +1.9%,"library {""n"": 5, ""vn"": 60}"
300,LIB_122,P_XS_REV,FUT,1d,-0.007624820018463652,-0.00024092243984341621,-0.09420858230441809,0.5,-0.09222982294333633,0.3321479981968878,0.9262253020678688,-0.4240879435238878,-0.6398649982110968,-0.27767688935058743,246.0,(in-sample конфигурация) 2026-01..06: -9.9%,2026-07..09: -4.9%,"library {""hold"": 1, ""k"": 1, ""n"": 5}"
301,LIB_243,P_TSMOM_L,FUT,1d,-0.0055979391151292175,-0.0194798366210307,-0.04648930573603138,0.3333333333333333,-0.067712671536603,0.18148009329888737,0.9356807601658884,-0.36294090934555795,-0.5095199886443558,-0.37311349308755365,244.0,(in-sample конфигурация) 2026-01..06: +0.6%,2026-07..09: +3.1%,"library {""n"": 5, ""vn"": 20}"
302,LIB_196,P_XS_MOM,EQ,1d,-0.00822451979820471,-0.022190395204233937,-0.07218896993435919,0.3333333333333333,-0.09948379147908418,0.30100092326756567,0.8993478172763484,-0.5304399454625202,-0.7210385882543606,-0.33050992136210516,250.0,(in-sample конфигурация) 2026-01..06: +0.3%,2026-07..09: +1.1%,"library {""hold"": 1, ""k"": 3, ""n"": 5}"
303,LIB_316,P_EMA_S,EQ,1d,-0.014397299311137127,-0.019553377015654405,-0.10582042469832231,0.3333333333333333,-0.1741497324675147,0.520440272277483,0.9065839378715905,-0.4859427512899133,-0.6222685280846366,-0.33462001644381456,236.0,(in-sample конфигурация) 2026-01..06: +10.2%,2026-07..09: +0.9%,"library {""f"": 3, ""s"": 10, ""vn"": 20}"
304,LIB_304,P_TSMOM_S,EQ,1d,-0.016116032320799906,-0.01220028921670746,-0.15726998960599303,0.5,-0.1949395269523957,0.5048873659361561,0.8897044422358659,-0.5897638088095252,-0.7705077506340512,-0.3861049812386197,242.0,(in-sample конфигурация) 2026-01..06: +12.5%,2026-07..09: -0.2%,"library {""n"": 5, ""vn"": 20}"
305,LIB_154,P_XS_REV,FUT,1d,-0.007245616987953933,0.0008661110550747253,-0.1218410863657482,0.5,-0.09167676055051335,0.2798098125276738,0.9333068649205394,-0.41130980956634855,-0.5993291296680124,-0.3276395481714793,235.0,(in-sample конфигурация) 2026-01..06: -19.0%,2026-07..09: +10.8%,"library {""hold"": 1, ""k"": 3, ""n"": 20}"
306,LIB_353,P_EMA_L,EQ,1d,-0.01870335563481521,-0.00018819718388840556,-0.08348357700742781,0.45454545454545453,-0.2254160948682946,0.3397932791413041,0.7818862462600533,-1.3892849776474827,-1.7843773116455572,-0.6633918582437724,220.0,(in-sample конфигурация) 2026-01..06: -20.1%,2026-07..09: -3.2%,"library {""f"": 50, ""s"": 200, ""vn"": 60}"
307,LIB_311,P_TSMOM_L,EQ,1d,-0.007156719791237265,-0.004803953735972755,-0.06287465913919732,0.3,-0.09062780841164778,0.20451749619678594,0.9179200647072372,-0.4093337286901471,-0.6068716817666966,-0.4431298548875547,158.0,(in-sample конфигурация) 2026-01..06: -7.1%,2026-07..09: +1.7%,"library {""n"": 60, ""vn"": 20}"
308,LIB_152,P_XS_MOM,FUT,1d,-0.006864690896842755,-0.017318531987257302,-0.07420017704498605,0.3333333333333333,-0.08685700950649577,0.208625829374796,0.9365637563134529,-0.3884265954370731,-0.5145398209543374,-0.4163291274469053,235.0,(in-sample конфигурация) 2026-01..06: +8.7%,2026-07..09: -14.0%,"library {""hold"": 1, ""k"": 3, ""n"": 20}"
309,LIB_126,P_XS_REV,FUT,1d,-0.01600340116829102,-0.002898058977734763,-0.14830081490799785,0.5,-0.1935771405316482,0.40129029263334814,0.8694896266550165,-0.816734743948781,-1.1740630155145453,-0.48238680098976683,246.0,(in-sample конфигурация) 2026-01..06: -21.8%,2026-07..09: -2.6%,"library {""hold"": 1, ""k"": 2, ""n"": 5}"
310,LIB_232,P_XS_MOM,EQ,1d,-0.006617577783637784,-0.016130848900502315,-0.03505141720233951,0.4,-0.08380048248626742,0.18461428222528298,0.9192051094732682,-0.4191552417027885,-0.5124665672722616,-0.45392199062912436,199.0,(in-sample конфигурация) 2026-01..06: -8.5%,2026-07..09: +3.5%,"library {""hold"": 1, ""k"": 3, ""n"": 60}"
311,LIB_095,P_BUYHOLD,ALL,1d,-0.043906080138351004,0.0039985100738704205,-0.31958093578577973,0.5454545454545454,-0.5291637136674304,1.2134725490177516,0.8374361190765621,-1.0456976824112696,-1.4045182491745734,-0.4360739055001807,230.0,(in-sample конфигурация) 2026-01..06: -56.2%,2026-07..09: -2.5%,"library {""vn"": 60}"
312,LIB_223,P_XS_REV,EQ,1d,-0.011669861857474947,-0.023178266506874934,-0.07566854583274107,0.3333333333333333,-0.1476554906150805,0.2642949575038074,0.8623017298048421,-0.6478324892689822,-1.1719230217519516,-0.5586769116204322,239.0,(in-sample конфигурация) 2026-01..06: -15.5%,2026-07..09: +2.4%,"library {""hold"": 5, ""k"": 3, ""n"": 20}"
313,LIB_322,P_EMA_S,EQ,1d,-0.013466939217020505,-0.0317837306211004,-0.1148945036547957,0.3333333333333333,-0.16289609676908004,0.45486904282370233,0.9181470343075875,-0.4462058382513505,-0.5734286612849483,-0.3581164718483934,250.0,(in-sample конфигурация) 2026-01..06: +14.2%,2026-07..09: -3.5%,"library {""f"": 20, ""s"": 100, ""vn"": 20}"
314,LIB_315,P_EMA_L,EQ,1d,-0.011393262173442054,-0.01628122878173599,-0.07937488696916262,0.4166666666666667,-0.13781289924995507,0.2592366561293602,0.8807185532731037,-0.662174173410486,-0.9397240628924777,-0.5316103876188939,232.0,(in-sample конфигурация) 2026-01..06: -10.9%,2026-07..09: +2.5%,"library {""f"": 3, ""s"": 10, ""vn"": 20}"
315,LIB_073,P_EMA,ALL,1d,-0.02200423756797439,-0.022077989553508814,-0.1989953246084042,0.5,-0.2661632576222182,0.5080346699141955,0.8818887054064398,-0.6681757580496416,-0.8697604281110184,-0.5239076649378512,250.0,(in-sample конфигурация) 2026-01..06: -1.8%,2026-07..09: -2.1%,"library {""f"": 20, ""s"": 100, ""vn"": 20}"
316,LIB_263,P_EMA_L,FUT,1d,-0.006451677925876235,0.004612707329215482,-0.09627265287417686,0.5,-0.07803949619139894,0.24130850563233253,0.9046088425957161,-0.5588070082436547,-0.7449143442173574,-0.3234013487709509,246.0,(in-sample конфигурация) 2026-01..06: -13.2%,2026-07..09: +4.7%,"library {""f"": 50, ""s"": 200, ""vn"": 20}"
317,LIB_309,P_TSMOM_L,EQ,1d,-0.002432299633007708,-0.003128682030364871,-0.04330152564216405,0.2727272727272727,-0.030786915902727707,0.1885081967120641,0.9716477621549758,-0.14964103505662407,-0.21358815614607396,-0.16331871207570367,188.0,(in-sample конфигурация) 2026-01..06: -6.5%,2026-07..09: +4.3%,"library {""n"": 40, ""vn"": 20}"
318,LIB_048,P_TSMOM,EQ,1d,-0.01824437382079354,-0.02359715208876878,-0.13210055173840374,0.45454545454545453,-0.2198843662227813,0.2994610659625323,0.8912819611788502,-0.6111018426682765,-0.8094319489016331,-0.7342669589317917,230.0,(in-sample конфигурация) 2026-01..06: -0.4%,2026-07..09: +0.1%,"library {""n"": 5, ""vn"": 60}"
319,LIB_351,P_EMA_L,EQ,1d,-0.012326736092125595,0.0,-0.06770695446175523,0.45454545454545453,-0.1485639671624876,0.25307555776817026,0.8349082943754561,-0.9697995245094506,-1.2875375881914248,-0.5870340402393958,201.0,(in-sample конфигурация) 2026-01..06: -16.3%,2026-07..09: -0.2%,"library {""f"": 20, ""s"": 100, ""vn"": 60}"
320,LIB_158,P_XS_REV,FUT,1d,-0.009993512033543085,-0.012430309579940513,-0.07179812388494611,0.3,-0.12655100665592245,0.16223861528851558,0.9046007866663146,-0.5502188105337418,-0.9311627846140051,-0.7800301206397232,196.0,(in-sample конфигурация) 2026-01..06: -1.6%,2026-07..09: -9.0%,"library {""hold"": 1, ""k"": 1, ""n"": 60}"
321,LIB_109,P_XS_MOM,FUT,1d,-0.01404555626019525,-0.02915155600385333,-0.08091292530298233,0.25,-0.16989504852332174,0.2339566973496403,0.8560840781654793,-0.9586758379446119,-1.3132189787395236,-0.7261815987657724,246.0,(in-sample конфигурация) 2026-01..06: +11.2%,2026-07..09: -14.1%,"library {""hold"": 5, ""k"": 1, ""n"": 3}"
322,LIB_326,P_BRK_S,EQ,1d,-0.011861291130723354,-0.024930506700911792,-0.11841439678391907,0.3333333333333333,-0.14347417751722968,0.490500670777692,0.9186823010611249,-0.4220409040187206,-0.5434091932376498,-0.2925055684220583,238.0,(in-sample конфигурация) 2026-01..06: +8.3%,2026-07..09: +3.8%,"library {""n"": 5, ""vn"": 20}"
323,LIB_163,P_XS_REV,FUT,1d,-0.007968815145432018,-0.007246460125315934,-0.08818248112220317,0.3,-0.10091162897733008,0.17019933531992137,0.9271134316201496,-0.4466370446452251,-0.6475953678236557,-0.5929026032190305,196.0,(in-sample конфигурация) 2026-01..06: -3.2%,2026-07..09: -4.7%,"library {""hold"": 5, ""k"": 2, ""n"": 60}"
324,LIB_341,P_TSMOM_L,EQ,1d,-0.004900289585930295,-0.005607322931609815,-0.05570474465639563,0.3,-0.062053918374594695,0.18153592749149539,0.9332369166024649,-0.34625483773384963,-0.4951739140887737,-0.3418272031992224,158.0,(in-sample конфигурация) 2026-01..06: -5.0%,2026-07..09: +1.3%,"library {""n"": 60, ""vn"": 60}"
325,LIB_053,P_TSMOM,EQ,1d,-0.013487847995877798,-0.03580773068824783,-0.09156797570176423,0.2857142857142857,-0.17116952420667939,0.35419819492381066,0.9231146742244538,-0.4274016262721569,-0.5794828707042134,-0.48325916579981043,139.0,(in-sample конфигурация) 2026-01..06: -4.9%,2026-07..09: -4.5%,"library {""n"": 120, ""vn"": 60}"
326,LIB_364,P_TSMOM_S,ALL,1d,-0.011065508443304376,-0.035636081902339356,-0.16775937302736565,0.3333333333333333,-0.13384839013020972,0.5531899612469715,0.9329287500339035,-0.3546384360287552,-0.47771751330440665,-0.24195737360905062,250.0,(in-sample конфигурация) 2026-01..06: +24.5%,2026-07..09: -4.9%,"library {""n"": 5, ""vn"": 20}"
327,LIB_345,P_EMA_L,EQ,1d,-0.008991161464523017,-0.01644350914284587,-0.08021970912159304,0.45454545454545453,-0.10836304165068608,0.26082877324006404,0.8995101232720647,-0.5851046984641219,-0.8240520557289778,-0.41545662430022584,215.0,(in-sample конфигурация) 2026-01..06: -11.9%,2026-07..09: +0.1%,"library {""f"": 3, ""s"": 10, ""vn"": 60}"
328,LIB_391,P_BRK_L,ALL,1d,-0.015891380062339523,-0.0032754560511421005,-0.11302364811126608,0.3,-0.19630528312301762,0.3387958147068275,0.8428167397020242,-0.9057719716416158,-1.1745179001877168,-0.579420626234382,198.0,(in-sample конфигурация) 2026-01..06: -14.3%,2026-07..09: +3.0%,"library {""n"": 55, ""vn"": 20}"
329,LIB_323,P_EMA_L,EQ,1d,-0.021396411095338408,-0.013684595214726869,-0.09641018269758206,0.4166666666666667,-0.25881098860921337,0.37520350361592136,0.7764069593114762,-1.399303581074631,-1.8310280822408413,-0.689788304520062,240.0,(in-sample конфигурация) 2026-01..06: -23.4%,2026-07..09: -1.8%,"library {""f"": 50, ""s"": 200, ""vn"": 20}"
330,LIB_162,P_XS_REV,FUT,1d,-0.019288415397750214,-0.016331336861185264,-0.10627904484863393,0.3,-0.24425531056447508,0.2599564720876515,0.8423167920820144,-1.0089677347943746,-1.461980034429318,-0.9396008054845338,196.0,(in-sample конфигурация) 2026-01..06: -7.7%,2026-07..09: -9.5%,"library {""hold"": 1, ""k"": 2, ""n"": 60}"
331,LIB_219,P_XS_REV,EQ,1d,-0.01187355671709156,-0.023938352737786772,-0.09207416826393455,0.25,-0.15023278457106645,0.2620495360533823,0.8558278275566097,-0.7544904981907599,-1.1638392784685592,-0.5732991816496191,239.0,(in-sample конфигурация) 2026-01..06: -15.2%,2026-07..09: +4.4%,"library {""hold"": 5, ""k"": 2, ""n"": 20}"
332,LIB_197,P_XS_MOM,EQ,1d,-0.012374261850861027,-0.024725991057493957,-0.061878210166469216,0.16666666666666666,-0.14967907134801497,0.237751117138032,0.844459165795843,-0.9093489516381406,-1.211555502421357,-0.6295620106849604,250.0,(in-sample конфигурация) 2026-01..06: -1.9%,2026-07..09: -7.0%,"library {""hold"": 5, ""k"": 3, ""n"": 5}"
333,LIB_064,P_TSMOM,ALL,1d,-0.02526939495995369,-0.011915727416635491,-0.2180326537345536,0.4166666666666667,-0.30565860143559986,0.5955883663264103,0.8793337628065714,-0.751239092090446,-1.0334849708120977,-0.5132044524658909,250.0,(in-sample конфигурация) 2026-01..06: +17.3%,2026-07..09: -2.1%,"library {""n"": 5, ""vn"": 20}"
334,LIB_037,P_TSMOM,EQ,1d,-0.026078951295598278,-0.03655366110615432,-0.11302550043910742,0.2857142857142857,-0.33095877759306014,0.32808350055711344,0.8499375798521894,-0.9322653953588257,-1.2497323535629228,-1.008763857466359,139.0,(in-sample конфигурация) 2026-01..06: -9.1%,2026-07..09: -9.2%,"library {""n"": 120, ""vn"": 20}"
335,LIB_265,P_BRK_L,FUT,1d,-0.007327826361797444,-0.01673396695696283,-0.08209600103145931,0.3333333333333333,-0.08863738767230188,0.22909440760486177,0.9147105380203776,-0.46521571024641845,-0.6542571089938445,-0.3869033233896402,238.0,(in-sample конфигурация) 2026-01..06: -5.8%,2026-07..09: +4.7%,"library {""n"": 5, ""vn"": 20}"
336,LIB_010,P_EMA,FUT,1d,-0.005485056851966874,-0.00403183167509269,-0.16194949677446857,0.4166666666666667,-0.0663472476813913,0.20736634357035655,0.9515991361512738,-0.29486494418077763,-0.3977812405501761,-0.3199518617102905,246.0,(in-sample конфигурация) 2026-01..06: -3.4%,2026-07..09: -1.1%,"library {""f"": 50, ""s"": 200, ""vn"": 20}"
337,LIB_393,P_TSMOM_L,ALL,1d,-0.012918084955758373,-0.018806698499247432,-0.13138728284684476,0.36363636363636365,-0.15569100651027046,0.40235579530417453,0.8932866562086775,-0.6167883071558018,-0.8286004912212609,-0.38694858711447305,228.0,(in-sample конфигурация) 2026-01..06: -8.5%,2026-07..09: -0.6%,"library {""n"": 5, ""vn"": 60}"
338,LIB_363,P_TSMOM_L,ALL,1d,-0.014203885043874228,-0.0217088343197247,-0.11491616106650326,0.3333333333333333,-0.17181019349070265,0.35468533444509376,0.8917663540301054,-0.6126891093987246,-0.862214344560853,-0.48440174093890914,248.0,(in-sample конфигурация) 2026-01..06: -7.2%,2026-07..09: +2.9%,"library {""n"": 5, ""vn"": 20}"
339,LIB_145,P_XS_MOM,FUT,1d,-0.016139426625462267,-0.0008571143698645756,-0.13746974407695234,0.5,-0.20420764065020042,0.2799872971372679,0.8254092819147205,-1.0233992592369903,-1.2505533370726916,-0.7293460908338446,235.0,(in-sample конфигурация) 2026-01..06: -6.6%,2026-07..09: -6.7%,"library {""hold"": 5, ""k"": 1, ""n"": 20}"
340,LIB_108,P_XS_MOM,FUT,1d,-0.009326212112379531,-0.015516083891270682,-0.05218318075640127,0.25,-0.11280986171134282,0.1488561898804619,0.8957317663384676,-0.668408919993562,-0.8653993691266278,-0.7578446136632553,246.0,(in-sample конфигурация) 2026-01..06: -5.9%,2026-07..09: -3.9%,"library {""hold"": 1, ""k"": 1, ""n"": 3}"
341,LIB_058,P_EMA,EQ,1d,-0.018368832259842417,-0.014948609634302557,-0.11735065917309839,0.36363636363636365,-0.22138436097514427,0.32390525366645306,0.86783491508448,-0.7080723582234401,-0.9106132624169061,-0.6834849341564512,230.0,(in-sample конфигурация) 2026-01..06: -2.1%,2026-07..09: -6.3%,"library {""f"": 50, ""s"": 200, ""vn"": 60}"
342,LIB_217,P_XS_MOM,EQ,1d,-0.019117872831581433,-0.0063961998239392415,-0.137487722793594,0.4166666666666667,-0.24189308553431904,0.31981731271662284,0.7776741465246224,-1.2169281300686028,-1.4738739423041918,-0.7563476894968807,239.0,(in-sample конфигурация) 2026-01..06: -9.7%,2026-07..09: -9.8%,"library {""hold"": 5, ""k"": 2, ""n"": 20}"
343,LIB_142,P_XS_REV,FUT,1d,-0.01539863446896561,-0.007461556466296315,-0.15617348882369697,0.4166666666666667,-0.18700992222551008,0.3292322015240643,0.8766798100201014,-0.8024722277534767,-1.0861829719614764,-0.5680183206861712,245.0,(in-sample конфигурация) 2026-01..06: -21.7%,2026-07..09: -4.8%,"library {""hold"": 1, ""k"": 3, ""n"": 10}"
344,LIB_187,P_XS_REV,EQ,1d,-0.0179679495598369,-0.00554650895173836,-0.14532688386680093,0.3333333333333333,-0.21734031787578714,0.3962095792157925,0.7742066982582155,-1.3888867740492639,-1.932457864404448,-0.5485488723063267,250.0,(in-sample конфигурация) 2026-01..06: -31.8%,2026-07..09: +11.8%,"library {""hold"": 5, ""k"": 3, ""n"": 3}"
345,LIB_138,P_XS_REV,FUT,1d,-0.015125092417595928,-0.006011483128531836,-0.15882453962694854,0.3333333333333333,-0.18368786936068307,0.32821468427209766,0.8793035734820401,-0.7732742078404926,-1.0752921411056768,-0.5596576818860473,245.0,(in-sample конфигурация) 2026-01..06: -26.9%,2026-07..09: +0.6%,"library {""hold"": 1, ""k"": 2, ""n"": 10}"
346,LIB_183,P_XS_REV,EQ,1d,-0.011358457564635197,-0.00545665311801713,-0.09840537409763783,0.4166666666666667,-0.13739190270182736,0.2522639883100055,0.8435025824996243,-0.9622870361626862,-1.3096040282296826,-0.5446354179296784,250.0,(in-sample конфигурация) 2026-01..06: -16.7%,2026-07..09: +5.6%,"library {""hold"": 5, ""k"": 2, ""n"": 3}"
347,LIB_120,P_XS_MOM,FUT,1d,-0.013247132027875827,-0.01875788795587141,-0.06180944771767827,0.25,-0.16023730900918598,0.381904875201144,0.8748415715487998,-0.7369958528862846,-0.9411689324363522,-0.41957387667489504,246.0,(in-sample конфигурация) 2026-01..06: -3.5%,2026-07..09: +0.3%,"library {""hold"": 1, ""k"": 1, ""n"": 5}"
348,LIB_321,P_EMA_L,EQ,1d,-0.016659501450097498,-0.002319065490155481,-0.07835314304975327,0.3333333333333333,-0.20151332954037934,0.30371275103243534,0.8060608825638107,-1.1263753940725005,-1.5321783768990944,-0.6634997340591028,221.0,(in-sample конфигурация) 2026-01..06: -19.6%,2026-07..09: +0.3%,"library {""f"": 20, ""s"": 100, ""vn"": 20}"
349,LIB_253,P_TSMOM_L,FUT,1d,-0.017249919610549114,-0.03284535778220743,-0.0773981133243069,0.42857142857142855,-0.21891264887056575,0.21146883785695536,0.7366005096018237,-1.7635764648304957,-2.1311965784698104,-1.0352005103401838,139.0,(in-sample конфигурация) 2026-01..06: -20.2%,2026-07..09: +8.1%,"library {""n"": 120, ""vn"": 20}"
350,C3_XSMOM_EQ_ENS,candidate,ALL/EQ,1d,-0.009844493385344408,-0.008758502227257905,-0.0530560103831132,0.36363636363636365,-0.11864754636597696,0.18593639594989553,0.8302223833537622,-0.9579518424816642,-1.1720983637643025,-0.6381082399701296,230.0,"OOS 2026-01..06: Sharpe -0.09, -0.7%, прибыльных мес. 33%","2026-07..09: -1.0%, прибыльных мес. 67%","frozen candidate, vol-target 10%"
351,LIB_200,P_XS_MOM,EQ,1d,-0.013384146745465841,-0.03313635534777859,-0.05801863022497855,0.16666666666666666,-0.16189463903315482,0.3045185699575086,0.8416670361664814,-0.8672409678379469,-1.1419367831683531,-0.5316412692196243,250.0,(in-sample конфигурация) 2026-01..06: -2.0%,2026-07..09: -3.1%,"library {""hold"": 1, ""k"": 4, ""n"": 5}"
352,LIB_039,P_EMA,EQ,1d,-0.017140479013808847,-0.014169787249556975,-0.20135513248533243,0.3333333333333333,-0.20733123415103183,0.504325791123847,0.9073471739762641,-0.5422276518667672,-0.7167418260918269,-0.41110575306690517,250.0,(in-sample конфигурация) 2026-01..06: +10.7%,2026-07..09: -1.9%,"library {""f"": 5, ""s"": 20, ""vn"": 20}"
353,LIB_074,P_EMA,ALL,1d,-0.030317319621038525,-0.010662955231964588,-0.2361689362442121,0.5,-0.36671829813608203,0.4455015257735795,0.8195997641880018,-1.053179971659636,-1.3074205101429632,-0.8231583438447346,250.0,(in-sample конфигурация) 2026-01..06: -7.5%,2026-07..09: -6.4%,"library {""f"": 50, ""s"": 200, ""vn"": 20}"
354,LIB_135,P_XS_REV,FUT,1d,-0.0212478768192265,-0.014159104975988157,-0.14308304595761,0.4166666666666667,-0.2580465040214495,0.3828022326233622,0.809673257898156,-1.2573958658410622,-1.7044845318185509,-0.6740987435027334,245.0,(in-sample конфигурация) 2026-01..06: -31.0%,2026-07..09: -1.2%,"library {""hold"": 5, ""k"": 1, ""n"": 10}"
355,LIB_303,P_TSMOM_L,EQ,1d,-0.016240575084793818,-0.013617047748994082,-0.13523094533957192,0.4166666666666667,-0.19644599622566603,0.3247941360841651,0.852980405909356,-0.8467502851458061,-1.1746666891735948,-0.6048323365504366,234.0,(in-sample конфигурация) 2026-01..06: -11.9%,2026-07..09: +1.0%,"library {""n"": 5, ""vn"": 20}"
356,LIB_134,P_XS_REV,FUT,1d,-0.010537130993422275,-0.01469700458983425,-0.10365952416759683,0.3333333333333333,-0.12796901254662232,0.23681930149177788,0.9041021773339215,-0.589507760016374,-0.8622420509286781,-0.5403656363333429,245.0,(in-sample конфигурация) 2026-01..06: -14.6%,2026-07..09: +0.4%,"library {""hold"": 1, ""k"": 1, ""n"": 10}"
357,LIB_125,P_XS_MOM,FUT,1d,-0.012200108183302897,-0.021638828606228344,-0.05845479761410388,0.3333333333333333,-0.14757250858523185,0.25309707322958275,0.891159399255591,-0.6758048388698301,-0.9141968301814613,-0.5830668316396127,246.0,(in-sample конфигурация) 2026-01..06: +3.6%,2026-07..09: -3.8%,"library {""hold"": 5, ""k"": 2, ""n"": 5}"
358,LIB_168,P_XS_MOM,EQ,1d,-0.014788475910203639,-0.022639278900896898,-0.060784295201301575,0.25,-0.1788814046098232,0.3092454003453895,0.8232424617556106,-0.9809254591708353,-1.530573840709277,-0.5784448351051767,250.0,(in-sample конфигурация) 2026-01..06: -12.9%,2026-07..09: +7.0%,"library {""hold"": 1, ""k"": 2, ""n"": 1}"
359,LIB_103,P_XS_REV,FUT,1d,-0.019216252027784247,-0.021527608958422206,-0.13653598766541108,0.3333333333333333,-0.23243978452807823,0.3688452948408667,0.824768017350522,-1.1229624748245297,-1.4709758872954422,-0.6301823224513714,243.0,(in-sample конфигурация) 2026-01..06: -27.4%,2026-07..09: -6.4%,"library {""hold"": 5, ""k"": 2, ""n"": 1}"
360,LIB_176,P_XS_MOM,EQ,1d,-0.018175941680055985,-0.037076679451274686,-0.07259248830087017,0.25,-0.21985619056195718,0.30543126894917805,0.7877519590365659,-1.2416479178326332,-1.9742397214666334,-0.7198221430253755,250.0,(in-sample конфигурация) 2026-01..06: -7.4%,2026-07..09: +1.8%,"library {""hold"": 1, ""k"": 4, ""n"": 1}"
361,LIB_032,P_TSMOM,EQ,1d,-0.032356608144255006,-0.025126984022790566,-0.18632483680266887,0.4166666666666667,-0.39138553211290855,0.5180498250338132,0.8187746719636788,-1.1505527143166807,-1.5272057697165917,-0.7554978559974664,250.0,(in-sample конфигурация) 2026-01..06: +0.6%,2026-07..09: +0.8%,"library {""n"": 5, ""vn"": 20}"
362,LIB_218,P_XS_REV,EQ,1d,-0.018820565649320997,-0.017538181113650353,-0.08422688630525954,0.4166666666666667,-0.2381313411027058,0.325854579154111,0.7804913419328242,-1.20168459768325,-1.8608371082206157,-0.7307902246482871,239.0,(in-sample конфигурация) 2026-01..06: -22.3%,2026-07..09: -4.2%,"library {""hold"": 1, ""k"": 2, ""n"": 20}"
363,LIB_221,P_XS_MOM,EQ,1d,-0.026412683399030357,-0.005005397135391831,-0.12987516674911603,0.4166666666666667,-0.3341922786555138,0.3636137292996864,0.7087737633937086,-1.4551159444736848,-1.6271373440594998,-0.9190859742814503,239.0,(in-sample конфигурация) 2026-01..06: -15.6%,2026-07..09: -8.7%,"library {""hold"": 5, ""k"": 3, ""n"": 20}"
364,LIB_180,P_XS_MOM,EQ,1d,-0.011282333728634816,-0.013591066861408763,-0.089849048119504,0.3333333333333333,-0.13647110878156674,0.2917644719937016,0.863884809206493,-0.7725579188972138,-1.1029196192266393,-0.46774409457403976,250.0,(in-sample конфигурация) 2026-01..06: -19.7%,2026-07..09: +10.8%,"library {""hold"": 1, ""k"": 2, ""n"": 3}"
365,LIB_201,P_XS_MOM,EQ,1d,-0.014865194534650072,-0.021255582105368376,-0.08175400283653289,0.16666666666666666,-0.17980939309112728,0.24422397783200722,0.8211754727797389,-1.0928697217879364,-1.514865305776527,-0.7362479093466064,250.0,(in-sample конфигурация) 2026-01..06: -7.3%,2026-07..09: -1.4%,"library {""hold"": 5, ""k"": 4, ""n"": 5}"
366,LIB_333,P_TSMOM_L,EQ,1d,-0.016471776578162626,-0.010467824176885188,-0.15213876856432762,0.36363636363636365,-0.1985207159768122,0.36805878356972244,0.8388518663688702,-0.9541585295212169,-1.2500099781036726,-0.5393723090953102,216.0,(in-sample конфигурация) 2026-01..06: -14.3%,2026-07..09: -1.6%,"library {""n"": 5, ""vn"": 60}"
367,LIB_038,P_EMA,EQ,1d,-0.02579056216685179,-0.021046129942988046,-0.1821961086243391,0.4166666666666667,-0.3119626399702392,0.5470521297247615,0.8566476670412816,-0.859034593580556,-1.0948772938081524,-0.570261265827074,250.0,(in-sample конфигурация) 2026-01..06: -0.7%,2026-07..09: +3.4%,"library {""f"": 3, ""s"": 10, ""vn"": 20}"
368,LIB_043,P_BRK,EQ,1d,-0.02149867375798446,-0.008631630946183577,-0.2256594360806048,0.4166666666666667,-0.26004795777657996,0.4805820049077738,0.8667846616519456,-0.7882458527614565,-1.0193621352575284,-0.541110476715591,250.0,(in-sample конфигурация) 2026-01..06: -3.8%,2026-07..09: +9.0%,"library {""n"": 5, ""vn"": 20}"
369,LIB_169,P_XS_MOM,EQ,1d,-0.007839254790800018,-0.01270539197139442,-0.07311707298504189,0.3333333333333333,-0.09482362594951702,0.13408001019979565,0.8874859144245187,-0.6763148167382436,-0.9104415312079469,-0.7072167268500218,250.0,(in-sample конфигурация) 2026-01..06: -1.3%,2026-07..09: -7.9%,"library {""hold"": 5, ""k"": 2, ""n"": 1}"
370,LIB_130,P_XS_REV,FUT,1d,-0.025859422463327064,-0.010464837432664353,-0.15484962344635278,0.3333333333333333,-0.3127955741164042,0.4777861984111951,0.8043586604127287,-1.2882295186274249,-1.7145411180546395,-0.6546768725353684,246.0,(in-sample конфигурация) 2026-01..06: -33.6%,2026-07..09: -5.2%,"library {""hold"": 1, ""k"": 3, ""n"": 5}"
371,LIB_047,P_BUYHOLD,EQ,1d,-0.0420639208969078,-0.026757722516776994,-0.2704595341347158,0.3333333333333333,-0.5088051871689967,1.0358667580294423,0.8310227822261155,-1.1097862777328162,-1.5764239822459698,-0.4911878706648631,250.0,(in-sample конфигурация) 2026-01..06: -61.7%,2026-07..09: -3.8%,"library {""vn"": 20}"
372,LIB_236,P_XS_MOM,EQ,1d,-0.010855180425642175,-0.014297307687229477,-0.07799266879737843,0.2,-0.13746258629456423,0.24032029211593908,0.8735201583905816,-0.6643831580136553,-0.7929772455216777,-0.5719974167984424,199.0,(in-sample конфигурация) 2026-01..06: -12.5%,2026-07..09: +2.9%,"library {""hold"": 1, ""k"": 4, ""n"": 60}"
373,LIB_098,P_XS_REV,FUT,1d,-0.02109741924990279,-0.01761057057592552,-0.2464591016760096,0.4166666666666667,-0.25519438324682414,0.40714123501675203,0.7829362573732314,-1.5318845932250895,-2.039088198135934,-0.6267957192700564,246.0,(in-sample конфигурация) 2026-01..06: -31.3%,2026-07..09: +2.7%,"library {""hold"": 1, ""k"": 1, ""n"": 1}"
374,LIB_191,P_XS_REV,EQ,1d,-0.015011286058021748,-0.01583892194321379,-0.14093602483626455,0.25,-0.18157651615783107,0.33773698200639046,0.8205766554113242,-1.1140784132744066,-1.5845464810011982,-0.537626987364965,250.0,(in-sample конфигурация) 2026-01..06: -23.9%,2026-07..09: +8.1%,"library {""hold"": 5, ""k"": 4, ""n"": 3}"
375,LIB_195,P_XS_REV,EQ,1d,-0.013426822202480556,-0.009347055169200758,-0.17955357756000012,0.4166666666666667,-0.16241084136120482,0.27846419296520253,0.8316905357262608,-1.002368258114522,-1.319386822843868,-0.5832377930957178,250.0,(in-sample конфигурация) 2026-01..06: -19.7%,2026-07..09: +1.9%,"library {""hold"": 5, ""k"": 2, ""n"": 5}"
376,LIB_233,P_XS_MOM,EQ,1d,-0.011868286613753299,-0.01340474976313999,-0.0825871147972066,0.3,-0.1502918706867252,0.26280565741762985,0.8642856071490399,-0.7165768292671753,-0.8553312666160616,-0.5718745637499474,199.0,(in-sample конфигурация) 2026-01..06: -9.8%,2026-07..09: -1.5%,"library {""hold"": 5, ""k"": 3, ""n"": 60}"
377,LIB_283,P_TSMOM_L,FUT,1d,-0.016010561429798793,-0.028252185875317082,-0.06519434577785432,0.2857142857142857,-0.20318439109471276,0.18384298640012275,0.73590047173522,-1.735756895296607,-2.0974394930459255,-1.1052061058913318,139.0,(in-sample конфигурация) 2026-01..06: -17.4%,2026-07..09: +6.2%,"library {""n"": 120, ""vn"": 60}"
378,LIB_041,P_EMA,EQ,1d,-0.030126439191917598,-0.015180441812844947,-0.12177571927531972,0.16666666666666666,-0.36440940846543524,0.48030583667059545,0.8169370924572391,-1.053860103015243,-1.3155929877860537,-0.7587028527312181,250.0,(in-sample конфигурация) 2026-01..06: -5.4%,2026-07..09: -3.2%,"library {""f"": 20, ""s"": 100, ""vn"": 20}"
379,LIB_216,P_XS_MOM,EQ,1d,-0.020471440752468578,-0.020292463086661883,-0.07001563228550367,0.3333333333333333,-0.2590194009852091,0.3112566709241946,0.7619678075928931,-1.2969617491136545,-1.5397339561199979,-0.8321730108341752,239.0,(in-sample конфигурация) 2026-01..06: -8.6%,2026-07..09: -2.7%,"library {""hold"": 1, ""k"": 2, ""n"": 20}"
380,LIB_220,P_XS_MOM,EQ,1d,-0.012191663771015252,-0.009138975554378703,-0.06296191635374271,0.3333333333333333,-0.15425770394790847,0.27809029136551544,0.8516749813740264,-0.6757667853736317,-0.7661002040273447,-0.5547036654550291,239.0,(in-sample конфигурация) 2026-01..06: -2.6%,2026-07..09: -3.9%,"library {""hold"": 1, ""k"": 3, ""n"": 20}"
381,LIB_107,P_XS_REV,FUT,1d,-0.025449763360787376,-0.030917299154680222,-0.16378219246689696,0.3333333333333333,-0.30784033761208407,0.46081436554231914,0.774348513862554,-1.4993507206893715,-1.8821071510043614,-0.6680354620668035,243.0,(in-sample конфигурация) 2026-01..06: -34.9%,2026-07..09: -7.7%,"library {""hold"": 5, ""k"": 3, ""n"": 1}"
382,LIB_063,P_BUYHOLD,EQ,1d,-0.05305888066637139,-0.03443559817969799,-0.27927569951862097,0.36363636363636365,-0.6394748574225283,1.0876688902499154,0.7815935620146142,-1.4497605144719963,-1.9160582498918475,-0.5879315508192895,230.0,(in-sample конфигурация) 2026-01..06: -60.9%,2026-07..09: -8.4%,"library {""vn"": 60}"
383,LIB_102,P_XS_REV,FUT,1d,-0.027518161115949624,-0.02353565947851166,-0.20191888861882035,0.4166666666666667,-0.33285967685852663,0.443019791819097,0.7559181473952411,-1.6862440751083152,-2.199719061752299,-0.7513426781493473,246.0,(in-sample конфигурация) 2026-01..06: -34.0%,2026-07..09: +0.2%,"library {""hold"": 1, ""k"": 2, ""n"": 1}"
384,LIB_110,P_XS_REV,FUT,1d,-0.014495125937780054,-0.005481288186274469,-0.10900912204670021,0.3333333333333333,-0.17533304334338753,0.2370659924345091,0.8465867598543182,-1.0336780721560759,-1.4667164438047542,-0.7395959308327378,246.0,(in-sample конфигурация) 2026-01..06: -9.3%,2026-07..09: -1.2%,"library {""hold"": 1, ""k"": 1, ""n"": 3}"
385,LIB_361,P_BRK_L,EQ,1d,-0.01440414331445936,-0.007100993301719427,-0.0684149840453756,0.2,-0.1779335350609686,0.22903391395811923,0.8188406585975369,-1.0881116015157002,-1.421390707558471,-0.7768872826995623,173.0,(in-sample конфигурация) 2026-01..06: -11.9%,2026-07..09: +0.4%,"library {""n"": 55, ""vn"": 60}"
386,LIB_114,P_XS_REV,FUT,1d,-0.028376069052683306,-0.011060120130423456,-0.16803161532152444,0.4166666666666667,-0.34323693126125726,0.44752722846897086,0.76225497391842,-1.6217545102847182,-2.1630404291140186,-0.7669632358136069,246.0,(in-sample конфигурация) 2026-01..06: -28.3%,2026-07..09: -1.4%,"library {""hold"": 1, ""k"": 2, ""n"": 3}"
387,LIB_227,P_XS_REV,EQ,1d,-0.019630165731541638,-0.026639063347829506,-0.0812816249745083,0.25,-0.24837498398402477,0.30606321936284075,0.7733671105294623,-1.2069374855273451,-1.942477651393779,-0.8115152957650033,239.0,(in-sample конфигурация) 2026-01..06: -21.7%,2026-07..09: -0.0%,"library {""hold"": 5, ""k"": 4, ""n"": 20}"
388,LIB_331,P_BRK_L,EQ,1d,-0.016950720522436312,-0.0188275869586505,-0.07673600479029119,0.2,-0.20939125351244856,0.2673653964593541,0.81026578755238,-1.1273722897853344,-1.4922109617740908,-0.7831651226574529,173.0,(in-sample конфигурация) 2026-01..06: -14.6%,2026-07..09: +0.8%,"library {""n"": 55, ""vn"": 20}"
389,LIB_193,P_XS_MOM,EQ,1d,-0.02329582084954988,-0.032186687691137195,-0.07943859587976476,0.08333333333333333,-0.28178624899615534,0.2808286746585509,0.7250195826045901,-1.7389006793270345,-2.2516015648920495,-1.0034098168172063,250.0,(in-sample конфигурация) 2026-01..06: -8.8%,2026-07..09: -8.0%,"library {""hold"": 5, ""k"": 2, ""n"": 5}"
390,LIB_042,P_EMA,EQ,1d,-0.038386472879816814,-0.04426515330669645,-0.17919552736566402,0.3333333333333333,-0.4643227759542642,0.5220460653144983,0.7498424794915183,-1.481865972284477,-1.7878934140198894,-0.8894287435621996,250.0,(in-sample конфигурация) 2026-01..06: -10.4%,2026-07..09: -7.4%,"library {""f"": 50, ""s"": 200, ""vn"": 20}"
391,LIB_225,P_XS_MOM,EQ,1d,-0.024688218018127372,-0.013058732551144203,-0.09543112124083564,0.3333333333333333,-0.31237310161848186,0.34097591023601126,0.7171661533338207,-1.5075109968656533,-1.7289727467066405,-0.9161148698225292,239.0,(in-sample конфигурация) 2026-01..06: -14.9%,2026-07..09: -7.0%,"library {""hold"": 5, ""k"": 4, ""n"": 20}"
392,LIB_185,P_XS_MOM,EQ,1d,-0.02618295307790201,-0.029785583101329394,-0.14738022279925644,0.25,-0.3167090004303027,0.3141954369348241,0.6891873119023437,-2.007248031589415,-2.4817260441073623,-1.008,250.0,(in-sample конфигурация) 2026-01..06: -2.2%,2026-07..09: -19.5%,"library {""hold"": 5, ""k"": 3, ""n"": 3}"
393,LIB_106,P_XS_REV,FUT,1d,-0.04313473351188198,-0.029554483044194058,-0.2584974007913843,0.3333333333333333,-0.5217577365597243,0.6171874078572728,0.6718098871106831,-2.434718468634118,-3.0048921362723497,-0.8453797500035566,246.0,(in-sample конфигурация) 2026-01..06: -43.1%,2026-07..09: -10.5%,"library {""hold"": 1, ""k"": 3, ""n"": 1}"
394,LIB_144,P_XS_MOM,FUT,1d,-0.0189346940408844,-0.015046117303427309,-0.08685634017456323,0.3333333333333333,-0.23957537564700596,0.2997677409694006,0.8068617403033506,-1.0967786278536547,-1.2964457600090558,-0.79920332612261,235.0,(in-sample конфигурация) 2026-01..06: -3.7%,2026-07..09: -16.4%,"library {""hold"": 1, ""k"": 1, ""n"": 20}"
395,LIB_121,P_XS_MOM,FUT,1d,-0.024268739003673545,-0.027680084453095333,-0.08821175654884428,0.25,-0.2935546669884352,0.39879048423244967,0.7769896948879725,-1.4088946476394617,-1.7886784969507692,-0.7361125167102184,246.0,(in-sample конфигурация) 2026-01..06: -11.4%,2026-07..09: -0.0%,"library {""hold"": 5, ""k"": 1, ""n"": 5}"
396,LIB_188,P_XS_MOM,EQ,1d,-0.029191441077576503,-0.019678505705087446,-0.10024857098323992,0.25,-0.35309967127436537,0.44760690896509914,0.6750141437882075,-1.9247745202246684,-2.400448564953952,-0.7888610836922924,250.0,(in-sample конфигурация) 2026-01..06: -28.2%,2026-07..09: +3.5%,"library {""hold"": 1, ""k"": 4, ""n"": 3}"
397,LIB_184,P_XS_MOM,EQ,1d,-0.022657812859354937,-0.0150256478736992,-0.09935069811763242,0.25,-0.2740689043467573,0.3674289716018393,0.7264808034996005,-1.64230551704071,-2.1727292090115307,-0.7459098915143504,250.0,(in-sample конфигурация) 2026-01..06: -23.5%,2026-07..09: +3.6%,"library {""hold"": 1, ""k"": 3, ""n"": 3}"
398,LIB_206,P_XS_REV,EQ,1d,-0.034849975812600555,-0.026805175963090733,-0.15226422960404307,0.3333333333333333,-0.42323826047110075,0.45088273867804674,0.6076386416976958,-2.785421160079093,-3.352988658337795,-0.9386880981782593,249.0,(in-sample конфигурация) 2026-01..06: -36.1%,2026-07..09: -3.0%,"library {""hold"": 1, ""k"": 2, ""n"": 10}"
399,LIB_199,P_XS_REV,EQ,1d,-0.03284094287528205,-0.017370365269016474,-0.21754833904560655,0.3333333333333333,-0.39724404501941174,0.44381536995933857,0.6395844857047732,-2.4256906259895326,-3.002084280569784,-0.8950659934463433,250.0,(in-sample конфигурация) 2026-01..06: -34.0%,2026-07..09: -0.5%,"library {""hold"": 5, ""k"": 3, ""n"": 5}"
400,LIB_179,P_XS_REV,EQ,1d,-0.05028469951957959,-0.037831849040230736,-0.15670284914085642,0.25,-0.6082437253888348,0.6286312109114078,0.47686706247129224,-3.966627154368267,-4.420734680075757,-0.9675684484500623,250.0,(in-sample конфигурация) 2026-01..06: -53.3%,2026-07..09: +1.4%,"library {""hold"": 5, ""k"": 4, ""n"": 1}"
401,LIB_373,P_TSMOM_L,ALL,1d,-0.05066514492292689,-0.06246693938737735,-0.11874737613834441,0.2857142857142857,-0.6429734938420363,0.4023138442862546,0.5181611622127199,-3.553022895150624,-3.999492560908532,-1.5981888343483088,139.0,(in-sample конфигурация) 2026-01..06: -38.9%,2026-07..09: +3.4%,"library {""n"": 120, ""vn"": 20}"
402,LIB_224,P_XS_MOM,EQ,1d,-0.018027983083698018,-0.013278160684421891,-0.08835006580784466,0.25,-0.22810301608829628,0.27087319967404255,0.7801964749203198,-1.086711886289566,-1.2357075659699255,-0.8421025644574136,239.0,(in-sample конфигурация) 2026-01..06: -10.0%,2026-07..09: -7.0%,"library {""hold"": 1, ""k"": 4, ""n"": 20}"
403,LIB_118,P_XS_REV,FUT,1d,-0.034356994847864065,-0.03145075935753994,-0.18543254214455374,0.25,-0.4155822096797638,0.5214447797188768,0.7399918574180127,-1.798459082103712,-2.319734069998201,-0.7969822037605093,246.0,(in-sample конфигурация) 2026-01..06: -33.4%,2026-07..09: -4.6%,"library {""hold"": 1, ""k"": 3, ""n"": 3}"
404,LIB_239,P_XS_REV,EQ,1d,-0.0321192738559148,-0.04879217738925945,-0.075023098870588,0.2,-0.40673653325078035,0.3264916175558028,0.6860299721164484,-1.8852322793207523,-2.95277282356553,-1.2457794055961096,199.0,(in-sample конфигурация) 2026-01..06: -25.8%,2026-07..09: -5.3%,"library {""hold"": 5, ""k"": 4, ""n"": 60}"
405,LIB_235,P_XS_REV,EQ,1d,-0.025603471207523397,-0.0338753965406795,-0.0719473637336705,0.1,-0.32422486152240687,0.26458266645295225,0.7326111915978222,-1.5495509224121515,-2.3978355153123814,-1.2254198881167453,199.0,(in-sample конфигурация) 2026-01..06: -20.2%,2026-07..09: -4.3%,"library {""hold"": 5, ""k"": 3, ""n"": 60}"
406,LIB_403,P_TSMOM_L,ALL,1d,-0.045560742701387165,-0.06350079116236884,-0.10277539596427232,0.2857142857142857,-0.5781953246420645,0.3591178167407634,0.5281697481772711,-3.4072654877608204,-3.870453957945876,-1.6100435503021748,139.0,(in-sample конфигурация) 2026-01..06: -34.3%,2026-07..09: +2.4%,"library {""n"": 120, ""vn"": 60}"
407,LIB_181,P_XS_MOM,EQ,1d,-0.024339200056753423,-0.023043558539939113,-0.08877026321715675,0.16666666666666666,-0.29440696388648935,0.29207040068104106,0.6929333285620146,-2.023520610599405,-2.5385376129648387,-1.0079999999999998,250.0,(in-sample конфигурация) 2026-01..06: -10.8%,2026-07..09: -11.7%,"library {""hold"": 5, ""k"": 2, ""n"": 3}"
408,LIB_175,P_XS_REV,EQ,1d,-0.04335827870545472,-0.03242279372352641,-0.1317385691218078,0.08333333333333333,-0.5244617392211803,0.5450361919538409,0.5405456572643427,-3.368614584260282,-3.8901327868380373,-0.9622512173752986,250.0,(in-sample конфигурация) 2026-01..06: -47.3%,2026-07..09: +1.4%,"library {""hold"": 5, ""k"": 3, ""n"": 1}"
409,LIB_189,P_XS_MOM,EQ,1d,-0.03771755004163424,-0.036141477612545714,-0.14751362788956612,0.08333333333333333,-0.45623148530360774,0.4526106004996109,0.6031562247426348,-2.7482662394475996,-3.2555440754824745,-1.008,250.0,(in-sample конфигурация) 2026-01..06: -17.4%,2026-07..09: -16.8%,"library {""hold"": 5, ""k"": 4, ""n"": 3}"
410,LIB_194,P_XS_REV,EQ,1d,-0.043544289677356574,-0.03812858785386197,-0.20385175554838497,0.16666666666666666,-0.526711727937305,0.5586873512020247,0.5724392611636532,-2.863413087013158,-3.6094305341534008,-0.9427665165572057,250.0,(in-sample конфигурация) 2026-01..06: -43.4%,2026-07..09: -8.3%,"library {""hold"": 1, ""k"": 2, ""n"": 5}"
411,LIB_226,P_XS_REV,EQ,1d,-0.03361322902249716,-0.03290413611102849,-0.07716323400381953,0.08333333333333333,-0.42529876386624016,0.4090219033823814,0.639497309018769,-2.053420813127563,-3.371285310640692,-1.0397945937595474,239.0,(in-sample конфигурация) 2026-01..06: -31.6%,2026-07..09: -1.7%,"library {""hold"": 1, ""k"": 4, ""n"": 20}"
412,LIB_203,P_XS_REV,EQ,1d,-0.03728856139726607,-0.02364978009063634,-0.198247705004178,0.16666666666666666,-0.4510424386613304,0.4836283674449078,0.6055447462416705,-2.754063491794485,-3.256328687879809,-0.9326219655895405,250.0,(in-sample конфигурация) 2026-01..06: -34.2%,2026-07..09: -6.8%,"library {""hold"": 5, ""k"": 4, ""n"": 5}"
413,LIB_215,P_XS_REV,EQ,1d,-0.05098892822499579,-0.044605512488487875,-0.1567037187924143,0.08333333333333333,-0.6192390319372982,0.6295822663802255,0.5063985005243754,-3.691594366079826,-4.319476030042325,-0.9835712741681948,249.0,(in-sample конфигурация) 2026-01..06: -49.0%,2026-07..09: -1.5%,"library {""hold"": 5, ""k"": 4, ""n"": 10}"
414,LIB_222,P_XS_REV,EQ,1d,-0.03310424817451955,-0.035248536136350594,-0.08870745141757652,0.16666666666666666,-0.4188587718817871,0.4343464440535172,0.6519518591162107,-1.8624309112505526,-3.2247453038071106,-0.9643425832448583,239.0,(in-sample конфигурация) 2026-01..06: -33.3%,2026-07..09: -4.1%,"library {""hold"": 1, ""k"": 3, ""n"": 20}"
415,LIB_171,P_XS_REV,EQ,1d,-0.028623139726429752,-0.03042271545928088,-0.09648276236839592,0.08333333333333333,-0.34622549813089426,0.3717051112180343,0.6491153545060725,-2.449901190713934,-3.07183452212056,-0.931452077686943,250.0,(in-sample конфигурация) 2026-01..06: -26.7%,2026-07..09: +1.7%,"library {""hold"": 5, ""k"": 2, ""n"": 1}"
416,LIB_238,P_XS_REV,EQ,1d,-0.038119322736383764,-0.048731291681178845,-0.08021627020298183,0.1,-0.48271705173712104,0.3853761939853939,0.6313866163647109,-2.360034531093846,-3.477325765424123,-1.2525865875239206,199.0,(in-sample конфигурация) 2026-01..06: -27.4%,2026-07..09: -9.8%,"library {""hold"": 1, ""k"": 4, ""n"": 60}"
417,LIB_231,P_XS_REV,EQ,1d,-0.03542549866997433,-0.03852283088781405,-0.09086018602101831,0.2,-0.44860430476550406,0.36302376150160853,0.6467621569370215,-2.20661219755021,-3.136368183736927,-1.2357436408842795,199.0,(in-sample конфигурация) 2026-01..06: -23.3%,2026-07..09: -10.8%,"library {""hold"": 5, ""k"": 2, ""n"": 60}"
418,LIB_211,P_XS_REV,EQ,1d,-0.04464155772014541,-0.03901166938885581,-0.145788096007891,0.08333333333333333,-0.5421528937579105,0.5697368325127172,0.5544580939345634,-3.2058692351298923,-4.022529244725825,-0.9515847718092002,249.0,(in-sample конфигурация) 2026-01..06: -44.3%,2026-07..09: -0.3%,"library {""hold"": 5, ""k"": 3, ""n"": 10}"
419,LIB_210,P_XS_REV,EQ,1d,-0.05115129376220769,-0.04244150187878404,-0.14906994759803638,0.08333333333333333,-0.6212108929193416,0.6192008388534305,0.4885702907060928,-3.9880209117044787,-4.671282713958673,-1.0032462069489976,249.0,(in-sample конфигурация) 2026-01..06: -47.5%,2026-07..09: -5.8%,"library {""hold"": 1, ""k"": 3, ""n"": 10}"
420,LIB_313,P_TSMOM_L,EQ,1d,-0.054462017966605866,-0.04253894096473232,-0.12331607821397483,0.0,-0.6911582711733292,0.38304663883536705,0.41328078680918046,-4.3016553465029865,-4.708437218282595,-1.804371063729365,123.0,(in-sample конфигурация) 2026-01..06: -35.6%,2026-07..09: -2.5%,"library {""n"": 120, ""vn"": 20}"
421,LIB_230,P_XS_REV,EQ,1d,-0.03635295664153091,-0.029300993549441046,-0.0865777488797903,0.1,-0.4603489986766728,0.37396495571192645,0.6423711324213204,-2.2866996682295664,-3.199318712712165,-1.2309950214460466,199.0,(in-sample конфигурация) 2026-01..06: -26.5%,2026-07..09: -9.0%,"library {""hold"": 1, ""k"": 2, ""n"": 60}"
422,LIB_207,P_XS_REV,EQ,1d,-0.03764801937002934,-0.021903377579292282,-0.1148000672692433,0.0,-0.45721931957818757,0.4537160874906476,0.5955855672686647,-2.904566364833203,-3.62348152326998,-1.0077211987498949,249.0,(in-sample конфигурация) 2026-01..06: -30.8%,2026-07..09: -7.8%,"library {""hold"": 5, ""k"": 2, ""n"": 10}"
423,LIB_198,P_XS_REV,EQ,1d,-0.052120203805012956,-0.04283628113626037,-0.21632042596684187,0.08333333333333333,-0.6304459852254367,0.6431512587914767,0.5047930363381061,-3.3810684809944798,-4.120518619844098,-0.9802452791744293,250.0,(in-sample конфигурация) 2026-01..06: -47.2%,2026-07..09: -11.1%,"library {""hold"": 1, ""k"": 3, ""n"": 5}"
424,LIB_343,P_TSMOM_L,EQ,1d,-0.04879209350506893,-0.0500389676890336,-0.1069491652015131,0.0,-0.6192032585823137,0.3428958251934091,0.4369189398593271,-4.155465441474314,-4.5779186685899,-1.8058057669061862,123.0,(in-sample конфигурация) 2026-01..06: -31.9%,2026-07..09: -2.2%,"library {""n"": 120, ""vn"": 60}"
425,LIB_202,P_XS_REV,EQ,1d,-0.05534602074718956,-0.04369759192195488,-0.22632922339835204,0.0,-0.669465466958005,0.6691171481215861,0.4773549760574094,-3.643175863135704,-4.452222216933723,-1.0005205648030346,250.0,(in-sample конфигурация) 2026-01..06: -51.6%,2026-07..09: -8.3%,"library {""hold"": 1, ""k"": 4, ""n"": 5}"
426,LIB_234,P_XS_REV,EQ,1d,-0.03706093590990349,-0.03792389205773361,-0.07814124107244425,0.1,-0.4693143642862151,0.3791573134767532,0.6207566242247221,-2.3814411242583575,-3.4198501921586146,-1.2377827028648087,199.0,(in-sample конфигурация) 2026-01..06: -26.4%,2026-07..09: -10.0%,"library {""hold"": 1, ""k"": 3, ""n"": 60}"
427,LIB_178,P_XS_REV,EQ,1d,-0.08692734834812654,-0.07260893050261075,-0.19893169865645177,0.08333333333333333,-1.0514732056189386,1.0529698295049457,0.3068915818058391,-5.852038566641539,-5.872741052384271,-0.998578664037591,250.0,(in-sample конфигурация) 2026-01..06: -73.6%,2026-07..09: -20.5%,"library {""hold"": 1, ""k"": 4, ""n"": 1}"
428,LIB_190,P_XS_REV,EQ,1d,-0.04761674607971145,-0.0481054558786127,-0.09877428779873298,0.08333333333333333,-0.5759721605801896,0.5934737720763223,0.5323203323349308,-3.2242187643696547,-4.039826953433199,-0.9705098821218304,250.0,(in-sample конфигурация) 2026-01..06: -31.5%,2026-07..09: -16.4%,"library {""hold"": 1, ""k"": 4, ""n"": 3}"
429,LIB_174,P_XS_REV,EQ,1d,-0.08547414490612937,-0.0763904586492572,-0.22899531217990443,0.08333333333333333,-1.0338952567845408,1.0387605609557795,0.32918076634375526,-5.689314525935142,-5.775324901043547,-0.9953162409566627,250.0,(in-sample конфигурация) 2026-01..06: -70.8%,2026-07..09: -23.4%,"library {""hold"": 1, ""k"": 3, ""n"": 1}"
430,LIB_214,P_XS_REV,EQ,1d,-0.06796700077393325,-0.05097352793018217,-0.200641960487701,0.0,-0.8254305636159605,0.815604009287199,0.4018103465222632,-5.059879583321704,-5.484452500112052,-1.0120481927710843,249.0,(in-sample конфигурация) 2026-01..06: -55.1%,2026-07..09: -12.2%,"library {""hold"": 1, ""k"": 4, ""n"": 10}"
431,LIB_170,P_XS_REV,EQ,1d,-0.06368465834414867,-0.06372204999206588,-0.13162346533499658,0.08333333333333333,-0.7703296273308224,0.780890761383489,0.43859802703030903,-4.204306814677338,-4.544343786610974,-0.9864755295171432,250.0,(in-sample конфигурация) 2026-01..06: -46.4%,2026-07..09: -21.0%,"library {""hold"": 1, ""k"": 2, ""n"": 1}"
432,LIB_186,P_XS_REV,EQ,1d,-0.04635625499586619,-0.04602569442795357,-0.0899868061781035,0.0,-0.5607252604299975,0.5676816562929616,0.5272891213762356,-3.4118220898656966,-4.047929249124856,-0.9877459562311907,250.0,(in-sample конфигурация) 2026-01..06: -29.8%,2026-07..09: -15.6%,"library {""hold"": 1, ""k"": 3, ""n"": 3}"
433,LIB_182,P_XS_REV,EQ,1d,-0.04519374618682074,-0.0465010116022313,-0.07878065964905545,0.08333333333333333,-0.5466635538757837,0.5500500997350173,0.554699516587193,-3.1167441702218572,-3.6693515657270788,-0.9938432047174157,250.0,(in-sample конфигурация) 2026-01..06: -23.2%,2026-07..09: -20.8%,"library {""hold"": 1, ""k"": 2, ""n"": 3}"
