code,secid,strategy,tag,direction,signal_id,entry_ts,exit_ts,trading_day,entry_ref,entry_price,exit_ref,exit_price,qty,entry_atr,initial_stop,final_stop,risk_money,gross_pnl,commission,spread_cost,slippage_cost,net_pnl,net_pnl_check,R,gross_R,exit_reason,bars_held,mae_R,mfe_R,partial
MX,MXZ5,RBREAKER_2_1,BREAKOUT,SHORT,2025-10-27|MX|MXZ5|BREAKOUT|-1|1,2025-10-27 10:44:00+00:00,2025-10-27 10:49:00+00:00,2025-10-27,253247.1875,253175.0,254375.0,254450.0,3.3991349201628185,783.9285714285714,254375.0,254375.0,5000.0,-3833.586852146129,431.3714659619127,84.97837300407046,415.3317980573944,-4765.268489169537,-4765.268489169507,-0.9530536978339075,-0.7667173704292258,INITIAL_STOP,4,0.7308140078350059,0.0,False
MX,MXZ5,RBREAKER_2_1,BREAKOUT,SHORT,2025-10-27|MX|MXZ5|BREAKOUT|-1|2,2025-10-27 11:19:00+00:00,2025-10-27 12:03:00+00:00,2025-10-27,253247.1875,253175.0,252325.0,252400.0,3.3991349201628185,794.6428571428571,254375.0,252325.0,5000.0,3134.639734187649,429.6294093153292,84.97837300407046,415.3317980573944,2204.7001538108716,2204.700153810855,0.4409400307621743,0.6269279468375298,TRAILING_STOP,43,0.13596539680651273,1.3936453172667556,False
MX,MXZ5,RBREAKER_2_1,BREAKOUT,SHORT,2025-10-27|MX|MXZ5|BREAKOUT|-1|3,2025-10-27 12:48:00+00:00,2025-10-27 14:24:00+00:00,2025-10-27,253225.0,253175.0,252625.0,252700.0,3.2225059817767283,875.0,254500.0,252625.0,5000.0,1933.503589066037,407.5463033828256,80.5626495444182,322.2505981776728,1123.1440379611613,1123.1440379611204,0.22462880759223225,0.3867007178132074,TRAILING_STOP,95,0.2578004785421383,1.2084397431662732,False
MX,MXZ5,RBREAKER_2_1,BREAKOUT,SHORT,2025-10-27|MX|MXZ5|BREAKOUT|-1|4,2025-10-27 14:43:00+00:00,2025-10-27 15:35:00+00:00,2025-10-27,253225.0,253175.0,252550.0,252600.0,3.5048673845803355,798.2142857142857,254375.0,253525.0,5000.0,2365.7854845917263,443.1685753590298,87.62168461450838,262.8650538435252,1572.130170774659,1572.130170774663,0.3144260341549318,0.4731570969183453,FORCE_CLOSE,51,0.2803893907664268,0.595827455378657,False
MX,MXZ5,RBREAKER_2_1,BREAKOUT,LONG,2025-10-30|MX|MXZ5|BREAKOUT|1|5,2025-10-30 13:45:00+00:00,2025-10-30 14:06:00+00:00,2025-10-30,261189.6875,261275.0,261550.00000000003,261475.0,4.756186014435024,496.42857142857144,260525.0,261550.0,5000.0,1713.7132733261196,621.5740597614773,118.9046503608756,643.5714200782393,329.66314312548036,329.66314312552754,0.06593262862509607,0.3427426546652239,TRAILING_STOP,20,0.42805674129915217,0.97501813295918,False
MX,MXZ5,RBREAKER_2_1,BREAKOUT,LONG,2025-10-30|MX|MXZ5|BREAKOUT|1|6,2025-10-30 14:31:00+00:00,2025-10-30 15:24:00+00:00,2025-10-30,261189.6875,261275.0,260825.0,260749.99999999997,4.250751851733775,573.2142857142857,260400.0,260825.0,5000.0,-1550.1960659291613,554.7496838503309,106.26879629334438,575.1798599377264,-2786.3944060107488,-2786.3944060105623,-0.5572788812021497,-0.3100392131858323,TRAILING_STOP,52,0.340060148138702,0.3613139073973709,False
MX,MXZ5,RBREAKER_2_1,BREAKOUT,LONG,2025-11-07|MX|MXZ5|BREAKOUT|1|7,2025-11-07 07:25:00+00:00,2025-11-07 08:37:00+00:00,2025-11-07,261250.625,261325.0,260900.0,260824.99999999997,4.632149433140714,532.1428571428571,260525.0,260900.0,5000.0,-1624.1473949949627,604.6692066286059,115.80373582851784,576.1235857468763,-2920.7439231991602,-2920.743923198963,-0.584148784639832,-0.32482947899899256,TRAILING_STOP,71,0.48637569047977497,0.34741120748555354,False
MX,MXZ5,RBREAKER_2_1,BREAKOUT,LONG,2025-11-07|MX|MXZ5|BREAKOUT|1|8,2025-11-07 08:45:00+00:00,2025-11-07 10:54:00+00:00,2025-11-07,261250.625,261325.0,261400.00000000003,261325.00000000003,4.427080451119498,558.9285714285714,260475.0,261400.0,5000.0,661.295142385975,578.4533994444015,110.67701127798746,550.6181311079877,-578.4533994444015,-578.4533994444016,-0.1156906798888803,0.132259028477195,TRAILING_STOP,128,0.26562482706716994,0.8190098834571072,False
MX,MXZ5,RBREAKER_2_1,BREAKOUT,LONG,2025-11-07|MX|MXZ5|BREAKOUT|1|9,2025-11-07 11:33:00+00:00,2025-11-07 13:00:00+00:00,2025-11-07,261250.625,261325.0,261000.0,260925.0,6.2157164390160515,344.64285714285717,260800.0,261000.0,5000.0,-1557.813932528398,811.5394775690332,155.3929109754013,773.0797321026214,-3297.826053175359,-3297.826053175454,-0.6595652106350718,-0.3115627865056796,TRAILING_STOP,86,0.37294298634096307,0.24862865756064206,False
MX,MXZ5,RBREAKER_2_1,BREAKOUT,LONG,2025-11-07|MX|MXZ5|BREAKOUT|1|10,2025-11-07 13:08:00+00:00,2025-11-07 13:29:00+00:00,2025-11-07,261250.625,261325.0,261250.0,261200.0,7.640440853437243,250.0,260950.0,261250.0,5000.0,-4.775275533398277,998.080339235574,191.01102133593108,759.268809810326,-1953.13544591525,-1953.1354459152294,-0.39062708918305,-0.0009550551066796555,TRAILING_STOP,20,0.3056176341374897,0.45842645120623465,False
MX,MXZ5,RBREAKER_2_1,BREAKOUT,LONG,2025-11-07|MX|MXZ5|BREAKOUT|1|11,2025-11-07 13:46:00+00:00,2025-11-07 15:06:00+00:00,2025-11-07,261250.625,261325.0,261750.0,261675.0,6.6276738521697345,301.7857142857143,260850.0,261750.0,5000.0,3309.6946299272613,866.5683561711928,165.69184630424337,824.3169353636108,1453.117492088407,1453.117492088214,0.2906234984176814,0.6619389259854522,TRAILING_STOP,79,0.29824532334763804,1.1929812933905521,False
MX,MXZ5,RBREAKER_2_1,REVERSAL,SHORT,2025-11-10|MX|MXZ5|REVERSAL|-1|12,2025-11-10 14:28:00+00:00,2025-11-10 15:12:00+00:00,2025-11-10,260297.0,260225.0,260199.99999999997,260275.0,5.006347333226055,419.64285714285717,260650.0,260200.0,3500.0,485.6156913229273,651.4509467360404,125.15868333065137,610.7743746535787,-901.7683133973114,-901.768313397343,-0.25764808954208895,0.13874734037797923,TRAILING_STOP,43,0.2860769904700603,0.6436732285576355,False
MX,MXZ5,RBREAKER_2_1,BREAKOUT,SHORT,2025-11-12|MX|MXZ5|BREAKOUT|-1|13,2025-11-12 12:04:00+00:00,2025-11-12 12:25:00+00:00,2025-11-12,257870.625,257800.0,258299.99999999997,258375.0,5.585656035301346,416.07142857142856,258425.0,258300.0,5000.0,-2398.3410601575156,720.7940010054181,139.64140088253365,673.7697592582249,-3932.5462213038145,-3932.546221303692,-0.7865092442607629,-0.4796682120315031,TRAILING_STOP,20,0.4747807630006144,0.13964140088253363,False
MX,MXZ5,RBREAKER_2_1,BREAKOUT,SHORT,2025-11-12|MX|MXZ5|BREAKOUT|-1|14,2025-11-12 12:33:00+00:00,2025-11-12 12:48:00+00:00,2025-11-12,257870.625,257800.0,258275.0,258350.0,5.024368185700649,476.7857142857143,258525.0,258275.0,5000.0,-2031.7288850926998,648.3319097623475,125.60920464251622,606.0644124001408,-3411.734411897721,-3411.7344118977044,-0.6823468823795442,-0.40634577701853997,TRAILING_STOP,14,0.42707129578455516,0.2512184092850324,False
MX,MXZ5,RBREAKER_2_1,BREAKOUT,SHORT,2025-11-12|MX|MXZ5|BREAKOUT|-1|15,2025-11-12 13:08:00+00:00,2025-11-12 14:53:00+00:00,2025-11-12,257870.625,257800.0,257599.99999999997,257675.0,5.024368185700649,471.42857142857144,258525.0,257600.0,5000.0,1359.7196402552381,647.4840476310105,125.60920464251622,606.0644124001408,-19.43802441840444,-19.43802441842945,-0.003887604883680888,0.2719439280510476,TRAILING_STOP,104,0.6782897050695876,0.92950811435462,False
MX,MXZ5,RBREAKER_2_1,BREAKOUT,SHORT,2025-11-12|MX|MXZ5|BREAKOUT|-1|16,2025-11-12 15:11:00+00:00,2025-11-12 15:35:00+00:00,2025-11-12,257870.625,257800.0,257700.00000000003,257750.0,4.463687898942106,566.0714285714286,258650.0,258500.0,5000.0,761.6167477569968,575.3135740749007,111.59219747355264,426.84015533633885,-352.1291791278803,-352.12917912779534,-0.07042583582557606,0.15232334955139937,FORCE_CLOSE,23,0.2455028344418158,0.1339106369682632,False
MX,MXZ5,RBREAKER_2_1,BREAKOUT,SHORT,2025-11-14|MX|MXZ5|BREAKOUT|-1|17,2025-11-14 13:38:00+00:00,2025-11-14 14:29:00+00:00,2025-11-14,255202.1875,255125.0,255800.00000000003,255874.99999999997,5.225001632813011,450.0,255800.0,255800.0,5000.0,-3123.571288616028,667.4939585918621,130.62504082032527,664.5548951734048,-4586.245183201419,-4586.24518320162,-0.9172490366402839,-0.6247142577232057,INITIAL_STOP,50,0.6792502122656914,0.0,False
MX,MXZ5,RBREAKER_2_1,BREAKOUT,LONG,2025-11-18|MX|MXZ5|BREAKOUT|1|18,2025-11-18 08:26:00+00:00,2025-11-18 09:37:00+00:00,2025-11-18,260009.375,260075.0,259599.99999999997,259525.0,2.3405089436698012,1242.857142857143,258200.0,259600.0,5000.0,-958.1458488148248,304.0321117827072,58.51272359174503,270.62134661182074,-1591.3120308010941,-1591.312030801098,-0.31826240616021884,-0.19162916976296496,TRAILING_STOP,70,0.12872799190183906,0.6553425042275443,False
MX,MXZ5,RBREAKER_2_1,BREAKOUT,LONG,2025-11-18|MX|MXZ5|BREAKOUT|1|19,2025-11-18 09:50:00+00:00,2025-11-18 15:35:00+00:00,2025-11-18,260009.375,260075.0,260200.0,260150.0,2.5493457741407113,1128.5714285714287,258375.0,259400.0,5000.0,485.9690381955731,331.5583513380879,63.73364435351778,231.034460781502,-140.3574182774791,-140.35741827753458,-0.02807148365549582,0.09719380763911462,FORCE_CLOSE,339,0.7010700878886956,0.5226158836988458,False
MX,MXZ5,RBREAKER_2_1,BREAKOUT,LONG,2025-11-19|MX|MXZ5|BREAKOUT|1|20,2025-11-19 13:01:00+00:00,2025-11-19 13:19:00+00:00,2025-11-19,267218.125,267300.0,269750.0,269675.0,2.781795927450762,983.9285714285714,265800.0,269750.0,5000.0,7043.159563814399,373.43871703571824,69.54489818626905,366.84933793256926,6233.326610659806,6233.326610659842,1.2466653221319612,1.40863191276288,TRAILING_STOP,17,0.3338155112940914,2.197618782686102,False
MX,MXZ5,RBREAKER_2_1,BREAKOUT,LONG,2025-11-21|MX|MXZ5|BREAKOUT|1|21,2025-11-21 07:43:00+00:00,2025-11-21 08:13:00+00:00,2025-11-21,272293.75,272375.0,271175.0,271100.0,3.336252554318362,783.9285714285714,271175.0,271175.0,5000.0,-3732.4325451436675,453.29246423954294,83.40631385795905,437.883147754285,-4707.01447099554,-4707.014470995456,-0.941402894199108,-0.7464865090287335,INITIAL_STOP,29,0.7840193502648151,0.0,False
MX,MXZ5,RBREAKER_2_1,BREAKOUT,LONG,2025-11-21|MX|MXZ5|BREAKOUT|1|22,2025-11-21 08:26:00+00:00,2025-11-21 08:36:00+00:00,2025-11-21,272293.75,272375.0,271325.0,271250.0,3.3928495695322107,775.0,271200.0,271325.0,5000.0,-3286.823020484329,461.109461809237,84.82123923830527,445.31150600110266,-4278.065227532954,-4278.065227532974,-0.8556130455065908,-0.6573646040968658,TRAILING_STOP,9,0.6616056660587811,0.20357097417193265,False
MX,MXZ5,RBREAKER_2_1,BREAKOUT,LONG,2025-11-21|MX|MXZ5|BREAKOUT|1|23,2025-11-21 14:53:00+00:00,2025-11-21 14:58:00+00:00,2025-11-21,272293.75,272375.0,272200.0,272125.0,3.1275655811407796,855.3571428571429,271075.0,272200.0,5000.0,-293.2092732319481,425.73986473278865,78.18913952851949,410.4929825247273,-1207.6312600179322,-1207.6312600179835,-0.24152625200358643,-0.058641854646389616,TRAILING_STOP,4,0.6098752883224521,0.7037022557566754,False
MX,MXZ5,RBREAKER_2_1,BREAKOUT,LONG,2025-11-21|MX|MXZ5|BREAKOUT|1|24,2025-11-21 15:24:00+00:00,2025-11-21 15:35:00+00:00,2025-11-21,272293.75,272375.0,272400.0,272350.0,2.6685346409153072,1033.9285714285713,270800.0,271125.0,5000.0,283.5318055972514,363.4043830681477,66.71336602288268,283.5318055972514,-430.1177490910633,-430.11774909103036,-0.08602354981821266,0.05670636111945027,FORCE_CLOSE,10,0.34690950331898995,0.17345475165949498,False
MX,MXZ5,RBREAKER_2_1,BREAKOUT,SHORT,2025-11-27|MX|MXZ5|BREAKOUT|-1|25,2025-11-27 14:08:00+00:00,2025-11-27 14:45:00+00:00,2025-11-27,266247.5,266175.0,264125.0,264200.0,4.532731990889208,541.0714285714286,267000.0,264125.0,5000.0,9620.723650662345,601.0119324169659,113.3182997722302,555.2596688839279,8351.133749589177,8351.13374958922,1.6702267499178354,1.924144730132469,TRAILING_STOP,36,0.43060953913447475,2.6063208947612946,False
MX,MXZ5,RBREAKER_2_1,BREAKOUT,SHORT,2025-12-03|MX|MXZ5|BREAKOUT|-1|26,2025-12-03 14:56:00+00:00,2025-12-03 15:23:00+00:00,2025-12-03,265751.25,265675.0,266275.0,266350.0,5.345663998289387,432.14285714285717,266325.0,266275.0,5000.0,-2799.7915191040665,711.0067221724778,133.6415999572347,674.8900797840352,-4319.329921017855,-4319.329921017814,-0.863865984203571,-0.5599583038208134,TRAILING_STOP,26,0.5078380798374917,0.05345663998289388,False
MX,MXZ5,RBREAKER_2_1,BREAKOUT,LONG,2025-12-05|MX|MXZ5|BREAKOUT|1|27,2025-12-05 08:28:00+00:00,2025-12-05 09:36:00+00:00,2025-12-05,270539.375,270625.0,272050.0,271975.0,4.732327713694174,489.2857142857143,269875.0,272050.0,5000.0,7148.772552499261,641.9402543626147,118.30819284235434,641.8219461697723,5746.702159124345,5746.702159124519,1.149340431824869,1.4297545104998521,TRAILING_STOP,67,0.3785862170955339,2.0585625554569655,False
MX,MXZ5,RBREAKER_2_1,REVERSAL,LONG,2025-12-09|MX|MXZ5|REVERSAL|1|28,2025-12-09 13:42:00+00:00,2025-12-09 13:42:00+00:00,2025-12-09,273414.625,273500.0,273075.0,273000.0,4.778156996587031,405.35714285714283,273075.0,273075.0,3500.0,-1622.7815699658704,652.8156996587031,119.45392491467577,646.8430034129692,-3041.894197952349,-3041.8941979522183,-0.8691126279863853,-0.46365187713310585,INITIAL_STOP,0,0.0,0.0,False
MX,MXZ5,RBREAKER_2_1,BREAKOUT,LONG,2025-12-11|MX|MXZ5|BREAKOUT|1|29,2025-12-11 14:22:00+00:00,2025-12-11 14:59:00+00:00,2025-12-11,277635.0,277700.0,277125.0,277050.0,5.754733268113023,392.85714285714283,277100.0,277125.0,5000.0,-2934.9139667376417,798.1095701214249,143.86833170282557,661.7943258329976,-4538.686194394981,-4538.68619439489,-0.9077372388789962,-0.5869827933475283,TRAILING_STOP,36,0.517925994130172,0.028773666340565114,False
MX,MXH6,RBREAKER_2_1,BREAKOUT,LONG,2025-12-19|MX|MXH6|BREAKOUT|1|30,2025-12-19 07:18:00+00:00,2025-12-19 07:25:00+00:00,2025-12-19,286762.1875,286825.0,286900.0,286825.0,6.720091393242948,305.35714285714283,286350.0,286900.0,5000.0,926.1125951312937,963.7451069334542,168.0022848310737,758.11031030022,-963.7451069334542,-963.7451069334542,-0.19274902138669084,0.18522251902625875,TRAILING_STOP,6,0.43680594056079164,0.7392100532567242,False
MX,MXH6,RBREAKER_2_1,BREAKOUT,LONG,2025-12-19|MX|MXH6|BREAKOUT|1|31,2025-12-19 07:33:00+00:00,2025-12-19 08:09:00+00:00,2025-12-19,286762.1875,286825.0,286150.0,286075.0,5.2963997722548095,437.5,286150.0,286150.0,5000.0,-3242.389735577241,758.5768573811952,132.40999430637024,597.5000993074957,-4730.876686572257,-4730.876686572302,-0.9461753373144515,-0.6484779471154482,INITIAL_STOP,35,0.6620499715318512,0.026481998861274048,False
MX,MXH6,RBREAKER_2_1,BREAKOUT,SHORT,2025-12-19|MX|MXH6|BREAKOUT|-1|32,2025-12-19 10:30:00+00:00,2025-12-19 10:30:00+00:00,2025-12-19,281649.0625,281575.0,282200.0,282275.0,5.4709832724686445,408.92857142857144,282200.0,282200.0,5000.0,-3014.169846675694,771.2034795453613,136.7745818117161,678.7438622406412,-4600.891770273384,-4600.8917702734125,-0.9201783540546769,-0.6028339693351388,INITIAL_STOP,0,0.0,0.0,False
MX,MXH6,RBREAKER_2_1,BREAKOUT,SHORT,2025-12-19|MX|MXH6|BREAKOUT|-1|33,2025-12-19 10:34:00+00:00,2025-12-19 10:37:00+00:00,2025-12-19,281649.0625,281575.0,281475.0,281550.0,5.4709832724686445,408.92857142857144,282200.0,281475.0,5000.0,952.2930258640735,770.2118638272264,136.7745818117161,678.7438622406412,-633.4372820153699,-633.4372820155102,-0.12668745640307397,0.19045860517281468,TRAILING_STOP,2,0.3829688290728051,0.7932925745079535,False
MX,MXH6,RBREAKER_2_1,BREAKOUT,SHORT,2025-12-19|MX|MXH6|BREAKOUT|-1|34,2025-12-19 10:47:00+00:00,2025-12-19 10:53:00+00:00,2025-12-19,281649.0625,281575.0,282750.0,282825.0,3.050803505373228,883.9285714285714,282925.0,282750.0,5000.0,-3358.743984196838,430.46837460816243,76.2700876343307,378.49030988536606,-4243.972756324647,-4243.972756324697,-0.8487945512649294,-0.6717487968393676,TRAILING_STOP,5,0.5033825783865825,0.10677812268806297,False
MX,MXH6,RBREAKER_2_1,BREAKOUT,SHORT,2025-12-19|MX|MXH6|BREAKOUT|-1|35,2025-12-19 13:01:00+00:00,2025-12-19 13:27:00+00:00,2025-12-19,281649.0625,281575.0,282650.0,282725.0,3.5999388010403823,719.6428571428571,282675.0,282650.0,5000.0,-3603.313743666358,507.86136635677195,89.99847002600956,446.61740750407245,-4647.7909875532405,-4647.790987553211,-0.929558197510648,-0.7206627487332715,TRAILING_STOP,25,0.6659886781924707,0.017999694005201912,False
MX,MXH6,RBREAKER_2_1,BREAKOUT,SHORT,2025-12-19|MX|MXH6|BREAKOUT|-1|36,2025-12-19 14:10:00+00:00,2025-12-19 15:12:00+00:00,2025-12-19,281649.0625,281575.0,282075.0,282150.0,3.9559700533066966,648.2142857142857,282550.0,282075.0,5000.0,-1684.9959945803212,557.5198045750793,98.89925133266742,490.78753473836207,-2832.202585226455,-2832.20258522643,-0.566440517045291,-0.3369991989160642,TRAILING_STOP,61,0.4351567058637366,0.37581715506413615,False
MX,MXH6,RBREAKER_2_1,BREAKOUT,LONG,2025-12-26|MX|MXH6|BREAKOUT|1|37,2025-12-26 07:48:00+00:00,2025-12-26 08:49:00+00:00,2025-12-26,280299.0625,280375.0,280400.0,280325.0,4.685761143325719,512.5,279600.0,280400.0,5000.0,472.96901540443974,656.8265682656827,117.14402858314297,590.1130439875827,-891.1146254320672,-891.1146254319686,-0.17822292508641344,0.09459380308088795,TRAILING_STOP,60,0.21085925144965736,0.749721782932115,False
MX,MXH6,RBREAKER_2_1,BREAKOUT,LONG,2025-12-26|MX|MXH6|BREAKOUT|1|38,2025-12-26 09:06:00+00:00,2025-12-26 15:35:00+00:00,2025-12-26,280299.0625,280375.0,282225.0,282175.0,4.378044108794396,566.0714285714286,279525.0,281875.0,5000.0,8431.839325781206,615.7171783505719,109.45110271985989,441.9088272314343,7264.762217479268,7264.76221747934,1.4529524434958536,1.6863678651562413,FORCE_CLOSE,383,0.21890220543971978,2.0576807311333662,False
MX,MXH6,RBREAKER_2_1,BREAKOUT,LONG,2025-12-29|MX|MXH6|BREAKOUT|1|39,2025-12-29 08:47:00+00:00,2025-12-29 09:01:00+00:00,2025-12-29,285937.1875,286000.0,287825.0,287750.0,5.298715061597562,441.07142857142856,285325.0,287825.0,5000.0,10002.980527222147,760.0344416479004,132.46787653993906,597.7612928864748,8512.716916148003,8512.716916147834,1.7025433832296006,2.0005961054444295,TRAILING_STOP,13,0.2649357530798781,2.649357530798781,False
MX,MXH6,RBREAKER_2_1,REVERSAL,LONG,2026-01-05|MX|MXH6|REVERSAL|1|40,2026-01-05 15:23:00+00:00,2026-01-05 15:33:00+00:00,2026-01-05,281479.75,281550.0,281350.0,281275.0,6.021246398004387,292.85714285714283,281250.0,281350.0,3500.0,-781.2567201410693,847.2270009892047,150.5311599501097,724.0548793600276,-2503.069760440335,-2503.0697604404113,-0.7151627886972386,-0.22321620575459122,TRAILING_STOP,9,0.25805341705733087,0.17203561137155393,False
MX,MXH6,RBREAKER_2_1,BREAKOUT,SHORT,2026-01-08|MX|MXH6|BREAKOUT|-1|41,2026-01-08 07:20:00+00:00,2026-01-08 09:29:00+00:00,2026-01-08,278681.875,278600.0,279125.0,279200.0,4.984796371068242,466.07142857142856,279300.0,279125.0,5000.0,-2208.887891929615,695.1298539454664,124.61990927670605,657.3700214346245,-3686.007676586284,-3686.007676586412,-0.7372015353172569,-0.44177757838592296,TRAILING_STOP,127,0.3240117641194358,0.17446787298738847,False
MX,MXH6,RBREAKER_2_1,BREAKOUT,SHORT,2026-01-08|MX|MXH6|BREAKOUT|-1|42,2026-01-08 10:35:00+00:00,2026-01-08 12:21:00+00:00,2026-01-08,278681.875,278600.0,277825.0,277900.0,6.86766018817389,275.0,279025.0,277825.0,5000.0,5884.726323741502,955.4632236796924,171.69150470434724,905.6726873154316,3851.8989080421134,3851.89890804203,0.7703797816084227,1.1769452647483003,TRAILING_STOP,99,0.3433830094086945,1.6482384451617333,False
MX,MXH6,RBREAKER_2_1,BREAKOUT,LONG,2026-01-12|MX|MXH6|BREAKOUT|1|43,2026-01-12 07:48:00+00:00,2026-01-12 08:19:00+00:00,2026-01-12,280752.8125,280825.0,280475.0,280400.0,5.209486474870739,446.42857142857144,280150.0,280475.0,5000.0,-1447.2604613000271,730.9235117148327,130.23716187176848,636.5341286482684,-2944.955263534952,-2944.955263534897,-0.5889910527069904,-0.28945209226000546,TRAILING_STOP,30,0.41675891798965914,0.33861662086659805,False
MX,MXH6,RBREAKER_2_1,BREAKOUT,LONG,2026-01-12|MX|MXH6|BREAKOUT|1|44,2026-01-12 09:48:00+00:00,2026-01-12 10:33:00+00:00,2026-01-12,280752.8125,280825.0,280300.0,280225.0,6.1744593489032615,337.5,280300.0,280300.0,5000.0,-2795.872373925258,866.0451044255437,154.36148372258154,754.4417516941173,-4570.7207137676,-4570.7207137675005,-0.91414414275352,-0.5591744747850517,INITIAL_STOP,44,0.6174459348903262,0.0,False
MX,MXH6,RBREAKER_2_1,REVERSAL,SHORT,2026-01-12|MX|MXH6|REVERSAL|-1|45,2026-01-12 15:00:00+00:00,2026-01-12 15:00:00+00:00,2026-01-12,278152.625,278075.0,278425.0,278500.0,5.432357449120152,339.2857142857143,278425.0,278425.0,3500.0000000000005,-1479.6383602041014,755.8785868110122,135.8089362280038,693.3046194439595,-3064.6305026870673,-3064.630502687077,-0.8756087150534477,-0.4227538172011718,INITIAL_STOP,0,0.0,0.0,False
MX,MXH6,RBREAKER_2_1,BREAKOUT,SHORT,2026-01-14|MX|MXH6|BREAKOUT|-1|46,2026-01-14 07:23:00+00:00,2026-01-14 07:23:00+00:00,2026-01-14,275833.4375,275750.0,276175.0,276250.0,6.851661527920521,276.7857142857143,276175.0,276175.0,5000.0,-2340.270640630353,945.5292908530319,171.29153819801303,914.2685851318944,-4371.360054813289,-4371.360054813292,-0.8742720109626578,-0.46805412812607056,INITIAL_STOP,0,0.0,0.0,False
MX,MXH6,RBREAKER_2_1,REVERSAL,LONG,2026-01-14|MX|MXH6|REVERSAL|1|47,2026-01-14 08:31:00+00:00,2026-01-14 08:31:00+00:00,2026-01-14,277943.375,278025.0,277625.0,277550.0,4.983891351168544,398.2142857142857,277625.0,277625.0,3499.9999999999995,-1586.746408928285,692.2313593563659,124.5972837792136,656.0046990975595,-3059.579751161443,-3059.5797511614246,-0.8741656431889838,-0.45335611683665294,INITIAL_STOP,0,0.0,0.0,False
MX,MXH6,RBREAKER_2_1,REVERSAL,SHORT,2026-01-14|MX|MXH6|REVERSAL|-1|48,2026-01-14 08:37:00+00:00,2026-01-14 08:37:00+00:00,2026-01-14,278081.625,278000.0,278400.0,278475.0,4.983980064079744,398.2142857142857,278400.0,278400.0,3500.0000000000005,-1586.7746529013884,693.365076539694,124.5995016019936,656.0163759344964,-3060.7556069776238,-3060.755606977573,-0.8745016019936067,-0.4533641865432538,INITIAL_STOP,0,0.0,0.0,False
MX,MXH6,RBREAKER_2_1,BREAKOUT,LONG,2026-01-14|MX|MXH6|BREAKOUT|1|49,2026-01-14 14:08:00+00:00,2026-01-14 14:23:00+00:00,2026-01-14,279832.8125,279900.0,279325.0,279250.0,5.887027933947547,376.7857142857143,279325.0,279325.0,5000.0,-2989.5063727077386,822.9329173166927,147.17569834868866,689.886086009478,-4649.501074382585,-4649.501074382598,-0.929900214876517,-0.5979012745415477,INITIAL_STOP,14,0.6475730727342301,0.1766108380184264,False
MX,MXH6,RBREAKER_2_1,BREAKOUT,LONG,2026-01-16|MX|MXH6|BREAKOUT|1|50,2026-01-16 08:06:00+00:00,2026-01-16 08:45:00+00:00,2026-01-16,280720.9375,280800.0,280325.0,280250.0,5.414038602095233,408.92857142857144,280175.0,280325.0,5000.0,-2143.6209090170814,759.3865894263827,135.35096505238081,698.749357082916,-3737.107820578919,-3737.1078205787608,-0.7474215641157838,-0.42872418180341626,TRAILING_STOP,38,0.48726347418857097,0.16242115806285698,False
MX,MXH6,RBREAKER_2_1,BREAKOUT,LONG,2026-01-16|MX|MXH6|BREAKOUT|1|51,2026-01-16 09:46:00+00:00,2026-01-16 10:24:00+00:00,2026-01-16,280720.9375,280800.0,280375.0,280300.0,5.723934632666495,375.0,280225.0,280375.0,5000.0,-1980.1236369880655,802.9249305972926,143.09836581666238,738.7453135285195,-3664.892246930497,-3664.89224693054,-0.7329784493860995,-0.39602472739761313,TRAILING_STOP,37,0.4579147706133196,0.17171803897999485,False
MX,MXH6,RBREAKER_2_1,BREAKOUT,LONG,2026-01-16|MX|MXH6|BREAKOUT|1|52,2026-01-16 13:40:00+00:00,2026-01-16 13:40:00+00:00,2026-01-16,280720.9375,280800.0,280450.0,280375.0,7.709803014532979,219.64285714285714,280450.0,280450.0,5000.0,-2088.874754250029,1081.6371766701363,192.74507536332447,995.0464515631626,-4358.303457846867,-4358.303457846652,-0.8716606915693734,-0.4177749508500058,INITIAL_STOP,0,0.0,0.0,False
MX,MXH6,RBREAKER_2_1,BREAKOUT,LONG,2026-01-21|MX|MXH6|BREAKOUT|1|53,2026-01-21 10:23:00+00:00,2026-01-21 11:27:00+00:00,2026-01-21,284307.5,284375.0,285125.0,285050.0,5.1167252958106815,460.7142857142857,283675.0,285125.0,5000.0,4182.922929325232,728.3978253917494,127.91813239526704,601.215222257755,2725.391749280486,2725.3917492804603,0.5450783498560972,0.8365845858650464,TRAILING_STOP,58,0.6140070354972818,1.4838503357850976,False
MX,MXH6,RBREAKER_2_1,BREAKOUT,LONG,2026-01-29|MX|MXH6|BREAKOUT|1|54,2026-01-29 15:25:00+00:00,2026-01-29 15:28:00+00:00,2026-01-29,287561.875,287625.0,286550.0,286475.0,3.717299381998978,714.2857142857143,286550.0,286550.0,5000.0,-3761.442312160216,533.5253938014033,92.93248454997445,420.51949258863436,-4808.4196831000845,-4808.419683100227,-0.9616839366200169,-0.7522884624320432,INITIAL_STOP,2,0.7062868825798059,0.0,False
MX,MXH6,RBREAKER_2_1,REVERSAL,SHORT,2026-02-04|MX|MXH6|REVERSAL|-1|55,2026-02-04 11:22:00+00:00,2026-02-04 11:32:00+00:00,2026-02-04,284177.625,284100.0,284425.0,284500.0,4.845632008860584,412.5,284525.0,284425.0,3500.0,-1198.688218191887,688.806590059532,121.14080022151461,618.4237851308321,-2627.0593936035802,-2627.059393603766,-0.7505883981724515,-0.34248234805482486,TRAILING_STOP,9,0.5191748580922054,0.13844662882458814,False
MX,MXH6,RBREAKER_2_1,BREAKOUT,SHORT,2026-02-05|MX|MXH6|BREAKOUT|-1|56,2026-02-05 07:25:00+00:00,2026-02-05 07:30:00+00:00,2026-02-05,280428.75,280350.0,280975.0,281050.0,5.011652091111835,457.14285714285717,281050.0,280975.0,5000.0,-2737.61495476984,703.3853709875461,125.29130227779588,645.2502067306488,-4211.541834765891,-4211.541834765831,-0.8423083669531781,-0.5475229909539681,TRAILING_STOP,4,0.3758739068333876,0.07517478136667753,False
MX,MXH6,RBREAKER_2_1,BREAKOUT,SHORT,2026-02-05|MX|MXH6|BREAKOUT|-1|57,2026-02-05 09:50:00+00:00,2026-02-05 12:46:00+00:00,2026-02-05,280428.75,280350.0,278400.0,278475.0,4.661244086046566,508.92857142857144,281125.0,278400.0,5000.0,9456.49893956697,651.2049315962431,116.53110215116416,600.1351760784953,8088.627729741209,8088.627729741068,1.6177255459482418,1.8912997879133941,TRAILING_STOP,170,0.30298086559302684,2.5403780268953784,False
MX,MXH6,RBREAKER_2_1,BREAKOUT,SHORT,2026-02-09|MX|MXH6|BREAKOUT|-1|58,2026-02-09 08:27:00+00:00,2026-02-09 09:01:00+00:00,2026-02-09,276866.875,276800.0,277450.0,277525.0,5.2789948793749675,441.07142857142856,277475.0,277450.0,5000.0,-3078.313889035528,731.5697091273822,131.97487198437418,616.9825265269493,-4558.840996674108,-4558.840996674234,-0.9117681993348217,-0.6156627778071057,TRAILING_STOP,33,0.5278994879374967,0.026394974396874837,False
MX,MXH6,RBREAKER_2_1,BREAKOUT,SHORT,2026-02-09|MX|MXH6|BREAKOUT|-1|59,2026-02-09 09:55:00+00:00,2026-02-09 10:24:00+00:00,2026-02-09,276866.875,276800.0,277025.0,277100.0,6.081615277017576,360.7142857142857,277350.0,277025.0,5000.0,-961.6554156784042,842.1516754850089,152.04038192543942,710.7887855014292,-2666.6362585904353,-2666.6362585902816,-0.533327251718087,-0.19233108313568084,TRAILING_STOP,28,0.24326461108070307,0.39530499300614247,False
MX,MXH6,RBREAKER_2_1,BREAKOUT,SHORT,2026-02-09|MX|MXH6|BREAKOUT|-1|60,2026-02-09 11:10:00+00:00,2026-02-09 12:11:00+00:00,2026-02-09,276866.875,276800.0,276575.0,276650.0,6.923769300006924,296.42857142857144,277250.0,276575.0,5000.0,2020.875164439521,957.990029772208,173.09423250017312,809.2155369383092,80.5753652288812,80.57536522883083,0.016115073045776238,0.40417503288790424,TRAILING_STOP,60,0.4154261580004155,0.9347088555009349,False
MX,MXH6,RBREAKER_2_1,BREAKOUT,SHORT,2026-02-09|MX|MXH6|BREAKOUT|-1|61,2026-02-09 12:41:00+00:00,2026-02-09 13:17:00+00:00,2026-02-09,276866.875,276800.0,277275.0,277350.0,6.692096633875393,307.14285714285717,277275.0,277275.0,5000.0,-2731.211938700395,927.1063374155124,167.30241584688483,782.1387940841867,-4607.759486047078,-4607.759486046979,-0.9215518972094157,-0.5462423877400789,INITIAL_STOP,35,0.5353677307100314,0.0,False
MX,MXH6,RBREAKER_2_1,BREAKOUT,SHORT,2026-02-09|MX|MXH6|BREAKOUT|-1|62,2026-02-09 15:16:00+00:00,2026-02-09 15:35:00+00:00,2026-02-09,276866.875,276800.0,277025.0,277075.0,6.923769300006924,294.64285714285717,277250.0,277250.0,5000.0,-1094.8210205635949,958.7256802603338,173.09423250017312,636.1213044381361,-2862.762237762214,-2862.762237762238,-0.5725524475524428,-0.21896420411271897,FORCE_CLOSE,18,0.5192826975005194,0.0,False
MX,MXH6,RBREAKER_2_1,BREAKOUT,LONG,2026-02-11|MX|MXH6|BREAKOUT|1|63,2026-02-11 09:59:00+00:00,2026-02-11 10:13:00+00:00,2026-02-11,279735.9375,279800.0,279250.0,279175.0,5.598947397889197,414.2857142857143,279175.0,279250.0,5000.0,-2720.7385011617816,782.4179054337785,139.9736849472299,638.6299375717365,-4281.760029114526,-4281.760029114526,-0.8563520058229053,-0.5441477002323564,TRAILING_STOP,13,0.5878894767783657,0.08398421096833796,False
MX,MXH6,RBREAKER_2_1,BREAKOUT,LONG,2026-02-11|MX|MXH6|BREAKOUT|1|64,2026-02-11 12:42:00+00:00,2026-02-11 12:42:00+00:00,2026-02-11,279735.9375,279800.0,279325.0,279250.0,6.729248679384947,316.07142857142856,279325.0,279325.0,5000.0,-2765.3006291847514,940.4966185525386,168.23121698462367,767.5549274923455,-4641.583392214203,-4641.583392214259,-0.9283166784428406,-0.5530601258369503,INITIAL_STOP,0,0.0,0.0,False
MX,MXH6,RBREAKER_2_1,BREAKOUT,SHORT,2026-02-17|MX|MXH6|BREAKOUT|-1|65,2026-02-17 14:58:00+00:00,2026-02-17 15:35:00+00:00,2026-02-17,280605.0,280525.0,280725.0,280775.0,5.26170400284132,428.57142857142856,281175.0,281150.0,5000.0,-631.4044803409583,738.3486141987082,131.542600071033,552.4789202983386,-2053.774614909052,-2053.774614909038,-0.41075492298181043,-0.12628089606819168,FORCE_CLOSE,36,0.526170400284132,0.026308520014206603,False
MX,MXH6,RBREAKER_2_1,REVERSAL,SHORT,2026-02-19|MX|MXH6|REVERSAL|-1|66,2026-02-19 12:50:00+00:00,2026-02-19 12:52:00+00:00,2026-02-19,280846.75,280775.0,281050.0,281125.0,6.262441010042271,269.64285714285717,281050.0,281050.0,3500.0,-1272.8411352910916,879.716400885688,156.56102525105678,762.4521929726466,-3071.5707544006536,-3071.570754400483,-0.8775916441144724,-0.36366889579745476,INITIAL_STOP,1,0.4025854935027174,0.0,False
MX,MXH6,RBREAKER_2_1,BREAKOUT,LONG,2026-02-24|MX|MXH6|BREAKOUT|1|67,2026-02-24 07:34:00+00:00,2026-02-24 07:48:00+00:00,2026-02-24,283865.0,283950.0,283800.0,283725.0,7.278285235998399,244.64285714285714,283575.0,283800.0,5000.0,-473.0885403398959,1032.9251428363477,181.95713089995996,982.5685068597838,-2670.5393209360172,-2670.5393209359872,-0.5341078641872035,-0.09461770806797919,TRAILING_STOP,13,0.4730885403398959,0.32752283561992795,False
MX,MXH6,RBREAKER_2_1,BREAKOUT,LONG,2026-02-24|MX|MXH6|BREAKOUT|1|68,2026-02-24 07:49:00+00:00,2026-02-24 08:06:00+00:00,2026-02-24,283865.0,283950.0,283650.0,283575.0,6.353441977191143,307.14285714285717,283475.0,283650.0,5000.0,-1365.990025096096,901.4342895263509,158.83604942977857,857.7146669208043,-3283.9750309730116,-3283.97503097303,-0.6567950061946023,-0.2731980050192192,TRAILING_STOP,16,0.31767209885955716,0.22237046920169,False
MX,MXH6,RBREAKER_2_1,REVERSAL,SHORT,2026-02-24|MX|MXH6|REVERSAL|-1|69,2026-02-24 10:26:00+00:00,2026-02-24 10:26:00+00:00,2026-02-24,282056.0,281975.0,282250.0,282325.0,6.055494279720583,271.42857142857144,282250.0,282250.0,3500.0000000000005,-1174.7658902657931,854.2788555115812,151.38735699301458,793.2697506433964,-2973.7018534137287,-2973.7018534137856,-0.8496291009753509,-0.335647397218798,INITIAL_STOP,0,0.0,0.0,False
MX,MXH6,RBREAKER_2_1,BREAKOUT,SHORT,2026-02-24|MX|MXH6|BREAKOUT|-1|70,2026-02-24 14:14:00+00:00,2026-02-24 14:14:00+00:00,2026-02-24,280625.0,280550.0,280925.0,281000.0,7.5156890007891475,248.21428571428572,280925.0,280925.0,5000.0,-2254.7067002367444,1055.1087895982864,187.8922250197287,939.4611250986435,-4437.168839953557,-4437.168839953403,-0.8874337679907114,-0.45094134004734887,INITIAL_STOP,0,0.0,0.0,False
MX,MXH6,RBREAKER_2_1,BREAKOUT,SHORT,2026-02-24|MX|MXH6|BREAKOUT|-1|71,2026-02-24 15:20:00+00:00,2026-02-24 15:35:00+00:00,2026-02-24,280625.0,280550.0,280675.0,280725.0,6.99031840900353,276.7857142857143,280975.0,280975.0,5000.0,-349.5159204501765,980.8727412533641,174.75796022508825,699.031840900353,-2204.178462828991,-2204.1784628289815,-0.44083569256579824,-0.0699031840900353,FORCE_CLOSE,14,0.4194191045402118,0.0,False
MX,MXH6,RBREAKER_2_1,BREAKOUT,LONG,2026-03-06|MX|MXH6|BREAKOUT|1|72,2026-03-06 12:49:00+00:00,2026-03-06 13:01:00+00:00,2026-03-06,286131.875,286200.0,286050.0,285975.0,7.6411706273401085,250.0,285825.0,286050.0,5000.0,-625.6208451134714,1093.0217009245816,191.0292656835027,902.6132803545504,-2812.2850920761402,-2812.285092076106,-0.562457018415228,-0.1251241690226943,TRAILING_STOP,11,0.2674409719569038,0.3438526782303049,False
MX,MXH6,RBREAKER_2_1,BREAKOUT,LONG,2026-03-06|MX|MXH6|BREAKOUT|1|73,2026-03-06 13:26:00+00:00,2026-03-06 14:13:00+00:00,2026-03-06,286131.875,286200.0,286525.0,286450.0,7.098743522396536,275.0,285775.0,286525.0,5000.0,2790.6935472421383,1016.2738695250941,177.4685880599134,838.5390785830907,758.4120110739836,758.41201107404,0.15168240221479673,0.5581387094484277,TRAILING_STOP,46,0.28394974089586145,1.0648115283594803,False
MX,MXH6,RBREAKER_2_1,BREAKOUT,LONG,2026-03-09|MX|MXH6|BREAKOUT|1|74,2026-03-09 09:06:00+00:00,2026-03-09 09:20:00+00:00,2026-03-09,290105.625,290175.0,289375.0,289300.0,4.052397499670742,632.1428571428571,289225.0,289375.0,5000.0,-2960.782923196936,587.0657602804258,101.30993749176855,483.75495152319485,-4132.913572492265,-4132.913572492325,-0.8265827144984531,-0.5921565846393871,TRAILING_STOP,13,0.3647157749703668,0.12157192499012226,False
MX,MXH6,RBREAKER_2_1,BREAKOUT,LONG,2026-03-09|MX|MXH6|BREAKOUT|1|75,2026-03-09 12:39:00+00:00,2026-03-09 13:14:00+00:00,2026-03-09,290105.625,290175.0,290225.0,290150.0,6.813497538624015,292.85714285714283,289725.0,290225.0,5000.0,813.3612686732417,988.5107397754954,170.33743846560037,813.3612686732417,-1158.8481782410572,-1158.8481782410959,-0.23176963564821143,0.16267225373464836,TRAILING_STOP,34,0.20440492615872044,0.6813497538624015,False
MX,MXH6,RBREAKER_2_1,BREAKOUT,LONG,2026-03-09|MX|MXH6|BREAKOUT|1|76,2026-03-09 13:18:00+00:00,2026-03-09 13:32:00+00:00,2026-03-09,290125.0,290175.0,290025.0,289950.0,7.461712089839014,280.35714285714283,289750.0,290025.0,5000.0,-746.1712089839014,1082.1814315294646,186.54280224597534,746.1712089839015,-2761.066651743258,-2761.066651743243,-0.5522133303486516,-0.14923424179678027,TRAILING_STOP,13,0.14923424179678027,0.4103941649411458,False
MX,MXH6,RBREAKER_2_1,BREAKOUT,LONG,2026-03-09|MX|MXH6|BREAKOUT|1|77,2026-03-09 13:36:00+00:00,2026-03-09 14:19:00+00:00,2026-03-09,290125.0,290175.0,290825.0,290750.0,6.943600604093253,301.7857142857143,289700.0,290825.0,5000.0,4860.5204228652765,1008.4277952332181,173.5900151023313,694.3600604093253,2984.142552120365,2984.142552120402,0.596828510424073,0.9721040845730553,TRAILING_STOP,42,0.17359001510233132,1.562310135920982,False
MX,MXH6,RBREAKER_2_1,REVERSAL,SHORT,2026-03-13|MX|MXH6|REVERSAL|-1|78,2026-03-13 13:01:00+00:00,2026-03-13 13:41:00+00:00,2026-03-13,287739.25,287675.0,287825.0,287900.0,5.85933412852868,323.2142857142857,288000.0,287825.0,3500.0,-502.4379015213343,843.1215602569737,146.483353213217,669.4289241844017,-2161.471739175775,-2161.471739175927,-0.6175633540502214,-0.14355368614895267,TRAILING_STOP,39,0.3766714796911294,0.29296670642643396,False
MX,MXH6,RBREAKER_2_1,BREAKOUT,SHORT,2026-03-16|MX|MXH6|BREAKOUT|-1|79,2026-03-16 13:49:00+00:00,2026-03-16 14:18:00+00:00,2026-03-16,285816.25,285750.0,285850.0,285925.0,6.892986386351887,294.64285714285717,286200.0,285850.0,5000.0,-232.6382905393762,985.1369981044288,172.32465965879717,801.3096674134069,-2191.4096157159975,-2191.4096157160093,-0.43828192314319947,-0.046527658107875236,TRAILING_STOP,28,0.3101843873858349,0.4825090470446321,False
MX,MXH6,RBREAKER_2_1,BREAKOUT,SHORT,2026-03-16|MX|MXH6|BREAKOUT|-1|80,2026-03-16 14:19:00+00:00,2026-03-16 15:35:00+00:00,2026-03-16,285800.0,285750.0,285800.0,285850.0,6.730607437321218,319.64285714285717,286250.0,286100.0,5000.0,0.0,961.8038027932021,168.26518593303047,504.7955577990914,-1634.8645465251143,-1634.864546525324,-0.3269729093050229,0.0,FORCE_CLOSE,75,0.4038364462392731,0.20191822311963656,False
MX,MXM6,RBREAKER_2_1,BREAKOUT,SHORT,2026-03-27|MX|MXM6|BREAKOUT|-1|81,2026-03-27 13:45:00+00:00,2026-03-27 14:07:00+00:00,2026-03-27,284321.875,284250.0,284350.0,284425.0,5.808044141135473,382.14285714285717,284825.0,284350.0,5000.0,-163.35124146943517,825.7223754900538,145.20110352838682,707.8553797008857,-1842.1301001888264,-1842.1301001887614,-0.36842602003776526,-0.03267024829388703,TRAILING_STOP,21,0.23232176564541893,0.5517641934078699,False
MX,MXM6,RBREAKER_2_1,BREAKOUT,SHORT,2026-03-27|MX|MXM6|BREAKOUT|-1|82,2026-03-27 14:17:00+00:00,2026-03-27 15:45:00+00:00,2026-03-27,284321.875,284250.0,284125.0,284175.0,5.0716368708000505,458.92857142857144,284950.0,284200.0,5000.0,998.47850893876,720.7112970711296,126.79092177000126,491.31482185875495,-340.33853176102093,-340.3385317611258,-0.06806770635220419,0.199695701787752,FORCE_CLOSE,87,0.22822365918600226,0.7607455306200076,False
MX,MXM6,RBREAKER_2_1,BREAKOUT,SHORT,2026-04-03|MX|MXM6|BREAKOUT|-1|83,2026-04-03 09:17:00+00:00,2026-04-03 09:24:00+00:00,2026-04-03,280597.1875,280525.0,281050.0,281125.0,6.175603279245341,350.0,281050.0,281050.0,5000.0,-2796.3903598832812,867.1318954470364,154.39008198113353,754.58152568279,-4572.493862994367,-4572.493862994241,-0.9144987725988735,-0.5592780719766562,INITIAL_STOP,6,0.5866823115283074,0.0,False
MX,MXM6,RBREAKER_2_1,BREAKOUT,SHORT,2026-04-03|MX|MXM6|BREAKOUT|-1|84,2026-04-03 11:45:00+00:00,2026-04-03 12:02:00+00:00,2026-04-03,280597.1875,280525.0,280775.0,280850.0,7.04585087456624,269.64285714285717,280950.0,280775.0,5000.0,-1252.8403586338095,988.8411336774057,176.14627186415598,860.9149037360625,-3278.7426679113464,-3278.7426679114337,-0.6557485335822693,-0.2505680717267619,TRAILING_STOP,16,0.3170632893554808,0.2466047806098184,False
MX,MXM6,RBREAKER_2_1,BREAKOUT,SHORT,2026-04-03|MX|MXM6|BREAKOUT|-1|85,2026-04-03 13:24:00+00:00,2026-04-03 14:26:00+00:00,2026-04-03,280597.1875,280525.0,280325.0,280400.0,7.04585087456624,267.85714285714283,280950.0,280325.0,5000.0,1917.7925349209984,988.0484754540171,176.14627186415598,860.9149037360625,-107.31711613309153,-107.31711613323716,-0.021463423226618306,0.3835585069841997,TRAILING_STOP,61,0.42275105247397443,0.8807313593207801,False
MX,MXM6,RBREAKER_2_1,BREAKOUT,SHORT,2026-04-08|MX|MXM6|BREAKOUT|-1|86,2026-04-08 08:58:00+00:00,2026-04-08 10:14:00+00:00,2026-04-08,280952.8125,280875.0,281250.0,281325.0,5.579967915184488,392.85714285714283,281475.0,281250.0,5000.0,-1658.29671479389,784.2644904791798,139.4991978796122,713.1896491595173,-3295.250052312198,-3295.250052312199,-0.6590500104624396,-0.331659342958778,TRAILING_STOP,75,0.6416963102462161,0.25109855618330196,False
MX,MXM6,RBREAKER_2_1,BREAKOUT,SHORT,2026-04-08|MX|MXM6|BREAKOUT|-1|87,2026-04-08 10:29:00+00:00,2026-04-08 10:57:00+00:00,2026-04-08,280952.8125,280875.0,281075.0,281150.0,6.280913872968517,330.35714285714283,281375.0,281075.0,5000.0,-767.4491638533407,882.5076548637827,157.02284682421293,802.7793043887887,-2609.758969929908,-2609.758969930125,-0.5219517939859816,-0.15348983277066813,TRAILING_STOP,27,0.1884274161890555,0.376854832378111,False
MX,MXM6,RBREAKER_2_1,BREAKOUT,SHORT,2026-04-08|MX|MXM6|BREAKOUT|-1|88,2026-04-08 12:05:00+00:00,2026-04-08 12:26:00+00:00,2026-04-08,280952.8125,280875.0,281150.0,281225.0,6.701851386445505,296.42857142857144,281325.0,281150.0,5000.0,-1321.521320264723,941.7776660802547,167.54628466113763,856.5803803300662,-3287.425651336299,-3287.4256513361815,-0.6574851302672597,-0.2643042640529446,TRAILING_STOP,20,0.40211108318673033,0.2345647985255927,False
MX,MXM6,RBREAKER_2_1,BREAKOUT,SHORT,2026-04-08|MX|MXM6|BREAKOUT|-1|89,2026-04-08 12:30:00+00:00,2026-04-08 13:23:00+00:00,2026-04-08,280952.8125,280875.0,280825.0,280900.0,6.280913872968517,323.2142857142857,281375.0,280825.0,5000.0,802.7793043887885,882.1150977467222,157.02284682421293,802.7793043887887,-1039.1379445707462,-1039.1379445709354,-0.20782758891414924,0.16055586087775772,TRAILING_STOP,52,0.2512365549187407,0.6909005260265368,False
MX,MXM6,RBREAKER_2_1,BREAKOUT,SHORT,2026-04-08|MX|MXM6|BREAKOUT|-1|90,2026-04-08 13:31:00+00:00,2026-04-08 14:49:00+00:00,2026-04-08,280952.8125,280875.0,280975.0,281050.0,6.089670396589785,339.2857142857143,281400.0,280975.0,5000.0,-135.11456192433585,855.4845094009287,152.24175991474462,778.335997564132,-1921.1768288040985,-1921.176828804141,-0.3842353657608197,-0.02702291238486717,TRAILING_STOP,77,0.395828575778336,0.5176219837101317,False
MX,MXM6,RBREAKER_2_1,BREAKOUT,SHORT,2026-04-09|MX|MXM6|BREAKOUT|-1|91,2026-04-09 12:49:00+00:00,2026-04-09 13:35:00+00:00,2026-04-09,278988.125,278925.0,278300.0,278375.0,7.510749760594852,255.35714285714286,279325.0,278300.0,5000.0,5168.334679009332,1046.4352103948777,187.7687440148713,849.6535666672926,3084.4771579325015,3084.4771579322905,0.6168954315865003,1.0336669358018664,TRAILING_STOP,45,0.2628762416208198,1.5397037009219445,False
MX,MXM6,RBREAKER_2_1,BREAKOUT,SHORT,2026-04-17|MX|MXM6|BREAKOUT|-1|92,2026-04-17 13:12:00+00:00,2026-04-17 13:30:00+00:00,2026-04-17,275041.875,274975.0,275725.0,275800.0,4.268988996680862,583.9285714285714,275875.0,275725.0,5000.000000000001,-2916.2531083576137,587.8131036617253,106.72472491702155,498.93808898707573,-4109.7290259235,-4109.729025923436,-0.8219458051846997,-0.5832506216715226,TRAILING_STOP,17,0.6190034045187248,0.14941461488383012,False
MX,MXM6,RBREAKER_2_1,BREAKOUT,SHORT,2026-04-17|MX|MXM6|BREAKOUT|-1|93,2026-04-17 14:03:00+00:00,2026-04-17 15:45:00+00:00,2026-04-17,275041.875,274975.0,275250.0,275300.0,3.581052650426593,739.2857142857143,276100.0,275625.0,5000.0,-745.3065828700347,492.6409368033734,89.52631626066483,329.0092122579432,-1656.4830481920603,-1656.4830481920162,-0.33129660963841207,-0.14906131657400695,FORCE_CLOSE,101,0.34020000179052634,0.34020000179052634,False
MX,MXM6,RBREAKER_2_1,BREAKOUT,SHORT,2026-04-24|MX|MXM6|BREAKOUT|-1|94,2026-04-24 10:35:00+00:00,2026-04-24 10:35:00+00:00,2026-04-24,278038.4375,277975.0,278425.0,278500.0,6.984581536258709,291.07142857142856,278425.0,278425.0,5000.0,-2699.977300110007,971.6862525973913,174.61453840646772,792.3134680193473,-4638.591559133164,-4638.591559133213,-0.9277183118266328,-0.5399954600220014,INITIAL_STOP,0,0.0,0.0,False
MX,MXM6,RBREAKER_2_1,BREAKOUT,SHORT,2026-04-24|MX|MXM6|BREAKOUT|-1|95,2026-04-24 10:37:00+00:00,2026-04-24 10:38:00+00:00,2026-04-24,278038.4375,277975.0,278425.0,278500.0,6.984581536258709,291.07142857142856,278425.0,278425.0,5000.0,-2699.977300110007,971.6862525973913,174.61453840646772,792.3134680193473,-4638.591559133164,-4638.591559133213,-0.9277183118266328,-0.5399954600220014,INITIAL_STOP,0,0.5936894305819903,0.0,False
MX,MXM6,RBREAKER_2_1,BREAKOUT,SHORT,2026-04-24|MX|MXM6|BREAKOUT|-1|96,2026-04-24 11:05:00+00:00,2026-04-24 14:21:00+00:00,2026-04-24,278038.4375,277975.0,276225.0,276300.0,4.691036601813086,517.8571428571429,278775.0,276225.0,5000.0,8506.901687600419,650.0310781174871,117.27591504532715,532.139464518172,7207.455229919584,7207.455229919433,1.4414910459839168,1.7013803375200838,TRAILING_STOP,195,0.5863795752266358,2.392428666924674,False
MX,MXM6,RBREAKER_2_1,BREAKOUT,SHORT,2026-04-28|MX|MXM6|BREAKOUT|-1|97,2026-04-28 12:56:00+00:00,2026-04-28 13:14:00+00:00,2026-04-28,273415.9375,273350.0,273600.0,273675.0,6.300800201625607,339.2857142857143,273875.0,273600.0,5000.0,-1159.7410371117132,861.6738075735618,157.52000504064017,730.4990233759688,-2909.4338731018934,-2909.4338731018843,-0.5818867746203786,-0.23194820742234265,TRAILING_STOP,17,0.3780480120975364,0.34654401108940835,False
MX,MXM6,RBREAKER_2_1,BREAKOUT,SHORT,2026-04-28|MX|MXM6|BREAKOUT|-1|98,2026-04-28 13:26:00+00:00,2026-04-28 14:02:00+00:00,2026-04-28,273415.9375,273350.0,273050.0,273125.0,5.4433618202601926,417.85714285714283,274000.0,273050.0,5000.0,1991.930216101464,743.6652876816722,136.08404550650482,631.0897610364161,481.0911218770282,481.09112187687083,0.09621822437540563,0.3983860432202928,TRAILING_STOP,35,0.43546894562081545,1.0342387458494366,False
MX,MXM6,RBREAKER_2_1,BREAKOUT,SHORT,2026-04-28|MX|MXM6|BREAKOUT|-1|99,2026-04-28 14:37:00+00:00,2026-04-28 15:45:00+00:00,2026-04-28,273415.9375,273350.0,272675.0,272725.0,4.572264642677518,548.2142857142857,274175.0,273325.0,5000.0,3387.7623336838733,624.1998536875315,114.30661606693795,415.79031594348675,2233.4655479858784,2233.465547985917,0.4466931095971757,0.6775524667367746,FORCE_CLOSE,67,0.09144529285355035,0.7772849892551781,False
MX,MXM6,RBREAKER_2_1,BREAKOUT,SHORT,2026-04-29|MX|MXM6|BREAKOUT|-1|100,2026-04-29 12:38:00+00:00,2026-04-29 12:55:00+00:00,2026-04-29,269703.75,269625.0,269450.0,269525.0,5.038735277445361,458.92857142857144,270325.0,269450.0,5000.0,1278.5790766517603,679.1585312086665,125.96838193613402,648.7371669710901,-175.28500346411442,-175.28500346413045,-0.03505700069282289,0.25571581533035204,TRAILING_STOP,16,0.37790514580840207,0.8817786735529382,False
MX,MXM6,RBREAKER_2_1,BREAKOUT,SHORT,2026-04-29|MX|MXM6|BREAKOUT|-1|101,2026-04-29 13:04:00+00:00,2026-04-29 14:05:00+00:00,2026-04-29,269703.75,269625.0,267850.0,267925.0,4.475023773563797,542.8571428571429,270450.0,267850.0,5000.0,8295.575320243888,601.3872573698047,111.87559433909493,576.1593108463388,7006.153157688574,7006.15315768865,1.4012306315377148,1.6591150640487777,TRAILING_STOP,60,0.1342507132069139,2.3270123622531744,False
MX,MXM6,RBREAKER_2_1,BREAKOUT,LONG,2026-05-04|MX|MXM6|BREAKOUT|1|102,2026-05-04 07:17:00+00:00,2026-05-04 07:23:00+00:00,2026-05-04,269492.1875,269575.0,269050.0,268975.0,6.057577271970075,348.2142857142857,269050.0,269050.0,5000.0,-2678.5849499492674,815.577059954871,151.43943179925188,804.5219814335255,-4450.123423137004,-4450.123423136916,-0.8900246846274007,-0.5357169899898535,INITIAL_STOP,5,0.484606181757606,0.0,False
MX,MXM6,RBREAKER_2_1,BREAKOUT,LONG,2026-05-04|MX|MXM6|BREAKOUT|1|103,2026-05-04 08:00:00+00:00,2026-05-04 08:04:00+00:00,2026-05-04,269492.1875,269575.0,268950.0,268875.0,5.402995961260519,407.14285714285717,268950.0,268950.0,5000.0,-2929.4368727459378,727.3107938351816,135.07489903151298,717.5854011049126,-4509.407966717589,-4509.407966717545,-0.9018815933435178,-0.5858873745491876,INITIAL_STOP,3,0.4592546567071441,0.0,False
MX,MXM6,RBREAKER_2_1,REVERSAL,SHORT,2026-05-04|MX|MXM6|REVERSAL|-1|104,2026-05-04 08:07:00+00:00,2026-05-04 08:09:00+00:00,2026-05-04,268430.375,268350.0,268775.0,268850.0,4.8616175296037785,407.14285714285717,268775.0,268775.0,3500.0,-1675.4349411397022,652.9152342257875,121.54043824009446,633.8333854220926,-3083.723999027614,-3083.7239990276767,-0.8810639997221754,-0.47869569746848634,INITIAL_STOP,1,0.5208875924575477,0.0,False
MX,MXM6,RBREAKER_2_1,BREAKOUT,SHORT,2026-05-04|MX|MXM6|BREAKOUT|-1|105,2026-05-04 09:26:00+00:00,2026-05-04 10:08:00+00:00,2026-05-04,267011.5625,266925.0,267200.0,267275.0,4.6228344909681365,512.5,267700.0,267200.0,5000.0,-871.1153743918082,617.3795462687947,115.5708622742034,631.3058351728362,-2235.3716181076115,-2235.3716181076425,-0.44707432362152233,-0.17422307487836164,TRAILING_STOP,41,0.3004842419129289,0.4622834490968136,False
MX,MXM6,RBREAKER_2_1,BREAKOUT,SHORT,2026-05-04|MX|MXM6|BREAKOUT|-1|106,2026-05-04 10:12:00+00:00,2026-05-04 10:15:00+00:00,2026-05-04,267011.5625,266925.0,267725.0,267800.0,4.518395517751646,526.7857142857143,267725.0,267725.0,5000.0,-3223.59280219594,604.0247608074372,112.95988794379114,617.0433878929591,-4557.620838840065,-4557.620838840127,-0.9115241677680129,-0.644718560439188,INITIAL_STOP,2,0.5422074621301974,0.02259197758875823,False
MX,MXM6,RBREAKER_2_1,BREAKOUT,SHORT,2026-05-04|MX|MXM6|BREAKOUT|-1|107,2026-05-04 10:32:00+00:00,2026-05-04 12:49:00+00:00,2026-05-04,267011.5625,266925.0,265675.0,265750.0,4.6228344909681365,508.92857142857144,267700.0,265675.0,5000.0,6178.7072243346,615.617090619113,115.5708622742034,631.3058351728362,4816.213436268559,4816.213436268448,0.9632426872537119,1.23574144486692,TRAILING_STOP,136,0.3929409317322916,1.8722479688420954,False
MX,MXM6,RBREAKER_2_1,REVERSAL,LONG,2026-05-05|MX|MXM6|REVERSAL|1|108,2026-05-05 10:49:00+00:00,2026-05-05 10:50:00+00:00,2026-05-05,266902.25,266975.0,266375.0,266300.0,3.981854121930062,587.5,266375.0,266375.0,3500.0,-2099.432585787625,530.8558142180634,99.54635304825155,488.7725934669151,-3218.607346521,-3218.607346520855,-0.9196020990060001,-0.5998378816536072,INITIAL_STOP,0,0.3981854121930061,0.056883630313286596,False
MX,MXM6,RBREAKER_2_1,BREAKOUT,LONG,2026-05-12|MX|MXM6|BREAKOUT|1|109,2026-05-12 10:05:00+00:00,2026-05-12 10:49:00+00:00,2026-05-12,271566.5625,271650.0,271750.0,271675.0,5.863726984871584,362.5,271100.0,271750.0,5000.0,1075.6274187873812,796.4773660138385,146.59317462178961,782.441069543802,-649.8841913921428,-649.8841913920489,-0.12997683827842857,0.21512548375747623,TRAILING_STOP,43,0.41046088894101085,0.7622845080333058,False
MX,MXM6,RBREAKER_2_1,BREAKOUT,LONG,2026-05-12|MX|MXM6|BREAKOUT|1|110,2026-05-12 11:06:00+00:00,2026-05-12 12:53:00+00:00,2026-05-12,271566.5625,271650.0,272075.0,272000.0,5.696707303178762,375.0,271075.0,272075.0,5000.0,2896.4196194599517,774.2537313432836,142.41768257946904,760.1543807679161,1219.5938247692834,1219.593824769283,0.24391876495385667,0.5792839238919903,TRAILING_STOP,106,0.5127036572860886,1.1393414606357524,False
MX,MXM6,RBREAKER_2_1,BREAKOUT,SHORT,2026-05-14|MX|MXM6|BREAKOUT|-1|111,2026-05-14 12:13:00+00:00,2026-05-14 12:13:00+00:00,2026-05-14,270246.875,270175.0,270600.0,270675.0,7.103912479798249,282.14285714285717,270600.0,270600.0,5000.0,-2508.5690944287567,960.5377661747209,177.59781199495623,865.7893334754116,-4512.494006073875,-4512.494006073845,-0.9024988012147751,-0.5017138188857513,INITIAL_STOP,0,0.0,0.0,False
MX,MXM6,RBREAKER_2_1,BREAKOUT,SHORT,2026-05-14|MX|MXM6|BREAKOUT|-1|112,2026-05-14 12:15:00+00:00,2026-05-14 12:25:00+00:00,2026-05-14,270246.875,270175.0,270250.0,270325.0,7.103912479798249,282.14285714285717,270600.0,270250.0,5000.0,-22.19972649936953,959.9161738327384,177.59781199495623,865.7893334754116,-2025.5030458024848,-2025.5030458024758,-0.40510060916049695,-0.004439945299873906,TRAILING_STOP,9,0.4262347487878949,0.4972738735858775,False
MX,MXM6,RBREAKER_2_1,BREAKOUT,SHORT,2026-05-14|MX|MXM6|BREAKOUT|-1|113,2026-05-14 12:37:00+00:00,2026-05-14 13:03:00+00:00,2026-05-14,270246.875,270175.0,269800.0,269875.0,5.855915206347812,378.57142857142856,270750.0,269800.0,5000.0,2616.8621078366787,790.621751797034,146.3978801586953,713.6896657736396,966.1528101073368,966.1528101073098,0.19323056202146735,0.5233724215673358,TRAILING_STOP,25,0.35135491238086874,1.1126238892060842,False
MX,MXM6,RBREAKER_2_1,BREAKOUT,SHORT,2026-05-14|MX|MXM6|BREAKOUT|-1|114,2026-05-14 14:26:00+00:00,2026-05-14 15:45:00+00:00,2026-05-14,270246.875,270175.0,268875.0,268925.0,4.744564508285196,501.7857142857143,270950.0,269475.0,5000.0,6508.949434803753,639.4486816041373,118.61411270712989,459.62968674012836,5291.256953752347,5291.256953752358,1.0582513907504694,1.3017898869607507,FORCE_CLOSE,77,0.4270108057456676,1.3996465299441327,False
MX,MXM6,RBREAKER_2_1,BREAKOUT,SHORT,2026-05-20|MX|MXM6|BREAKOUT|-1|115,2026-05-20 07:18:00+00:00,2026-05-20 07:24:00+00:00,2026-05-20,267400.3125,267325.0,267600.0,267675.0,5.351671728456177,421.42857142857144,267975.0,267600.0,5000.0,-1068.6619482760927,715.7860936810137,133.7917932114044,670.6313634721646,-2588.871198640798,-2588.871198640675,-0.5177742397281596,-0.21373238965521854,TRAILING_STOP,5,0.4281337382764941,0.40137537963421327,False
MX,MXM6,RBREAKER_2_1,BREAKOUT,SHORT,2026-05-20|MX|MXM6|BREAKOUT|-1|116,2026-05-20 07:26:00+00:00,2026-05-20 07:39:00+00:00,2026-05-20,267400.3125,267325.0,267825.0,267900.0,4.720153877016391,516.0714285714286,268100.0,267825.0,5000.0,-2004.5903496453984,631.5860897065245,118.00384692540977,591.4942827136165,-3345.6745689909544,-3345.674568990949,-0.6691349137981909,-0.4009180699290797,TRAILING_STOP,12,0.4720153877016391,0.2596084632359015,False
MX,MXM6,RBREAKER_2_1,BREAKOUT,SHORT,2026-05-20|MX|MXM6|BREAKOUT|-1|117,2026-05-20 07:59:00+00:00,2026-05-20 10:06:00+00:00,2026-05-20,267400.3125,267325.0,266575.0,266650.0,4.050920065219813,630.3571428571429,268275.0,266575.0,5000.0,3343.2749663267273,540.7725104564374,101.27300163049533,507.6309206728578,2193.5985335669907,2193.5985335669366,0.43871970671339816,0.6686549932653455,TRAILING_STOP,126,0.36458280586978314,1.3773128221747366,False
MX,MXM6,RBREAKER_2_1,BREAKOUT,SHORT,2026-05-20|MX|MXM6|BREAKOUT|-1|118,2026-05-20 12:39:00+00:00,2026-05-20 13:41:00+00:00,2026-05-20,267400.3125,267325.0,267400.0,267475.0,5.654269680392406,398.2142857142857,267925.0,267400.0,5000.0,1.7669592751226268,755.9758562684647,141.35674200981015,708.5506693241733,-1604.1163083272177,-1604.1163083273254,-0.32082326166544356,0.00035339185502452535,TRAILING_STOP,61,0.5371556196372785,0.5936983164412026,False
MX,MXM6,RBREAKER_2_1,BREAKOUT,SHORT,2026-05-20|MX|MXM6|BREAKOUT|-1|119,2026-05-20 13:42:00+00:00,2026-05-20 14:43:00+00:00,2026-05-20,267400.3125,267325.0,266325.0,266400.0,6.375213171190412,328.57142857142856,267825.0,266325.0,5000.0,6855.346413145689,850.6526624484006,159.3803292797603,798.8939005147984,5046.419520902632,5046.41952090273,1.0092839041805264,1.371069282629138,TRAILING_STOP,60,0.3825127902714247,1.9125639513571233,False
MX,MXM6,RBREAKER_2_1,REVERSAL,LONG,2026-05-21|MX|MXM6|REVERSAL|1|120,2026-05-21 14:18:00+00:00,2026-05-21 14:37:00+00:00,2026-05-21,267256.5,267325.0,268400.0,268325.0,5.031175318491366,407.14285714285717,266900.0,268400.0,3500.0,5753.148976694877,673.7372648374751,125.77938296228415,596.1942752412269,4357.438053653705,4357.438053653891,1.2449823010439156,1.6437568504842506,TRAILING_STOP,18,0.43124359872783136,2.1562179936391566,False
MX,MXM6,RBREAKER_2_1,REVERSAL,SHORT,2026-06-01|MX|MXM6|REVERSAL|-1|121,2026-06-01 11:54:00+00:00,2026-06-01 11:54:00+00:00,2026-06-01,258353.75,258275.0,258625.0,258700.0,5.497634053916082,346.42857142857144,258625.0,258625.0,3500.0,-1491.2332371247373,710.5348412558167,137.44085134790205,707.8203844416955,-3047.0293141701923,-3047.0293141701513,-0.8705798040486263,-0.4260666391784964,INITIAL_STOP,0,0.0,0.0,False
MX,MXM6,RBREAKER_2_1,REVERSAL,SHORT,2026-06-02|MX|MXM6|REVERSAL|-1|122,2026-06-02 09:00:00+00:00,2026-06-02 09:00:00+00:00,2026-06-02,259245.125,259175.0,259700.0,259775.00000000003,4.403415792536211,523.2142857142857,259700.0,259700.0,3500.0000000000005,-2003.0037586299088,571.2881563841668,110.08539481340527,528.9603220784122,-3213.337631905947,-3213.3376319058934,-0.9180964662588419,-0.5722867881799739,INITIAL_STOP,0,0.0,0.0,False
MX,MXM6,RBREAKER_2_1,BREAKOUT,LONG,2026-06-02|MX|MXM6|BREAKOUT|1|123,2026-06-02 12:21:00+00:00,2026-06-02 12:51:00+00:00,2026-06-02,262342.8125,262425.0,262350.0,262275.0,6.093195424010236,333.92857142857144,261900.0,262350.0,5000.0,43.794842110073574,799.2749097445428,152.32988560025592,805.444270111353,-1713.2542233460497,-1713.254223346078,-0.3426508446692099,0.008758968422014715,TRAILING_STOP,29,0.5483875881609214,0.5483875881609214,False
MX,MXM6,RBREAKER_2_1,BREAKOUT,LONG,2026-06-02|MX|MXM6|BREAKOUT|1|124,2026-06-02 12:55:00+00:00,2026-06-02 13:13:00+00:00,2026-06-02,262342.8125,262425.0,262700.0,262625.0,5.743248093959539,378.57142857142856,261850.0,262700.0,5000.0,2051.416428561173,753.873102933364,143.58120234898848,759.1856074202766,394.776515858518,394.7765158585438,0.0789553031717036,0.41028328571223455,TRAILING_STOP,17,0.22972992375838158,0.9763521759731216,False
MX,MXM6,RBREAKER_2_1,BREAKOUT,SHORT,2026-06-08|MX|MXM6|BREAKOUT|-1|125,2026-06-08 12:20:00+00:00,2026-06-08 12:53:00+00:00,2026-06-08,254592.8125,254525.0,254425.00000000003,254500.0,5.1927146213861946,453.57142857142856,255225.0,254425.0,5000.0,871.4024224013708,660.8053900377769,129.81786553465486,611.7666913320611,-530.9875245030913,-530.987524503122,-0.10619750490061826,0.17428048448027417,TRAILING_STOP,32,0.2855993041762407,0.8308343394217911,False
MX,MXM6,RBREAKER_2_1,BREAKOUT,SHORT,2026-06-16|MX|MXM6|BREAKOUT|-1|126,2026-06-16 13:39:00+00:00,2026-06-16 14:14:00+00:00,2026-06-16,248207.5,248125.0,248825.0,248900.00000000003,3.665521191294387,703.5714285714286,249200.0,248825.0,5000.0,-2263.459335624284,455.46391752577324,91.63802978235968,485.6815578465063,-3296.242840778953,-3296.2428407789234,-0.6592485681557906,-0.4526918671248568,TRAILING_STOP,34,0.5131729667812142,0.274914089347079,False
MX,MXU6,RBREAKER_2_1,BREAKOUT,SHORT,2026-06-24|MX|MXU6|BREAKOUT|-1|127,2026-06-24 14:40:00+00:00,2026-06-24 15:09:00+00:00,2026-06-24,224356.5625,224275.0,223450.0,223525.0,2.8981097079429943,951.7857142857143,225725.0,223450.0,5000.0,2627.317582107071,324.44338180421823,72.45274269857485,381.28255845125017,1849.1388991530382,1849.138899153028,0.36982777983060766,0.5254635164214142,TRAILING_STOP,28,0.5506408445091688,1.3186399171140624,False
MX,MXU6,RBREAKER_2_1,BREAKOUT,SHORT,2026-06-24|MX|MXU6|BREAKOUT|-1|128,2026-06-24 15:20:00+00:00,2026-06-24 15:45:00+00:00,2026-06-24,224356.5625,224275.0,222275.00000000003,222325.0,2.468815770795144,1158.9285714285713,226025.0,223950.0,5000.0,5138.994327895767,275.6432808092778,61.7203942698786,263.0831805753575,4538.54747224122,4538.547472241253,0.907709494448244,1.0277988655791535,FORCE_CLOSE,24,0.20984934051758725,1.0245585448799848,False
MX,MXU6,RBREAKER_2_1,REVERSAL,LONG,2026-06-26|MX|MXU6|REVERSAL|1|129,2026-06-26 11:59:00+00:00,2026-06-26 12:00:00+00:00,2026-06-26,223696.375,223775.0,223700.0,223625.0,3.0590728824114235,855.3571428571429,222900.0,223700.0,3500.0,11.08913919874141,342.15730189771773,76.47682206028558,393.47324950016935,-801.0182342594015,-801.0182342594312,-0.2288623526455433,0.0031683254853546888,TRAILING_STOP,0,0.6773661382482438,1.0488249882553453,False
MX,MXU6,RBREAKER_2_1,BREAKOUT,LONG,2026-06-26|MX|MXU6|BREAKOUT|1|130,2026-06-26 12:07:00+00:00,2026-06-26 12:07:00+00:00,2026-06-26,229714.0625,229800.0,228250.0,228175.0,2.722162485878782,1030.357142857143,228250.0,228250.0,5000.0,-3985.4160144819043,311.6705911175838,68.05406214696956,370.0439629241469,-4735.1846306705875,-4735.184630670606,-0.9470369261341175,-0.7970832028963809,INITIAL_STOP,0,0.0,0.0,False
MX,MXU6,RBREAKER_2_1,BREAKOUT,LONG,2026-06-26|MX|MXU6|BREAKOUT|1|131,2026-06-26 12:09:00+00:00,2026-06-26 12:11:00+00:00,2026-06-26,229714.0625,229800.0,229125.0,229050.0,2.722162485878782,1030.357142857143,228250.0,229125.0,5000.0,-1603.52383933797,312.2660641613698,68.05406214696956,370.0439629241469,-2353.8879285704393,-2353.887928570456,-0.47077758571408784,-0.320704767867594,TRAILING_STOP,1,0.40832437288181733,0.6533189966109076,False
MX,MXU6,RBREAKER_2_1,BREAKOUT,LONG,2026-06-26|MX|MXU6|BREAKOUT|1|132,2026-06-26 12:12:00+00:00,2026-06-26 12:16:00+00:00,2026-06-26,229714.0625,229800.0,227725.0,227650.0,1.9517717207795375,1508.9285714285713,227525.0,227725.0,5000.0,-3882.1959383630488,223.20949341764987,48.794293019488435,265.3189682934684,-4419.518693093626,-4419.518693093655,-0.8839037386187252,-0.7764391876726098,TRAILING_STOP,3,0.6050492334416566,0.0780708688311815,False
MX,MXU6,RBREAKER_2_1,BREAKOUT,LONG,2026-06-26|MX|MXU6|BREAKOUT|1|133,2026-06-26 12:31:00+00:00,2026-06-26 12:46:00+00:00,2026-06-26,229714.0625,229800.0,228725.0,228650.0,1.6601505756572121,1805.357142857143,227075.0,228725.0,5000.0,-1641.9926787359614,190.27400785251223,41.5037643914303,225.67671887840226,-2099.4471698582956,-2099.447169858306,-0.4198894339716591,-0.3283985357471923,TRAILING_STOP,14,0.3486316208880145,0.54784968996688,False
MX,MXU6,RBREAKER_2_1,BREAKOUT,LONG,2026-06-26|MX|MXU6|BREAKOUT|1|134,2026-06-26 12:50:00+00:00,2026-06-26 13:38:00+00:00,2026-06-26,229714.0625,229800.0,228725.0,228650.00000000003,1.4237814210762363,2141.0714285714284,226575.0,228725.0,5000.0,-1408.208811783215,163.18314812310012,35.59453552690591,193.54528692755088,-1800.5317823607566,-1800.531782360772,-0.36010635647215133,-0.281641762356643,TRAILING_STOP,47,0.3203508197421532,0.6122260110627816,False
MX,MXU6,RBREAKER_2_1,BREAKOUT,LONG,2026-06-26|MX|MXU6|BREAKOUT|1|135,2026-06-26 13:57:00+00:00,2026-06-26 14:50:00+00:00,2026-06-26,229714.0625,229800.0,225850.0,225775.0,1.1801429153070437,2623.214285714286,225850.0,225850.0,5000.0,-4560.145983678623,134.41090216025162,29.503572882676092,160.42567754955127,-4884.486136271126,-4884.486136271103,-0.9768972272542252,-0.9120291967357247,INITIAL_STOP,52,0.8851071864802829,0.011801429153070437,False
MX,MXU6,RBREAKER_2_1,BREAKOUT,SHORT,2026-07-02|MX|MXU6|BREAKOUT|-1|136,2026-07-02 08:57:00+00:00,2026-07-02 09:16:00+00:00,2026-07-02,229791.875,229725.0,230375.0,230450.0,4.260349987751494,603.5714285714286,230650.0,230375.0,5000.0,-2484.3165866075897,490.1266389033859,106.50874969378734,497.9284048184559,-3578.8803800231412,-3578.8803800232185,-0.7157760760046282,-0.49686331732151795,TRAILING_STOP,18,0.4899402485914217,0.23431924932633214,False
MX,MXU6,RBREAKER_2_1,BREAKOUT,SHORT,2026-07-02|MX|MXU6|BREAKOUT|-1|137,2026-07-02 09:57:00+00:00,2026-07-02 10:57:00+00:00,2026-07-02,229791.875,229725.0,228850.0,228925.0,3.9258408660404953,676.7857142857143,230750.0,228850.0,5000.0,3697.6513657018913,450.1467283023683,98.14602165101238,458.8326512184829,2690.525964530052,2690.5259645300275,0.5381051929060104,0.7395302731403782,TRAILING_STOP,59,0.29443806495303715,1.4918195290953882,False
MX,MXU6,RBREAKER_2_1,BREAKOUT,SHORT,2026-07-06|MX|MXU6|BREAKOUT|-1|138,2026-07-06 13:51:00+00:00,2026-07-06 13:57:00+00:00,2026-07-06,215618.4375,215550.0,216075.0,216150.0,2.9504617472634465,953.5714285714286,217000.0,216075.0,5000.0,-1347.0701914849674,318.4285840734075,73.76154368158616,349.44531319151446,-2088.7056324314026,-2088.7056324314754,-0.41774112648628053,-0.26941403829699345,TRAILING_STOP,5,0.5310831145074204,0.5458354232437376,False
MX,MXU6,RBREAKER_2_1,BREAKOUT,SHORT,2026-07-06|MX|MXU6|BREAKOUT|-1|139,2026-07-06 13:59:00+00:00,2026-07-06 14:02:00+00:00,2026-07-06,215618.4375,215550.0,216775.0,216850.0,2.9504617472634465,953.5714285714286,217000.0,216775.0,5000.0,-3412.3934145693797,318.94491487917855,73.76154368158616,349.44531319151446,-4154.545186321618,-4154.5451863216595,-0.8309090372643235,-0.6824786829138759,TRAILING_STOP,2,0.7081108193432272,0.1327707786268551,False
MX,MXU6,RBREAKER_2_1,REVERSAL,LONG,2026-07-07|MX|MXU6|REVERSAL|1|140,2026-07-07 15:00:00+00:00,2026-07-07 15:00:00+00:00,2026-07-07,219251.75,219325.0,218050.0,217975.0,2.285844905423167,1255.357142857143,218050.0,218050.0,3500.0,-2747.014115092291,249.89999428538775,57.146122635579175,281.73038459340535,-3335.7906166066714,-3335.790616606663,-0.9530830333161918,-0.7848611757406545,INITIAL_STOP,0,0.0,0.0,False
MX,MXU6,RBREAKER_2_1,BREAKOUT,LONG,2026-07-13|MX|MXU6|BREAKOUT|1|141,2026-07-13 07:59:00+00:00,2026-07-13 08:01:00+00:00,2026-07-13,219080.0,219150.0,217825.0,217750.00000000003,3.0310837639998183,917.8571428571429,217750.0,217825.0,5000.0,-3804.0101238197717,331.0701241228802,75.77709409999545,363.7300516799782,-4574.587393722597,-4574.587393722625,-0.9149174787445193,-0.7608020247639543,TRAILING_STOP,1,0.6213721716199627,0.04546625645999728,False
MX,MXU6,RBREAKER_2_1,BREAKOUT,LONG,2026-07-13|MX|MXU6|BREAKOUT|1|142,2026-07-13 11:06:00+00:00,2026-07-13 11:46:00+00:00,2026-07-13,219080.0,219150.0,218450.00000000003,218375.0,3.449286859941707,798.2142857142857,217950.0,218450.0,5000.0,-2173.0507217632753,377.28730834899886,86.23217149854267,413.91442319300484,-3050.484624803839,-3050.484624803822,-0.6100969249607677,-0.43461014435265505,TRAILING_STOP,39,0.5863787661900902,0.3449286859941707,False
MX,MXU6,RBREAKER_2_1,BREAKOUT,LONG,2026-07-13|MX|MXU6|BREAKOUT|1|143,2026-07-13 13:43:00+00:00,2026-07-13 14:03:00+00:00,2026-07-13,219080.0,219150.0,218575.0,218500.0,4.001360462557269,658.9285714285714,218150.0,218575.0,4999.999999999999,-2020.687033591421,437.7988516095472,100.03401156393173,480.1632555068723,-3038.6831522718685,-3038.6831522717725,-0.6077366304543738,-0.40413740671828424,TRAILING_STOP,19,0.46015645319408605,0.34011563931736793,False
MX,MXU6,RBREAKER_2_1,REVERSAL,SHORT,2026-07-13|MX|MXU6|REVERSAL|-1|144,2026-07-13 15:04:00+00:00,2026-07-13 15:19:00+00:00,2026-07-13,215161.0,215075.0,215274.99999999997,215350.0,3.0315169494278016,851.7857142857143,215950.0,215275.0,3500.0,-345.59293223476936,326.21017073936537,75.78792373569505,412.28630512218103,-1159.8773318319932,-1159.877331832011,-0.3313935233805695,-0.09874083778136268,TRAILING_STOP,14,0.324805387438693,0.5846496973896474,False
MX,MXU6,RBREAKER_2_1,BREAKOUT,SHORT,2026-07-15|MX|MXU6|BREAKOUT|-1|145,2026-07-15 08:48:00+00:00,2026-07-15 09:34:00+00:00,2026-07-15,211892.8125,211825.0,212125.0,212200.0,3.947770989804882,678.5714285714286,212850.0,212125.0,5000.0,-916.623076695321,418.4883984880038,98.69427474512204,465.09676973638767,-1898.9025196648186,-1898.9025196648345,-0.3797805039329637,-0.1833246153390642,TRAILING_STOP,45,0.434254808878537,0.5724267935217079,False
MX,MXU6,RBREAKER_2_1,BREAKOUT,SHORT,2026-07-15|MX|MXU6|BREAKOUT|-1|146,2026-07-15 09:35:00+00:00,2026-07-15 11:27:00+00:00,2026-07-15,211892.8125,211825.0,211350.0,211425.0,3.593147867017598,758.9285714285714,212975.0,211350.0,5000.0,1950.4055765654898,380.1999586787996,89.82869667543994,423.3177330830108,1057.059188128217,1057.0591881282394,0.21141183762564342,0.39008111531309797,TRAILING_STOP,111,0.4850749620473757,1.1677730567807194,False
MX,MXU6,RBREAKER_2_1,BREAKOUT,SHORT,2026-07-15|MX|MXU6|BREAKOUT|-1|147,2026-07-15 11:50:00+00:00,2026-07-15 13:15:00+00:00,2026-07-15,211892.8125,211825.0,212125.0,212200.0,2.7524892824948566,1041.0714285714287,213400.0,212125.0,5000.0,-639.0936052792745,291.7810670024704,68.81223206237141,324.2776435939253,-1323.964547937991,-1323.9645479380415,-0.2647929095875982,-0.1278187210558549,TRAILING_STOP,84,0.57802274932392,0.7018847670361884,False
MX,MXU6,RBREAKER_2_1,BREAKOUT,SHORT,2026-07-16|MX|MXU6|BREAKOUT|-1|148,2026-07-16 07:23:00+00:00,2026-07-16 07:43:00+00:00,2026-07-16,205152.1875,205075.0,204675.0,204750.0,3.825810832783373,689.2857142857143,206125.0,204675.0,5000.0,1825.6291067688157,391.97823113636144,95.64527081958433,486.59531529463527,851.4102895182787,851.4102895182347,0.17028205790365572,0.36512582135376315,TRAILING_STOP,19,0.42083919160617106,1.1094851415071783,False
MX,MXU6,RBREAKER_2_1,BREAKOUT,SHORT,2026-07-16|MX|MXU6|BREAKOUT|-1|149,2026-07-16 08:56:00+00:00,2026-07-16 09:21:00+00:00,2026-07-16,205152.1875,205075.0,204625.0,204700.00000000003,3.0176608601842285,930.3571428571429,206475.0,204625.0,5000.0,1590.873084728373,309.1404947454981,75.44152150460572,383.80874065468157,822.4823278234867,822.4823278235876,0.16449646556469733,0.3181746169456746,TRAILING_STOP,24,0.40738421612487086,1.1165345182681645,False
MX,MXU6,RBREAKER_2_1,BREAKOUT,SHORT,2026-07-16|MX|MXU6|BREAKOUT|-1|150,2026-07-16 10:22:00+00:00,2026-07-16 11:11:00+00:00,2026-07-16,205152.1875,205075.0,206200.0,206274.99999999997,2.5550452562391013,1117.857142857143,206775.0,206200.0,5000.0,-2677.2083575530332,262.7544665384886,63.87613140597753,324.96981852791066,-3328.8087740253504,-3328.80877402541,-0.66576175480507,-0.5354416715106066,TRAILING_STOP,48,0.4471329198418427,0.29383020446749664,False
MX,MXU6,RBREAKER_2_1,BREAKOUT,SHORT,2026-07-16|MX|MXU6|BREAKOUT|-1|151,2026-07-16 11:49:00+00:00,2026-07-16 12:38:00+00:00,2026-07-16,205152.1875,205075.0,205125.0,205200.0,3.111557100962249,891.0714285714286,206425.0,205125.0,5000.0,84.59545868241115,319.1485223993217,77.78892752405623,395.75116877863604,-708.0931600195612,-708.0931600196028,-0.14161863200391223,0.01691909173648223,TRAILING_STOP,48,0.6223114201924498,0.8090048462501848,False
MX,MXU6,RBREAKER_2_1,REVERSAL,LONG,2026-07-24|MX|MXU6|REVERSAL|1|152,2026-07-24 10:30:00+00:00,2026-07-24 10:30:00+00:00,2026-07-24,217301.0,217375.0,216400.0,216325.00000000003,2.8416298777084283,967.8571428571429,216400.0,216400.0,3500.0,-2560.308519815294,308.1037194905364,71.04074694271071,352.3621048358451,-3291.815091084296,-3291.8150910843865,-0.940518597452656,-0.7315167199472269,INITIAL_STOP,0,0.0,0.0,False
MX,MXU6,RBREAKER_2_1,REVERSAL,SHORT,2026-07-30|MX|MXU6|REVERSAL|-1|153,2026-07-30 14:40:00+00:00,2026-07-30 15:45:00+00:00,2026-07-30,226679.125,226600.0,224600.0,224650.0,3.602490865112449,676.7857142857143,227300.0,225050.0,3500.0,7490.028819926921,406.4060007204982,90.06227162781123,375.10936132983375,6618.451186248755,6618.451186248778,1.89098605321393,2.1400082342648346,FORCE_CLOSE,64,0.25732077607946063,2.3158869847151458,False
MX,MXU6,RBREAKER_2_1,BREAKOUT,SHORT,2026-08-12|MX|MXU6|BREAKOUT|-1|154,2026-08-12 14:16:00+00:00,2026-08-12 14:29:00+00:00,2026-08-12,232391.25,232325.0,232550.0,232625.0,5.413232647206095,446.42857142857144,233000.0,232550.0,5000.0,-859.3506827439676,629.2206298296185,135.33081618015237,629.2882952377086,-2253.1904239914693,-2253.190423991447,-0.45063808479829387,-0.17187013654879352,TRAILING_STOP,12,0.4601247750125181,0.48719093824854853,False
MX,MXU6,RBREAKER_2_1,BREAKOUT,SHORT,2026-08-12|MX|MXU6|BREAKOUT|-1|155,2026-08-12 14:31:00+00:00,2026-08-12 14:56:00+00:00,2026-08-12,232391.25,232325.0,232875.00000000003,232950.0,4.8844223560011235,507.14285714285717,233100.0,232875.0,5000.0,-2362.8393147155434,568.1499029221056,122.11055890002808,567.8140988851305,-3620.913875422678,-3620.9138754228075,-0.7241827750845355,-0.4725678629431087,TRAILING_STOP,24,0.4640201238201067,0.21979900602005054,False
MX,MXU6,RBREAKER_2_1,BREAKOUT,SHORT,2026-08-12|MX|MXU6|BREAKOUT|-1|156,2026-08-12 15:23:00+00:00,2026-08-12 15:43:00+00:00,2026-08-12,232391.25,232325.0,232925.0,233000.0,5.006696456510583,492.85714285714283,233075.0,232925.0,5000.0,-2672.3242336625235,582.4352571564468,125.16741141276458,582.0284630693552,-3961.9553653009443,-3961.95536530109,-0.7923910730601889,-0.5344648467325047,TRAILING_STOP,19,0.5257031279336112,0.1502008936953175,False
MX,MXU6,RBREAKER_2_1,BREAKOUT,SHORT,2026-08-13|MX|MXU6|BREAKOUT|-1|157,2026-08-13 08:44:00+00:00,2026-08-13 09:48:00+00:00,2026-08-13,228760.0,228675.0,228475.0,228550.0,4.050755972333336,626.7857142857143,229625.0,228475.0,5000.0,1154.4654521150007,463.02672486252743,101.2688993083334,546.8520562650003,43.31777167912912,43.31777167913958,0.008663554335825824,0.23089309042300016,TRAILING_STOP,63,0.7493898548816672,0.9316738736366673,False
MX,MXU6,RBREAKER_2_1,BREAKOUT,SHORT,2026-08-13|MX|MXU6|BREAKOUT|-1|158,2026-08-13 11:24:00+00:00,2026-08-13 11:57:00+00:00,2026-08-13,228760.0,228675.0,229000.0,229075.0,3.8930577048478296,657.1428571428571,229675.0,229000.0,5000.0,-934.3338491634792,445.51179109852353,97.32644262119574,525.562790154457,-2002.7348730375625,-2002.7348730376557,-0.4005469746075125,-0.18686676983269584,TRAILING_STOP,32,0.2335834622908698,0.525562790154457,False
MX,MXU6,RBREAKER_2_1,BREAKOUT,SHORT,2026-08-13|MX|MXU6|BREAKOUT|-1|159,2026-08-13 11:58:00+00:00,2026-08-13 14:53:00+00:00,2026-08-13,228760.0,228675.0,226975.0,227050.0,4.050755972333336,621.4285714285714,229625.0,226975.0,5000.0,7230.599410615005,461.5076913729024,101.2688993083334,546.8520562650003,6120.970763668749,6120.970763668768,1.2241941527337499,1.446119882123001,TRAILING_STOP,174,0.3645680375100003,2.1469006653366685,False
MX,MXU6,RBREAKER_2_1,BREAKOUT,SHORT,2026-08-14|MX|MXU6|BREAKOUT|-1|160,2026-08-14 10:45:00+00:00,2026-08-14 11:14:00+00:00,2026-08-14,219090.9375,219025.0,219199.99999999997,219275.0,2.715343728574241,1057.142857142857,220625.0,219200.0,5000.0,-296.14217539762814,297.5337890585224,67.88359321435603,314.810163531576,-976.3697212020206,-976.3697212020825,-0.19527394424040412,-0.059228435079525625,TRAILING_STOP,28,0.38014812200039366,0.7738729626436586,False
MX,MXU6,RBREAKER_2_1,BREAKOUT,SHORT,2026-08-14|MX|MXU6|BREAKOUT|-1|161,2026-08-14 11:39:00+00:00,2026-08-14 12:15:00+00:00,2026-08-14,219090.9375,219025.0,219399.99999999997,219475.0,2.715343728574241,1058.9285714285713,220625.0,219400.0,5000.0,-839.2109211124763,297.6695562449512,67.88359321435603,314.810163531576,-1519.5742341032947,-1519.5742341033597,-0.30391484682065895,-0.16784218422249525,TRAILING_STOP,35,0.17649734235732564,0.6652592135006891,False
MX,MXU6,RBREAKER_2_1,BREAKOUT,SHORT,2026-08-14|MX|MXU6|BREAKOUT|-1|162,2026-08-14 12:19:00+00:00,2026-08-14 14:26:00+00:00,2026-08-14,219090.9375,219025.0,216925.0,217000.00000000003,2.8306359731372646,1007.1428571428571,220550.0,216925.0,5000.0,6130.980603066994,308.557012546794,70.76589932843162,328.1768581356016,5423.480833056164,5423.480833056167,1.0846961666112327,1.2261961206133989,TRAILING_STOP,126,0.14153179865686322,2.0522110805245166,False
MX,MXU6,RBREAKER_2_1,BREAKOUT,SHORT,2026-08-24|MX|MXU6|BREAKOUT|-1|163,2026-08-24 08:04:00+00:00,2026-08-24 14:47:00+00:00,2026-08-24,210185.9375,210100.0,208224.99999999997,208300.0,2.6289154409348425,1067.857142857143,211725.0,208225.0,5000.0,5155.1388724581675,274.9845551217845,65.72288602337106,357.3681927520802,4457.063238560997,4457.0632385609315,0.8914126477121994,1.0310277744916334,TRAILING_STOP,402,0.17087950366076476,1.84024080865439,False
MX,MXU6,RBREAKER_2_1,BREAKOUT,SHORT,2026-08-24|MX|MXU6|BREAKOUT|-1|164,2026-08-24 15:02:00+00:00,2026-08-24 15:45:00+00:00,2026-08-24,210185.9375,210100.0,208375.0,208425.0,3.2218051774409204,833.9285714285714,211375.0,209625.0,5000.0,5834.487813521917,337.1015029721153,80.54512943602302,357.41901187235214,5059.422169241429,5059.422169241427,1.011884433848286,1.1668975627043834,FORCE_CLOSE,42,0.4349436989545243,1.127631812104322,False
MX,MXU6,RBREAKER_2_1,BREAKOUT,LONG,2026-08-31|MX|MXU6|BREAKOUT|1|165,2026-08-31 15:11:00+00:00,2026-08-31 15:20:00+00:00,2026-08-31,216758.4375,216825.0,217975.0,217900.0,4.110025379406718,633.9285714285714,215850.0,217975.0,5000.0,5000.102750634485,446.6826957656464,102.75063448516795,479.07483328709554,3971.5945870965793,3971.594587096575,0.7943189174193158,1.000020550126897,TRAILING_STOP,8,0.32880203035253747,1.7467607862478551,False
MX,MXU6,RBREAKER_2_1,BREAKOUT,LONG,2026-09-03|MX|MXU6|BREAKOUT|1|166,2026-09-03 10:51:00+00:00,2026-09-03 11:04:00+00:00,2026-09-03,222403.125,222475.0,221300.0,221225.0,3.4965340606124182,780.3571428571429,221300.0,221300.0,5000.0,-3857.114135613074,387.8530406734325,87.41335151531045,426.14008863713843,-4758.52061643895,-4758.520616438956,-0.95170412328779,-0.7714228271226148,INITIAL_STOP,12,0.7167894824255457,0.0,False
MX,MXU6,RBREAKER_2_1,BREAKOUT,LONG,2026-09-03|MX|MXU6|BREAKOUT|1|167,2026-09-03 11:47:00+00:00,2026-09-03 13:33:00+00:00,2026-09-03,222403.125,222475.0,222175.0,222100.0,3.436455639653262,791.0714285714286,221275.0,222175.0,5000.0,-783.9414427959003,381.94056649971225,85.91139099133154,418.8180310827413,-1670.6114313697856,-1670.6114313696853,-0.3341222862739571,-0.15678828855918006,TRAILING_STOP,105,0.27491645117226093,0.6185620151375871,False
MX,MXU6,RBREAKER_2_1,BREAKOUT,LONG,2026-09-03|MX|MXU6|BREAKOUT|1|168,2026-09-03 13:34:00+00:00,2026-09-03 15:06:00+00:00,2026-09-03,222403.125,222475.0,222575.0,222500.0,4.424827708271109,569.6428571428571,221600.0,222575.0,4999.999999999999,760.5172623590969,492.2344273719842,110.62069270677772,539.2758769455414,-381.6137346652009,-381.6137346652065,-0.0763227469330402,0.15210345247181942,TRAILING_STOP,91,0.5088551864511777,0.8628414031128664,False
MX,MXU6,RBREAKER_2_1,REVERSAL,LONG,2026-09-07|MX|MXU6|REVERSAL|1|169,2026-09-07 09:17:00+00:00,2026-09-07 09:17:00+00:00,2026-09-07,225890.875,225975.0,225400.0,225325.0,4.087650914611892,575.0,225400.0,225400.0,3499.9999999999995,-2006.5256427101124,461.18921444108673,102.1912728652973,548.25617892232,-3118.1623089387776,-3118.1623089388163,-0.8909035168396509,-0.5732930407743179,INITIAL_STOP,0,0.0,0.0,False
MX,MXU6,RBREAKER_2_1,BREAKOUT,LONG,2026-09-10|MX|MXU6|BREAKOUT|1|170,2026-09-10 15:01:00+00:00,2026-09-10 15:45:00+00:00,2026-09-10,230926.25,231000.0,230900.0,230850.0,4.299226139294927,594.6428571428571,230100.0,230300.0,5000.0,-112.85468615649182,496.39939810834045,107.48065348237317,424.548581255374,-1141.2833190025776,-1141.2833190025794,-0.2282566638005155,-0.022570937231298365,FORCE_CLOSE,43,0.5803955288048152,0.17196904557179707,False
MX,MXU6,RBREAKER_2_1,REVERSAL,SHORT,2026-09-11|MX|MXU6|REVERSAL|-1|171,2026-09-11 10:31:00+00:00,2026-09-11 10:31:00+00:00,2026-09-11,229214.625,229150.0,229875.0,229950.0,3.6126235388228007,701.7857142857143,229875.0,229875.0,3500.0,-2385.686269450107,414.638866668387,90.31558847057002,414.0969731375635,-3304.737697726634,-3304.7376977266276,-0.9442107707790383,-0.6816246484143162,INITIAL_STOP,0,0.0,0.0,False
MX,MXU6,RBREAKER_2_1,BREAKOUT,LONG,2026-09-14|MX|MXU6|BREAKOUT|1|172,2026-09-14 15:22:00+00:00,2026-09-14 15:26:00+00:00,2026-09-14,237409.375,237475.0,237575.0,237500.0,3.5088027087956912,773.2142857142857,236300.0,237575.0,5000.0,581.1454486442864,416.64839165255836,87.72006771989228,405.70531320450175,-328.92832393262944,-328.928323932666,-0.0657856647865259,0.11622908972885727,TRAILING_STOP,3,0.5087763927753752,0.8947446907429012,False
MX,MXU6,RBREAKER_2_1,BREAKOUT,LONG,2026-09-14|MX|MXU6|BREAKOUT|1|173,2026-09-14 15:28:00+00:00,2026-09-14 15:34:00+00:00,2026-09-14,237409.375,237475.0,236450.0,236375.0,3.5088027087956912,773.2142857142857,236300.0,236450.0,5000.0,-3366.2575987508662,415.6615408907096,87.72006771989228,405.70531320450175,-4275.344520565952,-4275.34452056597,-0.8550689041131904,-0.6732515197501733,TRAILING_STOP,5,0.5614084334073106,0.14035210835182765,False
MX,MXZ6,RBREAKER_2_1,BREAKOUT,SHORT,2026-09-16|MX|MXZ6|BREAKOUT|-1|174,2026-09-16 13:52:00+00:00,2026-09-16 15:03:00+00:00,2026-09-16,233603.4375,233525.0,233299.99999999997,233375.0,5.270717212844738,435.7142857142857,234200.0,233300.0,5000.0,1599.333254272575,615.224466669302,131.76793032111846,676.957742024746,175.38311525744052,175.38311525740846,0.03507662305148811,0.319866650854515,TRAILING_STOP,70,0.23718227457801316,0.9487290983120527,False
MX,MXZ6,RBREAKER_2_1,BREAKOUT,SHORT,2026-09-17|MX|MXZ6|BREAKOUT|-1|175,2026-09-17 13:52:00+00:00,2026-09-17 14:53:00+00:00,2026-09-17,226859.6875,226775.0,227050.0,227125.0,3.7516061563857024,700.0,227825.0,227050.0,5000.0,-713.977546637154,425.71350859586755,93.79015390964256,505.2944541881993,-1738.7756633309568,-1738.7756633308634,-0.34775513266619135,-0.1427955093274308,TRAILING_STOP,60,0.4501927387662843,0.5814989542397838,False
MX,MXZ6,RBREAKER_2_1,BREAKOUT,LONG,2026-09-22|MX|MXZ6|BREAKOUT|1|176,2026-09-22 08:12:00+00:00,2026-09-22 08:47:00+00:00,2026-09-22,232598.4375,232675.0,232200.0,232124.99999999997,4.6752457426043454,532.1428571428571,231875.0,232200.0,5000.0,-1862.7932255689188,543.2635552906249,116.88114356510863,591.7107892983624,-3114.6487137230397,-3114.648713723015,-0.6229297427446079,-0.3725586451137838,TRAILING_STOP,34,0.4675245742604346,0.30389097326928244,False
MX,MXZ6,RBREAKER_2_1,BREAKOUT,LONG,2026-09-22|MX|MXZ6|BREAKOUT|1|177,2026-09-22 11:19:00+00:00,2026-09-22 11:44:00+00:00,2026-09-22,232598.4375,232675.0,232225.0,232149.99999999997,5.7506792989921935,385.7142857142857,232075.0,232225.0,5000.0,-2147.519300717397,668.2648762885116,143.76698247480485,727.8203487786994,-3687.371508259476,-3687.371508259413,-0.7374743016518952,-0.4295038601434794,TRAILING_STOP,24,0.48880774041433644,0.20127377546472677,False
MX,MXZ6,RBREAKER_2_1,BREAKOUT,LONG,2026-09-22|MX|MXZ6|BREAKOUT|1|178,2026-09-22 11:50:00+00:00,2026-09-22 11:58:00+00:00,2026-09-22,232598.4375,232675.0,232325.0,232249.99999999997,5.29401643792104,437.5,232000.0,232325.0,5000.0,-1447.5826197440344,615.3301481001099,132.350410948026,670.0239554243816,-2865.287134216588,-2865.287134216552,-0.5730574268433176,-0.2895165239488069,TRAILING_STOP,7,0.3441110684648676,0.3441110684648676,False
MX,MXZ6,RBREAKER_2_1,BREAKOUT,LONG,2026-09-22|MX|MXZ6|BREAKOUT|1|179,2026-09-22 12:01:00+00:00,2026-09-22 13:14:00+00:00,2026-09-22,232598.4375,232675.0,232525.0,232450.0,5.027841673265709,475.0,231950.0,232525.0,5000.0,-369.23212288045056,584.6437145694283,125.69604183164273,636.3362117726914,-1715.9080910542173,-1715.908091054213,-0.3431816182108435,-0.07384642457609011,TRAILING_STOP,72,0.5027841673265709,0.5782017924255566,False
MX,MXZ6,RBREAKER_2_1,BREAKOUT,LONG,2026-09-22|MX|MXZ6|BREAKOUT|1|180,2026-09-22 13:15:00+00:00,2026-09-22 14:57:00+00:00,2026-09-22,232598.4375,232675.0,233125.0,233050.00000000003,5.027841673265709,471.42857142857144,231950.0,233125.0,5000.0,2647.472881078975,585.3978908204181,125.69604183164273,636.3362117726914,1300.0427366543854,1300.042736654223,0.2600085473308771,0.529494576215795,TRAILING_STOP,101,0.22625287529695692,1.1815427932174418,False
MX,MXZ6,RBREAKER_2_1,BREAKOUT,LONG,2026-09-22|MX|MXZ6|BREAKOUT|1|181,2026-09-22 14:59:00+00:00,2026-09-22 15:08:00+00:00,2026-09-22,232598.4375,232675.0,232225.00000000003,232150.0,5.437959677528991,425.0,232025.0,232225.0,5000.0,-2030.7380670772327,631.9249017768534,135.9489919382248,688.2417716872629,-3486.8537324796425,-3486.853732479574,-0.6973707464959285,-0.40614761341544653,TRAILING_STOP,8,0.5166061693652542,0.21751838710115967,False
MX,MXZ6,RBREAKER_2_1,BREAKOUT,LONG,2026-09-22|MX|MXZ6|BREAKOUT|1|182,2026-09-22 15:17:00+00:00,2026-09-22 15:45:00+00:00,2026-09-22,232598.4375,232675.0,232950.00000000003,232900.0,4.6752457426043454,526.7857142857143,231875.0,232325.0,5000.0,1643.6410813843402,544.1693841532544,116.88114356510863,474.82964573325376,507.76090793272283,507.7609079327233,0.10155218158654457,0.32872821627686805,FORCE_CLOSE,27,0.18700982970417382,0.4207721168343911,False
MX,MXZ6,RBREAKER_2_1,BREAKOUT,SHORT,2026-09-25|MX|MXZ6|BREAKOUT|-1|183,2026-09-25 13:08:00+00:00,2026-09-25 13:28:00+00:00,2026-09-25,229155.0,229075.0,229549.99999999997,229625.0,5.130638892808127,462.5,229775.0,229550.0,5000.0,-2026.6023626592103,588.3560150327719,128.2659723202032,666.9830560650565,-3410.2074060772175,-3410.207406077242,-0.6820414812154435,-0.40532047253184206,TRAILING_STOP,19,0.3078383335684876,0.23087875017636575,False
MX,MXZ6,RBREAKER_2_1,BREAKOUT,SHORT,2026-09-25|MX|MXZ6|BREAKOUT|-1|184,2026-09-25 13:57:00+00:00,2026-09-25 14:19:00+00:00,2026-09-25,229155.0,229075.0,229525.0,229600.0,4.764003191882139,516.0714285714286,229850.0,229525.0,5000.0,-1762.6811809963915,546.2822910091351,119.10007979705348,619.3204149446781,-3047.38396674725,-3047.3839667472585,-0.6094767933494499,-0.3525362361992783,TRAILING_STOP,21,0.35730023939116046,0.3096602074723391,False
MX,MXZ6,RBREAKER_2_1,BREAKOUT,SHORT,2026-09-25|MX|MXZ6|BREAKOUT|-1|185,2026-09-25 14:27:00+00:00,2026-09-25 15:05:00+00:00,2026-09-25,229155.0,229075.0,229250.0,229300.00000000003,4.653164733664484,530.3571428571429,229875.0,229450.0,5000.0,-442.050649698126,533.2235961983645,116.3291183416121,488.5822970347708,-1580.1856612729573,-1580.1856612728734,-0.31603713225459146,-0.0884101299396252,FORCE_CLOSE,38,0.4885822970347708,0.3955190023614812,False
RN,RNM6,RBREAKER_2_1,BREAKOUT,LONG,2026-04-07|RN|RNM6|BREAKOUT|1|1,2026-04-07 13:00:00+00:00,2026-04-07 15:16:00+00:00,2026-04-07,50033.85,50037.0,49702.0,49698.99999999999,11.924110193087033,258.07142857142856,49649.0,49702.0,5000.0,-3957.0159675759146,297.3157635544321,11.924110193087033,61.40916749441558,-4327.6650088179285,-4327.66500881785,-0.8655330017635857,-0.791403193515183,TRAILING_STOP,127,0.7965305608982138,0.12639556804672253,False
RN,RNM6,RBREAKER_2_1,BREAKOUT,SHORT,2026-04-08|RN|RNM6|BREAKOUT|-1|2,2026-04-08 15:14:00+00:00,2026-04-08 15:46:00+00:00,2026-04-08,47292.775,47290.0,47163.0,47165.0,25.227679810287476,112.57142857142857,47459.0,47304.0,5000.0,3273.922147380094,595.7201241201759,25.227679810287476,95.23449128387195,2557.739852165753,2557.7398521657583,0.5115479704331506,0.6547844294760188,FORCE_CLOSE,26,0.5550089558263245,0.7820580741189117,False
RN,RNM6,RBREAKER_2_1,REVERSAL,SHORT,2026-04-09|RN|RNM6|REVERSAL|-1|3,2026-04-09 09:31:00+00:00,2026-04-09 09:34:00+00:00,2026-04-09,47050.0,47048.0,47123.99999999999,47127.0,27.44581412126345,99.85714285714286,47148.0,47124.0,3500.0,-2030.9902449734952,646.1773862174963,27.44581412126345,109.78325648505378,-2814.396701797356,-2814.3967017973087,-0.8041133433706731,-0.5802829271352844,TRAILING_STOP,2,0.26661648003513067,0.3058247859226499,False
RN,RNM6,RBREAKER_2_1,BREAKOUT,LONG,2026-04-13|RN|RNM6|BREAKOUT|1|4,2026-04-13 11:06:00+00:00,2026-04-13 12:51:00+00:00,2026-04-13,47191.0,47193.0,47354.0,47351.0,22.563533268801628,129.14285714285714,46999.0,47354.0,5000.0,3677.8559228146655,533.3116723413953,22.563533268801628,90.25413307520652,3031.7265841291846,3031.726584129262,0.6063453168258369,0.7355711845629331,TRAILING_STOP,72,0.27076239922561957,1.6020108620849156,False
RN,RNM6,RBREAKER_2_1,BREAKOUT,LONG,2026-04-13|RN|RNM6|BREAKOUT|1|5,2026-04-13 15:29:00+00:00,2026-04-13 15:46:00+00:00,2026-04-13,47184.55,47188.0,47395.0,47393.0,17.57506309447687,168.71428571428572,46934.0,47141.0,5000.000000000001,3698.6720282326064,415.5667606346792,17.57506309447687,78.20903077037093,3187.3211737331917,3187.3211737330794,0.6374642347466383,0.7397344056465212,FORCE_CLOSE,12,0.10193536594796583,0.7276076121113424,False
RN,RNM6,RBREAKER_2_1,BREAKOUT,SHORT,2026-04-17|RN|RNM6|BREAKOUT|-1|6,2026-04-17 07:32:00+00:00,2026-04-17 07:35:00+00:00,2026-04-17,45611.012500000004,45608.0,45678.0,45681.0,50.59243744244663,46.57142857142857,45678.0,45678.0,5000.0,-3389.0609031756726,1154.6332554208775,50.59243744244663,253.59459268048462,-4847.881188719227,-4847.8811887194815,-0.9695762377438454,-0.6778121806351345,INITIAL_STOP,1,0.465450424470509,0.0,False
RN,RNM6,RBREAKER_2_1,BREAKOUT,SHORT,2026-04-17|RN|RNM6|BREAKOUT|-1|7,2026-04-17 07:38:00+00:00,2026-04-17 07:43:00+00:00,2026-04-17,45611.012500000004,45608.0,45728.99999999999,45731.0,49.58890795306476,47.785714285714285,45680.0,45678.0,5000.0,-5850.871277112012,1132.3503158812455,49.58890795306476,198.97549316188883,-7231.785994108119,-7231.785994108211,-1.4463571988216237,-1.1701742554224024,TRAILING_STOP,3,0.5851491138461642,0.019835563181225906,False
RN,RNM6,RBREAKER_2_1,BREAKOUT,SHORT,2026-04-17|RN|RNM6|BREAKOUT|-1|8,2026-04-17 08:58:00+00:00,2026-04-17 09:18:00+00:00,2026-04-17,45611.012500000004,45608.0,45628.0,45630.0,42.434375238690215,58.857142857142854,45697.0,45623.0,5000.0,-720.8539493670647,967.9068820069044,42.434375238690215,170.26793064542971,-1901.4631372580736,-1901.463137258089,-0.38029262745161474,-0.14417078987341295,TRAILING_STOP,12,0.1782243760024989,0.6280287535326151,False
RN,RNM6,RBREAKER_2_1,BREAKOUT,SHORT,2026-04-17|RN|RNM6|BREAKOUT|-1|9,2026-04-17 09:25:00+00:00,2026-04-17 10:12:00+00:00,2026-04-17,45609.0,45607.0,45607.0,45610.0,40.38658034708227,64.57142857142857,45704.0,45607.0,5000.0,80.77316069416455,920.9856748799509,40.38658034708227,161.5463213883291,-1042.1454159212014,-1042.1454159211978,-0.20842908318424028,0.01615463213883291,TRAILING_STOP,28,0.048463896416498724,0.7834996587333961,False
RN,RNM6,RBREAKER_2_1,BREAKOUT,SHORT,2026-04-17|RN|RNM6|BREAKOUT|-1|10,2026-04-17 12:47:00+00:00,2026-04-17 12:51:00+00:00,2026-04-17,45611.012500000004,45608.0,45419.0,45421.0,41.38079434572527,61.142857142857146,45700.0,45408.0,5000.0,7945.629774308754,941.7130821242565,41.38079434572527,166.0404373124033,6796.495460526309,6796.49546052637,1.359299092105262,1.589125954861751,TRAILING_STOP,3,0.5545026442327187,2.416638389790356,False
RN,RNM6,RBREAKER_2_1,BREAKOUT,LONG,2026-04-23|RN|RNM6|BREAKOUT|1|11,2026-04-23 12:54:00+00:00,2026-04-23 13:02:00+00:00,2026-04-23,45178.9875,45182.0,45072.0,45069.0,36.07087204940418,72.85714285714286,45072.0,45072.0,5000.0,-3859.1324233857345,813.8580683326941,36.07087204940418,180.80524614753347,-4889.866609915312,-4889.866609915366,-0.9779733219830625,-0.7718264846771469,INITIAL_STOP,6,0.6709182201189178,0.0,False
RN,RNU6,RBREAKER_2_1,BREAKOUT,SHORT,2026-07-07|RN|RNU6|BREAKOUT|-1|12,2026-07-07 08:06:00+00:00,2026-07-07 08:16:00+00:00,2026-07-07,29540.862500000003,29538.0,29832.0,29835.0,15.898554503424254,195.78571428571428,29832.0,29832.0,5000.0,-4628.665411740632,235.98621913295204,15.898554503424254,77.30672127294672,-4957.856906649999,-4957.856906649955,-0.9915713813299997,-0.9257330823481265,INITIAL_STOP,9,0.9189364502979219,0.05723479621232732,False
RN,RNU6,RBREAKER_2_1,BREAKOUT,SHORT,2026-07-07|RN|RNU6|BREAKOUT|-1|13,2026-07-07 12:33:00+00:00,2026-07-07 12:59:00+00:00,2026-07-07,29540.862500000003,29538.0,29603.0,29606.0,16.000307205898054,194.14285714285714,29830.0,29603.0,5000.0,-994.2190890064437,236.58054234640863,16.000307205898054,77.80149378872585,-1324.6014323475,-1324.6014323474762,-0.2649202864695,-0.19884381780128874,TRAILING_STOP,25,0.14080270341190287,0.7264139471477716,False
RN,RNU6,RBREAKER_2_1,BREAKOUT,SHORT,2026-07-15|RN|RNU6|BREAKOUT|-1|14,2026-07-15 07:20:00+00:00,2026-07-15 08:01:00+00:00,2026-07-15,32307.875,32305.0,32338.000000000004,32341.0,20.841800314711186,144.71428571428572,32523.0,32338.0,5000.0,-627.8592344806744,336.8347557862048,20.841800314711186,101.60377653421703,-1087.1395671157857,-1087.1395671158075,-0.21742791342315712,-0.12557184689613488,TRAILING_STOP,39,0.4501828867977616,0.7711466116443139,False
RN,RNU6,RBREAKER_2_1,BREAKOUT,SHORT,2026-07-15|RN|RNU6|BREAKOUT|-1|15,2026-07-15 08:22:00+00:00,2026-07-15 09:54:00+00:00,2026-07-15,32307.875,32305.0,32138.0,32141.000000000004,20.169219753733827,150.64285714285714,32531.0,32138.0,5000.0,3426.246205665534,324.95638406228255,20.169219753733827,98.3249462994524,2982.795655549988,2982.7956555500655,0.5965591311099976,0.6852492411331068,TRAILING_STOP,90,0.26623370074928654,1.5853006726434788,False
RN,RNU6,RBREAKER_2_1,BREAKOUT,SHORT,2026-07-15|RN|RNU6|BREAKOUT|-1|16,2026-07-15 11:28:00+00:00,2026-07-15 11:29:00+00:00,2026-07-15,32307.875,32305.0,32481.0,32484.0,25.26496633443236,117.07142857142857,32481.0,32481.0,5000.0,-4373.997296648602,409.2229759603846,25.26496633443236,123.16671088035775,-4931.651949823751,-4931.651949823777,-0.9863303899647502,-0.8747994593297204,INITIAL_STOP,0,0.6973130708303331,0.3233915690807342,False
RN,RNU6,RBREAKER_2_1,BREAKOUT,SHORT,2026-07-15|RN|RNU6|BREAKOUT|-1|17,2026-07-15 11:39:00+00:00,2026-07-15 12:01:00+00:00,2026-07-15,32307.875,32305.0,32350.0,32353.0,18.946391186138822,160.78571428571428,32547.0,32350.0,5000.0,-798.1167287160979,306.258940328341,18.946391186138822,92.36365703242674,-1215.6857172629889,-1215.6857172630043,-0.24313714345259776,-0.15962334574321957,TRAILING_STOP,21,0.3069315372154489,0.7464878127338695,False
RN,RNU6,RBREAKER_2_1,BREAKOUT,SHORT,2026-07-15|RN|RNU6|BREAKOUT|-1|18,2026-07-15 12:09:00+00:00,2026-07-15 12:48:00+00:00,2026-07-15,32307.875,32305.0,32487.0,32490.0,15.202073562833972,204.21428571428572,32612.0,32487.0,5000.0,-2723.0714269426353,246.2545891259568,15.202073562833972,74.11010861881562,-3058.6381982502417,-3058.6381982502417,-0.6117276396500483,-0.5446142853885271,TRAILING_STOP,31,0.48646635401068705,0.3800518390708493,False
RN,RNU6,RBREAKER_2_1,BREAKOUT,SHORT,2026-07-15|RN|RNU6|BREAKOUT|-1|19,2026-07-15 13:02:00+00:00,2026-07-15 15:45:00+00:00,2026-07-15,32307.875,32305.0,32150.0,32152.0,14.128185022711058,221.14285714285714,32637.0,32229.0,5000.0,2230.4872104605083,227.66510550222168,14.128185022711058,54.746716963005355,1933.9472029725598,1933.9472029725703,0.386789440594512,0.44609744209210167,FORCE_CLOSE,144,0.426671187685874,1.1528598978532223,False
RN,RNU6,RBREAKER_2_1,BREAKOUT,SHORT,2026-07-16|RN|RNU6|BREAKOUT|-1|20,2026-07-16 07:38:00+00:00,2026-07-16 07:42:00+00:00,2026-07-16,30845.425,30842.0,30921.0,30924.0,25.73724333534103,114.07142857142857,31014.0,30921.0,5000.0,-1945.0921650684172,397.42164296266856,25.73724333534103,139.62454509420638,-2507.8755964605953,-2507.8755964606335,-0.5015751192921191,-0.38901843301368344,TRAILING_STOP,3,0.28825712535581954,0.4890076233714796,False
RN,RNU6,RBREAKER_2_1,BREAKOUT,SHORT,2026-07-16|RN|RNU6|BREAKOUT|-1|21,2026-07-16 07:45:00+00:00,2026-07-16 08:09:00+00:00,2026-07-16,30845.425,30842.0,30960.0,30963.0,22.596725282572198,132.28571428571428,31041.0,30960.0,5000.0,-2589.019799250726,349.14765152234366,22.596725282572198,122.58723465793773,-3083.351410713552,-3083.3514107135793,-0.6166702821427104,-0.5178039598501452,TRAILING_STOP,23,0.4157797451993284,0.3660669495776696,False
RN,RNU6,RBREAKER_2_1,BREAKOUT,SHORT,2026-07-16|RN|RNU6|BREAKOUT|-1|22,2026-07-16 13:59:00+00:00,2026-07-16 14:07:00+00:00,2026-07-16,30845.425,30842.0,31027.000000000004,31030.000000000004,20.89680738576773,144.35714285714286,31059.0,31027.0,5000.0,-3794.3378010707906,323.23181664305525,20.89680738576773,113.36518006777473,-4251.831605167382,-4251.831605167388,-0.8503663210334764,-0.7588675602141581,TRAILING_STOP,7,0.6018280527101105,0.13373956726891348,False
RN,RNU6,RBREAKER_2_1,BREAKOUT,SHORT,2026-07-16|RN|RNU6|BREAKOUT|-1|23,2026-07-16 15:13:00+00:00,2026-07-16 15:45:00+00:00,2026-07-16,30845.425,30842.0,30730.000000000004,30732.0,18.568653884005435,164.42857142857142,31089.0,30990.0,5000.0,2143.2868745613137,285.8365735634377,18.568653884005435,82.16629343671053,1756.7153536771277,1756.71535367716,0.35134307073542553,0.42865737491226275,FORCE_CLOSE,28,0.3193808468048935,0.36765934690330765,False
RN,RNU6,RBREAKER_2_1,BREAKOUT,LONG,2026-07-20|RN|RNU6|BREAKOUT|1|24,2026-07-20 13:20:00+00:00,2026-07-20 13:30:00+00:00,2026-07-20,31820.275,31823.0,32067.0,32064.0,20.37809517793158,149.14285714285714,31599.0,32067.0,5000.0,5027.7855327751395,325.4738416581287,20.37809517793158,96.28649971569706,4585.647096223397,4585.6470962233825,0.9171294192446794,1.005557106555028,TRAILING_STOP,9,0.6969308550852601,1.9073897086543958,False
RN,RNU6,RBREAKER_2_1,BREAKOUT,LONG,2026-07-20|RN|RNU6|BREAKOUT|1|25,2026-07-20 13:38:00+00:00,2026-07-20 13:52:00+00:00,2026-07-20,31820.275,31823.0,31750.0,31747.0,16.42783334948753,188.07142857142858,31540.0,31750.0,5000.0,-1154.46598863526,261.07934150673054,16.42783334948753,77.62151257630467,-1509.5946760677903,-1509.5946760677828,-0.30191893521355806,-0.230893197727052,TRAILING_STOP,12,0.17084946683467028,0.6899690006784762,False
RN,RNU6,RBREAKER_2_1,BREAKOUT,LONG,2026-07-20|RN|RNU6|BREAKOUT|1|26,2026-07-20 13:56:00+00:00,2026-07-20 14:13:00+00:00,2026-07-20,31830.0,31832.0,31685.0,31682.0,13.336320669163227,236.21428571428572,31477.0,31685.0,5000.0,-1933.7664970286678,211.7607677453083,13.336320669163227,53.3452826766529,-2212.208868119796,-2212.2088681197924,-0.4424417736239592,-0.38675329940573355,TRAILING_STOP,16,0.3280734884614154,0.5547909398371902,False
RN,RNU6,RBREAKER_2_1,BREAKOUT,LONG,2026-07-20|RN|RNU6|BREAKOUT|1|27,2026-07-20 14:17:00+00:00,2026-07-20 15:45:00+00:00,2026-07-20,31820.275,31823.0,32147.0,32145.0,13.110919691683712,239.71428571428572,31463.0,31848.0,5000.0,4283.665236265342,209.66982770940592,13.110919691683712,48.83817585150275,4012.0463130127514,4012.0463130127496,0.8024092626025503,0.8567330472530684,FORCE_CLOSE,77,0.335639544107103,1.009540816259646,False
RN,RNU6,RBREAKER_2_1,BREAKOUT,LONG,2026-07-22|RN|RNU6|BREAKOUT|1|28,2026-07-22 10:06:00+00:00,2026-07-22 11:08:00+00:00,2026-07-22,34475.1,34478.0,34179.0,34176.0,10.26611831906679,308.7142857142857,34014.0,34179.0,5000.0,-3039.7976342756615,176.20252176930285,10.26611831906679,50.3039797634422,-3276.5702541274677,-3276.5702541274736,-0.6553140508254935,-0.6079595268551323,TRAILING_STOP,60,0.5933816388420604,0.3387819045292041,False
RN,RNU6,RBREAKER_2_1,BREAKOUT,LONG,2026-07-22|RN|RNU6|BREAKOUT|1|29,2026-07-22 15:09:00+00:00,2026-07-22 15:21:00+00:00,2026-07-22,34475.1,34478.0,34824.0,34821.0,16.3913466802604,187.85714285714286,34196.0,34824.0,5000.0,5718.940856742878,283.97598339884144,16.3913466802604,80.31759873329983,5338.255927930479,5338.255927930477,1.0676511855860957,1.1437881713485756,TRAILING_STOP,11,0.09179154140945825,2.0587531430407062,False
RN,RNU6,RBREAKER_2_1,REVERSAL,LONG,2026-07-24|RN|RNU6|REVERSAL|1|30,2026-07-24 10:30:00+00:00,2026-07-24 10:30:00+00:00,2026-07-24,35748.045,35751.0,35522.0,35519.0,13.845730866683223,228.92857142857142,35522.0,35522.0,3500.0,-3129.758233759385,246.69630971712832,13.845730866683223,68.60559644443954,-3458.905870787672,-3458.905870787636,-0.9882588202250492,-0.8942166382169671,INITIAL_STOP,0,0.0,0.0,False
RN,RNU6,RBREAKER_2_1,BREAKOUT,LONG,2026-07-29|RN|RNU6|BREAKOUT|1|31,2026-07-29 13:06:00+00:00,2026-07-29 13:36:00+00:00,2026-07-29,35670.6375,35674.0,35579.0,35576.0,21.68614082112349,136.92857142857142,35468.0,35579.0,5000.0,-1987.2637294956407,386.2843833762622,21.68614082112349,116.29193015333784,-2511.5261838464235,-2511.5261838463643,-0.5023052367692847,-0.39745274589912816,TRAILING_STOP,28,0.4640834135720427,0.4814323262289415,False
RN,RNU6,RBREAKER_2_1,BREAKOUT,LONG,2026-07-29|RN|RNU6|BREAKOUT|1|32,2026-07-29 13:39:00+00:00,2026-07-29 15:45:00+00:00,2026-07-29,35670.6375,35674.0,35730.0,35728.0,20.87142368155166,143.14285714285714,35459.0,35641.0,5000.0,1238.9798882961713,372.56534842753797,20.87142368155166,91.05158581082986,754.4915303762256,754.4915303762518,0.15089830607524513,0.24779597765923428,FORCE_CLOSE,120,0.4800427446756882,0.7597198220084805,False
RN,RNU6,RBREAKER_2_1,REVERSAL,SHORT,2026-08-07|RN|RNU6|REVERSAL|-1|33,2026-08-07 12:42:00+00:00,2026-08-07 12:44:00+00:00,2026-08-07,35629.965,35627.0,35647.0,35650.0,19.47219231849906,155.71428571428572,35783.0,35647.0,3500.0,-331.7087961456995,346.9798629714144,19.47219231849906,96.67943486127983,-794.8402862969754,-794.8402862968928,-0.22709722465627868,-0.09477394175591415,TRAILING_STOP,1,0.12239663743056553,0.7566337586616778,False
RN,RNU6,RBREAKER_2_1,REVERSAL,SHORT,2026-08-11|RN|RNU6|REVERSAL|-1|34,2026-08-11 10:38:00+00:00,2026-08-11 10:38:00+00:00,2026-08-11,35650.895000000004,35648.0,35761.0,35764.0,25.61962902777015,112.42857142857143,35761.0,35761.0,3500.0,-2820.849254102528,457.3872370327805,25.61962902777015,125.40808409103927,-3429.2642042541625,-3429.264204254118,-0.9797897726440464,-0.8059569297435795,INITIAL_STOP,0,0.0,0.0,False
RN,RNU6,RBREAKER_2_1,BREAKOUT,SHORT,2026-08-12|RN|RNU6|BREAKOUT|-1|35,2026-08-12 14:04:00+00:00,2026-08-12 14:28:00+00:00,2026-08-12,35117.7,35115.0,34976.0,34979.0,34.97542976059461,79.57142857142857,35235.0,34976.0,5000.0,4956.0183970761545,612.8919434097797,34.97542976059461,164.38451987469287,4143.766504031167,4143.766504031087,0.8287533008062333,0.9912036794152309,TRAILING_STOP,23,0.3917248133186596,1.8117272615988007,False
RN,RNU6,RBREAKER_2_1,BREAKOUT,SHORT,2026-08-13|RN|RNU6|BREAKOUT|-1|36,2026-08-13 08:22:00+00:00,2026-08-13 09:29:00+00:00,2026-08-13,34064.4,34061.0,33679.0,33682.0,22.338331907402857,133.07142857142858,34261.0,33679.0,5000.0,8609.193117113093,378.3164046007979,22.338331907402857,120.62699230000794,8087.911388304846,8087.911388304882,1.6175822776609692,1.7218386234226186,TRAILING_STOP,65,0.594199628736916,2.6001818340216927,False
RN,RNU6,RBREAKER_2_1,BREAKOUT,SHORT,2026-08-13|RN|RNU6|BREAKOUT|-1|37,2026-08-13 11:22:00+00:00,2026-08-13 15:15:00+00:00,2026-08-13,34064.4,34061.0,33903.0,33906.0,18.95156170344196,159.57142857142858,34301.0,33903.0,5000.0,3058.78205893556,322.02019857446,18.95156170344196,102.33843319861417,2615.4718654589424,2615.471865459044,0.5230943730917885,0.611756411787112,TRAILING_STOP,211,0.0985481208578982,1.50854431159398,False
RN,RNU6,RBREAKER_2_1,BREAKOUT,SHORT,2026-08-14|RN|RNU6|BREAKOUT|-1|38,2026-08-14 10:50:00+00:00,2026-08-14 11:28:00+00:00,2026-08-14,32460.6,32458.0,32678.000000000004,32680.999999999996,16.478319475066815,187.57142857142858,32740.0,32678.0,5000.0,-3582.3866538795496,268.3453130715943,16.478319475066815,75.80026958528339,-3943.0105560114325,-3943.010556011494,-0.7886021112022865,-0.7164773307759099,TRAILING_STOP,37,0.6953850818478196,0.2043311614908285,False
RN,RNU6,RBREAKER_2_1,BREAKOUT,SHORT,2026-08-14|RN|RNU6|BREAKOUT|-1|39,2026-08-14 13:09:00+00:00,2026-08-14 14:03:00+00:00,2026-08-14,32460.6,32458.0,31946.000000000004,31949.0,19.965738792232763,152.64285714285714,32687.0,31946.0,5000.0,10274.369182482951,321.4833345978339,19.965738792232763,91.84239844424165,9841.077710648715,9841.077710648644,1.968215542129743,2.0548738364965904,TRAILING_STOP,51,0.09982869396116381,2.9589224890088954,False
RN,RNU6,RBREAKER_2_1,BREAKOUT,LONG,2026-08-20|RN|RNU6|BREAKOUT|1|40,2026-08-20 08:27:00+00:00,2026-08-20 08:48:00+00:00,2026-08-20,32678.675000000003,32682.0,32692.0,32688.999999999996,25.77439159548716,114.0,32511.0,32692.0,5000.0,343.44376800979137,421.22443824714776,25.77439159548716,137.2486352458941,-240.8036970788313,-240.80369707873763,-0.04816073941576626,0.06868875360195828,TRAILING_STOP,20,0.03608414823368203,0.9330329757566351,False
RN,RNU6,RBREAKER_2_1,BREAKOUT,LONG,2026-08-20|RN|RNU6|BREAKOUT|1|41,2026-08-20 09:06:00+00:00,2026-08-20 09:34:00+00:00,2026-08-20,32678.675000000003,32682.0,32537.0,32534.0,20.921289923052004,143.64285714285714,32466.0,32537.0,5000.0,-2964.0237498484535,341.1007109054399,20.921289923052004,111.40586884019105,-3437.451619517108,-3437.4516195171364,-0.6874903239034217,-0.5928047499696907,TRAILING_STOP,26,0.5857961178454562,0.29708231690733844,False
RN,RNU6,RBREAKER_2_1,REVERSAL,SHORT,2026-08-20|RN|RNU6|REVERSAL|-1|42,2026-08-20 10:33:00+00:00,2026-08-20 10:42:00+00:00,2026-08-20,31929.39,31926.0,32112.999999999996,32116.0,16.687088484478718,186.64285714285714,32113.0,32113.0,3500.0,-3063.9163166351473,267.1686301807465,16.687088484478718,89.94340693133057,-3437.7154422317226,-3437.7154422317035,-0.9822044120662065,-0.8754046618957564,INITIAL_STOP,7,0.7962125076879846,0.0,False
RN,RNU6,RBREAKER_2_1,REVERSAL,LONG,2026-08-21|RN|RNU6|REVERSAL|1|43,2026-08-21 10:08:00+00:00,2026-08-21 10:11:00+00:00,2026-08-21,32261.66,32265.0,32138.0,32135.0,20.02145155523772,152.0,32113.0,32138.0,3500.0,-2475.852699320694,322.34537003932735,20.02145155523772,106.91455130497235,-2925.1340722201694,-2925.1340722202317,-0.8357525920629055,-0.7073864855201982,TRAILING_STOP,2,0.6578476939578108,0.14301036825169802,False
RN,RNU6,RBREAKER_2_1,BREAKOUT,SHORT,2026-08-24|RN|RNU6|BREAKOUT|-1|44,2026-08-24 07:19:00+00:00,2026-08-24 07:23:00+00:00,2026-08-24,31029.725,31027.0,31155.0,31158.0,26.600909219077522,111.21428571428571,31194.0,31155.0,5000.0,-3332.428902419975,413.5443849470839,26.600909219077522,125.68929606010258,-3898.263492646315,-3898.2634926462392,-0.779652698529263,-0.6664857804839951,TRAILING_STOP,3,0.22876781928406667,0.20748709190880468,False
RN,RNU6,RBREAKER_2_1,BREAKOUT,SHORT,2026-08-24|RN|RNU6|BREAKOUT|-1|45,2026-08-24 08:24:00+00:00,2026-08-24 10:49:00+00:00,2026-08-24,31029.725,31027.0,31246.0,31249.0,15.77468699077353,197.28571428571428,31323.0,31246.0,5000.0,-3411.670428929568,245.5961017593531,15.77468699077353,74.53539603138196,-3747.576613711079,-3747.576613711077,-0.7495153227422158,-0.6823340857859136,TRAILING_STOP,102,0.6467621666217147,0.24293017965791236,False
RN,RNU6,RBREAKER_2_1,BREAKOUT,SHORT,2026-08-24|RN|RNU6|BREAKOUT|-1|46,2026-08-24 13:00:00+00:00,2026-08-24 13:32:00+00:00,2026-08-24,31029.725,31027.0,30965.0,30967.999999999996,36.241469664078586,77.64285714285714,31144.0,30965.0,5000.0,2345.7291240074337,561.697477956138,36.241469664078586,171.2409441627186,1576.5492322246328,1576.5492322244988,0.31530984644492654,0.46914582480148675,TRAILING_STOP,29,0.3696629905736016,1.2974446139740134,False
RN,RNU6,RBREAKER_2_1,REVERSAL,SHORT,2026-08-28|RN|RNU6|REVERSAL|-1|47,2026-08-28 15:16:00+00:00,2026-08-28 15:41:00+00:00,2026-08-28,31067.085,31064.0,31271.0,31274.0,14.42097716541283,220.14285714285714,31285.0,31271.0,3500.0,-2940.65355868517,224.74371863437625,14.42097716541283,73.33066888611165,-3253.148923371062,-3253.148923371071,-0.9294711209631606,-0.8401867310529058,TRAILING_STOP,23,0.8075747212631185,0.09888670056283085,False
RN,RNU6,RBREAKER_2_1,REVERSAL,SHORT,2026-09-03|RN|RNU6|REVERSAL|-1|48,2026-09-03 08:07:00+00:00,2026-09-03 08:54:00+00:00,2026-09-03,32120.975000000002,32118.0,32181.0,32184.0,27.557102252595325,104.35714285714286,32223.0,32181.0,3500.0,-1654.1150627119741,442.9941972615961,27.557102252595325,137.0965837067219,-2261.762945932878,-2261.7629459328878,-0.6462179845522509,-0.47260430363199263,TRAILING_STOP,36,0.4645340094008926,0.692864285208111,False
RN,RNU6,RBREAKER_2_1,BREAKOUT,LONG,2026-09-10|RN|RNU6|BREAKOUT|1|49,2026-09-10 07:19:00+00:00,2026-09-10 07:30:00+00:00,2026-09-10,33870.524999999994,33874.0,34328.0,34325.0,36.526478043930936,74.92857142857143,33761.0,34328.0,5000.0,16709.95054314752,622.7673190295116,36.526478043930936,199.9824672907345,15850.67427878353,15850.674278783343,3.170134855756706,3.3419901086295036,TRAILING_STOP,10,0.6428660135731845,4.142102610181769,False
RN,RNU6,RBREAKER_2_1,BREAKOUT,LONG,2026-09-14|RN|RNU6|BREAKOUT|1|50,2026-09-14 13:00:00+00:00,2026-09-14 13:29:00+00:00,2026-09-14,36911.2,36914.0,36979.99999999999,36977.0,28.562125479128706,100.64285714285714,36763.0,36980.0,5000.0,1965.0742329641382,527.6210034445749,28.562125479128706,137.09820229990092,1271.7929017406068,1271.7929017405336,0.25435858034812137,0.39301484659282765,TRAILING_STOP,28,0.20564730344972668,1.2395962457941858,False
CR,CRZ5,RBREAKER_2_1,BREAKOUT,SHORT,2025-10-24|CR|CRZ5|BREAKOUT|-1|1,2025-10-24 10:51:00+00:00,2025-10-24 10:51:00+00:00,2025-10-24,11.4988375,11.496,11.526,11.529,120.70588803321984,0.019714285714285573,11.526,11.526,5000.0,-3278.673683702251,694.8132679912217,120.70588803321984,583.9147333607204,-4678.107573087473,-4678.107573087413,-0.9356215146174945,-0.6557347367404501,INITIAL_STOP,0,0.0,0.0,False
CR,CRZ5,RBREAKER_2_1,BREAKOUT,SHORT,2025-10-24|CR|CRZ5|BREAKOUT|-1|2,2025-10-24 11:09:00+00:00,2025-10-24 11:28:00+00:00,2025-10-24,11.4988375,11.496,11.47,11.472999999999999,110.076393016756,0.022571428571428496,11.53,11.47,5000.0,3174.327983620685,632.0861678004671,110.076393016756,532.494551218575,1899.670871584944,1899.6708715848868,0.37993417431698884,0.634865596724137,TRAILING_STOP,18,0.5944125222904658,1.320916716201083,False
CR,CRZ5,RBREAKER_2_1,BREAKOUT,SHORT,2025-10-24|CR|CRZ5|BREAKOUT|-1|3,2025-10-24 11:52:00+00:00,2025-10-24 13:07:00+00:00,2025-10-24,11.4988375,11.496,11.486,11.489,78.83575359096895,0.03449999999999979,11.548,11.486,5000.0,1012.0539867240509,453.00994907210537,78.83575359096895,381.36795799632506,98.8403260646524,98.84032606465149,0.01976806521293048,0.20241079734481018,TRAILING_STOP,74,0.37841161723663724,0.9775633445280333,False
CR,CRZ5,RBREAKER_2_1,BREAKOUT,LONG,2025-10-30|CR|CRZ5|BREAKOUT|1|4,2025-10-30 07:32:00+00:00,2025-10-30 07:51:00+00:00,2025-10-30,11.551387499999999,11.554,11.524,11.521,116.27366169014597,0.021071428571428567,11.522,11.524,5000.0,-3184.444909538835,670.7536858750295,116.27366169014597,536.3122645457748,-4507.784521649643,-4507.784521649785,-0.9015569043299285,-0.636888981907767,TRAILING_STOP,18,0.6046230407887544,0.06976419701409023,False
CR,CRZ5,RBREAKER_2_1,BREAKOUT,LONG,2025-10-30|CR|CRZ5|BREAKOUT|1|5,2025-10-30 08:11:00+00:00,2025-10-30 11:41:00+00:00,2025-10-30,11.551387499999999,11.554,11.543,11.540000000000001,98.03537116190782,0.02664285714285735,11.514,11.543,5000.0,-822.2716756204575,566.0072154032748,98.03537116190782,452.1881494844542,-1938.5024116700295,-1938.5024116700943,-0.3877004823340059,-0.1644543351240915,TRAILING_STOP,204,0.5686051527390636,0.5686051527390636,False
CR,CRZ5,RBREAKER_2_1,BREAKOUT,LONG,2025-10-30|CR|CRZ5|BREAKOUT|1|6,2025-10-30 12:15:00+00:00,2025-10-30 12:25:00+00:00,2025-10-30,11.551387499999999,11.554,11.528,11.525,131.5720225251166,0.017571428571428602,11.527,11.528,5000.000000000001,-3077.1406768059464,759.1376769642916,131.5720225251166,606.8759538973075,-4574.726330192652,-4574.726330192662,-0.9149452660385303,-0.6154281353611891,TRAILING_STOP,9,0.5789168991105194,0.026314404505008732,False
CR,CRZ5,RBREAKER_2_1,BREAKOUT,SHORT,2025-11-13|CR|CRZ5|BREAKOUT|-1|7,2025-11-13 08:43:00+00:00,2025-11-13 09:25:00+00:00,2025-11-13,11.475350000000002,11.472,11.477,11.48,112.52137906200727,0.0209285714285715,11.504,11.477,5000.0,-185.6602754520792,645.6476730577976,112.52137906200727,601.9893779820724,-1545.8187055540436,-1545.8187055539565,-0.30916374111080874,-0.03713205509041584,TRAILING_STOP,41,0.20253848231162075,0.6076154469348223,False
CR,CRZ5,RBREAKER_2_1,BREAKOUT,SHORT,2025-11-13|CR|CRZ5|BREAKOUT|-1|8,2025-11-13 09:31:00+00:00,2025-11-13 12:08:00+00:00,2025-11-13,11.475350000000002,11.472,11.467,11.47,126.78770666394023,0.017499999999999943,11.499,11.467,5000.0,1058.6773506441361,727.1908915710292,126.78770666394023,678.3142306524561,-473.6154782432486,-473.6154782432894,-0.09472309564864972,0.21173547012882724,TRAILING_STOP,151,0.3042904959934681,0.8114413226492182,False
CR,CRZ5,RBREAKER_2_1,BREAKOUT,SHORT,2025-11-13|CR|CRZ5|BREAKOUT|-1|9,2025-11-13 12:18:00+00:00,2025-11-13 12:49:00+00:00,2025-11-13,11.475,11.473,11.488000000000001,11.490999999999998,180.26787806682879,0.011928571428571035,11.491,11.488,5000.0,-2343.482414868756,1034.917887981664,180.26787806682879,721.0715122671359,-4279.739693184383,-4279.739693184385,-0.8559479386368767,-0.46869648297375127,TRAILING_STOP,30,0.3244821805202401,0.10816072684010138,False
CR,CRZ5,RBREAKER_2_1,BREAKOUT,LONG,2025-11-14|CR|CRZ5|BREAKOUT|1|10,2025-11-14 08:02:00+00:00,2025-11-14 08:26:00+00:00,2025-11-14,11.6071625,11.61,11.571,11.568,97.12509712509855,0.026500000000000284,11.57,11.571,5000.0,-3512.2863247863424,562.7913752913835,97.12509712509855,469.84265734267996,-4642.045454545653,-4642.045454545504,-0.9284090909091306,-0.7024572649572685,TRAILING_STOP,23,0.6798756798756926,0.01942501942504345,False
CR,CRZ5,RBREAKER_2_1,BREAKOUT,SHORT,2025-11-19|CR|CRZ5|BREAKOUT|-1|11,2025-11-19 11:59:00+00:00,2025-11-19 11:59:00+00:00,2025-11-19,11.450874999999998,11.448,11.462,11.465,196.27855853030601,0.009285714285714468,11.462,11.462,5000.0,-2183.5989636499694,1124.3326529012256,196.27855853030601,956.8579728348207,-4461.068147916317,-4461.068147916321,-0.8922136295832633,-0.4367197927299939,INITIAL_STOP,0,0.0,0.0,False
CR,CRZ5,RBREAKER_2_1,BREAKOUT,SHORT,2025-11-19|CR|CRZ5|BREAKOUT|-1|12,2025-11-19 12:44:00+00:00,2025-11-19 13:16:00+00:00,2025-11-19,11.450874999999998,11.448,11.427,11.43,175.59879188034307,0.010714285714285867,11.465,11.427,5000.0,4192.421156142934,1004.3372901596222,175.59879188034307,856.0441104162957,2156.440963686652,2156.440963686673,0.43128819273733043,0.8384842312285867,TRAILING_STOP,31,0.35119758376067867,1.3345508182906163,False
CR,CRZ5,RBREAKER_2_1,BREAKOUT,SHORT,2025-11-19|CR|CRZ5|BREAKOUT|-1|13,2025-11-19 13:36:00+00:00,2025-11-19 15:35:00+00:00,2025-11-19,11.450874999999998,11.448,11.407,11.409,145.03683935721705,0.014928571428571529,11.471,11.425,5000.0,6363.4913267976235,828.7767592969776,145.03683935721705,562.0177525089852,4827.6599756342985,4827.659975634444,0.9655319951268597,1.2726982653595247,FORCE_CLOSE,118,0.23205894297152171,1.3343389220864303,False
CR,CRZ5,RBREAKER_2_1,BREAKOUT,SHORT,2025-11-27|CR|CRZ5|BREAKOUT|-1|14,2025-11-27 08:08:00+00:00,2025-11-27 09:20:00+00:00,2025-11-27,11.1051,11.102,11.106,11.109,148.1437587034458,0.014357142857143275,11.124,11.106,5000.0,-133.32938283305364,822.6052561405587,148.1437587034458,755.5331693875728,-1859.6115670647569,-1859.611567064631,-0.37192231341295134,-0.02666587656661073,TRAILING_STOP,71,0.44443127611035427,0.5333175313324251,False
CR,CRZ5,RBREAKER_2_1,BREAKOUT,SHORT,2025-11-27|CR|CRZ5|BREAKOUT|-1|15,2025-11-27 10:41:00+00:00,2025-11-27 11:05:00+00:00,2025-11-27,11.1051,11.102,11.121,11.124,162.59633833046138,0.012499999999999924,11.121,11.121,5000.0,-2585.281779454376,903.4665539332086,162.59633833046138,829.2413254853521,-4480.585997203458,-4480.585997203399,-0.8961171994406916,-0.5170563558908753,INITIAL_STOP,18,0.48778901499140265,0.0,False
CR,CRZ5,RBREAKER_2_1,BREAKOUT,SHORT,2025-11-27|CR|CRZ5|BREAKOUT|-1|16,2025-11-27 13:48:00+00:00,2025-11-27 13:52:00+00:00,2025-11-27,11.1051,11.102,11.114,11.117,210.51745189676032,0.008000000000000134,11.114,11.114,5000.0,-1873.6053218812876,1169.3718159235295,210.51745189676032,1073.6390046734764,-4327.133594374988,-4327.133594375054,-0.8654267188749977,-0.3747210643762575,INITIAL_STOP,3,0.4631383941728404,0.0,False
CR,CRZ5,RBREAKER_2_1,BREAKOUT,SHORT,2025-11-27|CR|CRZ5|BREAKOUT|-1|17,2025-11-27 15:23:00+00:00,2025-11-27 15:35:00+00:00,2025-11-27,11.1051,11.102,11.1,11.102,173.90699453932507,0.011214285714285717,11.119,11.109,5000.0,886.9256721506532,965.3577266877935,173.90699453932507,713.0186776113283,-965.3577266877935,-965.3577266877936,-0.1930715453375587,0.17738513443013065,FORCE_CLOSE,11,0.34781398907864275,0.34781398907864275,False
CR,CRZ5,RBREAKER_2_1,BREAKOUT,SHORT,2025-11-28|CR|CRZ5|BREAKOUT|-1|18,2025-11-28 14:53:00+00:00,2025-11-28 15:16:00+00:00,2025-11-28,11.010100000000001,11.007,11.02,11.023,140.04229277240069,0.01549999999999953,11.031,11.02,5000.0,-1386.4186984465207,771.2829274439969,140.04229277240069,714.2156931394915,-3011.959611802274,-3011.95961180241,-0.6023919223604548,-0.27728373968930414,TRAILING_STOP,22,0.30809304409930977,0.30809304409926,False
CR,CRZ5,RBREAKER_2_1,BREAKOUT,SHORT,2025-11-28|CR|CRZ5|BREAKOUT|-1|19,2025-11-28 15:20:00+00:00,2025-11-28 15:35:00+00:00,2025-11-28,11.010100000000001,11.007,10.989,10.991,129.1872828038663,0.017357142857142245,11.034,11.003,5000.0,2725.8516671616517,710.4654617798628,129.1872828038663,529.6678594959228,1356.5310630820436,1356.5310630819997,0.2713062126164087,0.5451703334323303,FORCE_CLOSE,14,0.2842120221685319,0.8009611533839862,False
CR,CRZ5,RBREAKER_2_1,REVERSAL,LONG,2025-12-02|CR|CRZ5|REVERSAL|1|20,2025-12-02 15:09:00+00:00,2025-12-02 15:09:00+00:00,2025-12-02,11.015805,11.019,11.009,11.006,159.82100047946693,0.009642857142857128,11.009,11.009,3499.9999999999995,-1087.5819082627645,880.0143838900649,159.82100047946693,830.2700974908228,-2957.687390123064,-2957.6873901231193,-0.8450535400351612,-0.3107376880750756,INITIAL_STOP,0,0.0,0.0,False
CR,CRZ5,RBREAKER_2_1,REVERSAL,SHORT,2025-12-02|CR|CRZ5|REVERSAL|-1|21,2025-12-02 15:25:00+00:00,2025-12-02 15:29:00+00:00,2025-12-02,11.021195,11.018,11.036,11.039000000000001,117.06077126325852,0.017928571428571516,11.036,11.036,3500.0,-1733.0847185524333,645.5023579384232,117.06077126325852,608.1307067126222,-3103.7785544668823,-3103.778554466737,-0.8867938727048235,-0.49516706244355235,INITIAL_STOP,3,0.5685808889929519,0.0,False
CR,CRZ5,RBREAKER_2_1,BREAKOUT,SHORT,2025-12-04|CR|CRZ5|BREAKOUT|-1|22,2025-12-04 14:17:00+00:00,2025-12-04 14:21:00+00:00,2025-12-04,10.781674999999998,10.779,10.784,10.787,122.73101044442173,0.019714285714285826,10.809,10.784,5000.0,-285.34959928359655,661.7042428110998,122.73101044442173,573.7674738274654,-1643.5523263665054,-1643.5523263665837,-0.3287104652733011,-0.05706991985671931,TRAILING_STOP,3,0.19636961671109676,0.6136550522221174,False
CR,CRZ5,RBREAKER_2_1,BREAKOUT,SHORT,2025-12-04|CR|CRZ5|BREAKOUT|-1|23,2025-12-04 14:22:00+00:00,2025-12-04 14:26:00+00:00,2025-12-04,10.781674999999998,10.779,10.803,10.806000000000001,106.97589833011538,0.023357142857142982,10.815,10.803,5000.0,-2281.2610318899997,577.2686913638852,106.97589833011538,500.11232469291974,-3465.6179462771224,-3465.61794627692,-0.6931235892554245,-0.45625220637799996,TRAILING_STOP,3,0.42790359332045247,0.25674215599228667,False
CR,CRZ5,RBREAKER_2_1,BREAKOUT,SHORT,2025-12-04|CR|CRZ5|BREAKOUT|-1|24,2025-12-04 15:28:00+00:00,2025-12-04 15:35:00+00:00,2025-12-04,10.781674999999998,10.779,10.789,10.791,91.3417185030971,0.028714285714285914,10.823,10.823,5000.0,-669.0780880353306,492.5602170279511,91.3417185030971,335.68081549877905,-1588.6608390651213,-1588.660839065158,-0.31773216781302427,-0.13381561760706612,FORCE_CLOSE,6,0.2740251555093017,0.0,False
CR,CRZ5,RBREAKER_2_1,BREAKOUT,LONG,2025-12-10|CR|CRZ5|BREAKOUT|1|25,2025-12-10 15:03:00+00:00,2025-12-10 15:35:00+00:00,2025-12-10,11.157875,11.161,11.202,11.2,111.53121200968752,0.02171428571428586,11.128,11.187,5000.0,4921.314729927384,623.4873579371557,111.53121200968752,460.06624953991667,3726.2299104404615,3726.229910440624,0.7452459820880923,0.9842629459854768,FORCE_CLOSE,31,0.2230624240193703,1.3160683017143362,False
CR,CRH6,RBREAKER_2_1,BREAKOUT,LONG,2025-12-17|CR|CRH6|BREAKOUT|1|26,2025-12-17 07:31:00+00:00,2025-12-17 07:33:00+00:00,2025-12-17,11.699350000000003,11.702,11.68,11.677,150.82501282014886,0.014642857142857402,11.68,11.68,5000.0,-2918.4639980703123,881.534493680565,150.82501282014886,701.3363096133137,-4652.159814184333,-4652.15981418434,-0.9304319628368667,-0.5836927996140625,INITIAL_STOP,1,0.5128050435884899,0.0,False
CR,CRH6,RBREAKER_2_1,BREAKOUT,LONG,2025-12-17|CR|CRH6|BREAKOUT|1|27,2025-12-17 07:56:00+00:00,2025-12-17 09:47:00+00:00,2025-12-17,11.699350000000003,11.702,11.765,11.762,138.3087604769073,0.01614285714285733,11.677,11.765,4999.999999999999,9079.970125308686,811.3191889575382,138.3087604769073,643.1357362172719,7487.206439656932,7487.206439656968,1.4974412879313868,1.8159940250617375,TRAILING_STOP,110,0.13830876047692897,2.4342341843935467,False
CR,CRH6,RBREAKER_2_1,BREAKOUT,LONG,2025-12-19|CR|CRH6|BREAKOUT|1|28,2025-12-19 07:17:00+00:00,2025-12-19 07:37:00+00:00,2025-12-19,11.877074999999998,11.88,11.89,11.887,135.90649633050148,0.016285714285714268,11.855,11.89,5000.0,1756.591465072104,807.5224245717573,135.90649633050148,669.3394944281366,143.82304974172712,143.8230497417087,0.028764609948345423,0.3513182930144208,TRAILING_STOP,19,0.2989942919271307,0.951345474313466,False
CR,CRH6,RBREAKER_2_1,REVERSAL,SHORT,2025-12-19|CR|CRH6|REVERSAL|-1|29,2025-12-19 10:33:00+00:00,2025-12-19 10:33:00+00:00,2025-12-19,11.734830000000002,11.732,11.76,11.762999999999998,88.54930931537287,0.02728571428571477,11.76,11.76,3500.0,-2228.786115467711,520.1165055911714,88.54930931537287,427.6931639935264,-3265.145094367621,-3265.145094367782,-0.9328985983907488,-0.6367960329907746,INITIAL_STOP,0,0.0,0.0,False
CR,CRH6,RBREAKER_2_1,BREAKOUT,SHORT,2025-12-22|CR|CRH6|BREAKOUT|-1|30,2025-12-22 14:24:00+00:00,2025-12-22 14:37:00+00:00,2025-12-22,11.469875,11.467,11.488,11.491,117.6927513034532,0.020285714285714334,11.498,11.488,5000.0,-2133.1811173750307,675.4975461061697,117.6927513034532,573.752162604291,-3500.1235773887747,-3500.123577388945,-0.7000247154777549,-0.4266362234750061,TRAILING_STOP,12,0.6355408570386296,0.2353855026069014,False
CR,CRH6,RBREAKER_2_1,BREAKOUT,SHORT,2025-12-22|CR|CRH6|BREAKOUT|-1|31,2025-12-22 14:42:00+00:00,2025-12-22 15:11:00+00:00,2025-12-22,11.469875,11.467,11.474000000000002,11.476999999999999,105.29973569766646,0.023571428571428705,11.503,11.474,5000.0,-434.3614097528906,603.9992839618149,105.29973569766646,513.3362115260851,-1656.9966409382628,-1656.996640938457,-0.33139932818765255,-0.08687228195057813,TRAILING_STOP,28,0.37907904851157626,0.6107384670464636,False
CR,CRH6,RBREAKER_2_1,BREAKOUT,SHORT,2025-12-22|CR|CRH6|BREAKOUT|-1|32,2025-12-22 15:12:00+00:00,2025-12-22 15:22:00+00:00,2025-12-22,11.469875,11.467,11.494,11.497,103.12786824383964,0.024428571428571338,11.504,11.494,5000.0,-2487.9598213826034,592.0570915878834,103.12786824383964,502.7483576886802,-3685.8931389029913,-3685.8931389030067,-0.7371786277805983,-0.4975919642765207,TRAILING_STOP,9,0.45376262027289943,0.2062557364876749,False
CR,CRH6,RBREAKER_2_1,BREAKOUT,LONG,2025-12-24|CR|CRH6|BREAKOUT|1|33,2025-12-24 12:00:00+00:00,2025-12-24 12:10:00+00:00,2025-12-24,11.5959875,11.599,11.572,11.569,102.40760274042353,0.024142857142857212,11.562,11.572,5000.0,-2456.50237073596,593.144835072533,102.40760274042353,513.3181087362568,-3665.3729172851654,-3665.3729172851736,-0.733074583457033,-0.491300474147192,TRAILING_STOP,9,0.4505934520578685,0.20481520548084267,False
CR,CRH6,RBREAKER_2_1,REVERSAL,SHORT,2025-12-24|CR|CRH6|REVERSAL|-1|34,2025-12-24 14:09:00+00:00,2025-12-24 14:13:00+00:00,2025-12-24,11.473155,11.47,11.491,11.494,94.47968686732932,0.024214285714285615,11.495,11.491,3500.0,-1685.9900121474393,542.4078823053376,94.47968686732932,487.04278580105324,-2809.9203671211626,-2809.92036712116,-0.8028343906060464,-0.4817114320421255,TRAILING_STOP,3,0.5128897287083627,0.10797678499126956,False
CR,CRH6,RBREAKER_2_1,BREAKOUT,SHORT,2025-12-25|CR|CRH6|BREAKOUT|-1|35,2025-12-25 13:45:00+00:00,2025-12-25 14:18:00+00:00,2025-12-25,11.326475,11.323,11.348,11.351,120.15909063600292,0.01928571428571438,11.352,11.348,5000.0,-2586.424425940018,681.1218052701826,120.15909063600292,657.8710212321171,-4045.5763430785246,-4045.5763430783204,-0.8091152686157049,-0.5172848851880036,TRAILING_STOP,32,0.5527318169256059,0.09612727250879174,False
CR,CRH6,RBREAKER_2_1,BREAKOUT,LONG,2026-01-05|CR|CRH6|BREAKOUT|1|36,2026-01-05 07:24:00+00:00,2026-01-05 08:01:00+00:00,2026-01-05,11.624062499999999,11.627,11.679,11.676,119.93715293185126,0.01942857142857132,11.597,11.679,5000.0,6589.047339193722,698.7238686927325,119.93715293185126,592.18969260122,5178.196624967959,5178.196624967919,1.0356393249935918,1.3178094678387444,TRAILING_STOP,36,0.4317737505546809,1.9669693080823358,False
CR,CRH6,RBREAKER_2_1,BREAKOUT,SHORT,2026-01-09|CR|CRH6|BREAKOUT|-1|37,2026-01-09 09:03:00+00:00,2026-01-09 10:22:00+00:00,2026-01-09,11.4735875,11.471,11.507,11.51,106.58594557721425,0.023714285714285892,11.507,11.507,5000.0,-3561.3029065985597,612.3629038274902,106.58594557721425,488.9630253355497,-4769.214781338862,-4769.214781338814,-0.9538429562677724,-0.7122605813197119,INITIAL_STOP,78,0.7461016190405028,0.0,False
CR,CRH6,RBREAKER_2_1,BREAKOUT,SHORT,2026-01-09|CR|CRH6|BREAKOUT|-1|38,2026-01-09 12:49:00+00:00,2026-01-09 12:52:00+00:00,2026-01-09,11.4735875,11.471,11.483,11.486,218.24054472838327,0.00785714285714269,11.483,11.483,5000.0,-2054.189127255869,1252.5370463323738,218.24054472838327,1001.1784989416208,-4526.1452172582285,-4526.145217258247,-0.9052290434516457,-0.4108378254511738,INITIAL_STOP,2,0.39283298051110477,0.0,False
CR,CRH6,RBREAKER_2_1,BREAKOUT,SHORT,2026-01-09|CR|CRH6|BREAKOUT|-1|39,2026-01-09 13:09:00+00:00,2026-01-09 13:30:00+00:00,2026-01-09,11.4735875,11.471,11.487,11.489999999999998,185.8010813622847,0.010214285714285636,11.487,11.487,5000.0,-2492.057003771529,1066.5446572898547,185.8010813622847,852.3624607496195,-4596.765203173221,-4596.765203173287,-0.9193530406346443,-0.49841140075430573,INITIAL_STOP,20,0.5574032440868752,0.0,False
CR,CRH6,RBREAKER_2_1,BREAKOUT,SHORT,2026-01-09|CR|CRH6|BREAKOUT|-1|40,2026-01-09 15:07:00+00:00,2026-01-09 15:35:00+00:00,2026-01-09,11.4735875,11.471,11.478,11.48,179.14404973038356,0.010999999999999994,11.488,11.488,5000.0,-790.4731194351458,1027.8837713405082,179.14404973038356,642.6792784079837,-2640.180218914007,-2640.180218914021,-0.5280360437828014,-0.15809462388702916,FORCE_CLOSE,27,0.4299457193529368,0.0,False
CR,CRH6,RBREAKER_2_1,BREAKOUT,SHORT,2026-01-14|CR|CRH6|BREAKOUT|-1|41,2026-01-14 10:59:00+00:00,2026-01-14 11:16:00+00:00,2026-01-14,11.460275000000001,11.457,11.469,11.472,150.24715657256306,0.013928571428571576,11.478,11.469,5000.0,-1310.90644109536,861.2542632630746,150.24715657256306,792.5537509203414,-3114.961611851325,-3114.961611851339,-0.622992322370265,-0.262181288219072,TRAILING_STOP,11,0.5108403323466981,0.27044488183062376,False
CR,CRH6,RBREAKER_2_1,BREAKOUT,SHORT,2026-01-14|CR|CRH6|BREAKOUT|-1|42,2026-01-14 13:15:00+00:00,2026-01-14 13:52:00+00:00,2026-01-14,11.460275000000001,11.457,11.454,11.457,145.86402555538075,0.014642857142857148,11.479,11.454,5000.0,915.2967603600835,835.5820703939986,145.86402555538075,769.4327348047027,-835.5820703939986,-835.5820703939986,-0.1671164140787997,0.18305935207201668,TRAILING_STOP,36,0.379246466443987,0.729320127776914,False
CR,CRH6,RBREAKER_2_1,BREAKOUT,SHORT,2026-01-21|CR|CRH6|BREAKOUT|-1|43,2026-01-21 11:38:00+00:00,2026-01-21 12:25:00+00:00,2026-01-21,11.323125000000001,11.32,11.33,11.333,143.22543683757783,0.014857142857142744,11.343,11.33,5000.0,-984.6748782582152,811.1214551704127,143.22543683757783,734.0303637927044,-2673.0521340588966,-2673.0521340589103,-0.5346104268117793,-0.19693497565164306,TRAILING_STOP,46,0.42967631051274974,0.3723861357776995,False
CR,CRH6,RBREAKER_2_1,BREAKOUT,SHORT,2026-01-21|CR|CRH6|BREAKOUT|-1|44,2026-01-21 12:31:00+00:00,2026-01-21 14:04:00+00:00,2026-01-21,11.323125000000001,11.32,11.283,11.286,143.22543683757783,0.014714285714285933,11.343,11.283,5000.0,5746.920653108028,809.4385562875711,143.22543683757783,734.0303637927044,4060.226296190055,4060.2262961901743,0.8120452592380111,1.1493841306216057,TRAILING_STOP,92,0.25780578630764983,1.718705242050948,False
CR,CRH6,RBREAKER_2_1,BREAKOUT,SHORT,2026-01-22|CR|CRH6|BREAKOUT|-1|45,2026-01-22 10:19:00+00:00,2026-01-22 11:40:00+00:00,2026-01-22,11.059250000000002,11.056,11.075,11.078,108.6295298513786,0.022499999999999836,11.09,11.075,5000.0,-1710.915095158892,601.1015034326035,108.6295298513786,570.305031720085,-2990.951160162952,-2990.9511601629592,-0.5981902320325904,-0.3421830190317784,TRAILING_STOP,75,0.39106630746497784,0.32588858955410954,False
CR,CRH6,RBREAKER_2_1,BREAKOUT,SHORT,2026-01-22|CR|CRH6|BREAKOUT|-1|46,2026-01-22 11:41:00+00:00,2026-01-22 11:49:00+00:00,2026-01-22,11.059250000000002,11.056,11.084,11.087,118.96830684303633,0.019785714285714105,11.086,11.084,5000.0,-2944.465594364838,658.5788046063384,118.96830684303633,624.5836109263212,-4346.5963167407035,-4346.596316740534,-0.8693192633481407,-0.5888931188729676,TRAILING_STOP,7,0.49966688874077153,0.04758732273718816,False
CR,CRH6,RBREAKER_2_1,BREAKOUT,SHORT,2026-01-22|CR|CRH6|BREAKOUT|-1|47,2026-01-22 15:26:00+00:00,2026-01-22 15:33:00+00:00,2026-01-22,11.059250000000002,11.056,11.068,11.071,156.11340077428582,0.013214285714285623,11.076,11.068,5000.0,-1365.9922567745905,863.5803047331556,156.11340077428582,819.5953540654997,-3205.2813163474602,-3205.2813163475316,-0.641056263269492,-0.2731984513549181,TRAILING_STOP,6,0.2810041213937251,0.2497814412388298,False
CR,CRH6,RBREAKER_2_1,BREAKOUT,LONG,2026-01-26|CR|CRH6|BREAKOUT|1|48,2026-01-26 09:39:00+00:00,2026-01-26 10:53:00+00:00,2026-01-26,11.188362499999998,11.191,11.189,11.186,113.97180337582967,0.021428571428571352,11.158,11.189,5000.0,72.65702465227638,637.586761035235,113.97180337582967,528.5442381556842,-1207.4457779144984,-1207.4457779144723,-0.24148915558289968,0.014531404930455275,TRAILING_STOP,73,0.34191541012750193,0.7066251809301167,False
CR,CRH6,RBREAKER_2_1,BREAKOUT,LONG,2026-01-26|CR|CRH6|BREAKOUT|1|49,2026-01-26 12:46:00+00:00,2026-01-26 13:20:00+00:00,2026-01-26,11.188362499999998,11.191,11.19,11.187,152.11207617770543,0.014357142857142893,11.169,11.19,5000.0,249.0835247411552,850.9910101761732,152.11207617770543,705.4197532744746,-1459.4393148873194,-1459.4393148871982,-0.2918878629774639,0.04981670494823104,TRAILING_STOP,33,0.27380173711988015,0.6388707199463329,False
CR,CRH6,RBREAKER_2_1,BREAKOUT,LONG,2026-01-26|CR|CRH6|BREAKOUT|1|50,2026-01-26 13:25:00+00:00,2026-01-26 14:05:00+00:00,2026-01-26,11.188362499999998,11.191,11.204,11.201,156.88489355357325,0.013785714285714259,11.17,11.204,5000.0,2453.2875229443453,878.2416341129031,156.88489355357325,727.5536938550731,690.6073014227948,690.6073014227959,0.13812146028455896,0.49065750458886903,TRAILING_STOP,39,0.1255079148429005,1.0668172761642642,False
CR,CRH6,RBREAKER_2_1,BREAKOUT,LONG,2026-01-26|CR|CRH6|BREAKOUT|1|51,2026-01-26 14:12:00+00:00,2026-01-26 14:39:00+00:00,2026-01-26,11.188362499999998,11.191,11.195,11.192,152.11207617770543,0.014428571428571171,11.169,11.195,5000.0,1009.6439056298012,851.1811502713953,152.11207617770543,705.4197532744746,-699.0690740939498,-699.0690740937741,-0.13981381481878996,0.20192878112596024,TRAILING_STOP,26,0.12168966094220497,0.7909827961240622,False
CR,CRH6,RBREAKER_2_1,BREAKOUT,SHORT,2026-01-29|CR|CRH6|BREAKOUT|-1|52,2026-01-29 13:55:00+00:00,2026-01-29 14:08:00+00:00,2026-01-29,11.01455,11.012,11.033,11.036,126.2434984598335,0.018714285714285368,11.041,11.033,5000.0,-2329.1925465838817,695.8541635106023,126.2434984598335,574.4079179921794,-3725.6981265463755,-3725.6981265464974,-0.7451396253092751,-0.46583850931677634,TRAILING_STOP,12,0.605968792607179,0.2019895975357562,False
CR,CRH6,RBREAKER_2_1,BREAKOUT,SHORT,2026-01-29|CR|CRH6|BREAKOUT|-1|53,2026-01-29 14:12:00+00:00,2026-01-29 14:32:00+00:00,2026-01-29,11.01455,11.012,10.978,10.981,123.13451214106856,0.019857142857142636,11.042,10.978,5000.0,4500.566418756066,677.0243313796302,123.13451214106856,560.2620302418004,3140.14554499347,3140.145544993567,0.628029108998694,0.9001132837512132,TRAILING_STOP,19,0.24626902428213185,1.576121755405679,False
CR,CRH6,RBREAKER_2_1,BREAKOUT,LONG,2026-02-02|CR|CRH6|BREAKOUT|1|54,2026-02-02 07:44:00+00:00,2026-02-02 08:16:00+00:00,2026-02-02,11.314537499999998,11.318,11.292,11.289,82.53004093489683,0.03178571428571418,11.27,11.292,5000.0,-1860.0207975701173,466.4391588538032,82.53004093489683,450.820348606987,-2859.810345965742,-2859.8103459658046,-0.5719620691931484,-0.3720041595140235,TRAILING_STOP,31,0.37963818830052026,0.3631321801135501,False
CR,CRH6,RBREAKER_2_1,REVERSAL,SHORT,2026-02-04|CR|CRH6|REVERSAL|-1|55,2026-02-04 08:23:00+00:00,2026-02-04 08:29:00+00:00,2026-02-04,11.250824999999999,11.248,11.274,11.277,93.89923270912935,0.025428571428571547,11.274,11.274,3500.0,-2176.1147180340886,528.7700541932846,93.89923270912935,453.0637978215253,-3251.847802758004,-3251.8478027580277,-0.9290993722165726,-0.6217470622954538,INITIAL_STOP,5,0.6707088050652191,0.053656704405187036,False
CR,CRH6,RBREAKER_2_1,BREAKOUT,SHORT,2026-02-04|CR|CRH6|BREAKOUT|-1|56,2026-02-04 11:19:00+00:00,2026-02-04 11:43:00+00:00,2026-02-04,11.163387499999999,11.16,11.188,11.191,123.90038409119683,0.01835714285714296,11.188,11.188,5000.0,-3049.498203444793,692.3243712055851,123.90038409119683,667.5133192911842,-4533.236278032744,-4533.236278032759,-0.9066472556065488,-0.6098996406889586,INITIAL_STOP,23,0.619501920455993,0.0,False
CR,CRH6,RBREAKER_2_1,BREAKOUT,SHORT,2026-02-04|CR|CRH6|BREAKOUT|-1|57,2026-02-04 13:12:00+00:00,2026-02-04 14:05:00+00:00,2026-02-04,11.163387499999999,11.16,11.162,11.165,123.90038409119683,0.01857142857142881,11.188,11.162,5000.0,171.91178292630002,691.5190187089923,123.90038409119683,667.5133192909641,-1311.0209391648245,-1311.0209391648532,-0.2622041878329649,0.03438235658526,TRAILING_STOP,52,0.619501920455993,0.6442819972742186,False
CR,CRH6,RBREAKER_2_1,BREAKOUT,SHORT,2026-02-04|CR|CRH6|BREAKOUT|-1|58,2026-02-04 14:06:00+00:00,2026-02-04 14:33:00+00:00,2026-02-04,11.163387499999999,11.16,11.177,11.18,123.90038409119683,0.018500000000000152,11.188,11.177,5000.0,-1686.5939784415027,691.9836451493343,123.90038409119683,667.5133192911842,-3169.9913269731173,-3169.991326973218,-0.6339982653946235,-0.33731879568830053,TRAILING_STOP,26,0.4956015363647767,0.27258084500065805,False
CR,CRH6,RBREAKER_2_1,BREAKOUT,SHORT,2026-02-04|CR|CRH6|BREAKOUT|-1|59,2026-02-04 15:08:00+00:00,2026-02-04 15:35:00+00:00,2026-02-04,11.163387499999999,11.16,11.155,11.157,127.04865963665124,0.017714285714285665,11.187,11.175,5000.0,1065.620632702355,708.8362342777865,127.04865963665124,557.4259941557355,-327.6902553678875,-327.6902553678183,-0.0655380510735775,0.21312412654047097,FORCE_CLOSE,26,0.2540973192732971,0.30491678312797454,False
CR,CRH6,RBREAKER_2_1,BREAKOUT,LONG,2026-02-06|CR|CRH6|BREAKOUT|1|60,2026-02-06 07:19:00+00:00,2026-02-06 07:19:00+00:00,2026-02-06,11.329675000000002,11.333,11.317,11.314,176.57549485284335,0.01014285714285647,11.317,11.317,5000.0,-2238.0943972600626,999.7263079830859,176.57549485284335,940.2645100911404,-4354.660710187067,-4354.660710187132,-0.8709321420374133,-0.4476188794520125,INITIAL_STOP,0,0.0,0.0,False
CR,CRH6,RBREAKER_2_1,REVERSAL,SHORT,2026-02-06|CR|CRH6|REVERSAL|-1|61,2026-02-06 09:10:00+00:00,2026-02-06 10:56:00+00:00,2026-02-06,11.174830000000002,11.172,11.213,11.216,39.661854361669704,0.07692857142857143,11.249,11.213,3499.9999999999995,-1513.8929809848285,221.9873988622653,39.661854361669704,191.5667565669176,-1967.1089907756682,-1967.108990775681,-0.5620311402216196,-0.43254085170995105,TRAILING_STOP,105,0.4532783355619299,0.40795050200576105,False
CR,CRH6,RBREAKER_2_1,BREAKOUT,SHORT,2026-02-13|CR|CRH6|BREAKOUT|-1|62,2026-02-13 10:47:00+00:00,2026-02-13 10:51:00+00:00,2026-02-13,11.186474999999998,11.183,11.194,11.197,153.64995467328316,0.01307142857142894,11.203,11.194,5000.0,-1156.2159089169,859.6714963970194,153.64995467328316,841.2335018356807,-3010.7708618228266,-3010.770861822883,-0.6021541723645654,-0.23124318178338,TRAILING_STOP,3,0.30729990934655976,0.30729990934655976,False
CR,CRH6,RBREAKER_2_1,BREAKOUT,SHORT,2026-02-13|CR|CRH6|BREAKOUT|-1|63,2026-02-13 12:23:00+00:00,2026-02-13 12:30:00+00:00,2026-02-13,11.186474999999998,11.183,11.205,11.208,144.75341256171592,0.014285714285714743,11.205,11.205,5000.0,-2681.556967706095,810.2934151673453,144.75341256171592,792.5249337751388,-4429.1287292101715,-4429.128729210295,-0.8858257458420343,-0.5363113935412189,INITIAL_STOP,6,0.5500629677345242,0.0,False
CR,CRH6,RBREAKER_2_1,BREAKOUT,SHORT,2026-02-13|CR|CRH6|BREAKOUT|-1|64,2026-02-13 13:28:00+00:00,2026-02-13 13:41:00+00:00,2026-02-13,11.186474999999998,11.183,11.158,11.161,158.52131319057673,0.012357142857143242,11.202,11.158,5000.0,4513.894393101431,885.5000554825617,158.52131319057673,867.9041897181273,2601.9688347101965,2601.968834710165,0.5203937669420393,0.9027788786202862,TRAILING_STOP,12,0.38045115165739857,1.3949875560770906,False
CR,CRH6,RBREAKER_2_1,BREAKOUT,SHORT,2026-02-17|CR|CRH6|BREAKOUT|-1|65,2026-02-17 13:54:00+00:00,2026-02-17 14:05:00+00:00,2026-02-17,11.070699999999999,11.068,11.059,11.062,161.63444753347062,0.013000000000000027,11.088,11.059,5000.0,1891.1230361415057,894.2425809789262,161.63444753347062,759.6819034071746,75.56410422193892,75.56410422193437,0.015112820844387784,0.37822460722830115,TRAILING_STOP,10,0.3879226740803442,0.9374797956941269,False
CR,CRH6,RBREAKER_2_1,BREAKOUT,LONG,2026-02-25|CR|CRH6|BREAKOUT|1|66,2026-02-25 13:13:00+00:00,2026-02-25 13:19:00+00:00,2026-02-25,11.2359875,11.239,11.225,11.222,168.66535107691837,0.011571428571428248,11.221,11.225,5000.0,-1853.2105449577407,947.0981126346659,168.66535107691837,845.4350722731617,-3814.409080942386,-3814.409080942487,-0.7628818161884772,-0.37064210899154815,TRAILING_STOP,5,0.3373307021538895,0.13493228086151982,False
CR,CRH6,RBREAKER_2_1,BREAKOUT,LONG,2026-02-25|CR|CRH6|BREAKOUT|1|67,2026-02-25 13:21:00+00:00,2026-02-25 13:30:00+00:00,2026-02-25,11.2359875,11.239,11.23,11.227,158.0053405804996,0.012785714285713925,11.219,11.23,5000.0,-946.0569767257117,887.436995370376,158.0053405804996,792.0017696598557,-2783.501082336511,-2783.5010823364432,-0.5567002164673022,-0.18921139534514234,TRAILING_STOP,8,0.347611749277131,0.34761174927707483,False
CR,CRH6,RBREAKER_2_1,BREAKOUT,LONG,2026-02-25|CR|CRH6|BREAKOUT|1|68,2026-02-25 13:34:00+00:00,2026-02-25 14:04:00+00:00,2026-02-25,11.2359875,11.239,11.217,11.214,148.61270044137396,0.014357142857142513,11.217,11.217,4999.999999999999,-2821.7836496305454,834.2002407525424,148.61270044137396,744.9211609624824,-4549.517751786842,-4549.517751786944,-0.9099035503573687,-0.5643567299261092,INITIAL_STOP,29,0.6241733418537945,0.0,False
CR,CRH6,RBREAKER_2_1,BREAKOUT,LONG,2026-02-25|CR|CRH6|BREAKOUT|1|69,2026-02-25 14:31:00+00:00,2026-02-25 15:33:00+00:00,2026-02-25,11.2359875,11.239,11.341,11.338,126.12089949425032,0.01864285714285696,11.211,11.341,5000.0,13244.270958139845,711.8578869704224,126.12089949425032,632.1810087150108,11774.111162959995,11774.111162960162,2.354822232591999,2.648854191627969,TRAILING_STOP,61,0.3279143386850483,3.2791433868504836,False
CR,CRH6,RBREAKER_2_1,BREAKOUT,SHORT,2026-03-02|CR|CRH6|BREAKOUT|-1|70,2026-03-02 07:16:00+00:00,2026-03-02 07:23:00+00:00,2026-03-02,11.1394625,11.136,11.168,11.171,112.37722787853627,0.020714285714285907,11.168,11.168,5000.0,-3206.965140583591,626.6997055716272,112.37722787853627,613.8606072866584,-4559.902681320227,-4559.902681320414,-0.9119805362640454,-0.6413930281167183,INITIAL_STOP,6,0.5618861393926894,0.0,False
CR,CRH6,RBREAKER_2_1,REVERSAL,LONG,2026-03-02|CR|CRH6|REVERSAL|1|71,2026-03-02 08:10:00+00:00,2026-03-02 08:49:00+00:00,2026-03-02,11.266545,11.27,11.267,11.264,76.84707432210371,0.032214285714285626,11.237,11.267,3500.0,34.96541881646205,432.9179931935713,76.84707432210371,419.2007904269981,-894.0004391262463,-894.0004391262111,-0.25542869689321324,0.009990119661846299,TRAILING_STOP,38,0.41716983203428004,0.6586892084751996,False
CR,CRH6,RBREAKER_2_1,BREAKOUT,LONG,2026-03-04|CR|CRH6|BREAKOUT|1|72,2026-03-04 09:00:00+00:00,2026-03-04 09:00:00+00:00,2026-03-04,11.31785,11.321,11.289,11.286,113.73846976262897,0.020714285714285526,11.289,11.289,5000.0,-3281.3548526518757,642.8213964809382,113.73846976262897,585.7531192775252,-4623.667838172876,-4623.667838172968,-0.9247335676345753,-0.6562709705303752,INITIAL_STOP,0,0.0,0.0,False
CR,CRH6,RBREAKER_2_1,BREAKOUT,LONG,2026-03-04|CR|CRH6|BREAKOUT|1|73,2026-03-04 10:22:00+00:00,2026-03-04 12:46:00+00:00,2026-03-04,11.31785,11.321,11.283,11.28,82.02032463644623,0.03264285714285707,11.272,11.283,5000.0,-2858.4083135801916,463.4353392770804,82.02032463644623,422.4046718776881,-3826.2686493713686,-3826.2686493714064,-0.7652537298742738,-0.5716816627160383,TRAILING_STOP,138,0.5413341426005365,0.18044471420019828,False
CR,CRH6,RBREAKER_2_1,BREAKOUT,LONG,2026-03-04|CR|CRH6|BREAKOUT|1|74,2026-03-04 14:25:00+00:00,2026-03-04 15:35:00+00:00,2026-03-04,11.31785,11.321,11.309,11.307,139.04144825573022,0.015571428571428443,11.297,11.302,5000.0,-1230.5168170633085,786.5574727826659,139.04144825573022,577.0220102610936,-2733.137748362784,-2733.1377483627984,-0.5466275496725568,-0.2461033634126617,FORCE_CLOSE,69,0.41712434476720645,0.13904144825575196,False
CR,CRH6,RBREAKER_2_1,BREAKOUT,SHORT,2026-03-09|CR|CRH6|BREAKOUT|-1|75,2026-03-09 07:16:00+00:00,2026-03-09 07:27:00+00:00,2026-03-09,11.301375,11.298,11.337,11.34,97.27815716259079,0.02564285714285714,11.337,11.337,5000.0,-3465.534348917255,550.5457304616825,97.27815716259079,522.870094748949,-4636.228331290387,-4636.228331290477,-0.9272456662580775,-0.693106869783451,INITIAL_STOP,10,0.739313994435695,0.0,False
CR,CRH6,RBREAKER_2_1,BREAKOUT,SHORT,2026-03-09|CR|CRH6|BREAKOUT|-1|76,2026-03-09 08:31:00+00:00,2026-03-09 09:18:00+00:00,2026-03-09,11.301375,11.298,11.273,11.276,93.63471226052812,0.027214285714285476,11.339,11.273,5000.0,2656.8849603925305,528.4274986422904,93.63471226052812,503.2865784003613,1531.5361710892969,1531.5361710893508,0.3063072342178594,0.5313769920785061,TRAILING_STOP,46,0.2059963669731475,1.2359782018389847,False
CR,CRH6,RBREAKER_2_1,BREAKOUT,LONG,2026-03-10|CR|CRH6|BREAKOUT|1|77,2026-03-10 12:39:00+00:00,2026-03-10 13:04:00+00:00,2026-03-10,11.519562500000001,11.523,11.524,11.521,163.20402134710622,0.011500000000000097,11.505,11.524,5000.0,724.2178447274731,940.2183669806789,163.20402134710622,887.4218660743984,-1266.6264096747625,-1266.6264096747104,-0.2533252819349525,0.14484356894549463,TRAILING_STOP,24,0.4243304555024729,0.6201752811190079,False
CR,CRH6,RBREAKER_2_1,BREAKOUT,LONG,2026-03-10|CR|CRH6|BREAKOUT|1|78,2026-03-10 13:06:00+00:00,2026-03-10 13:46:00+00:00,2026-03-10,11.519562500000001,11.523,11.522,11.519,148.64804602145134,0.013499999999999877,11.502,11.522,5000.0,362.32961217716934,856.2870691065705,148.64804602145134,808.2737502414578,-1450.8792531923114,-1450.8792531923104,-0.2901758506384623,0.07246592243543387,TRAILING_STOP,39,0.14864804602142176,0.5945921840857926,False
CR,CRH6,RBREAKER_2_1,BREAKOUT,LONG,2026-03-10|CR|CRH6|BREAKOUT|1|79,2026-03-10 14:46:00+00:00,2026-03-10 15:27:00+00:00,2026-03-10,11.519562500000001,11.523,11.5,11.497,123.04209269991941,0.018571428571428048,11.495,11.5,5000.0,-2407.0109384423013,708.1072434880361,123.04209269991941,669.0413790556597,-3907.2016536858946,-3907.2016536859164,-0.7814403307371789,-0.48140218768846027,TRAILING_STOP,40,0.46755995225969693,0.12304209269993864,False
CR,CRH6,RBREAKER_2_1,BREAKOUT,LONG,2026-03-16|CR|CRH6|BREAKOUT|1|80,2026-03-16 10:48:00+00:00,2026-03-16 11:19:00+00:00,2026-03-16,11.755099999999999,11.758,11.756,11.753,153.00345787814936,0.013642857142857194,11.737,11.756,5000.0,137.70311209055708,899.3160745432924,153.00345787814936,749.7169436030024,-1664.3333639339908,-1664.333363933887,-0.33286667278679816,0.027540622418111418,TRAILING_STOP,25,0.18360414945373185,0.5814131399369715,False
CR,CRH6,RBREAKER_2_1,BREAKOUT,LONG,2026-03-16|CR|CRH6|BREAKOUT|1|81,2026-03-16 11:26:00+00:00,2026-03-16 12:20:00+00:00,2026-03-16,11.755099999999999,11.758,11.801,11.798,153.00345787814936,0.013642857142857068,11.737,11.801,5000.0,7022.8587166072675,901.0373634444217,153.00345787814936,749.7169436030024,5219.10095168162,5219.100951681694,1.043820190336324,1.4045717433214535,TRAILING_STOP,53,0.21420484102939907,1.9584442608403136,False
CR,CRH6,RBREAKER_2_1,BREAKOUT,LONG,2026-03-17|CR|CRH6|BREAKOUT|1|82,2026-03-17 13:13:00+00:00,2026-03-17 13:20:00+00:00,2026-03-17,11.9836,11.987,11.962,11.959,132.29788191090267,0.016428571428571206,11.962,11.962,5000.0,-2857.634249275418,792.001270059619,132.29788191090267,714.4085623190163,-4496.34196356502,-4496.341963564955,-0.899268392713004,-0.5715268498550836,INITIAL_STOP,6,0.5027319512614336,0.0,False
CR,CRH6,RBREAKER_2_1,BREAKOUT,LONG,2026-03-17|CR|CRH6|BREAKOUT|1|83,2026-03-17 13:37:00+00:00,2026-03-17 13:55:00+00:00,2026-03-17,11.9836,11.987,11.96,11.957,125.6486612135111,0.0177857142857142,11.96,11.96,5000.0,-2965.308404638647,752.1328860240775,125.6486612135111,678.5027705530946,-4521.592722429154,-4521.59272242933,-0.9043185444858307,-0.5930616809277294,INITIAL_STOP,17,0.6533730383102527,0.025129732242688295,False
CR,CRH6,RBREAKER_2_1,BREAKOUT,LONG,2026-03-17|CR|CRH6|BREAKOUT|1|84,2026-03-17 14:29:00+00:00,2026-03-17 15:05:00+00:00,2026-03-17,11.9836,11.987,11.973,11.97,128.88757137148696,0.017142857142856776,11.961,11.973,5000.0,-1366.208256537554,771.9398868366783,128.88757137148696,695.9928854061677,-2963.028600152045,-2963.028600151887,-0.592605720030409,-0.2732416513075108,TRAILING_STOP,35,0.3093301712915804,0.3093301712915804,False
CR,CRH6,RBREAKER_2_1,BREAKOUT,LONG,2026-03-17|CR|CRH6|BREAKOUT|1|85,2026-03-17 15:06:00+00:00,2026-03-17 15:35:00+00:00,2026-03-17,11.9836,11.987,12.012,12.01,125.6486612135111,0.0177857142857142,11.96,11.993,5000.0,3568.4219784638804,753.7977307851565,125.6486612135111,552.8541093396532,2136.1214771257505,2136.121477125559,0.4272242954251501,0.7136843956927761,FORCE_CLOSE,28,0.2764270546697498,0.8292811640091601,False
CR,CRM6,RBREAKER_2_1,BREAKOUT,LONG,2026-03-19|CR|CRM6|BREAKOUT|1|86,2026-03-19 08:47:00+00:00,2026-03-19 08:58:00+00:00,2026-03-19,12.31555,12.319,12.321,12.318000000000001,84.66038486610553,0.030357142857143162,12.273,12.321,5000.0,461.39909752025255,521.4444754865606,84.66038486610553,461.399097520356,-606.104860352644,-606.1048603527695,-0.1212209720705288,0.09227981950405051,TRAILING_STOP,10,0.16932076973223753,0.8127396947146138,False
CR,CRM6,RBREAKER_2_1,BREAKOUT,LONG,2026-03-19|CR|CRM6|BREAKOUT|1|87,2026-03-19 09:15:00+00:00,2026-03-19 09:18:00+00:00,2026-03-19,12.31555,12.319,12.258,12.255,67.51328323847407,0.04028571428571454,12.258,12.258,5000.0,-3885.389450374242,414.7678555755655,67.51328323847407,367.9473936496282,-4735.617982837926,-4735.61798283791,-0.9471235965675853,-0.7770778900748484,INITIAL_STOP,2,0.6346248624416644,0.0,False
CR,CRM6,RBREAKER_2_1,REVERSAL,SHORT,2026-03-26|CR|CRM6|REVERSAL|-1|88,2026-03-26 13:37:00+00:00,2026-03-26 13:40:00+00:00,2026-03-26,11.763465,11.76,11.763,11.766,81.75659892548488,0.029500000000000273,11.79,11.763,3500.0,38.01681850036353,480.85143658023935,81.75659892548488,446.7998131278066,-971.3910301330925,-971.3910301331673,-0.2775402943237407,0.010861948142961007,TRAILING_STOP,2,0.30366736743751294,0.6306937631394371,False
CR,CRM6,RBREAKER_2_1,BREAKOUT,LONG,2026-03-31|CR|CRM6|BREAKOUT|1|89,2026-03-31 11:51:00+00:00,2026-03-31 12:15:00+00:00,2026-03-31,12.008137499999998,12.011,12.022,12.019,125.84790022778328,0.018428571428571492,11.983,12.022,5000.0,1744.5665169078834,756.0312606184082,125.84790022778328,611.9354148577211,250.7519412039644,250.7519412039709,0.05015038824079288,0.34891330338157667,TRAILING_STOP,23,0.5285611809566652,0.9816136217767467,False
CR,CRM6,RBREAKER_2_1,BREAKOUT,LONG,2026-03-31|CR|CRM6|BREAKOUT|1|90,2026-03-31 12:35:00+00:00,2026-03-31 12:35:00+00:00,2026-03-31,12.008137499999998,12.011,11.976,11.973,106.99650121441002,0.023071428571428472,11.976,11.976,5000.0,-3438.600057777833,641.5510212816025,106.99650121441002,520.2704871551748,-4707.418067428935,-4707.418067429021,-0.9414836134857869,-0.6877200115555666,INITIAL_STOP,0,0.0,0.0,False
CR,CRM6,RBREAKER_2_1,BREAKOUT,LONG,2026-03-31|CR|CRM6|BREAKOUT|1|91,2026-03-31 12:54:00+00:00,2026-03-31 13:31:00+00:00,2026-03-31,12.008137499999998,12.011,11.979,11.976000000000003,98.5600378470517,0.02585714285714274,11.972,11.979,5000.0,-2871.7931027683853,591.0399069593072,98.5600378470517,479.24818403121157,-4040.6412316057445,-4040.641231605956,-0.8081282463211489,-0.574358620553677,TRAILING_STOP,36,0.611072234651697,0.13798405298590097,False
CR,CRM6,RBREAKER_2_1,BREAKOUT,SHORT,2026-04-09|CR|CRM6|BREAKOUT|-1|92,2026-04-09 08:19:00+00:00,2026-04-09 09:30:00+00:00,2026-04-09,11.518012500000001,11.515,11.527,11.53,139.73310976035697,0.01542857142857176,11.539,11.527,5000.0,-1255.8513239709498,805.0373786068566,139.73310976035697,700.412212673879,-2901.03402501204,-2901.034025012042,-0.580206805002408,-0.25117026479418997,TRAILING_STOP,70,0.39125270732898126,0.3353594634248694,False
CR,CRM6,RBREAKER_2_1,BREAKOUT,SHORT,2026-04-09|CR|CRM6|BREAKOUT|-1|93,2026-04-09 12:43:00+00:00,2026-04-09 12:52:00+00:00,2026-04-09,11.518012500000001,11.515,11.534,11.537,162.42995208315787,0.012071428571428225,11.534,11.534,5000.0,-2596.8488589294216,936.0838138552389,162.42995208315787,814.1801348169331,-4509.542759684555,-4509.542759684751,-0.901908551936911,-0.5193697717858843,INITIAL_STOP,8,0.4872898562494343,0.0,False
CR,CRM6,RBREAKER_2_1,BREAKOUT,SHORT,2026-04-09|CR|CRM6|BREAKOUT|-1|94,2026-04-09 14:02:00+00:00,2026-04-09 15:43:00+00:00,2026-04-09,11.518012500000001,11.515,11.482,11.485,148.00562421371444,0.014357142857142766,11.537,11.482,5000.0,5330.052541996654,851.0323392288581,148.00562421371444,741.8781913713387,3589.136387182826,3589.136387182743,0.7178272774365653,1.0660105083993308,TRAILING_STOP,100,0.2664101235846961,1.6280618663508506,False
CR,CRM6,RBREAKER_2_1,BREAKOUT,SHORT,2026-04-13|CR|CRM6|BREAKOUT|-1|95,2026-04-13 07:51:00+00:00,2026-04-13 08:48:00+00:00,2026-04-13,11.3114125,11.308,11.295,11.298,120.54292533571466,0.019071428571428534,11.337,11.295,5000.0,1978.4107620723562,681.2483425347914,120.54292533571466,652.4385833795207,524.1809108223329,524.1809108223295,0.10483618216446658,0.39568215241447124,TRAILING_STOP,56,0.2651944357385966,1.0125605728199987,False
CR,CRM6,RBREAKER_2_1,BREAKOUT,SHORT,2026-04-13|CR|CRM6|BREAKOUT|-1|96,2026-04-13 09:35:00+00:00,2026-04-13 10:00:00+00:00,2026-04-13,11.311,11.309,11.326,11.329,129.35104580320115,0.018857142857142684,11.338,11.326,5000.0,-1940.2656870480907,732.0622437232169,129.35104580320115,517.4041832129058,-3319.083159787365,-3319.083159787414,-0.663816631957473,-0.38805313740961817,TRAILING_STOP,24,0.41392334657024404,0.31044250992764855,False
CR,CRM6,RBREAKER_2_1,BREAKOUT,SHORT,2026-04-13|CR|CRM6|BREAKOUT|-1|97,2026-04-13 10:01:00+00:00,2026-04-13 11:07:00+00:00,2026-04-13,11.3114125,11.308,11.312,11.315,117.70521904941667,0.019571428571428382,11.338,11.312,5000.0,-69.15181619152794,665.7112926387383,117.70521904941667,637.0794981049336,-1489.6478259846247,-1489.6478259846165,-0.29792956519692493,-0.013830363238305589,TRAILING_STOP,65,0.16478730666917563,0.612067139056962,False
CR,CRM6,RBREAKER_2_1,BREAKOUT,SHORT,2026-04-13|CR|CRM6|BREAKOUT|-1|98,2026-04-13 11:15:00+00:00,2026-04-13 12:15:00+00:00,2026-04-13,11.3114125,11.308,11.308,11.311,129.94100678292398,0.016785714285713866,11.334,11.308,5000.000000000001,443.4236856466756,734.7839081057393,129.94100678292398,703.3056992125383,-1124.606928454525,-1124.606928454526,-0.22492138569090495,0.08868473712933511,TRAILING_STOP,59,0.12994100678294426,0.6756932352711994,False
CR,CRM6,RBREAKER_2_1,BREAKOUT,SHORT,2026-04-13|CR|CRM6|BREAKOUT|-1|99,2026-04-13 13:00:00+00:00,2026-04-13 13:16:00+00:00,2026-04-13,11.3114125,11.308,11.326,11.329,140.9284365399295,0.014714285714285553,11.331,11.326,5000.0,-2055.7935680263745,797.549254488596,140.9284365399295,762.7751627723275,-3757.046421827264,-3757.0464218272273,-0.7514092843654528,-0.4111587136052749,TRAILING_STOP,15,0.4227853096198045,0.14092843653990147,False
CR,CRM6,RBREAKER_2_1,BREAKOUT,SHORT,2026-04-13|CR|CRM6|BREAKOUT|-1|100,2026-04-13 13:50:00+00:00,2026-04-13 14:46:00+00:00,2026-04-13,11.3114125,11.308,11.332,11.335,137.06516077743322,0.015357142857142847,11.332,11.332,5000.0,-2821.8289975055864,775.8916088708552,137.06516077743322,741.8651827078176,-4476.650949861854,-4476.650949861692,-0.8953301899723709,-0.5643657995011173,INITIAL_STOP,55,0.5756736752652413,0.0,False
CR,CRM6,RBREAKER_2_1,BREAKOUT,SHORT,2026-04-14|CR|CRM6|BREAKOUT|-1|101,2026-04-14 15:05:00+00:00,2026-04-14 15:11:00+00:00,2026-04-14,11.205775000000001,11.203,11.225,11.228,150.8227380359713,0.01421428571428583,11.225,11.225,4999.999999999999,-2899.5671387413545,845.7762092212181,150.8227380359713,720.1785741220103,-4616.344660120636,-4616.344660120554,-0.9232689320241274,-0.579913427748271,INITIAL_STOP,5,0.603290952143926,0.0,False
CR,CRM6,RBREAKER_2_1,BREAKOUT,SHORT,2026-04-20|CR|CRM6|BREAKOUT|-1|102,2026-04-20 08:26:00+00:00,2026-04-20 10:00:00+00:00,2026-04-20,11.191162499999999,11.188,11.208,11.211,98.19517272531556,0.025571428571428356,11.227,11.208,5000.0,-1653.3612207626156,549.8684184685858,98.19517272531556,506.93257919429584,-2808.3573911508297,-2808.357391150813,-0.5616714782301659,-0.3306722441525231,TRAILING_STOP,93,0.6873662090772117,0.3731416563562016,False
CR,CRM6,RBREAKER_2_1,BREAKOUT,SHORT,2026-04-20|CR|CRM6|BREAKOUT|-1|103,2026-04-20 10:30:00+00:00,2026-04-20 11:34:00+00:00,2026-04-20,11.191162499999999,11.188,11.213,11.216,116.49852046880196,0.020428571428571653,11.219,11.213,5000.0,-2544.036440737483,652.5082131457598,116.49852046880196,601.4236119200173,-3914.466786272081,-3914.466786272062,-0.7828933572544162,-0.5088072881474967,TRAILING_STOP,63,0.5591928982502291,0.13979822456256763,False
CR,CRM6,RBREAKER_2_1,BREAKOUT,SHORT,2026-04-20|CR|CRM6|BREAKOUT|-1|104,2026-04-20 13:05:00+00:00,2026-04-20 13:35:00+00:00,2026-04-20,11.191162499999999,11.188,11.2,11.203,167.11788495607195,0.011357142857143034,11.206,11.2,5000.0,-1476.904308299332,935.4841405128517,167.11788495607195,862.7460810854734,-3442.2524148537086,-3442.2524148537286,-0.6884504829707417,-0.2953808616598664,TRAILING_STOP,29,0.33423576991213677,0.20054146194729394,False
CR,CRM6,RBREAKER_2_1,BREAKOUT,SHORT,2026-04-20|CR|CRM6|BREAKOUT|-1|105,2026-04-20 13:45:00+00:00,2026-04-20 14:25:00+00:00,2026-04-20,11.191162499999999,11.188,11.19,11.193,161.71286264111052,0.012142857142857264,11.207,11.19,5000.0,187.99120282021192,904.8238946926737,161.71286264111052,834.8426533844931,-1713.3882078980255,-1713.3882078980655,-0.3426776415796051,0.03759824056404239,TRAILING_STOP,39,0.2587405802257483,0.5498237329798158,False
CR,CRM6,RBREAKER_2_1,BREAKOUT,SHORT,2026-04-20|CR|CRM6|BREAKOUT|-1|106,2026-04-20 14:27:00+00:00,2026-04-20 15:12:00+00:00,2026-04-20,11.191162499999999,11.188,11.2,11.203,167.11788495607195,0.011928571428571542,11.206,11.2,5000.0,-1476.904308299332,935.4841405128517,167.11788495607195,862.7460810854734,-3442.2524148537086,-3442.2524148537286,-0.6884504829707417,-0.2953808616598664,TRAILING_STOP,44,0.4679300778769796,0.20054146194729394,False
CR,CRM6,RBREAKER_2_1,BREAKOUT,SHORT,2026-04-20|CR|CRM6|BREAKOUT|-1|107,2026-04-20 15:15:00+00:00,2026-04-20 15:45:00+00:00,2026-04-20,11.191162499999999,11.188,11.182,11.184,156.64651148220705,0.013000000000000154,11.208,11.198,5000.0,1435.2736614555074,876.123938719984,156.64651148220705,652.041104044263,-249.5378927908679,-249.53789279094667,-0.04990757855817358,0.28705473229110146,FORCE_CLOSE,29,0.28196372066792774,0.3132930229644074,False
CR,CRM6,RBREAKER_2_1,REVERSAL,SHORT,2026-04-22|CR|CRM6|REVERSAL|-1|108,2026-04-22 09:11:00+00:00,2026-04-22 09:21:00+00:00,2026-04-22,11.129875000000002,11.127,11.151999999999997,11.155,96.38288790669826,0.024928571428571317,11.152,11.152,3500.0,-2132.4713949354373,536.9008770842627,96.38288790669826,469.8665785452896,-3235.621738471791,-3235.621738471688,-0.9244633538490832,-0.6092775414101249,INITIAL_STOP,9,0.6058352954134897,0.0,False
CR,CRM6,RBREAKER_2_1,BREAKOUT,LONG,2026-04-23|CR|CRM6|BREAKOUT|1|109,2026-04-23 12:46:00+00:00,2026-04-23 13:09:00+00:00,2026-04-23,11.277500000000002,11.28,11.257,11.254,107.2041166380903,0.023571428571428577,11.244,11.257,5000.0,-2197.684391081061,603.9343910806817,107.2041166380903,482.4185248711748,-3391.2414236708883,-3391.2414236710083,-0.6782482847341776,-0.43953687821621223,TRAILING_STOP,22,0.5145797598628148,0.27873070325903265,False
CR,CRM6,RBREAKER_2_1,BREAKOUT,LONG,2026-04-23|CR|CRM6|BREAKOUT|1|110,2026-04-23 13:14:00+00:00,2026-04-23 13:54:00+00:00,2026-04-23,11.277500000000002,11.28,11.233,11.23,86.74531575295796,0.0310000000000002,11.233,11.233,5000.0,-3860.166551006724,488.15926439977096,86.74531575295796,390.35392088812347,-4825.425052047651,-4825.425052047577,-0.9650850104095301,-0.7720333102013448,INITIAL_STOP,39,0.7980569049272024,0.05204718945177675,False
CR,CRM6,RBREAKER_2_1,REVERSAL,LONG,2026-04-28|CR|CRM6|REVERSAL|1|111,2026-04-28 08:36:00+00:00,2026-04-28 08:46:00+00:00,2026-04-28,11.122155,11.125,11.134,11.131,123.8828422263483,0.016214285714285737,11.108,11.134,3500.0,1467.3922661712188,689.284134147402,123.8828422263483,600.2123705867525,54.01291921058987,54.01291921071595,0.015432262631597107,0.4192549331917768,TRAILING_STOP,9,0.424741173347496,0.920272542252866,False
CR,CRM6,RBREAKER_2_1,BREAKOUT,LONG,2026-04-28|CR|CRM6|BREAKOUT|1|112,2026-04-28 13:48:00+00:00,2026-04-28 13:59:00+00:00,2026-04-28,11.188312499999999,11.191,11.172,11.169,166.83071687156547,0.012214285714285797,11.172,11.172,5000.0,-2721.4260689670705,932.583707312051,166.83071687156547,782.018985335845,-4602.859478486653,-4602.859478486532,-0.9205718956973306,-0.5442852137934141,INITIAL_STOP,10,0.6005905807376585,0.0,False
CR,CRM6,RBREAKER_2_1,BREAKOUT,LONG,2026-04-28|CR|CRM6|BREAKOUT|1|113,2026-04-28 14:04:00+00:00,2026-04-28 14:38:00+00:00,2026-04-28,11.188312499999999,11.191,11.183,11.18,161.44395473108537,0.012714285714285647,11.171,11.183,5000.0,-857.6710095086845,902.9156778222778,161.44395473108537,756.768537802332,-2678.7991798642843,-2678.7991798643798,-0.5357598359728568,-0.1715342019017369,TRAILING_STOP,33,0.4197542823008187,0.3874654913545622,False
CR,CRM6,RBREAKER_2_1,BREAKOUT,LONG,2026-05-04|CR|CRM6|BREAKOUT|1|114,2026-05-04 09:37:00+00:00,2026-05-04 09:54:00+00:00,2026-05-04,11.2218875,11.225,11.208,11.205,135.73125212079734,0.016499999999999737,11.2,11.208,5000.0,-1884.9677638274595,761.112996267371,135.73125212079734,693.926026467632,-3475.73803868309,-3475.73803868326,-0.695147607736618,-0.3769935527654919,TRAILING_STOP,16,0.4071937563623592,0.21717000339330003,False
CR,CRM6,RBREAKER_2_1,BREAKOUT,LONG,2026-05-04|CR|CRM6|BREAKOUT|1|115,2026-05-04 10:05:00+00:00,2026-05-04 10:14:00+00:00,2026-05-04,11.2218875,11.225,11.197,11.194,125.50988390335405,0.018214285714285388,11.197,11.197,5000.0,-3123.6272356447457,703.4515218073236,125.50988390335405,641.6692814557259,-4594.257922811153,-4594.257922811149,-0.9188515845622305,-0.6247254471289492,INITIAL_STOP,8,0.6777533730780929,0.0,False
CR,CRM6,RBREAKER_2_1,BREAKOUT,LONG,2026-05-04|CR|CRM6|BREAKOUT|1|116,2026-05-04 11:34:00+00:00,2026-05-04 11:46:00+00:00,2026-05-04,11.2218875,11.225,11.218,11.215,132.144037000329,0.016999999999999967,11.199,11.218,5000.0,-513.7099438386967,741.3280475718457,132.144037000329,675.5863891642362,-2062.7684175751474,-2062.7684175751074,-0.41255368351502947,-0.10274198876773935,TRAILING_STOP,11,0.15857284440040081,0.5021473406012535,False
CR,CRM6,RBREAKER_2_1,BREAKOUT,SHORT,2026-05-06|CR|CRM6|BREAKOUT|-1|117,2026-05-06 09:04:00+00:00,2026-05-06 09:07:00+00:00,2026-05-06,11.109399999999999,11.106,11.122,11.125,120.91021207651703,0.019285714285714257,11.135,11.122,5000.0,-1523.4686721642151,671.9887311682626,120.91021207651703,652.9151452131067,-2969.282760621986,-2969.2827606221017,-0.5938565521243973,-0.30469373443284303,TRAILING_STOP,2,0.38691267864485485,0.6045510603825938,False
CR,CRM6,RBREAKER_2_1,BREAKOUT,SHORT,2026-05-06|CR|CRM6|BREAKOUT|-1|118,2026-05-06 09:09:00+00:00,2026-05-06 09:21:00+00:00,2026-05-06,11.109399999999999,11.106,11.125,11.128,120.91021207651703,0.019285714285714257,11.135,11.125,5000.0,-1886.19930839378,672.07941382732,120.91021207651703,652.9151452131067,-3332.104079510615,-3332.1040795107237,-0.666420815902123,-0.377239861678756,TRAILING_STOP,11,0.4352767634754778,0.2418204241530289,False
CR,CRM6,RBREAKER_2_1,BREAKOUT,SHORT,2026-05-06|CR|CRM6|BREAKOUT|-1|119,2026-05-06 09:28:00+00:00,2026-05-06 09:41:00+00:00,2026-05-06,11.109399999999999,11.106,11.129,11.132,85.68539749456231,0.030071428571428655,11.152,11.129,5000.0,-1679.4337908934647,476.3679673710192,85.68539749456231,462.7011464705761,-2704.1883022296397,-2704.1883022296224,-0.540837660445928,-0.33588675817869296,TRAILING_STOP,12,0.3770157489760783,0.39415282847498123,False
CR,CRM6,RBREAKER_2_1,BREAKOUT,SHORT,2026-05-06|CR|CRM6|BREAKOUT|-1|120,2026-05-06 09:53:00+00:00,2026-05-06 10:09:00+00:00,2026-05-06,11.109399999999999,11.106,11.095,11.098,81.49560738676472,0.03221428571428575,11.155,11.095,5000.0,1173.5367463692826,452.38211660393097,81.49560738676472,440.076279888472,199.58274249011959,199.58274249011487,0.03991654849802392,0.2347073492738565,TRAILING_STOP,15,0.16299121477352596,0.9779472886411847,False
CR,CRM6,RBREAKER_2_1,BREAKOUT,SHORT,2026-05-06|CR|CRM6|BREAKOUT|-1|121,2026-05-06 10:20:00+00:00,2026-05-06 11:46:00+00:00,2026-05-06,11.109399999999999,11.106,11.09,11.093,69.10563487346867,0.039499999999999806,11.166,11.09,5000.0,1340.6493165452366,383.51899713903276,69.10563487346867,373.17042831668215,514.8542562160565,514.854256216053,0.10297085124321129,0.2681298633090473,TRAILING_STOP,85,0.09674788882285162,1.050405650076731,False
CR,CRM6,RBREAKER_2_1,BREAKOUT,SHORT,2026-05-08|CR|CRM6|BREAKOUT|-1|122,2026-05-08 10:17:00+00:00,2026-05-08 10:24:00+00:00,2026-05-08,11.0076875,11.005,11.028,11.031,147.590583720772,0.015071428571428338,11.028,11.028,5000.0,-2997.9337318283388,813.0765257177329,147.590583720772,691.8308611909322,-4650.43170245768,-4650.431702457776,-0.930086340491536,-0.5995867463656678,INITIAL_STOP,6,0.5903623348830754,0.0,False
CR,CRM6,RBREAKER_2_1,BREAKOUT,SHORT,2026-05-11|CR|CRM6|BREAKOUT|-1|123,2026-05-11 12:55:00+00:00,2026-05-11 13:01:00+00:00,2026-05-11,10.937775,10.935,10.935,10.938,178.45989113947303,0.011214285714285717,10.952,10.935,5000.0,495.22619791199304,975.8632997234233,178.45989113947303,852.1459801909593,-1511.2429731418704,-1511.2429731418626,-0.30224859462837406,0.09904523958239861,TRAILING_STOP,5,0.3926117605068133,0.6067636298742525,False
CR,CRM6,RBREAKER_2_1,BREAKOUT,SHORT,2026-05-11|CR|CRM6|BREAKOUT|-1|124,2026-05-11 13:29:00+00:00,2026-05-11 14:32:00+00:00,2026-05-11,10.937775,10.935,10.943,10.946,166.5695011243462,0.012642857142856987,10.954,10.943,5000.0,-870.3256433746038,911.1768135254548,166.5695011243462,795.3693678687305,-2743.441325893056,-2743.4413258931354,-0.5486882651786111,-0.17406512867492077,TRAILING_STOP,62,0.16656950112431307,0.36645290247359524,False
CR,CRM6,RBREAKER_2_1,BREAKOUT,SHORT,2026-05-11|CR|CRM6|BREAKOUT|-1|125,2026-05-11 14:35:00+00:00,2026-05-11 15:45:00+00:00,2026-05-11,10.937,10.935,10.938,10.94,182.03331209613552,0.01171428571428582,10.953,10.951,5000.0,-182.03331209635797,995.4946755257411,182.03331209613552,546.0999362880029,-1905.6612360062886,-1905.6612360062375,-0.3811322472012577,-0.036406662419271596,FORCE_CLOSE,69,0.2548466369345778,0.07281332483847852,False
CR,CRM6,RBREAKER_2_1,BREAKOUT,SHORT,2026-05-15|CR|CRM6|BREAKOUT|-1|126,2026-05-15 09:32:00+00:00,2026-05-15 10:30:00+00:00,2026-05-15,10.8245625,10.822,10.841,10.844,153.67592820259028,0.014428571428571553,10.844,10.841,5000.0,-2526.048069829855,832.3856651093303,153.67592820259028,701.1464224245781,-4213.256085566416,-4213.256085566354,-0.8426512171132832,-0.5052096139659711,TRAILING_STOP,57,0.39955741332678624,0.09220555692155766,False
CR,CRM6,RBREAKER_2_1,BREAKOUT,SHORT,2026-05-15|CR|CRM6|BREAKOUT|-1|127,2026-05-15 11:43:00+00:00,2026-05-15 12:30:00+00:00,2026-05-15,10.8245625,10.822,10.837,10.84,181.5804764671413,0.01071428571428612,10.839,10.837,5000.0,-2258.4071760598868,983.3490703078037,181.5804764671413,828.4609238816392,-4251.797646716477,-4251.797646716471,-0.8503595293432954,-0.45168143521197734,TRAILING_STOP,46,0.3994770482277475,0.07263219058681626,False
CR,CRM6,RBREAKER_2_1,BREAKOUT,SHORT,2026-05-15|CR|CRM6|BREAKOUT|-1|128,2026-05-15 13:18:00+00:00,2026-05-15 13:38:00+00:00,2026-05-15,10.8245625,10.822,10.832999999999998,10.836,212.44051665529287,0.008142857142857325,10.835,10.833,5000.0,-1792.4668592789128,1150.2591774300831,212.44051665529287,969.2598572401329,-4124.426410604368,-4124.426410604421,-0.8248852821208736,-0.35849337185578256,TRAILING_STOP,19,0.42488103331065213,0.08497620666207005,False
CR,CRM6,RBREAKER_2_1,BREAKOUT,SHORT,2026-05-15|CR|CRM6|BREAKOUT|-1|129,2026-05-15 13:47:00+00:00,2026-05-15 14:27:00+00:00,2026-05-15,10.8245625,10.822,10.809000000000001,10.812,195.80200501250278,0.009500000000000064,10.837,10.809,5000.0,3047.168703007364,1058.9951441101214,195.80200501250278,893.3466478698749,899.0249060148933,899.0249060148649,0.17980498120297866,0.6094337406014728,TRAILING_STOP,39,0.11748120300750611,1.0964912280699644,False
CR,CRM6,RBREAKER_2_1,BREAKOUT,SHORT,2026-05-18|CR|CRM6|BREAKOUT|-1|130,2026-05-18 08:38:00+00:00,2026-05-18 09:46:00+00:00,2026-05-18,10.727725,10.725,10.745,10.748,152.38095238095252,0.014214285714285449,10.747,10.745,5000.0,-2632.38095238091,818.0190476190484,152.38095238095252,719.9999999999977,-4322.780952380884,-4322.780952380908,-0.8645561904761767,-0.526476190476182,TRAILING_STOP,67,0.5790476190476235,0.06095238095234723,False
CR,CRM6,RBREAKER_2_1,BREAKOUT,SHORT,2026-05-18|CR|CRM6|BREAKOUT|-1|131,2026-05-18 10:50:00+00:00,2026-05-18 10:59:00+00:00,2026-05-18,10.727725,10.725,10.73,10.733,186.48018648018822,0.01042857142857174,10.741,10.73,5000.0,-424.2424242425989,1000.3729603729697,186.48018648018822,881.1188811188856,-2492.214452214539,-2492.2144522146423,-0.4984428904429078,-0.08484848484851977,TRAILING_STOP,8,0.29836829836833456,0.41025641025638554,False
CR,CRM6,RBREAKER_2_1,BREAKOUT,SHORT,2026-05-18|CR|CRM6|BREAKOUT|-1|132,2026-05-18 11:00:00+00:00,2026-05-18 11:29:00+00:00,2026-05-18,10.727725,10.725,10.728,10.731,186.48018648018822,0.01042857142857174,10.741,10.728,5000.0,-51.282051282097875,1000.2797202797296,186.48018648018822,881.1188811188856,-2119.160839160793,-2119.1608391609016,-0.4238321678321586,-0.010256410256419575,TRAILING_STOP,28,0.22377622377623435,0.4848484848484857,False
CR,CRM6,RBREAKER_2_1,BREAKOUT,SHORT,2026-05-18|CR|CRM6|BREAKOUT|-1|133,2026-05-18 12:23:00+00:00,2026-05-18 12:57:00+00:00,2026-05-18,10.727725,10.725,10.736,10.739,162.27180527383732,0.013000000000000027,10.745,10.736,5000.0,-1342.7991886411892,870.7505070994112,162.27180527383732,766.734279918878,-3142.555780933345,-3142.555780933316,-0.628511156186669,-0.2685598377282378,TRAILING_STOP,33,0.48681541582153043,0.2920892494929182,False
CR,CRM6,RBREAKER_2_1,BREAKOUT,SHORT,2026-05-18|CR|CRM6|BREAKOUT|-1|134,2026-05-18 13:48:00+00:00,2026-05-18 14:33:00+00:00,2026-05-18,10.727725,10.725,10.739,10.742,162.27180527383732,0.012928571428571496,10.745,10.739,5000.0,-1829.6146044627196,870.8722109533664,162.27180527383732,766.734279918878,-3629.4929006087114,-3629.4929006088014,-0.7258985801217422,-0.3659229208925439,TRAILING_STOP,44,0.4219066937119738,0.19472616632861217,False
CR,CRM6,RBREAKER_2_1,BREAKOUT,SHORT,2026-05-18|CR|CRM6|BREAKOUT|-1|135,2026-05-18 15:35:00+00:00,2026-05-18 15:45:00+00:00,2026-05-18,10.727725,10.725,10.724,10.726,201.5113350125875,0.00921428571428581,10.739,10.736,5000.0,750.6297229217498,1080.6549118387536,201.5113350125875,750.6297229219961,-1282.1662468513366,-1282.1662468515874,-0.25643324937026735,0.15012594458434997,FORCE_CLOSE,9,0.16120906801005225,0.12090680100755707,False
CR,CRM6,RBREAKER_2_1,BREAKOUT,SHORT,2026-05-19|CR|CRM6|BREAKOUT|-1|136,2026-05-19 07:22:00+00:00,2026-05-19 08:17:00+00:00,2026-05-19,10.593712500000002,10.591,10.576,10.579,144.0071427542519,0.015571428571428316,10.615,10.576,5000.0,2550.7265160349457,762.1578030268782,144.0071427542519,678.6336602298611,965.9279100237537,965.9279100239544,0.19318558200475075,0.5101453032069891,TRAILING_STOP,54,0.3744185711610521,1.1232557134831562,False
CR,CRM6,RBREAKER_2_1,BREAKOUT,LONG,2026-06-01|CR|CRM6|BREAKOUT|1|137,2026-06-01 09:40:00+00:00,2026-06-01 13:38:00+00:00,2026-06-01,10.65915,10.662,10.707,10.704,121.85908215738705,0.019785714285714486,10.632,10.707,5000.0,5830.9570812310185,650.910287343683,121.85908215738705,591.0165484633974,4467.171163266451,4467.171163266551,0.8934342326532903,1.1661914162462037,TRAILING_STOP,237,0.6580390436499151,1.8278862323607885,False
CR,CRM6,RBREAKER_2_1,BREAKOUT,LONG,2026-06-02|CR|CRM6|BREAKOUT|1|138,2026-06-02 14:21:00+00:00,2026-06-02 15:45:00+00:00,2026-06-02,10.869512499999999,10.873,10.867,10.865,133.64874437004949,0.016071428571428674,10.848,10.854,4999.999999999999,-335.7924702295009,726.3141012790339,133.64874437004949,599.7487403607277,-1795.5040562391996,-1795.5040562393121,-0.35910081124784,-0.0671584940459002,FORCE_CLOSE,83,0.481135479732149,0.16037849324406547,False
CR,CRM6,RBREAKER_2_1,BREAKOUT,LONG,2026-06-03|CR|CRM6|BREAKOUT|1|139,2026-06-03 12:23:00+00:00,2026-06-03 12:40:00+00:00,2026-06-03,11.016312500000002,11.019,10.984,10.981,91.1004017527755,0.029142857142856853,10.975,10.984,5000.0,-2943.681731636697,501.05220964026523,91.1004017527755,427.0331332160199,-3962.8674762457917,-3962.867476245757,-0.7925734952491583,-0.5887363463273394,TRAILING_STOP,16,0.5101622498155514,0.1639807231550021,False
CR,CRM6,RBREAKER_2_1,BREAKOUT,LONG,2026-06-03|CR|CRM6|BREAKOUT|1|140,2026-06-03 12:49:00+00:00,2026-06-03 13:16:00+00:00,2026-06-03,11.016312500000002,11.019,10.980000000000002,10.977,96.36789407241527,0.026999999999999753,10.978,10.98,5000.0,-3499.3591535046835,529.9270495042116,96.36789407241527,451.7245034643247,-4577.378600545589,-4577.378600545635,-0.9154757201091177,-0.6998718307009367,TRAILING_STOP,26,0.6745752585069096,0.038547157628978986,False
CR,CRM6,RBREAKER_2_1,BREAKOUT,SHORT,2026-06-08|CR|CRM6|BREAKOUT|-1|141,2026-06-08 07:55:00+00:00,2026-06-08 09:38:00+00:00,2026-06-08,10.814425,10.811,10.814,10.817,101.5115063292407,0.024142857142857084,10.848,10.814,5000.0,43.14239018991691,548.8727147222046,101.5115063292407,550.6999218361435,-1157.9417526977916,-1157.9417526976717,-0.2315883505395583,0.008628478037983382,TRAILING_STOP,102,0.2639299164560238,0.6902782430388509,False
CR,CRM6,RBREAKER_2_1,BREAKOUT,SHORT,2026-06-08|CR|CRM6|BREAKOUT|-1|142,2026-06-08 09:49:00+00:00,2026-06-08 13:16:00+00:00,2026-06-08,10.814425,10.811,10.841,10.844,105.80778956946773,0.023285714285714323,10.846,10.841,5000.0,-2811.842007808536,572.8169207817059,105.80778956946773,574.0072584143758,-4064.4739765742356,-4064.4739765740856,-0.8128947953148471,-0.5623684015617072,TRAILING_STOP,206,0.6771698532445941,0.10580778956944668,False
CR,CRM6,RBREAKER_2_1,BREAKOUT,SHORT,2026-06-08|CR|CRM6|BREAKOUT|-1|143,2026-06-08 13:33:00+00:00,2026-06-08 14:12:00+00:00,2026-06-08,10.814425,10.811,10.778,10.781,165.25920906942153,0.011714285714285693,10.829,10.778,5000.0,6019.566690353594,892.0692105567374,165.25920906942153,896.5312092016325,4065.707061525846,4065.707061525802,0.8131414123051691,1.2039133380707188,TRAILING_STOP,38,0.5288294690221493,1.6856439325081047,False
CR,CRM6,RBREAKER_2_1,BREAKOUT,LONG,2026-06-15|CR|CRM6|BREAKOUT|1|144,2026-06-15 07:18:00+00:00,2026-06-15 07:38:00+00:00,2026-06-15,10.7469125,10.75,10.736,10.733,112.23344556678292,0.021714285714285988,10.717,10.736,5000.0,-1224.7474747475053,602.7777777777994,112.23344556678292,570.9876543209608,-2510.7463524131326,-2510.7463524130485,-0.5021492704826265,-0.24494949494950105,TRAILING_STOP,19,0.17957351290683288,0.42648709315377803,False
CR,CRM6,RBREAKER_2_1,BREAKOUT,LONG,2026-06-15|CR|CRM6|BREAKOUT|1|145,2026-06-15 07:42:00+00:00,2026-06-15 08:41:00+00:00,2026-06-15,10.7469125,10.75,10.729,10.726,96.99321047527035,0.026071428571428714,10.71,10.729,5000.0,-1737.390882638409,520.7565470417264,96.99321047527035,493.45295829272476,-2848.593598448231,-2848.5935984481303,-0.5697187196896463,-0.3474781765276818,TRAILING_STOP,58,0.32977691561590866,0.3685741998060298,False
CR,CRM6,RBREAKER_2_1,BREAKOUT,LONG,2026-06-15|CR|CRM6|BREAKOUT|1|146,2026-06-15 09:09:00+00:00,2026-06-15 10:00:00+00:00,2026-06-15,10.7469125,10.75,10.717999999999998,10.715,114.81056257175935,0.02121428571428576,10.718,10.718,5000.0,-3319.460390356057,616.1021814007037,114.81056257175935,584.0987370837775,-4634.471871412172,-4634.471871412297,-0.9268943742824344,-0.6638920780712114,INITIAL_STOP,50,0.5281285878300858,0.0,False
CR,CRU6,RBREAKER_2_1,REVERSAL,SHORT,2026-06-18|CR|CRU6|REVERSAL|-1|147,2026-06-18 11:09:00+00:00,2026-06-18 11:16:00+00:00,2026-06-18,11.05278,11.05,11.054,11.057,139.52561291609385,0.013857142857142664,11.064,11.054,3500.0,-170.22124775763433,771.1231811840216,139.52561291609385,666.9324297388831,-1747.8024715966976,-1747.802471596633,-0.4993721347419136,-0.048634642216466954,TRAILING_STOP,6,0.1993223041658087,0.398644608331759,False
CR,CRU6,RBREAKER_2_1,BREAKOUT,SHORT,2026-06-19|CR|CRU6|BREAKOUT|-1|148,2026-06-19 11:05:00+00:00,2026-06-19 11:11:00+00:00,2026-06-19,10.979512499999998,10.977,11.002,11.005,133.28535060713065,0.01757142857142873,11.004,11.002,5000.0,-2997.254321778146,732.4696442614866,133.28535060713065,601.4501446144445,-4464.4594612611445,-4464.459461261207,-0.8928918922522289,-0.5994508643556291,TRAILING_STOP,5,0.5864555426713813,0.05331414024287007,False
CR,CRU6,RBREAKER_2_1,BREAKOUT,LONG,2026-06-22|CR|CRU6|BREAKOUT|1|149,2026-06-22 07:49:00+00:00,2026-06-22 07:57:00+00:00,2026-06-22,11.182187499999998,11.185,11.162,11.159,108.18412938820543,0.022857142857142878,11.15,11.162,5000.0,-2183.9671120240637,604.3165467625156,108.18412938820543,520.6361226810508,-3417.103910855826,-3417.1039108558357,-0.6834207821711652,-0.4367934224048127,TRAILING_STOP,7,0.3461892140422577,0.25964191053166447,False
CR,CRU6,RBREAKER_2_1,BREAKOUT,LONG,2026-06-22|CR|CRU6|BREAKOUT|1|150,2026-06-22 08:01:00+00:00,2026-06-22 08:20:00+00:00,2026-06-22,11.182187499999998,11.185,11.155,11.152,92.22114630883742,0.028357142857142876,11.142,11.155,5000.0,-2507.2624152713665,514.9859362751254,92.22114630883742,443.81426661154615,-3558.283764466851,-3558.2837644668753,-0.7116567528933703,-0.5014524830542733,TRAILING_STOP,18,0.4057730437588891,0.23977498040297546,False
CR,CRU6,RBREAKER_2_1,BREAKOUT,LONG,2026-06-22|CR|CRU6|BREAKOUT|1|151,2026-06-22 15:16:00+00:00,2026-06-22 15:39:00+00:00,2026-06-22,11.182187499999998,11.185,11.235,11.232,160.16657323613023,0.013000000000000027,11.165,11.235,5000.0,8458.7971490334,897.6135180585829,160.16657323613023,770.8016336993387,6630.2154240394575,6630.215424039349,1.3260430848078915,1.69175942980668,TRAILING_STOP,22,0.32033314647225364,2.2423320253058323,False
CR,CRU6,RBREAKER_2_1,BREAKOUT,LONG,2026-06-25|CR|CRU6|BREAKOUT|1|152,2026-06-25 08:26:00+00:00,2026-06-25 09:21:00+00:00,2026-06-25,11.268199999999998,11.271,11.292,11.289,127.43561315643588,0.01842857142857162,11.243,11.292,5000.0,3032.967593123349,718.7368582022984,127.43561315643588,611.690943151207,1575.1041786135218,1575.1041786134076,0.31502083572270434,0.6065935186246698,TRAILING_STOP,54,0.28035834894418465,1.2488690089330587,False
CR,CRU6,RBREAKER_2_1,BREAKOUT,LONG,2026-06-26|CR|CRU6|BREAKOUT|1|153,2026-06-26 09:15:00+00:00,2026-06-26 10:17:00+00:00,2026-06-26,11.629375,11.632,11.635,11.632,78.04451659226514,0.0352857142857144,11.579,11.635,5000.0,439.00040583150803,453.90690850061407,78.04451659226514,360.9558892392429,-453.90690850061407,-453.90690850061407,-0.09078138170012282,0.08780008116630161,TRAILING_STOP,61,0.42144038959822,0.8740985858333843,False
CR,CRU6,RBREAKER_2_1,BREAKOUT,LONG,2026-06-26|CR|CRU6|BREAKOUT|1|154,2026-06-26 11:24:00+00:00,2026-06-26 12:05:00+00:00,2026-06-26,11.629375,11.632,11.666,11.663,86.10891055006518,0.031142857142856886,11.585,11.666,5000.0,3153.7388488962056,501.4767678159421,86.10891055006518,398.25371129406983,2167.89945923617,2167.8994592361287,0.433579891847234,0.6307477697792411,TRAILING_STOP,40,0.15499603899012318,1.3949643509110476,False
CR,CRU6,RBREAKER_2_1,BREAKOUT,SHORT,2026-07-03|CR|CRU6|BREAKOUT|-1|155,2026-07-03 10:34:00+00:00,2026-07-03 10:57:00+00:00,2026-07-03,11.5316625,11.529,11.566,11.569,90.76139736247443,0.02921428571428602,11.573,11.566,5000.0,-3116.519481934078,524.1016890696086,90.76139736247443,423.1750152025081,-4154.557583568545,-4154.5575835686695,-0.830911516713709,-0.6233038963868156,TRAILING_STOP,22,0.5990252225923216,0.12706595630745826,False
CR,CRU6,RBREAKER_2_1,REVERSAL,LONG,2026-07-03|CR|CRU6|REVERSAL|1|156,2026-07-03 13:48:00+00:00,2026-07-03 13:48:00+00:00,2026-07-03,11.673285,11.676,11.658,11.655,119.58452917862033,0.017071428571428626,11.658,11.658,3500.0,-1827.849528495264,697.5066625665977,119.58452917862033,563.8410550772378,-3208.7817753178615,-3208.78177531772,-0.9167947929479604,-0.5222427224272183,INITIAL_STOP,0,0.0,0.0,False
CR,CRU6,RBREAKER_2_1,BREAKOUT,SHORT,2026-07-06|CR|CRU6|BREAKOUT|-1|157,2026-07-06 14:47:00+00:00,2026-07-06 14:55:00+00:00,2026-07-06,11.438275,11.435,11.484,11.487,81.60933610805048,0.03207142857142856,11.484,11.484,5000.0,-3731.5868935405374,467.6623005671833,81.60933610805048,430.489247970005,-4711.347778185739,-4711.3477781857755,-0.9422695556371479,-0.7463173787081074,INITIAL_STOP,7,0.669196556085991,0.0,False
CR,CRU6,RBREAKER_2_1,BREAKOUT,SHORT,2026-07-06|CR|CRU6|BREAKOUT|-1|158,2026-07-06 15:05:00+00:00,2026-07-06 15:11:00+00:00,2026-07-06,11.438275,11.435,11.457,11.46,77.79982106041116,0.03442857142857125,11.487,11.457,5000.0,-1456.8016493561897,445.30672579452835,77.79982106041116,410.39405609370584,-2390.3022523048257,-2390.3022523048353,-0.4780604504609651,-0.29136032987123794,TRAILING_STOP,5,0.26451939160538956,0.4667989263624847,False
CR,CRU6,RBREAKER_2_1,BREAKOUT,SHORT,2026-07-06|CR|CRU6|BREAKOUT|-1|159,2026-07-06 15:13:00+00:00,2026-07-06 15:45:00+00:00,2026-07-06,11.438275,11.435,11.404,11.406,72.18392463998153,0.03735714285714258,11.492,11.443,5000.0,2474.104017035435,412.18825567545457,72.18392463998153,308.5862778359953,1681.14555888406,1681.1455588840035,0.336229111776812,0.494820803407087,FORCE_CLOSE,31,0.20211498899193883,0.7074024614718373,False
CR,CRU6,RBREAKER_2_1,BREAKOUT,LONG,2026-07-10|CR|CRU6|BREAKOUT|1|160,2026-07-10 14:10:00+00:00,2026-07-10 14:27:00+00:00,2026-07-10,11.5723375,11.575,11.55,11.547,124.64942349641927,0.019214285714285597,11.546,11.55,5000.0,-2784.356497351142,720.5359925210516,124.64942349641927,581.1779370520152,-4210.719850420689,-4210.719850420628,-0.8421439700841378,-0.5568712994702284,TRAILING_STOP,16,0.6731068868806452,0.09971953879716872,False
CR,CRU6,RBREAKER_2_1,BREAKOUT,LONG,2026-07-14|CR|CRU6|BREAKOUT|1|161,2026-07-14 09:28:00+00:00,2026-07-14 10:55:00+00:00,2026-07-14,11.574937499999999,11.578,11.604,11.601,116.51209395535356,0.020142857142857018,11.547,11.604,5000.0,3386.1327305774876,675.158456447785,116.51209395535356,589.8424756488317,2004.6197045256706,2004.6197045255171,0.4009239409051341,0.6772265461154975,TRAILING_STOP,86,0.25632660670175994,1.3282378710910396,False
CR,CRU6,RBREAKER_2_1,BREAKOUT,SHORT,2026-07-24|CR|CRU6|BREAKOUT|-1|162,2026-07-24 12:08:00+00:00,2026-07-24 12:17:00+00:00,2026-07-24,11.588425,11.585,11.615,11.618,114.56722231769797,0.020500000000000056,11.616,11.615,5000.0,-3044.6239330927488,664.5758148593866,114.56722231769797,621.5271810735258,-4445.294151343529,-4445.294151343359,-0.8890588302687058,-0.6089247866185498,TRAILING_STOP,8,0.6415764449790787,0.11456722231771586,False
CR,CRU6,RBREAKER_2_1,BREAKOUT,SHORT,2026-07-24|CR|CRU6|BREAKOUT|-1|163,2026-07-24 14:02:00+00:00,2026-07-24 15:32:00+00:00,2026-07-24,11.588425,11.585,11.606,11.609,112.00089600716792,0.020857142857142463,11.617,11.606,5000.0,-1968.4157473258651,649.4371954975632,112.00089600716792,607.6048608389,-3337.45869966952,-3337.458699669496,-0.667491739933904,-0.393683149465173,TRAILING_STOP,89,0.44800358402866214,0.24640197121579205,False
CR,CRU6,RBREAKER_2_1,BREAKOUT,LONG,2026-07-28|CR|CRU6|BREAKOUT|1|164,2026-07-28 14:53:00+00:00,2026-07-28 15:05:00+00:00,2026-07-28,11.78515,11.788,11.784,11.781,174.86185913128392,0.011071428571428652,11.771,11.784,5000.0,-201.09113800081846,1030.3297894663078,174.86185913128392,848.0800167868279,-2254.362803385178,-2254.3628033852383,-0.45087256067703557,-0.04021822760016369,TRAILING_STOP,11,0.24480660278378605,0.4546408337413347,False
CR,CRU6,RBREAKER_2_1,BREAKOUT,LONG,2026-08-03|CR|CRU6|BREAKOUT|1|165,2026-08-03 08:11:00+00:00,2026-08-03 08:39:00+00:00,2026-08-03,11.9783375,11.981,11.955,11.952,133.99257681124848,0.017071428571429008,11.955,11.955,5000.0,-3127.051761332543,801.7110852059025,133.99257681124848,624.7403893824035,-4687.495812732145,-4687.495812732097,-0.9374991625464291,-0.6254103522665085,INITIAL_STOP,27,0.6699628840562519,0.0,False
CR,CRU6,RBREAKER_2_1,BREAKOUT,LONG,2026-08-03|CR|CRU6|BREAKOUT|1|166,2026-08-03 09:36:00+00:00,2026-08-03 09:38:00+00:00,2026-08-03,11.9783375,11.981,11.971,11.968,137.68225688755683,0.016357142857142928,11.956,11.971,5000.0,-1010.2435599124784,824.3380925500246,137.68225688755683,641.9435227381898,-2614.2074320882243,-2614.2074320882493,-0.5228414864176448,-0.2020487119824957,TRAILING_STOP,1,0.41304677066268614,0.41304677066268614,False
CR,CRU6,RBREAKER_2_1,BREAKOUT,LONG,2026-08-03|CR|CRU6|BREAKOUT|1|167,2026-08-03 10:00:00+00:00,2026-08-03 10:40:00+00:00,2026-08-03,11.9783375,11.981,11.968,11.965,133.99257681124848,0.017285714285714477,11.955,11.968,5000.0,-1385.1482627863259,802.1465610805391,133.99257681124848,624.7403893824035,-2946.0277900605743,-2946.027790060517,-0.5892055580121148,-0.2770296525572652,TRAILING_STOP,39,0.4287762457959955,0.3483806997092434,False
CR,CRU6,RBREAKER_2_1,BREAKOUT,LONG,2026-08-03|CR|CRU6|BREAKOUT|1|168,2026-08-03 10:41:00+00:00,2026-08-03 11:06:00+00:00,2026-08-03,11.9783375,11.981,11.959,11.956,145.70675059376,0.014714285714285806,11.958,11.959,5000.0,-2817.604289606932,871.9456222407083,145.70675059376,679.3577246433597,-4514.614387084783,-4514.61438708476,-0.9029228774169565,-0.5635208579213864,TRAILING_STOP,24,0.5828270023750276,0.02914135011873585,False
CR,CRU6,RBREAKER_2_1,BREAKOUT,LONG,2026-08-03|CR|CRU6|BREAKOUT|1|169,2026-08-03 11:14:00+00:00,2026-08-03 12:32:00+00:00,2026-08-03,11.9783375,11.981,11.986,11.983,130.4954913807783,0.017571428571428477,11.954,11.986,5000.0,999.9217027052593,781.7984888622428,130.4954913807783,608.4352285628373,-520.8075061007017,-520.8075061005991,-0.10416150122014035,0.19998434054105188,TRAILING_STOP,77,0.1826936879330811,0.8351711448369818,False
CR,CRU6,RBREAKER_2_1,REVERSAL,SHORT,2026-08-05|CR|CRU6|REVERSAL|-1|170,2026-08-05 12:59:00+00:00,2026-08-05 13:03:00+00:00,2026-08-05,12.081645,12.079,12.08,12.083,123.546126828932,0.016928571428571564,12.096,12.08,3500.0,203.23337863358037,746.2803791101637,123.546126828932,573.8717591203219,-1240.4648864257583,-1240.4648864258372,-0.3544185389787881,0.05806667960959439,TRAILING_STOP,3,0.3529889337969411,0.5647822940751183,False
CR,CRU6,RBREAKER_2_1,BREAKOUT,LONG,2026-08-07|CR|CRU6|BREAKOUT|1|171,2026-08-07 08:43:00+00:00,2026-08-07 08:54:00+00:00,2026-08-07,12.3035625,12.307,12.284000000000002,12.281,113.56280590980471,0.02057142857142859,12.276,12.284,5000.0,-2221.572390610471,698.0705679275695,113.56280590980471,617.4977571346244,-3650.7035215825535,-3650.7035215824694,-0.7301407043165107,-0.4443144781220942,TRAILING_STOP,10,0.3634009789113754,0.18170048945566752,False
CR,CRU6,RBREAKER_2_1,BREAKOUT,LONG,2026-08-07|CR|CRU6|BREAKOUT|1|172,2026-08-07 08:58:00+00:00,2026-08-07 12:02:00+00:00,2026-08-07,12.3035625,12.307,12.330999999999998,12.328,108.62834982673282,0.021357142857142946,12.274,12.331,5000.0,2980.4903483709336,669.0148494953908,108.62834982673282,590.6666521829184,1612.18049686591,1612.1804968658917,0.322436099373182,0.5960980696741868,TRAILING_STOP,183,0.5431417491336717,1.2383631880247623,False
CR,CRU6,RBREAKER_2_1,BREAKOUT,LONG,2026-08-07|CR|CRU6|BREAKOUT|1|173,2026-08-07 13:02:00+00:00,2026-08-07 14:18:00+00:00,2026-08-07,12.3035625,12.307,12.326,12.323,111.04078528043132,0.02121428571428576,12.275,12.326,5000.0,2491.477619729739,683.7336353642559,111.04078528043132,603.7842699624052,1092.9189291227385,1092.918929122647,0.2185837858245477,0.49829552394594784,TRAILING_STOP,75,0.46637129817782924,1.132616009860403,False
CR,CRU6,RBREAKER_2_1,REVERSAL,LONG,2026-08-11|CR|CRU6|REVERSAL|1|174,2026-08-11 10:10:00+00:00,2026-08-11 10:27:00+00:00,2026-08-11,12.344655,12.348,12.347,12.343999999999998,106.4995131450702,0.019999999999999827,12.328,12.347,3500.0,249.74135832519403,657.4214946445184,106.4995131450702,569.2398977605469,-1083.4195472250715,-1083.4195472249414,-0.30954844206430615,0.07135467380719829,TRAILING_STOP,16,0.36514118792596884,0.5781402142160993,False
CR,CRU6,RBREAKER_2_1,BREAKOUT,LONG,2026-08-13|CR|CRU6|BREAKOUT|1|175,2026-08-13 07:34:00+00:00,2026-08-13 07:40:00+00:00,2026-08-13,12.520937500000002,12.524,12.502,12.499,145.4037863146287,0.014142857142856917,12.502,12.502,5000.0,-2753.5842033335143,909.6097362377384,145.4037863146287,736.1066682173677,-4544.704394103204,-4544.704394103249,-0.9089408788206409,-0.5507168406667029,INITIAL_STOP,5,0.5525343879955411,0.08724227178878052,False
CR,CRU6,RBREAKER_2_1,BREAKOUT,LONG,2026-08-13|CR|CRU6|BREAKOUT|1|176,2026-08-13 08:29:00+00:00,2026-08-13 10:20:00+00:00,2026-08-13,12.520937500000002,12.524,12.553,12.549999999999999,120.81088264432718,0.019142857142856937,12.495,12.553,5000.0,3873.498924783565,757.303017855965,120.81088264432718,611.6050933865406,2383.779930896718,2383.7799308967324,0.47675598617934356,0.774699784956713,TRAILING_STOP,110,0.3624326479329523,1.401406238674234,False
CR,CRU6,RBREAKER_2_1,BREAKOUT,LONG,2026-08-17|CR|CRU6|BREAKOUT|1|177,2026-08-17 08:18:00+00:00,2026-08-17 10:34:00+00:00,2026-08-17,12.739025000000002,12.742,12.75,12.747,97.42600494924096,0.02564285714285727,12.703,12.75,5000.0,1069.250404317764,620.8228600378008,97.42600494924096,484.69437462241507,-133.69283529183497,-133.69283529169286,-0.026738567058366993,0.21385008086355278,TRAILING_STOP,135,0.6235264316751427,0.9158044465228421,False
CR,CRU6,RBREAKER_2_1,BREAKOUT,LONG,2026-08-17|CR|CRU6|BREAKOUT|1|178,2026-08-17 11:30:00+00:00,2026-08-17 12:41:00+00:00,2026-08-17,12.739025000000002,12.742,12.721,12.718000000000002,121.00384792236316,0.018928571428571215,12.713,12.721,5000.0,-2181.094358800779,770.1894920258416,121.00384792236316,601.9941434136838,-3674.2818421626484,-3674.281842162667,-0.7348563684325297,-0.4362188717601558,TRAILING_STOP,70,0.38721231335160544,0.19360615667575973,False
CR,CRU6,RBREAKER_2_1,BREAKOUT,LONG,2026-08-17|CR|CRU6|BREAKOUT|1|179,2026-08-17 12:55:00+00:00,2026-08-17 14:41:00+00:00,2026-08-17,12.739025000000002,12.742,12.761,12.758,141.55884601228718,0.014999999999999934,12.719,12.761,5000.0,3110.755641119676,902.4376433283308,141.55884601228718,704.2552589110435,1362.5038928678166,1362.5038928680144,0.2725007785735633,0.6221511282239353,TRAILING_STOP,105,0.2831176920246186,1.189094306503207,False
CR,CRU6,RBREAKER_2_1,BREAKOUT,LONG,2026-08-17|CR|CRU6|BREAKOUT|1|180,2026-08-17 14:52:00+00:00,2026-08-17 15:00:00+00:00,2026-08-17,12.739025000000002,12.742,12.733,12.73,137.661408000883,0.01585714285714295,12.718,12.733,5000.0,-829.4099832054657,876.6278461496231,137.661408000883,684.8655048043099,-2528.5647421603617,-2528.5647421602816,-0.5057129484320724,-0.16588199664109313,TRAILING_STOP,7,0.3028550976019704,0.4129842240026157,False
CR,CRU6,RBREAKER_2_1,BREAKOUT,SHORT,2026-08-19|CR|CRU6|BREAKOUT|-1|181,2026-08-19 14:51:00+00:00,2026-08-19 15:45:00+00:00,2026-08-19,12.5861,12.583,12.491,12.493,101.02744915793868,0.02421428571428549,12.62,12.517,5000.0,9607.71041492001,633.3410787711175,101.02744915793868,414.212541547604,8459.129345443407,8459.129345443349,1.6918258690886814,1.921542082984002,FORCE_CLOSE,53,0.4849317559580882,2.081165452653532,False
CR,CRU6,RBREAKER_2_1,BREAKOUT,LONG,2026-08-24|CR|CRU6|BREAKOUT|1|182,2026-08-24 10:04:00+00:00,2026-08-24 10:17:00+00:00,2026-08-24,12.527050000000001,12.53,12.504,12.501,131.0100877767701,0.01671428571428584,12.504,12.504,4999.999999999999,-3019.782523254727,819.828376785083,131.0100877767701,648.4999344948243,-4619.120922311296,-4619.120922311405,-0.9238241844622594,-0.6039565046509455,INITIAL_STOP,12,0.6288484213284738,0.05240403511072554,False
CR,CRU6,RBREAKER_2_1,BREAKOUT,LONG,2026-08-24|CR|CRU6|BREAKOUT|1|183,2026-08-24 13:53:00+00:00,2026-08-24 13:56:00+00:00,2026-08-24,12.527050000000001,12.53,12.517,12.514,160.43638697258064,0.012428571428571265,12.511,12.517,5000.0,-1612.3856890746674,1004.4922188353273,160.43638697258064,794.1601155140443,-3571.474410396565,-3571.47441039662,-0.714294882079313,-0.3224771378149335,TRAILING_STOP,2,0.3850473287341511,0.19252366436710405,False
CR,CRU6,RBREAKER_2_1,BREAKOUT,LONG,2026-08-24|CR|CRU6|BREAKOUT|1|184,2026-08-24 13:59:00+00:00,2026-08-24 14:17:00+00:00,2026-08-24,12.527050000000001,12.53,12.551,12.548,160.43638697258064,0.012428571428571265,12.511,12.551,5000.0,3842.451467993186,1005.8559281245944,160.43638697258064,794.1601155140443,1881.9990373818546,1881.9990373819664,0.3763998074763709,0.7684902935986372,TRAILING_STOP,17,0.2246109417616024,1.2834910957806747,False
CR,CRU6,RBREAKER_2_1,BREAKOUT,LONG,2026-08-27|CR|CRU6|BREAKOUT|1|185,2026-08-27 09:38:00+00:00,2026-08-27 12:15:00+00:00,2026-08-27,12.8727125,12.876,12.934,12.931,111.07902161598247,0.021000000000000414,12.844,12.934,5000.0,6807.755537289396,716.6540777109149,111.07902161598247,587.3303267944088,5392.6921111681295,5392.6921111680895,1.0785384222336258,1.3615511074578792,TRAILING_STOP,156,0.3776686734943284,1.9994223890876812,False
CR,CRU6,RBREAKER_2_1,BREAKOUT,SHORT,2026-09-10|CR|CRU6|BREAKOUT|-1|186,2026-09-10 09:10:00+00:00,2026-09-10 09:25:00+00:00,2026-09-10,12.5359125,12.533,12.561,12.563999999999998,108.47987155982685,0.022071428571428773,12.567,12.561,5000.0,-2721.4887777571244,680.6298341342435,108.47987155982685,532.9073690377443,-4043.505852488898,-4043.505852488939,-0.8087011704977797,-0.5442977555514249,TRAILING_STOP,14,0.5207033834871886,0.13017584587179715,False
CR,CRU6,RBREAKER_2_1,BREAKOUT,SHORT,2026-09-10|CR|CRU6|BREAKOUT|-1|187,2026-09-10 13:27:00+00:00,2026-09-10 15:18:00+00:00,2026-09-10,12.5359125,12.533,12.536,12.539,138.53677458680474,0.015857142857142698,12.557,12.536,5000.0,-12.12196777625564,868.3485031100922,138.53677458680474,680.5619051577996,-1699.5691506310145,-1699.5691506309522,-0.3399138301262029,-0.002424393555251128,TRAILING_STOP,110,0.36019561392568955,0.5818544532645528,False
CR,CRU6,RBREAKER_2_1,BREAKOUT,SHORT,2026-09-10|CR|CRU6|BREAKOUT|-1|188,2026-09-10 15:22:00+00:00,2026-09-10 15:45:00+00:00,2026-09-10,12.5359125,12.533,12.55,12.552,146.66412448850127,0.014285714285714108,12.555,12.555,5000.0,-2066.1308537318314,919.7673906985136,146.66412448850127,573.8233870612104,-3706.385755980097,-3706.3857559800567,-0.7412771511960194,-0.4132261707463663,FORCE_CLOSE,22,0.4986580232609406,0.0,False
CR,CRZ6,RBREAKER_2_1,BREAKOUT,SHORT,2026-09-21|CR|CRZ6|BREAKOUT|-1|189,2026-09-21 12:16:00+00:00,2026-09-21 12:27:00+00:00,2026-09-21,12.7319625,12.729,12.75,12.753,145.81723268055168,0.014428571428571553,12.751,12.75,5000.0,-2630.178334475473,928.9286807914546,145.81723268055168,723.6180171773484,-4428.542265124701,-4428.542265124827,-0.8857084530249402,-0.5260356668950946,TRAILING_STOP,10,0.6124323772583402,0.029163446536094175,False
CR,CRZ6,RBREAKER_2_1,BREAKOUT,SHORT,2026-09-21|CR|CRZ6|BREAKOUT|-1|190,2026-09-21 12:35:00+00:00,2026-09-21 13:17:00+00:00,2026-09-21,12.7319625,12.729,12.752,12.755,141.68520381415462,0.014857142857142997,12.752,12.752,5000.0,-2839.017271426239,902.6764334999791,141.68520381415462,703.1128239278498,-4586.491732668352,-4586.4917326682225,-0.9172983465336704,-0.5678034542852478,INITIAL_STOP,41,0.5667408152566566,0.0,False
CR,CRZ6,RBREAKER_2_1,BREAKOUT,SHORT,2026-09-21|CR|CRZ6|BREAKOUT|-1|191,2026-09-21 14:22:00+00:00,2026-09-21 14:36:00+00:00,2026-09-21,12.7319625,12.729,12.699,12.702,137.78090081152115,0.01557142857142857,12.753,12.699,5000.0,4541.602942999767,875.9765221344486,137.78090081152115,683.7377202772782,2844.1077997764687,2844.107799776519,0.5688215599552937,0.9083205885999535,TRAILING_STOP,13,0.27556180162308536,1.488033728764387,False
CR,CRZ6,RBREAKER_2_1,BREAKOUT,SHORT,2026-09-25|CR|CRZ6|BREAKOUT|-1|192,2026-09-25 10:00:00+00:00,2026-09-25 11:59:00+00:00,2026-09-25,12.743025000000001,12.74,12.757,12.76,130.14055179593387,0.017214285714285817,12.766,12.757,5000.0,-1818.7142113479829,829.6460176990784,130.14055179593387,653.9562727747052,-3432.457053617727,-3432.4570536177002,-0.6864914107235454,-0.3637428422695966,TRAILING_STOP,118,0.494534096824552,0.23425299323268986,False
CR,CRZ6,RBREAKER_2_1,BREAKOUT,SHORT,2026-09-25|CR|CRZ6|BREAKOUT|-1|193,2026-09-25 12:31:00+00:00,2026-09-25 12:58:00+00:00,2026-09-25,12.743025000000001,12.74,12.752999999999998,12.756,175.9324419422824,0.010357142857142954,12.756,12.753,5000.0,-1754.9261083740835,1121.393384940108,175.9324419422824,884.0605207601551,-3936.3124560165825,-3936.312456016629,-0.7872624912033165,-0.3509852216748167,TRAILING_STOP,26,0.3518648838845573,0.10555946516537344,False
CR,CRZ6,RBREAKER_2_1,BREAKOUT,SHORT,2026-09-25|CR|CRZ6|BREAKOUT|-1|194,2026-09-25 13:09:00+00:00,2026-09-25 14:00:00+00:00,2026-09-25,12.743025000000001,12.74,12.752000000000002,12.755,175.9324419422824,0.010571428571428676,12.756,12.752,5000.0,-1578.9936664318984,1121.3494018296224,175.9324419422824,884.0605207601551,-3760.336030963874,-3760.3360309639584,-0.7520672061927748,-0.3157987332863797,TRAILING_STOP,50,0.42223786066149377,0.14074595355381042,False
CR,CRZ6,RBREAKER_2_1,BREAKOUT,SHORT,2026-09-25|CR|CRZ6|BREAKOUT|-1|195,2026-09-25 14:11:00+00:00,2026-09-25 14:19:00+00:00,2026-09-25,12.743025000000001,12.74,12.757999999999997,12.760999999999997,164.3655489809293,0.011571428571428248,12.758,12.758,5000.0,-2461.3740959890815,1047.8714661406693,164.3655489809293,825.9368836293435,-4499.547994740034,-4499.547994740024,-0.8999095989480067,-0.4922748191978163,INITIAL_STOP,7,0.5588428665351419,0.0,False
CR,CRZ6,RBREAKER_2_1,BREAKOUT,SHORT,2026-09-25|CR|CRZ6|BREAKOUT|-1|196,2026-09-25 14:38:00+00:00,2026-09-25 15:11:00+00:00,2026-09-25,12.743025000000001,12.74,12.748,12.75,159.13430935708718,0.012285714285713947,12.759,12.753,5000.0,-791.6931890512184,1014.0833863780381,159.13430935708718,640.5155951625322,-2605.426479948951,-2605.4264799488756,-0.5210852959897903,-0.15833863781024368,FORCE_CLOSE,33,0.2864417568427678,0.19096117122851186,False
GD,GDZ5,RBREAKER_2_1,BREAKOUT,SHORT,2025-10-27|GD|GDZ5|BREAKOUT|-1|1,2025-10-27 14:16:00+00:00,2025-10-27 14:29:00+00:00,2025-10-27,3994.5212500000002,3994.2,3999.0,3999.3,2.839440558516887,12.028571428571468,4012.3,3999.0,5000.0,-1079.7580474067738,481.77761384016196,24.108468822926728,125.66539373965026,-1711.3095238094793,-1711.3095238095127,-0.34226190476189583,-0.21595160948135475,TRAILING_STOP,12,0.2073328318771786,0.6412852706898376,False
GD,GDZ5,RBREAKER_2_1,BREAKOUT,LONG,2025-11-13|GD|GDZ5|BREAKOUT|1|2,2025-11-13 08:19:00+00:00,2025-11-13 09:04:00+00:00,2025-11-13,4242.379999999999,4242.7,4236.2,4235.9,4.688099719171394,6.514285714285767,4232.9,4236.2,5000.0,-2459.9266798547465,843.719027015313,39.80463883260506,206.98412192986484,-3550.43446763246,-3550.434467632529,-0.710086893526492,-0.4919853359709493,TRAILING_STOP,44,0.4298900993921057,0.2627106162952079,False
GD,GDZ5,RBREAKER_2_1,BREAKOUT,LONG,2025-11-13|GD|GDZ5|BREAKOUT|1|3,2025-11-13 09:18:00+00:00,2025-11-13 09:28:00+00:00,2025-11-13,4242.379999999999,4242.7,4237.6,4237.3,4.923262124042441,6.121428571428623,4233.5,4237.6,5000.0,-1998.1022209024964,886.1875958816577,41.80130169253103,217.36676880149588,-3143.4578872781253,-3143.457887278181,-0.6286915774556251,-0.39962044418049925,TRAILING_STOP,9,0.38457197557123984,0.34277067387878485,False
GD,GDZ5,RBREAKER_2_1,BREAKOUT,LONG,2025-11-13|GD|GDZ5|BREAKOUT|1|4,2025-11-13 10:10:00+00:00,2025-11-13 10:37:00+00:00,2025-11-13,4242.379999999999,4242.7,4236.0,4235.7,4.802804047467391,6.3142857142856235,4233.2,4236.0,5000.0,-2601.6711047309454,864.342017803825,40.7785439613052,212.0484285991134,-3718.840095095172,-3718.840095095189,-0.7437680190190343,-0.5203342209461891,TRAILING_STOP,26,0.44040827478206657,0.228359846183324,False
GD,GDZ5,RBREAKER_2_1,BREAKOUT,LONG,2025-11-13|GD|GDZ5|BREAKOUT|1|5,2025-11-13 12:09:00+00:00,2025-11-13 13:01:00+00:00,2025-11-13,4242.379999999999,4242.7,4242.9,4242.6,5.049918011843897,5.8857142857142595,4233.8,4242.9,5000.0,222.95874834405865,909.5537823664677,42.87668237382144,222.95874834382468,-952.4304647398426,-952.4304647400552,-0.1904860929479685,0.04459174966881173,TRAILING_STOP,51,0.48879417906154876,0.7803556192035813,False
GD,GDZ5,RBREAKER_2_1,BREAKOUT,LONG,2025-11-13|GD|GDZ5|BREAKOUT|1|6,2025-11-13 13:17:00+00:00,2025-11-13 13:33:00+00:00,2025-11-13,4242.379999999999,4242.7,4233.2,4232.9,4.34240406798837,7.157142857142844,4231.9,4233.2,5000.0,-3384.618787951945,781.2275326570652,36.869485707540015,191.72132567950314,-4394.437131996051,-4394.437131996053,-0.8788874263992102,-0.6769237575903889,TRAILING_STOP,15,0.6783985370187228,0.09586066283961744,False
GD,GDZ5,RBREAKER_2_1,BREAKOUT,SHORT,2025-11-14|GD|GDZ5|BREAKOUT|-1|7,2025-11-14 11:54:00+00:00,2025-11-14 13:38:00+00:00,2025-11-14,4146.562500000001,4146.3,4067.3,4067.6,3.952763357021762,8.19285714285713,4158.6,4067.3,5000.0,26601.45722790817,689.1711386983533,33.56121397622826,155.2206146402083,25723.504260593454,25723.50426059338,5.1447008521186905,5.320291445581634,TRAILING_STOP,103,0.29533868299078425,6.128277672059292,False
GD,GDZ5,RBREAKER_2_1,BREAKOUT,LONG,2025-11-19|GD|GDZ5|BREAKOUT|1|8,2025-11-19 14:59:00+00:00,2025-11-19 15:26:00+00:00,2025-11-19,4134.9875,4135.3,4130.4,4130.1,4.1492505914977285,7.6428571428570775,4123.8,4130.4,5000.0,-1616.1534315298925,727.9648268646096,35.22950259465287,180.55120079733962,-2559.8989617863554,-2559.8989617864945,-0.5119797923572711,-0.3232306863059785,TRAILING_STOP,26,0.44389173269263893,0.46502943424937937,False
GD,GDZ5,RBREAKER_2_1,REVERSAL,LONG,2025-11-21|GD|GDZ5|REVERSAL|1|9,2025-11-21 12:45:00+00:00,2025-11-21 12:50:00+00:00,2025-11-21,4076.5800000000004,4076.9,4073.7,4073.4,3.9719036065303963,7.700000000000078,4069.2,4073.7,3500.0,-971.2432974097551,687.1462019858661,33.72372560449879,175.36337314320352,-1867.4765981433543,-1867.4765981433236,-0.5335647423266726,-0.27749808497421574,TRAILING_STOP,4,0.5106735591538564,0.43359075777212724,False
GD,GDZ5,RBREAKER_2_1,BREAKOUT,LONG,2025-11-25|GD|GDZ5|BREAKOUT|1|10,2025-11-25 07:38:00+00:00,2025-11-25 08:34:00+00:00,2025-11-25,4143.67375,4144.0,4138.3,4138.0,5.022718359624675,5.957142857142766,4135.0,4138.3,5000.0,-2291.675551196076,882.9800844385579,42.64574182267848,224.42321634195406,-3441.7245937992693,-3441.7245937992666,-0.6883449187598538,-0.4583351102392152,TRAILING_STOP,55,0.45204486332040744,0.28146189602969346,False
GD,GDZ5,RBREAKER_2_1,BREAKOUT,LONG,2025-11-25|GD|GDZ5|BREAKOUT|1|11,2025-11-25 10:05:00+00:00,2025-11-25 10:32:00+00:00,2025-11-25,4143.67375,4144.0,4136.5,4136.2,4.259746204739272,7.3928571428570775,4132.9,4136.5,4999.999999999999,-2594.5784657671747,748.6889218416303,36.16767333357312,190.33238091802062,-3569.7674418604097,-3569.767441860399,-0.7139534883720821,-0.518915693153435,TRAILING_STOP,26,0.5352815653368559,0.2604072480017528,False
GD,GDZ5,RBREAKER_2_1,BREAKOUT,LONG,2025-11-25|GD|GDZ5|BREAKOUT|1|12,2025-11-25 10:48:00+00:00,2025-11-25 12:44:00+00:00,2025-11-25,4143.67375,4144.0,4134.4,4134.1,4.026726480045205,7.921428571428611,4132.1,4134.4,5000.0,-3170.621217819559,707.5541044138366,34.18920304967742,179.92068104870356,-4092.2852063319056,-4092.285206331777,-0.8184570412663811,-0.6341242435639118,TRAILING_STOP,110,0.6154056548941935,0.15727033402852855,False
GD,GDZ5,RBREAKER_2_1,BREAKOUT,LONG,2025-11-25|GD|GDZ5|BREAKOUT|1|13,2025-11-25 13:10:00+00:00,2025-11-25 14:06:00+00:00,2025-11-25,4143.67375,4144.0,4148.5,4148.2,4.897406246198896,6.135714285714455,4134.7,4148.5,5000.0,2006.840201255745,862.010894423861,41.58177055178896,218.82406752889528,884.4234687511447,884.4234687511998,0.17688469375022894,0.40136804025114897,TRAILING_STOP,55,0.11642895754497884,1.1476568672293905,False
GD,GDZ5,RBREAKER_2_1,BREAKOUT,LONG,2025-11-25|GD|GDZ5|BREAKOUT|1|14,2025-11-25 14:29:00+00:00,2025-11-25 14:35:00+00:00,2025-11-25,4143.67375,4144.0,4133.5,4133.2,4.386670744342091,7.099999999999974,4133.3,4133.5,5000.0,-3789.2472717791934,770.7177176058719,37.24533502178863,196.00357555225747,-4793.213899959009,-4793.213899959112,-0.9586427799918018,-0.7578494543558387,TRAILING_STOP,5,0.7151104324183687,0.07449067004357725,False
GD,GDZ5,RBREAKER_2_1,BREAKOUT,LONG,2025-11-28|GD|GDZ5|BREAKOUT|1|15,2025-11-28 11:19:00+00:00,2025-11-28 11:19:00+00:00,2025-11-28,4191.592500000001,4191.9,4183.7,4183.4,5.397225851775713,5.414285714285727,4183.7,4183.7,5000.0,-3616.7794738324537,959.5062758056933,45.82552390031131,232.56453379369648,-4854.675807332055,-4854.675807332155,-0.970935161466411,-0.7233558947664908,INITIAL_STOP,0,0.0,0.0,False
GD,GDZ5,RBREAKER_2_1,BREAKOUT,LONG,2025-11-28|GD|GDZ5|BREAKOUT|1|16,2025-11-28 14:00:00+00:00,2025-11-28 14:43:00+00:00,2025-11-28,4191.592500000001,4191.9,4210.2,4209.9,6.064171003602386,4.657142857142909,4184.9,4210.2,5000.0,9580.679542167896,1081.4853335669736,51.48826839805631,261.30296211970494,8186.402978083175,8186.4029780831615,1.637280595616635,1.9161359084335792,TRAILING_STOP,42,0.3192272640678929,2.6053063809416677,False
GD,GDZ5,RBREAKER_2_1,BREAKOUT,LONG,2025-12-01|GD|GDZ5|BREAKOUT|1|17,2025-12-01 07:57:00+00:00,2025-12-01 08:34:00+00:00,2025-12-01,4254.0575,4254.4,4255.1,4254.8,5.347601878591375,5.442857142857,4246.2,4255.1,5000.0,473.3386607583128,965.8832930750141,45.40418808231157,246.31772034650723,-784.2665407453972,-784.26654074552,-0.15685330814907944,0.09466773215166256,TRAILING_STOP,36,0.06356586331521968,0.8081945478651954,False
GD,GDZ5,RBREAKER_2_1,BREAKOUT,LONG,2025-12-01|GD|GDZ5|BREAKOUT|1|18,2025-12-01 08:40:00+00:00,2025-12-01 10:21:00+00:00,2025-12-01,4254.0575,4254.4,4263.2,4262.9,5.1153438445669615,5.757142857142753,4245.7,4263.2,5000.0,3970.78751237838,924.8123729609144,43.4321849863649,235.619603550998,2766.9233508803363,2766.9233508801026,0.5533846701760673,0.7941575024756761,TRAILING_STOP,100,0.5472455308281347,1.5201264745227716,False
GD,GDZ5,RBREAKER_2_1,BREAKOUT,LONG,2025-12-01|GD|GDZ5|BREAKOUT|1|19,2025-12-01 14:07:00+00:00,2025-12-01 14:35:00+00:00,2025-12-01,4254.0575,4254.4,4250.4,4250.1,4.861945922906347,6.164285714285727,4245.1,4250.4,5000.0,-1509.8413170194635,877.6791169235223,41.280692194650946,223.94775515557592,-2652.7488812933066,-2652.7488812932124,-0.5305497762586613,-0.3019682634038927,TRAILING_STOP,27,0.2807087069235964,0.43757533726331505,False
GD,GDZ5,RBREAKER_2_1,BREAKOUT,LONG,2025-12-01|GD|GDZ5|BREAKOUT|1|20,2025-12-01 15:00:00+00:00,2025-12-01 15:11:00+00:00,2025-12-01,4254.0575,4254.4,4242.2,4241.9,3.6323794060906853,8.87142857142869,4241.0,4242.2,5000.0,-3656.96820912668,655.0853678094627,30.84097161397139,167.31227100577235,-4510.206819555973,-4510.206819555887,-0.9020413639111946,-0.731393641825336,TRAILING_STOP,10,0.5304647117602742,0.12336388645588556,False
GD,GDZ5,RBREAKER_2_1,REVERSAL,LONG,2025-12-02|GD|GDZ5|REVERSAL|1|21,2025-12-02 14:26:00+00:00,2025-12-02 14:37:00+00:00,2025-12-02,4237.720000000001,4238.0,4233.5,4233.2,4.642662798198651,6.121428571428753,4231.8,4233.5,3500.0,-1663.475616624423,834.8124788829932,39.41885347450152,189.21049667722008,-2726.9174456590745,-2726.9174456591377,-0.779119270188307,-0.475278747606978,TRAILING_STOP,10,0.39418853474501514,0.20272553215459974,False
GD,GDZ5,RBREAKER_2_1,BREAKOUT,LONG,2025-12-11|GD|GDZ5|BREAKOUT|1|22,2025-12-11 15:21:00+00:00,2025-12-11 15:35:00+00:00,2025-12-11,4248.4125,4248.7,4253.4,4253.2,4.061482853191621,7.864285714285805,4236.9,4242.6,5000.0,1719.9046853823054,732.9552704087196,34.48430446882318,133.62667981643892,818.8384306882738,818.8384306883237,0.16376768613765474,0.3439809370764611,FORCE_CLOSE,13,0.10345291340646955,0.3931210709445717,False
GD,GDZ5,RBREAKER_2_1,BREAKOUT,LONG,2025-12-12|GD|GDZ5|BREAKOUT|1|23,2025-12-12 08:52:00+00:00,2025-12-12 09:30:00+00:00,2025-12-12,4313.84875,4314.1,4319.5,4319.2,6.429230847303302,4.285714285714026,4307.6,4319.5,5000.0,3084.895000300002,1178.1828801632612,54.587834555187996,246.32760343052408,1605.796682150922,1605.7966821510286,0.3211593364301844,0.6169790000600004,TRAILING_STOP,37,0.07642296837734262,1.2991904624134345,False
GD,GDZ5,RBREAKER_2_1,BREAKOUT,LONG,2025-12-12|GD|GDZ5|BREAKOUT|1|24,2025-12-12 09:35:00+00:00,2025-12-12 11:37:00+00:00,2025-12-12,4313.84875,4314.1,4337.7,4337.4,5.6301524833684375,5.1642857142855325,4306.3,4337.7,5000.0,11401.661639362177,1033.9235435558207,47.80320377071355,215.7119570155536,10104.222935020005,10104.222935020089,2.020844587004001,2.2803323278724354,TRAILING_STOP,116,0.1720915335745862,3.0020411968007763,False
GD,GDZ5,RBREAKER_2_1,BREAKOUT,LONG,2025-12-12|GD|GDZ5|BREAKOUT|1|25,2025-12-12 15:25:00+00:00,2025-12-12 15:29:00+00:00,2025-12-12,4313.84875,4314.1,4303.6,4303.3,3.353665749259901,9.921428571428676,4299.2,4303.6,5000.0,-2918.2837828985166,613.4411189352434,28.47453380069364,128.49133377575433,-3688.6907694103093,-3688.690769410208,-0.7377381538820619,-0.5836567565797033,TRAILING_STOP,3,0.38725365968944386,0.2505758974460833,False
GD,GDH6,RBREAKER_2_1,BREAKOUT,LONG,2025-12-23|GD|GDH6|BREAKOUT|1|26,2025-12-23 11:58:00+00:00,2025-12-23 12:04:00+00:00,2025-12-23,4521.59375,4521.9,4518.6,4518.3,8.444724118969948,2.7285714285715454,4517.8,4518.6,5000.0,-2146.534355304894,1620.4676307999716,71.70052126280267,362.98388889280807,-4201.686396260526,-4201.686396260477,-0.8403372792521051,-0.42930687106097876,TRAILING_STOP,5,0.37284271056649565,0.11472083402051035,False
GD,GDH6,RBREAKER_2_1,BREAKOUT,LONG,2025-12-23|GD|GDH6|BREAKOUT|1|27,2025-12-23 13:04:00+00:00,2025-12-23 13:07:00+00:00,2025-12-23,4521.59375,4521.9,4518.0,4517.7,7.575640340830455,3.25,4517.0,4518.0,5000.0,-2311.5540718731736,1453.6016826507644,64.32150460864484,325.6276170811475,-4155.104876213963,-4155.104876213731,-0.8310209752427925,-0.4623108143746347,TRAILING_STOP,2,0.4888434350256071,0.1286430092172897,False
GD,GDH6,RBREAKER_2_1,BREAKOUT,LONG,2025-12-23|GD|GDH6|BREAKOUT|1|28,2025-12-23 13:10:00+00:00,2025-12-23 13:20:00+00:00,2025-12-23,4521.59375,4521.9,4520.2,4519.9,7.117811965676713,3.5857142857142725,4516.5,4520.2,5000.0,-842.3027878335917,1366.0866990193317,60.43428074141573,305.9485462533072,-2574.772313847848,-2574.7723138476463,-0.5149544627695697,-0.16846055756671832,TRAILING_STOP,9,0.16921598607592006,0.4472136774865643,False
GD,GDH6,RBREAKER_2_1,BREAKOUT,LONG,2025-12-23|GD|GDH6|BREAKOUT|1|29,2025-12-23 13:24:00+00:00,2025-12-23 13:31:00+00:00,2025-12-23,4521.59375,4521.9,4516.3,4516.0,6.868747284631798,3.75,4516.2,4516.3,5000.0,-3087.2927467941026,1317.7163219008917,58.319579632476206,295.2428718893047,-4758.571520216819,-4758.571520216775,-0.9517143040433639,-0.6174585493588205,TRAILING_STOP,6,0.5132123007657481,0.011663915926537672,False
GD,GDH6,RBREAKER_2_1,BREAKOUT,LONG,2025-12-23|GD|GDH6|BREAKOUT|1|30,2025-12-23 13:33:00+00:00,2025-12-23 13:36:00+00:00,2025-12-23,4521.59375,4521.9,4517.0,4516.7,6.562566393909654,4.050000000000052,4515.8,4517.0,5000.0,-2559.6342543841283,1259.0753834925922,55.71992934713749,282.0821423197821,-4156.5117095436235,-4156.51170954364,-0.8313023419087247,-0.5119268508768257,TRAILING_STOP,2,0.30088761847452217,0.13372783043321104,False
GD,GDH6,RBREAKER_2_1,BREAKOUT,LONG,2025-12-23|GD|GDH6|BREAKOUT|1|31,2025-12-23 13:41:00+00:00,2025-12-23 13:51:00+00:00,2025-12-23,4521.59375,4521.9,4515.2,4514.9,6.151268498548155,4.407142857142909,4515.2,4515.2,5000.0,-3339.313413660065,1179.929910325021,52.22777577571801,264.4031148644774,-4835.874214625173,-4835.874214625282,-0.9671748429250346,-0.667862682732013,INITIAL_STOP,9,0.5953966438431663,0.0,False
GD,GDH6,RBREAKER_2_1,BREAKOUT,LONG,2025-12-26|GD|GDH6|BREAKOUT|1|32,2025-12-26 11:13:00+00:00,2025-12-26 11:28:00+00:00,2025-12-26,4530.715,4531.0,4527.8,4527.5,5.987378517352648,4.642857142857143,4524.0,4527.8,5000.0,-1481.8768745869806,1151.2505719079186,50.836256418078875,246.55584362770102,-2930.519546540747,-2930.519546540679,-0.5861039093081494,-0.29637537491739613,TRAILING_STOP,14,0.27451578465760745,0.3863555487774179,False
GD,GDH6,RBREAKER_2_1,BREAKOUT,LONG,2025-12-26|GD|GDH6|BREAKOUT|1|33,2025-12-26 11:32:00+00:00,2025-12-26 12:59:00+00:00,2025-12-26,4530.715,4531.0,4531.5,4531.2,5.434807937559117,5.321428571428571,4523.0,4531.5,5000.0,362.2352452585831,1045.429375663357,46.14461723040131,223.80139356746312,-953.1401412024857,-953.1401412026383,-0.19062802824049713,0.07244704905171663,TRAILING_STOP,86,0.4060726316274979,0.7844584929168222,False
GD,GDH6,RBREAKER_2_1,BREAKOUT,SHORT,2025-12-29|GD|GDH6|BREAKOUT|-1|34,2025-12-29 08:53:00+00:00,2025-12-29 09:18:00+00:00,2025-12-29,4472.260000000001,4472.0,4489.4,4489.7,2.4685136404851513,14.049999999999857,4493.1,4489.4,5000.0,-3592.3876592883607,469.572644198473,20.959087860494012,96.41180415854694,-4179.331195505877,-4179.331195505874,-0.8358662391011754,-0.7184775318576722,TRAILING_STOP,24,0.6832662642521123,0.15509725016764805,False
GD,GDH6,RBREAKER_2_1,BREAKOUT,SHORT,2025-12-29|GD|GDH6|BREAKOUT|-1|35,2025-12-29 11:39:00+00:00,2025-12-29 11:43:00+00:00,2025-12-29,4472.260000000001,4472.0,4466.3,4466.6,4.9254651561901985,6.100000000000169,4481.2,4466.3,5000.0,2492.4723987955467,934.5307795247627,41.82000669119381,192.37203078003924,1323.7495817995537,1323.749581799551,0.26474991635991074,0.4984944797591093,TRAILING_STOP,3,0.2760120441618944,1.2462361993975453,False
GD,GDH6,RBREAKER_2_1,BREAKOUT,SHORT,2025-12-29|GD|GDH6|BREAKOUT|-1|36,2025-12-29 11:46:00+00:00,2025-12-29 12:07:00+00:00,2025-12-29,4472.260000000001,4472.0,4473.9,4474.2,4.510482644562595,6.850000000000169,4482.3,4473.9,5000.0,-628.0637254895076,856.521905637095,38.29656862744383,176.16421568674318,-1699.0464154408196,-1699.0464154407894,-0.33980928308816394,-0.12561274509790152,TRAILING_STOP,20,0.22212009803914634,0.6433823529410285,False
GD,GDH6,RBREAKER_2_1,BREAKOUT,SHORT,2025-12-29|GD|GDH6|BREAKOUT|-1|37,2025-12-29 13:25:00+00:00,2025-12-29 13:59:00+00:00,2025-12-29,4472.260000000001,4472.0,4441.4,4441.7,3.761424463937987,8.599999999999975,4484.9,4441.4,5000.0,9855.646397546552,711.6840189064035,31.936637710777955,146.90853346999685,8965.117207459161,8965.117207459372,1.7930234414918322,1.9711292795093105,TRAILING_STOP,33,0.3129790495656007,2.7784874808376823,False
GD,GDH6,RBREAKER_2_1,BREAKOUT,SHORT,2026-01-08|GD|GDH6|BREAKOUT|-1|38,2026-01-08 12:15:00+00:00,2026-01-08 12:22:00+00:00,2026-01-08,4433.135,4432.8,4437.2,4437.5,5.838442001846136,4.800000000000052,4440.0,4437.2,5000.0,-2015.089625634341,1099.2896375317378,49.57170050761475,265.2085977158471,-3429.159561389447,-3429.159561389541,-0.6858319122778894,-0.4030179251268682,TRAILING_STOP,6,0.39657360406091796,0.27760152284266065,False
GD,GDH6,RBREAKER_2_1,BREAKOUT,LONG,2026-01-19|GD|GDH6|BREAKOUT|1|39,2026-01-19 08:07:00+00:00,2026-01-19 08:54:00+00:00,2026-01-19,4685.98875,4686.3,4675.599999999999,4675.3,3.7117206926548922,8.564285714285754,4673.4,4675.6,5000.0,-3273.975538348586,737.5682685550212,31.514624361434848,161.11851704781273,-4204.176948312911,-4204.176948312855,-0.8408353896625822,-0.6547951076697172,TRAILING_STOP,46,0.6365954121010069,0.13866434719030185,False
GD,GDH6,RBREAKER_2_1,BREAKOUT,LONG,2026-01-19|GD|GDH6|BREAKOUT|1|40,2026-01-19 12:59:00+00:00,2026-01-19 13:42:00+00:00,2026-01-19,4685.98875,4686.3,4681.4,4681.1,6.221322509011363,4.299999999999987,4679.8,4681.4,5000.0,-2423.895876142181,1237.0254551986004,52.822574255336605,270.0554108798895,-3983.799316476006,-3983.799316476008,-0.7967598632952012,-0.48477917522843617,TRAILING_STOP,42,0.4648386534470198,0.1690322376170195,False
GD,GDH6,RBREAKER_2_1,BREAKOUT,LONG,2026-01-23|GD|GDH6|BREAKOUT|1|41,2026-01-23 07:51:00+00:00,2026-01-23 08:18:00+00:00,2026-01-23,4958.643749999999,4958.9,4950.5,4950.2,3.5492429405476504,9.021428571428585,4945.3,4950.5,5000.0,-2454.126850671314,746.5291903603775,30.135095633725665,137.49137382903777,-3368.282510494355,-3368.282510494455,-0.673656502098871,-0.4908253701342628,TRAILING_STOP,26,0.38572922411166655,0.3134049945907908,False
GD,GDH6,RBREAKER_2_1,BREAKOUT,LONG,2026-01-23|GD|GDH6|BREAKOUT|1|42,2026-01-23 12:49:00+00:00,2026-01-23 13:13:00+00:00,2026-01-23,4958.643749999999,4958.9,4956.6,4956.3,4.269799514022327,7.1357142857142595,4948.1,4956.6,5000.0,-740.9213345462058,898.6401487824419,36.253031659772546,165.40445694791006,-1841.2189719362468,-1841.2189719363305,-0.36824379438724936,-0.14818426690924116,TRAILING_STOP,23,0.42778577358528963,0.6163015382161333,False
GD,GDH6,RBREAKER_2_1,BREAKOUT,LONG,2026-01-23|GD|GDH6|BREAKOUT|1|43,2026-01-23 13:16:00+00:00,2026-01-23 13:22:00+00:00,2026-01-23,4958.643749999999,4958.9,4948.3,4948.0,4.035708826265132,7.714285714285714,4947.3,4948.3,5000.0,-3544.3343761453957,848.6614194812787,34.265468289021946,156.33619906884957,-4583.59746298463,-4583.597462984546,-0.9167194925969259,-0.7088668752290791,TRAILING_STOP,5,0.6099253355445656,0.06853093657804388,False
GD,GDH6,RBREAKER_2_1,BREAKOUT,LONG,2026-01-23|GD|GDH6|BREAKOUT|1|44,2026-01-23 14:08:00+00:00,2026-01-23 14:30:00+00:00,2026-01-23,4958.643749999999,4958.9,4951.3,4951.0,3.752807102203243,8.428571428571493,4946.2,4951.3,5000.0,-2339.973680772254,789.4095380115007,31.863471397753788,145.37708825242552,-3306.6237784337964,-3306.6237784339337,-0.6613247556867593,-0.46799473615445075,TRAILING_STOP,21,0.29314393685930007,0.32500740825711183,False
GD,GDH6,RBREAKER_2_1,BREAKOUT,LONG,2026-01-23|GD|GDH6|BREAKOUT|1|45,2026-01-23 14:33:00+00:00,2026-01-23 14:59:00+00:00,2026-01-23,4958.643749999999,4958.9,4957.4,4957.1,3.752807102203243,8.40714285714291,4946.2,4957.4,5000.0,-396.30192550944685,789.8954559503163,31.863471397753788,145.37708825213574,-1363.4379411096468,-1363.4379411096527,-0.27268758822192934,-0.07926038510188937,TRAILING_STOP,25,0.24853507690245633,0.7137417593097313,False
GD,GDH6,RBREAKER_2_1,BREAKOUT,LONG,2026-01-23|GD|GDH6|BREAKOUT|1|46,2026-01-23 15:00:00+00:00,2026-01-23 15:35:00+00:00,2026-01-23,4958.643749999999,4958.9,4966.1,4965.9,3.2549759095851822,10.021428571428649,4943.8,4954.9,5000.0,2060.654047795018,685.7193392641409,27.636600808646662,98.45539038110533,1248.8427173411492,1248.842717341125,0.24976854346822983,0.4121308095590036,FORCE_CLOSE,34,0.40902169196795046,0.6135325379519759,False
GD,GDH6,RBREAKER_2_1,BREAKOUT,LONG,2026-01-29|GD|GDH6|BREAKOUT|1|47,2026-01-29 15:05:00+00:00,2026-01-29 15:07:00+00:00,2026-01-29,5471.032500000001,5471.3,5437.2,5436.9,1.5758051146400385,22.69285714285713,5437.2,5437.2,5000.0,-4526.613799867382,364.8652083921629,13.379483632209272,62.54908598047125,-4967.407577872218,-4967.407577872225,-0.9934815155744436,-0.9053227599734764,INITIAL_STOP,1,0.642215214346045,0.19534046103026023,False
GD,GDH6,RBREAKER_2_1,REVERSAL,SHORT,2026-02-11|GD|GDH6|REVERSAL|-1|48,2026-02-11 12:41:00+00:00,2026-02-11 12:41:00+00:00,2026-02-11,5070.243,5069.9,5081.9,5082.2,2.708254280132979,11.935714285714312,5081.9,5081.9,3500.0,-2680.483149868655,583.6092688037945,22.99462254326867,124.86080041016469,-3411.9478416258353,-3411.947841625883,-0.9748422404645244,-0.7658523285339014,INITIAL_STOP,0,0.0,0.0,False
GD,GDH6,RBREAKER_2_1,BREAKOUT,SHORT,2026-02-17|GD|GDH6|BREAKOUT|-1|49,2026-02-17 07:57:00+00:00,2026-02-17 10:11:00+00:00,2026-02-17,4927.0,4926.8,4946.1,4946.4,2.250810728247118,15.485714285714298,4950.1,4946.1,5000.0,-3650.137214582298,471.7085699870845,19.110666044933133,76.44266417955872,-4217.399114793887,-4217.399114793875,-0.8434798229587773,-0.7300274429164596,TRAILING_STOP,133,0.5427429156760941,0.15288532835946508,False
GD,GDH6,RBREAKER_2_1,BREAKOUT,SHORT,2026-02-17|GD|GDH6|BREAKOUT|-1|50,2026-02-17 10:49:00+00:00,2026-02-17 11:07:00+00:00,2026-02-17,4927.004999999999,4926.7,4931.5,4931.8,4.040859610688362,7.6357142857142595,4938.2,4931.5,5000.000000000001,-1542.1986022435412,845.5931546282116,34.309201384722286,173.26146699269776,-2595.3624252490868,-2595.362425249173,-0.5190724850498173,-0.3084397204487082,TRAILING_STOP,12,0.3019209721855935,0.45974329855526613,False
GD,GDH6,RBREAKER_2_1,BREAKOUT,SHORT,2026-02-17|GD|GDH6|BREAKOUT|-1|51,2026-02-17 13:15:00+00:00,2026-02-17 13:22:00+00:00,2026-02-17,4927.004999999999,4926.7,4934.0,4934.3,4.0133208440760795,7.707142857142896,4938.3,4934.0,4999.999999999999,-2383.572940058411,840.0433438853931,34.075381559087035,172.08067687324078,-3429.7723423759653,-3429.7723423761317,-0.6859544684751931,-0.47671458801168226,TRAILING_STOP,6,0.3407538155908705,0.29304828140816097,False
GD,GDH6,RBREAKER_2_1,BREAKOUT,SHORT,2026-02-17|GD|GDH6|BREAKOUT|-1|52,2026-02-17 13:31:00+00:00,2026-02-17 13:45:00+00:00,2026-02-17,4927.004999999999,4926.7,4937.0,4937.3,3.9068197452739484,7.985714285714364,4938.7,4937.0,5000.0,-3315.4540961370967,817.9999800973912,33.17112652463063,167.51418894923984,-4334.139391708553,-4334.139391708358,-0.8668278783417107,-0.6630908192274193,TRAILING_STOP,13,0.6700567557975629,0.11278183018373206,False
GD,GDH6,RBREAKER_2_1,BREAKOUT,SHORT,2026-02-17|GD|GDH6|BREAKOUT|-1|53,2026-02-17 13:50:00+00:00,2026-02-17 14:02:00+00:00,2026-02-17,4927.004999999999,4926.7,4867.3,4867.6,3.6411047437558333,8.728571428571545,4939.8,4867.3,5000.0,18457.83341113691,756.9783007231439,30.915054704190965,156.1210262560294,17513.81902945382,17513.819029453545,3.502763805890764,3.691566682227382,TRAILING_STOP,11,0.5441049627937722,4.482682932107689,False
GD,GDH6,RBREAKER_2_1,BREAKOUT,LONG,2026-02-20|GD|GDH6|BREAKOUT|1|54,2026-02-20 14:44:00+00:00,2026-02-20 15:02:00+00:00,2026-02-20,5066.257500000001,5066.6,5062.3,5062.0,3.7228312402357253,8.385714285714196,5054.0,5062.3,5000.0,-1250.924562058019,800.3862614819618,31.608959243408243,171.47860389546673,-2254.3983866790604,-2254.398386678856,-0.4508796773358121,-0.25018491241160384,TRAILING_STOP,17,0.45516901310512464,0.5247087234405308,False
GD,GDH6,RBREAKER_2_1,BREAKOUT,SHORT,2026-03-03|GD|GDH6|BREAKOUT|-1|55,2026-03-03 11:29:00+00:00,2026-03-03 11:35:00+00:00,2026-03-03,5144.855,5144.6,5144.5,5144.8,1.2428451427521063,29.499999999999936,5188.9,5144.5,5000.0,37.4612460770774,271.4462995675734,10.552463683696752,48.01370976075495,-292.5512269349536,-292.55122693494775,-0.05851024538699072,0.007492249215415479,TRAILING_STOP,5,0.6415897919687548,0.937058775112283,False
GD,GDH6,RBREAKER_2_1,BREAKOUT,SHORT,2026-03-03|GD|GDH6|BREAKOUT|-1|56,2026-03-03 11:36:00+00:00,2026-03-03 12:05:00+00:00,2026-03-03,5144.855,5144.6,5178.3,5178.6,1.0710512548115,34.549999999999855,5196.5,5178.3,5000.0,-3041.4333340003795,234.6937105213944,9.093835652564879,41.376952219113946,-3326.5978323934623,-3326.5978323934523,-0.6653195664786925,-0.6082866668000759,TRAILING_STOP,28,0.587461783155678,0.3310156177533748,False
GD,GDH6,RBREAKER_2_1,BREAKOUT,SHORT,2026-03-03|GD|GDH6|BREAKOUT|-1|57,2026-03-03 13:47:00+00:00,2026-03-03 15:25:00+00:00,2026-03-03,5144.855,5144.6,5073.3,5073.6,1.0173897963180905,36.5142857142857,5199.4,5073.3,5000.0,6181.077807896565,220.66763069194755,8.638219282924489,39.303897737252996,5912.468060184504,5912.468060184441,1.1824936120369007,1.236215561579313,TRAILING_STOP,97,0.7895332424592951,2.1785589031535624,False
GD,GDH6,RBREAKER_2_1,BREAKOUT,LONG,2026-03-10|GD|GDH6|BREAKOUT|1|58,2026-03-10 13:24:00+00:00,2026-03-10 13:33:00+00:00,2026-03-10,5228.9025,5229.2,5219.4,5219.1,3.2339459080607127,9.957142857143026,5214.2,5219.4,5000.0,-2609.200641420144,717.224705649793,27.458044108603044,136.60376944001047,-3490.487160618637,-3490.487160618551,-0.6980974321237274,-0.5218401282840288,TRAILING_STOP,8,0.5326860557068891,0.28556365872946166,False
GD,GDH6,RBREAKER_2_1,BREAKOUT,LONG,2026-03-10|GD|GDH6|BREAKOUT|1|59,2026-03-10 15:13:00+00:00,2026-03-10 15:35:00+00:00,2026-03-10,5229.0,5229.2,5239.4,5239.2,2.4937479951988393,13.685714285714246,5208.6,5221.6,5000.0,2202.0275592218454,554.1275312730475,21.173341915595408,63.5200257467092,1563.2066602866382,1563.2066602864934,0.31264133205732764,0.4404055118443691,FORCE_CLOSE,21,0.012704005149364947,0.5505068898054806,False
GD,GDH6,RBREAKER_2_1,BREAKOUT,SHORT,2026-03-13|GD|GDH6|BREAKOUT|-1|60,2026-03-13 14:55:00+00:00,2026-03-13 15:05:00+00:00,2026-03-13,5072.16,5071.9,5068.6,5068.900000000001,3.297996544984624,9.857142857142597,5086.7,5068.6,5000.0,996.8665906880809,709.9034215485349,28.0018705249501,128.80860441462784,130.15269419973606,130.1526941999681,0.02603053883994721,0.1993733181376162,TRAILING_STOP,9,0.4480299283992015,1.0136677130031628,False
GD,GDH6,RBREAKER_2_1,BREAKOUT,SHORT,2026-03-13|GD|GDH6|BREAKOUT|-1|61,2026-03-13 15:11:00+00:00,2026-03-13 15:35:00+00:00,2026-03-13,5072.16,5071.9,5074.8,5075.0,2.6699761927017005,12.657142857142585,5090.9,5086.4,5000.0,-598.4779617292104,575.065911919448,22.669619762467278,81.61063114489045,-1277.8241245559411,-1277.8241245560164,-0.2555648249111882,-0.11969559234584208,FORCE_CLOSE,23,0.4216549275818996,0.2040265778622055,False
GD,GDH6,RBREAKER_2_1,BREAKOUT,SHORT,2026-03-16|GD|GDH6|BREAKOUT|-1|62,2026-03-16 09:46:00+00:00,2026-03-16 10:24:00+00:00,2026-03-16,4989.87875,4989.6,4995.9,4996.2,3.473797738797982,9.257142857142819,5003.5,4995.9,5000.0,-1775.9389581355547,736.3160161158673,29.49452286710598,141.2050282261733,-2682.954525344834,-2682.9545253447013,-0.5365909050689668,-0.35518779162711095,TRAILING_STOP,37,0.47191236587369567,0.44831674758003237,False
GD,GDH6,RBREAKER_2_1,BREAKOUT,SHORT,2026-03-18|GD|GDH6|BREAKOUT|-1|63,2026-03-18 11:50:00+00:00,2026-03-18 12:53:00+00:00,2026-03-18,4942.1575,4941.9,4907.0,4907.3,2.6907153405456667,12.585714285714207,4960.8,4907.0,5000.0,8031.979420586584,562.5298422046562,22.845706948976822,104.51910929175179,7342.084762141121,7342.084762141199,1.4684169524282242,1.6063958841173167,TRAILING_STOP,62,0.46148328036934844,2.4581980677098727,False
GD,GDM6,RBREAKER_2_1,BREAKOUT,SHORT,2026-03-19|GD|GDM6|BREAKOUT|-1|64,2026-03-19 07:22:00+00:00,2026-03-19 08:48:00+00:00,2026-03-19,4860.715,4860.4,4840.4,4840.7,1.9655697027195134,17.92142857142861,4887.3,4840.4,5000.0,3390.3311726890092,404.74946762703075,16.68880715081922,85.94735682683432,2882.9455410842693,2882.9455410843248,0.5765891082168538,0.6780662345378018,TRAILING_STOP,85,0.16021254864787057,1.5654101107468306,False
GD,GDM6,RBREAKER_2_1,BREAKOUT,SHORT,2026-03-23|GD|GDM6|BREAKOUT|-1|65,2026-03-23 11:11:00+00:00,2026-03-23 11:30:00+00:00,2026-03-23,4535.3375,4535.0,4516.6,4516.9,1.0414973056978487,35.67857142857143,4588.6,4516.6,4999.999999999999,1656.93947030989,200.11274704868146,8.842905778838983,47.530618561163024,1400.453198921167,1400.4531989212066,0.2800906397842335,0.3313878940619781,TRAILING_STOP,18,0.6419949595437134,1.2733784321528139,False
GD,GDM6,RBREAKER_2_1,BREAKOUT,SHORT,2026-03-23|GD|GDM6|BREAKOUT|-1|66,2026-03-23 11:38:00+00:00,2026-03-23 12:20:00+00:00,2026-03-23,4535.3375,4535.0,4523.6,4523.9,0.8849811985936891,42.392857142857146,4598.6,4523.6,5000.0,881.9551414509025,170.17131908179076,7.513994815343619,40.38772213238994,663.8821054213416,663.8821054213781,0.13277642108426832,0.1763910282901805,TRAILING_STOP,41,0.2103918548296213,1.1270992223015428,False
GD,GDM6,RBREAKER_2_1,BREAKOUT,SHORT,2026-03-23|GD|GDM6|BREAKOUT|-1|67,2026-03-23 13:24:00+00:00,2026-03-23 14:03:00+00:00,2026-03-23,4535.3375,4535.0,4594.6,4594.9,0.7186607853973305,52.64999999999996,4614.0,4594.6,5000.0,-3616.1027549807027,139.27296579918965,6.101839704671012,32.797388412540094,-3794.2749488971067,-3794.274948897103,-0.7588549897794213,-0.7232205509961406,TRAILING_STOP,38,0.6943893583915567,0.23675138054123082,False
GD,GDM6,RBREAKER_2_1,BREAKOUT,SHORT,2026-03-23|GD|GDM6|BREAKOUT|-1|68,2026-03-23 15:18:00+00:00,2026-03-23 15:45:00+00:00,2026-03-23,4535.3375,4535.0,4509.4,4509.6,1.1229224656990235,32.96428571428565,4584.5,4555.5,5000.0,2472.9465605186974,215.58373456643284,9.534251799590159,41.71235162324163,2206.116222529459,2206.116222529433,0.4412232445058918,0.49458931210373946,FORCE_CLOSE,26,0.7055346331696717,0.5529866043762292,False
GD,GDM6,RBREAKER_2_1,BREAKOUT,SHORT,2026-03-26|GD|GDM6|BREAKOUT|-1|69,2026-03-26 08:43:00+00:00,2026-03-26 08:56:00+00:00,2026-03-26,4521.49875,4521.2,4540.7,4541.0,2.4997288154571486,13.79285714285704,4541.9,4540.7,5000.0,-4075.296819353076,480.84310704174607,21.224122488656004,105.85531091219497,-4683.219359795568,-4683.219359795673,-0.9366438719591137,-0.8150593638706152,TRAILING_STOP,12,0.8065166545689281,0.08065166545687737,False
GD,GDM6,RBREAKER_2_1,BREAKOUT,SHORT,2026-03-26|GD|GDM6|BREAKOUT|-1|70,2026-03-26 09:31:00+00:00,2026-03-26 10:19:00+00:00,2026-03-26,4521.49875,4521.2,4527.8,4528.1,2.599020280050849,13.1785714285713,4541.0,4527.8,5000.0,-1390.5071475543905,499.23095934787045,22.067163619191337,110.05997855074088,-2021.8652490721765,-2021.8652490721931,-0.4043730498144353,-0.2781014295108781,TRAILING_STOP,47,0.2956999924971559,0.5825731195466433,False
GD,GDM6,RBREAKER_2_1,BREAKOUT,LONG,2026-03-27|GD|GDM6|BREAKOUT|1|71,2026-03-27 15:23:00+00:00,2026-03-27 15:45:00+00:00,2026-03-27,4648.7112499999985,4649.0,4623.7,4623.5,1.6266742557708127,22.15714285714278,4615.7,4615.7,5000.0,-3454.401690513841,320.1653223578521,13.811391635819989,53.69178498443612,-3842.0701894918775,-3842.0701894919493,-0.7684140378983755,-0.6908803381027682,FORCE_CLOSE,21,0.8507817247665164,0.0,False
GD,GDM6,RBREAKER_2_1,BREAKOUT,LONG,2026-04-06|GD|GDM6|BREAKOUT|1|72,2026-04-06 09:06:00+00:00,2026-04-06 09:57:00+00:00,2026-04-06,4751.4037499999995,4751.7,4741.5,4741.2,3.351985895512093,9.707142857142896,4737.1,4741.5,5000.0,-2818.63407775899,675.4262637071738,28.46027088485811,141.2340942662533,-3663.75470661733,-3663.7547066172747,-0.7327509413234661,-0.5637268155517979,TRAILING_STOP,50,0.5635133635201699,0.2504503837867824,False
GD,GDM6,RBREAKER_2_1,BREAKOUT,LONG,2026-04-08|GD|GDM6|BREAKOUT|1|73,2026-04-08 08:43:00+00:00,2026-04-08 09:41:00+00:00,2026-04-08,4840.981250000001,4841.3,4840.6,4840.3,3.3925770550100856,9.5,4827.0,4840.6,5000.0,-109.81873068281577,697.1941134280228,28.804912965956984,149.42548601079704,-985.2432430874653,-985.2432430875925,-0.19704864861749305,-0.021963746136563152,TRAILING_STOP,57,0.2189173385412835,0.7834936326739984,False
GD,GDM6,RBREAKER_2_1,BREAKOUT,LONG,2026-04-08|GD|GDM6|BREAKOUT|1|74,2026-04-08 10:44:00+00:00,2026-04-08 12:20:00+00:00,2026-04-08,4840.981250000001,4841.3,4842.8,4842.5,3.1227273835144524,10.478571428571351,4825.5,4842.8,5000.0,482.21856332660997,641.8842781503267,26.513735440646304,137.54000259825622,-323.7194528626018,-323.7194528626193,-0.06474389057252036,0.09644371266532199,TRAILING_STOP,95,0.5673939384298212,0.9173752462463717,False
GD,GDM6,RBREAKER_2_1,BREAKOUT,LONG,2026-04-08|GD|GDM6|BREAKOUT|1|75,2026-04-08 12:30:00+00:00,2026-04-08 13:30:00+00:00,2026-04-08,4840.981250000001,4841.3,4837.6,4837.3,2.809831087544548,11.892857142857272,4823.4,4837.6,5000.0,-806.66709609399,577.2575346583699,23.857067536973112,123.75853784796122,-1531.540236137228,-1531.5402361372942,-0.3063080472274456,-0.161333419218798,TRAILING_STOP,59,0.20039936731056548,0.6775407180500277,False
GD,GDM6,RBREAKER_2_1,BREAKOUT,LONG,2026-04-08|GD|GDM6|BREAKOUT|1|76,2026-04-08 14:03:00+00:00,2026-04-08 14:25:00+00:00,2026-04-08,4840.981250000001,4841.3,4824.4,4824.1,2.719016232107646,12.36428571428574,4822.7,4824.4,5000.0,-3827.9469853153773,557.838504212059,23.085997649846213,119.75861280828329,-4528.630099985642,-4528.630099985565,-0.9057260199971284,-0.7655893970630755,TRAILING_STOP,21,0.655642333255624,0.07849239200946874,False
GD,GDM6,RBREAKER_2_1,BREAKOUT,LONG,2026-04-17|GD|GDM6|BREAKOUT|1|77,2026-04-17 12:56:00+00:00,2026-04-17 13:14:00+00:00,2026-04-17,4876.01375,4876.3,4909.2,4908.9,3.655275324547309,8.67142857142848,4863.2,4909.2,5000.0,10299.47581258315,759.2182810749136,31.035371012341646,150.9094915476016,9358.312668948143,9358.312668948292,1.8716625337896287,2.05989516251663,TRAILING_STOP,17,0.3848386005530251,2.8552541331354315,False
GD,GDM6,RBREAKER_2_1,BREAKOUT,SHORT,2026-04-21|GD|GDM6|BREAKOUT|-1|78,2026-04-21 14:46:00+00:00,2026-04-21 14:54:00+00:00,2026-04-21,4782.17875,4781.9,4782.6,4782.9,3.394473939021392,9.599999999999909,4796.3,4782.6,5000.0,-121.40854082073461,689.1681965823502,28.821018592436857,137.9806265111971,-977.3783825066708,-977.3783825067188,-0.19547567650133416,-0.024281708164146924,TRAILING_STOP,7,0.38043744542018754,0.7896959094327594,False
GD,GDM6,RBREAKER_2_1,BREAKOUT,SHORT,2026-04-21|GD|GDM6|BREAKOUT|-1|79,2026-04-21 15:26:00+00:00,2026-04-21 15:45:00+00:00,2026-04-21,4782.17875,4781.9,4782.0,4782.2,2.623292984924043,12.942857142857195,4801.4,4794.4,5000.0,39.81343923523227,532.5590408246259,22.273252719006532,84.35994467328585,-599.3787989817877,-599.378798981686,-0.11987575979635753,0.007962687847046455,FORCE_CLOSE,18,0.1380941668578567,0.31182553806609137,False
GD,GDM6,RBREAKER_2_1,BREAKOUT,SHORT,2026-04-23|GD|GDM6|BREAKOUT|-1|80,2026-04-23 09:07:00+00:00,2026-04-23 10:39:00+00:00,2026-04-23,4733.0075,4732.7,4729.6,4729.9,4.273083653446172,7.199999999999948,4743.5,4729.6,5000.0,1236.272208455396,858.2794864073571,36.28091587544046,184.12564806755677,157.58615810512026,157.58615810504153,0.03151723162102405,0.24725444169107919,TRAILING_STOP,91,0.33378442605407865,1.0086094613372183,False
GD,GDM6,RBREAKER_2_1,BREAKOUT,SHORT,2026-04-23|GD|GDM6|BREAKOUT|-1|81,2026-04-23 10:59:00+00:00,2026-04-23 11:42:00+00:00,2026-04-23,4733.0075,4732.7,4742.4,4742.7,4.400816166337387,6.878571428571506,4743.1,4742.4,5000.0,-3509.548737608574,885.1311713690855,37.36543771741923,189.62959641592977,-4621.674943110887,-4621.674943111008,-0.9243349886221774,-0.7019097475217148,TRAILING_STOP,42,0.6127931785656617,0.052311612804373325,False
GD,GDM6,RBREAKER_2_1,BREAKOUT,SHORT,2026-04-28|GD|GDM6|BREAKOUT|-1|82,2026-04-28 07:34:00+00:00,2026-04-28 08:30:00+00:00,2026-04-28,4633.10125,4632.8,4634.1,4634.4,3.4602037386332483,9.342857142857156,4646.9,4634.1,5000.0,-293.42378179575127,680.6550364595253,29.379102057127298,147.26274906099786,-1150.7206693734083,-1150.7206693734015,-0.23014413387468166,-0.058684756359150256,TRAILING_STOP,55,0.3525492246855276,0.7521050126624695,False
GD,GDM6,RBREAKER_2_1,BREAKOUT,SHORT,2026-04-28|GD|GDM6|BREAKOUT|-1|83,2026-04-28 08:48:00+00:00,2026-04-28 12:05:00+00:00,2026-04-28,4633.10125,4632.8,4566.2,4566.5,3.630878876337052,8.849999999999975,4646.1,4566.2,5000.0,20624.47206654059,708.995369599698,30.82823126106108,154.52650919597892,19730.121956483683,19730.121956483854,3.9460243912967368,4.124894413308119,TRAILING_STOP,196,0.2527914963406672,4.926351355517594,False
GD,GDM6,RBREAKER_2_1,BREAKOUT,LONG,2026-04-30|GD|GDM6|BREAKOUT|1|84,2026-04-30 08:04:00+00:00,2026-04-30 08:04:00+00:00,2026-04-30,4629.89,4630.2,4618.1,4617.8,3.9167588780537783,8.049999999999857,4618.1,4618.1,5000.0,-3920.825268871238,768.867516677721,33.25551542723707,169.60312867880015,-4892.5514296549545,-4892.551429654996,-0.9785102859309909,-0.7841650537742476,INITIAL_STOP,0,0.0,0.0,False
GD,GDM6,RBREAKER_2_1,BREAKOUT,LONG,2026-04-30|GD|GDM6|BREAKOUT|1|85,2026-04-30 09:30:00+00:00,2026-04-30 09:42:00+00:00,2026-04-30,4629.89,4630.2,4621.2,4620.9,3.9167588780537783,8.028571428571272,4618.1,4621.2,5000.0,-2889.9042906270706,769.125246922282,33.25551542723707,169.60312867880015,-3861.888181655361,-3861.88818165539,-0.7723776363310723,-0.5779808581254141,TRAILING_STOP,11,0.5852970715193845,0.206184195648894,False
GD,GDM6,RBREAKER_2_1,BREAKOUT,LONG,2026-04-30|GD|GDM6|BREAKOUT|1|86,2026-04-30 10:00:00+00:00,2026-04-30 10:47:00+00:00,2026-04-30,4629.89,4630.2,4632.3,4632.0,3.7425158662749753,8.471428571428532,4617.4,4632.3,5000.0,765.8038398230652,735.7913200424921,31.776092938718318,162.05807398735936,-163.8216471454009,-163.82164714550453,-0.03276432942908018,0.15316076796461306,TRAILING_STOP,46,0.34953702232590145,0.9469275695738406,False
GD,GDM6,RBREAKER_2_1,BREAKOUT,LONG,2026-04-30|GD|GDM6|BREAKOUT|1|87,2026-04-30 11:28:00+00:00,2026-04-30 13:30:00+00:00,2026-04-30,4629.89,4630.2,4634.9,4634.6,3.84013546748476,8.257142857142949,4617.8,4634.9,5000.0,1633.5074437074948,755.195597029106,32.604938996162076,166.28518888002333,679.4217188023431,679.4217188022033,0.13588434376046862,0.32670148874149896,TRAILING_STOP,121,0.3195284021623646,1.1150889136687667,False
GD,GDM6,RBREAKER_2_1,BREAKOUT,LONG,2026-04-30|GD|GDM6|BREAKOUT|1|88,2026-04-30 13:39:00+00:00,2026-04-30 13:52:00+00:00,2026-04-30,4629.89,4630.2,4616.6,4616.3,3.56144573709417,9.014285714285766,4616.6,4616.6,5000.0,-4018.723805722742,699.0054490145869,30.23870433199965,154.2173920930992,-4902.185351162424,-4902.185351162428,-0.9804370702324848,-0.8037447611445484,INITIAL_STOP,12,0.7378243857007803,0.012095481732788859,False
GD,GDM6,RBREAKER_2_1,BREAKOUT,LONG,2026-04-30|GD|GDM6|BREAKOUT|1|89,2026-04-30 14:03:00+00:00,2026-04-30 14:33:00+00:00,2026-04-30,4629.89,4630.2,4617.8,4617.5,3.672497297018789,8.728571428571415,4617.1,4617.8,5000.0,-3769.854880855538,720.8950988769093,31.18159537514882,159.02613641315688,-4680.957711520598,-4680.957711520752,-0.9361915423041197,-0.7539709761711075,TRAILING_STOP,29,0.5799776739777793,0.043654233525197005,False
GD,GDM6,RBREAKER_2_1,BREAKOUT,LONG,2026-04-30|GD|GDM6|BREAKOUT|1|90,2026-04-30 15:10:00+00:00,2026-04-30 15:45:00+00:00,2026-04-30,4629.89,4630.2,4621.4,4621.2,3.497981087574477,9.221428571428467,4616.3,4616.3,5000.0,-2521.5175437037465,686.9130566495567,29.699853282727226,121.76939845897634,-3359.899852095001,-3359.8998520950067,-0.6719799704190001,-0.5043035087407493,FORCE_CLOSE,34,0.5939970656545446,0.0,False
GD,GDM6,RBREAKER_2_1,BREAKOUT,LONG,2026-05-07|GD|GDM6|BREAKOUT|1|91,2026-05-07 13:33:00+00:00,2026-05-07 13:45:00+00:00,2026-05-07,4751.46625,4751.8,4743.0,4742.7,3.9407940232758145,7.871428571428623,4739.9,4743.0,5000.0,-2832.772327582859,794.2051340391017,33.45958751020493,178.59054833570664,-3839.0275974677893,-3839.027597467872,-0.7678055194935579,-0.5665544655165717,TRAILING_STOP,11,0.4550503901387992,0.20744944256323405,False
GD,GDM6,RBREAKER_2_1,BREAKOUT,LONG,2026-05-07|GD|GDM6|BREAKOUT|1|92,2026-05-07 14:21:00+00:00,2026-05-07 15:24:00+00:00,2026-05-07,4751.46625,4751.8,4743.8,4743.5,3.2637341857644158,9.935714285714182,4736.8,4743.8,5000.0,-2124.3917443498462,657.809780861716,27.710963565625775,147.9072680315175,-2957.8197568086944,-2957.8197568087057,-0.5915639513617389,-0.4248783488699692,TRAILING_STOP,62,0.45445980247625256,0.38795348991876083,False
GD,GDM6,RBREAKER_2_1,BREAKOUT,SHORT,2026-05-11|GD|GDM6|BREAKOUT|-1|93,2026-05-11 07:52:00+00:00,2026-05-11 10:31:00+00:00,2026-05-11,4666.31,4666.0,4667.3,4667.6,3.22625658288594,10.157142857142778,4681.3,4667.3,5000.0,-271.1882978139836,639.1826001204937,27.392757354953876,139.70306251042422,-1077.4667177999775,-1077.4667177998554,-0.2154933435599955,-0.05423765956279672,TRAILING_STOP,158,0.7122116912288008,0.7669972059387086,False
GD,GDM6,RBREAKER_2_1,BREAKOUT,SHORT,2026-05-11|GD|GDM6|BREAKOUT|-1|94,2026-05-11 10:37:00+00:00,2026-05-11 11:04:00+00:00,2026-05-11,4666.31,4666.0,4670.6,4670.9,5.187074905964764,5.585714285714208,4674.4,4670.6,5000.0,-1889.3684488680515,1028.0212278692459,44.04122258433724,224.61023517997572,-3186.0411345016582,-3186.0411345016105,-0.6372082269003316,-0.3778736897736103,TRAILING_STOP,26,0.35232978067469795,0.334713291640979,False
GD,GDM6,RBREAKER_2_1,REVERSAL,LONG,2026-05-11|GD|GDM6|REVERSAL|1|95,2026-05-11 13:13:00+00:00,2026-05-11 13:29:00+00:00,2026-05-11,4718.552,4718.9,4727.1,4726.8,3.8686496567668764,7.535714285714221,4711.3,4727.1,3500.0,2807.765040425714,775.6582312338279,32.84704071625514,180.00178312512355,1819.2579853504967,1819.2579853505072,0.5197879958144276,0.8022185829787754,TRAILING_STOP,15,0.41293422614717323,1.4828092666195345,False
GD,GDM6,RBREAKER_2_1,BREAKOUT,SHORT,2026-05-19|GD|GDM6|BREAKOUT|-1|96,2026-05-19 13:31:00+00:00,2026-05-19 13:32:00+00:00,2026-05-19,4482.6275000000005,4482.3,4482.6,4482.9,3.3851663389553446,9.664285714285727,4496.8,4482.6,5000.0,7.9040477347414475,644.1942613739004,28.741991762544078,151.614006547305,-816.6462119491349,-816.6462119490081,-0.163329242389827,0.0015808095469482895,TRAILING_STOP,0,0.35640069785553613,1.1094408820342119,False
GD,GDM6,RBREAKER_2_1,BREAKOUT,SHORT,2026-05-19|GD|GDM6|BREAKOUT|-1|97,2026-05-19 13:38:00+00:00,2026-05-19 13:50:00+00:00,2026-05-19,4482.6275000000005,4482.3,4492.5,4492.8,3.3851663389553446,9.664285714285727,4496.8,4492.5,5000.0,-2837.553136757018,644.9056256700235,28.741991762544078,151.61400654756642,-3662.8147607371675,-3662.814760737152,-0.7325629521474335,-0.5675106273514036,TRAILING_STOP,11,0.327658706092992,0.2471811291578895,False
GD,GDM6,RBREAKER_2_1,BREAKOUT,LONG,2026-05-25|GD|GDM6|BREAKOUT|1|98,2026-05-25 07:27:00+00:00,2026-05-25 08:21:00+00:00,2026-05-25,4554.874999999998,4555.2,4551.3,4551.0,5.0645757858375395,5.7714285714286495,4546.5,4551.3,5000.0,-1537.2905844701606,978.9423440776234,43.001135229958635,225.755959958065,-2784.990023735514,-2784.9900237358074,-0.5569980047471028,-0.30745811689403213,TRAILING_STOP,53,0.3010079466097104,0.4128108982076185,False
GD,GDM6,RBREAKER_2_1,BREAKOUT,LONG,2026-05-25|GD|GDM6|BREAKOUT|1|99,2026-05-25 09:34:00+00:00,2026-05-25 11:57:00+00:00,2026-05-25,4554.874999999998,4555.2,4559.1,4558.8,5.992191522589726,4.549999999999987,4548.3,4559.1,5000.0,2149.5583865851945,1159.2352151081268,50.877121575954654,267.1048882746873,672.3411616261294,672.3411616264257,0.1344682323252259,0.4299116773170389,TRAILING_STOP,142,0.071227970206318,1.0989458260406388,False
GD,GDM6,RBREAKER_2_1,BREAKOUT,LONG,2026-05-25|GD|GDM6|BREAKOUT|1|100,2026-05-25 12:36:00+00:00,2026-05-25 13:01:00+00:00,2026-05-25,4554.874999999998,4555.2,4552.6,4552.3,6.116670967572532,4.449999999999883,4548.5,4552.6,5000.0,-1181.4990236388542,1182.472786571559,51.934023017142316,272.6536208409418,-2688.559454068297,-2688.559454068498,-0.5377118908136593,-0.23629980472777085,TRAILING_STOP,24,0.2596701150857116,0.42585898874060474,False
GD,GDM6,RBREAKER_2_1,BREAKOUT,LONG,2026-05-25|GD|GDM6|BREAKOUT|1|101,2026-05-25 13:06:00+00:00,2026-05-25 13:13:00+00:00,2026-05-25,4554.874999999998,4555.2,4552.4,4552.2,5.593759395057275,5.064285714285688,4547.6,4552.4,5000.0,-1175.4815912448723,1081.371822637358,47.49420570689145,201.85037425497978,-2506.1979938440895,-2506.197993844102,-0.5012395987688179,-0.23509631824897448,TRAILING_STOP,6,0.2469698696757837,0.4559443747861752,False
GD,GDM6,RBREAKER_2_1,BREAKOUT,LONG,2026-05-25|GD|GDM6|BREAKOUT|1|102,2026-05-25 13:35:00+00:00,2026-05-25 15:45:00+00:00,2026-05-25,4554.874999999998,4555.2,4556.7,4556.5,4.9371928474633675,5.935714285714247,4546.2,4551.8,5000.0,765.0323619173748,954.8966263118207,41.919581474887046,178.1582212688799,-409.9420671381357,-409.9420671382128,-0.08198841342762714,0.15300647238347498,FORCE_CLOSE,129,0.43596364733881,0.4694993125187654,False
GD,GDM6,RBREAKER_2_1,BREAKOUT,SHORT,2026-05-27|GD|GDM6|BREAKOUT|-1|103,2026-05-27 11:22:00+00:00,2026-05-27 12:18:00+00:00,2026-05-27,4433.743750000001,4433.4,4431.0,4431.3,4.235328994650001,7.2928571428571685,4444.4,4431.0,5000.0,986.6623034767146,796.9444484399355,35.96035730210546,195.53444283059088,-41.77694509575758,-41.776945095917284,-0.008355389019151517,0.1973324606953429,TRAILING_STOP,55,0.40994807324405447,0.9637375756964001,False
GD,GDM6,RBREAKER_2_1,BREAKOUT,SHORT,2026-05-27|GD|GDM6|BREAKOUT|-1|104,2026-05-27 12:20:00+00:00,2026-05-27 12:21:00+00:00,2026-05-27,4433.743750000001,4433.4,4448.4,4448.7,3.289108779359829,9.950000000000014,4448.4,4448.4,5000.0,-4092.964220684979,620.1128785424019,27.92640832876918,151.8498452879872,-4892.853352844106,-4892.853352844138,-0.9785706705688212,-0.8185928441369958,INITIAL_STOP,0,0.45799309659185516,0.0,False
GD,GDM6,RBREAKER_2_1,BREAKOUT,SHORT,2026-05-27|GD|GDM6|BREAKOUT|-1|105,2026-05-27 12:50:00+00:00,2026-05-27 13:32:00+00:00,2026-05-27,4433.743750000001,4433.4,4416.4,4416.7,2.7903858666717114,12.07857142857139,4451.6,4416.4,5000.0,4109.075444697932,524.1906824233406,23.691966527986832,128.82506799618696,3432.3677277503925,3432.367727750417,0.6864735455500786,0.8218150889395863,TRAILING_STOP,41,0.2700884184190843,1.6679144435702644,False
GD,GDM6,RBREAKER_2_1,BREAKOUT,SHORT,2026-05-27|GD|GDM6|BREAKOUT|-1|106,2026-05-27 14:27:00+00:00,2026-05-27 15:45:00+00:00,2026-05-27,4433.743750000001,4433.4,4427.3,4427.5,2.230283871786162,15.607142857142792,4456.9,4446.2,5000.0,1220.2130721627468,419.4834533899621,18.936381333271434,84.03019216652976,697.7630452730557,697.7630452729835,0.13955260905461114,0.24404261443254938,FORCE_CLOSE,77,0.31813120639898074,0.4052385605320018,False
GD,GDM6,RBREAKER_2_1,REVERSAL,LONG,2026-05-28|GD|GDM6|REVERSAL|1|107,2026-05-28 14:12:00+00:00,2026-05-28 14:12:00+00:00,2026-05-28,4438.19,4438.5,4427.3,4427.0,2.93621119256316,11.185714285714182,4427.3,4427.3,3500.0,-2714.8886158445985,552.544651601735,24.93010666524099,127.14354399287414,-3419.5069181044373,-3419.5069181044487,-0.9770019766012678,-0.7756824616698853,INITIAL_STOP,0,0.0,0.0,False
GD,GDM6,RBREAKER_2_1,BREAKOUT,SHORT,2026-06-01|GD|GDM6|BREAKOUT|-1|108,2026-06-01 13:51:00+00:00,2026-06-01 15:14:00+00:00,2026-06-01,4446.83625,4446.5,4457.2,4457.5,3.1001072033174424,10.685714285714312,4462.6,4457.2,5000.0,-2727.912822604796,585.9205348564519,26.321677217270977,141.14999407774008,-3481.3050287562355,-3481.305028756259,-0.696261005751247,-0.5455825645209592,TRAILING_STOP,82,0.5527552215626904,0.2842741139465074,False
GD,GDM6,RBREAKER_2_1,BREAKOUT,SHORT,2026-06-03|GD|GDM6|BREAKOUT|-1|109,2026-06-03 08:58:00+00:00,2026-06-03 09:06:00+00:00,2026-06-03,4431.445,4431.1,4441.4,4441.7,4.296716396454647,7.178571428571429,4441.9,4441.4,5000.0,-3631.7404263241556,809.2342153362432,36.48157133424593,198.82456377146778,-4676.280776766051,-4676.2807767661125,-0.9352561553532102,-0.7263480852648311,TRAILING_STOP,7,0.6493719697495509,0.11674102826961352,False
GD,GDM6,RBREAKER_2_1,BREAKOUT,SHORT,2026-06-03|GD|GDM6|BREAKOUT|-1|110,2026-06-03 09:29:00+00:00,2026-06-03 10:05:00+00:00,2026-06-03,4431.445,4431.1,4440.8,4441.099999999999,3.773584488045975,8.435714285714312,4443.8,4440.8,5000.0,-2997.3310777259903,710.6606303527309,32.03988324666851,174.61736369419185,-3914.64895501951,-3914.6489550195815,-0.782929791003902,-0.5994662155451981,TRAILING_STOP,35,0.3844785989600221,0.19223929948001106,False
GD,GDM6,RBREAKER_2_1,BREAKOUT,SHORT,2026-06-03|GD|GDM6|BREAKOUT|-1|111,2026-06-03 13:42:00+00:00,2026-06-03 13:49:00+00:00,2026-06-03,4431.445,4431.1,4426.8,4427.1,4.296716396454647,7.150000000000091,4441.9,4426.8,5000.0,1694.568988475551,807.9026379825432,36.48157133424593,198.82456377146778,651.3602153873935,651.360215387294,0.1302720430774787,0.33891379769511015,TRAILING_STOP,6,0.2991488849407768,1.1017434542942535,False
GD,GDM6,RBREAKER_2_1,BREAKOUT,SHORT,2026-06-03|GD|GDM6|BREAKOUT|-1|112,2026-06-03 13:53:00+00:00,2026-06-03 14:10:00+00:00,2026-06-03,4431.445,4431.1,4441.9,4442.2,3.773584488045975,8.442857142857195,4443.8,4441.9,5000.0,-3349.7697934391695,710.7487400316593,32.03988324666851,174.61736369419185,-4267.175780411648,-4267.175780411689,-0.8534351560823296,-0.6699539586878339,TRAILING_STOP,16,0.5510859918426634,0.12175155633737532,False
GD,GDM6,RBREAKER_2_1,BREAKOUT,SHORT,2026-06-03|GD|GDM6|BREAKOUT|-1|113,2026-06-03 15:22:00+00:00,2026-06-03 15:45:00+00:00,2026-06-03,4431.445,4431.1,4431.0,4431.2,3.4028887499921083,9.53571428571422,4445.5,4441.4,5000.0,128.5714698463071,640.1342343930746,28.892465134020494,128.57146984614945,-669.0266995269062,-669.0266995269376,-0.13380533990538124,0.02571429396926142,FORCE_CLOSE,22,0.23113972107216396,0.23691821409898908,False
GD,GDM6,RBREAKER_2_1,BREAKOUT,LONG,2026-06-04|GD|GDM6|BREAKOUT|1|114,2026-06-04 11:45:00+00:00,2026-06-04 12:04:00+00:00,2026-06-04,4478.31875,4478.6,4489.5,4489.3,4.906669116917184,6.128571428571441,4469.4,4489.6,5000.0,4658.15544334973,934.0161475778068,41.660417604023536,158.83034211526396,3523.6485360526876,3523.648536052636,0.7047297072105375,0.931631088669946,TRAILING_STOP,18,0.07498875168728783,1.6830808712025356,False
GD,GDM6,RBREAKER_2_1,BREAKOUT,LONG,2026-06-04|GD|GDM6|BREAKOUT|1|115,2026-06-04 14:15:00+00:00,2026-06-04 14:42:00+00:00,2026-06-04,4478.31875,4478.6,4468.6,4468.3,3.3456158692531237,9.86428571428574,4463.8,4468.6,5000.0,-2760.7261757319993,635.3682577918103,28.406185731004495,136.7047688305108,-3561.2053880854346,-3561.2053880853246,-0.7122410776170869,-0.5521452351463999,TRAILING_STOP,26,0.5510800031815285,0.2726993830176018,False
GD,GDM6,RBREAKER_2_1,BREAKOUT,SHORT,2026-06-05|GD|GDM6|BREAKOUT|-1|116,2026-06-05 12:53:00+00:00,2026-06-05 13:01:00+00:00,2026-06-05,4411.0175,4410.7,4403.2,4403.5,4.194258790373465,7.435714285714117,4421.9,4403.2,5000.0,2783.9405712820867,784.7204663701382,35.61164785778123,184.2902776641215,1779.318179390053,1779.3181793900458,0.3558636358780106,0.5567881142564174,TRAILING_STOP,7,0.2991378420053494,1.331875629881005,False
GD,GDM6,RBREAKER_2_1,BREAKOUT,SHORT,2026-06-10|GD|GDM6|BREAKOUT|-1|117,2026-06-10 07:58:00+00:00,2026-06-10 07:58:00+00:00,2026-06-10,4160.32375,4160.0,4175.7,4176.0,3.1957054080815954,10.421428571428285,4175.7,4175.7,5000.0,-4172.093338760314,565.4592321259311,27.13336046669535,142.1109754442478,-4906.79690679705,-4906.796906797187,-0.9813593813594099,-0.8344186677520627,INITIAL_STOP,0,0.0,0.0,False
GD,GDM6,RBREAKER_2_1,BREAKOUT,SHORT,2026-06-10|GD|GDM6|BREAKOUT|-1|118,2026-06-10 08:03:00+00:00,2026-06-10 10:49:00+00:00,2026-06-10,4160.32375,4160.0,4169.4,4169.7,2.461137244067405,14.128571428571181,4181.2,4169.4,5000.0,-1896.6147737959404,435.15306655523807,20.896458050361385,109.44519903871452,-2462.109497440331,-2462.1094974402545,-0.4924218994880662,-0.3793229547591881,TRAILING_STOP,165,0.5391286176993085,0.4931564099885363,False
GD,GDM6,RBREAKER_2_1,BREAKOUT,SHORT,2026-06-10|GD|GDM6|BREAKOUT|-1|119,2026-06-10 11:03:00+00:00,2026-06-10 11:15:00+00:00,2026-06-10,4160.32375,4160.0,4163.8,4164.1,3.5630834310950052,9.199999999999884,4173.8,4163.8,5000.0,-1051.6563303587245,629.5643624262857,30.252609287552318,158.44804114347824,-1869.9213432160577,-1869.921343216041,-0.37398426864321155,-0.2103312660717449,TRAILING_STOP,11,0.5384964453184092,0.6050521857510464,False
GD,GDM6,RBREAKER_2_1,BREAKOUT,SHORT,2026-06-10|GD|GDM6|BREAKOUT|-1|120,2026-06-10 11:19:00+00:00,2026-06-10 12:30:00+00:00,2026-06-10,4160.32375,4160.0,4141.3,4141.6,3.3597981119624913,9.828571428571324,4174.8,4141.3,5000.0,5426.829268292721,592.0410783055434,28.52660105548537,149.40807302803196,4656.853515903762,4656.853515903661,0.9313707031807524,1.0853658536585442,TRAILING_STOP,70,0.2225074882327651,1.9112822707175197,False
GD,GDM6,RBREAKER_2_1,BREAKOUT,SHORT,2026-06-10|GD|GDM6|BREAKOUT|-1|121,2026-06-10 12:31:00+00:00,2026-06-10 12:33:00+00:00,2026-06-10,4160.32375,4160.0,4165.2,4165.5,3.1957054080815954,10.449999999999884,4175.7,4165.2,5000.0,-1323.0904897573012,564.7469814136804,27.13336046669535,142.1109754442478,-2057.0818070819255,-2057.081807081925,-0.4114163614163851,-0.26461809795146024,TRAILING_STOP,1,0.29304029304029006,0.5698005698006023,False
GD,GDM6,RBREAKER_2_1,BREAKOUT,SHORT,2026-06-10|GD|GDM6|BREAKOUT|-1|122,2026-06-10 12:34:00+00:00,2026-06-10 12:37:00+00:00,2026-06-10,4160.32375,4160.0,4168.3,4168.6,3.1957054080815954,10.449999999999884,4175.7,4168.3,5000.0,-2164.2246642249556,564.9572649572973,27.13336046669535,142.1109754442478,-2898.4262650930737,-2898.426265093196,-0.5796852530186147,-0.43284493284499115,TRAILING_STOP,2,0.1628001628001721,0.40157373490707143,False
GD,GDM6,RBREAKER_2_1,BREAKOUT,SHORT,2026-06-10|GD|GDM6|BREAKOUT|-1|123,2026-06-10 12:38:00+00:00,2026-06-10 13:08:00+00:00,2026-06-10,4160.32375,4160.0,4152.0,4152.3,3.1957054080815954,10.449999999999884,4175.7,4152.0,5000.0,2258.5130918464356,563.8515805182794,27.13336046669535,142.1109754442478,1525.4171754173256,1525.417175417213,0.30508343508346514,0.4517026183692871,TRAILING_STOP,29,0.22249355582692165,1.2861212861213496,False
GD,GDM6,RBREAKER_2_1,BREAKOUT,SHORT,2026-06-10|GD|GDM6|BREAKOUT|-1|124,2026-06-10 14:20:00+00:00,2026-06-10 15:26:00+00:00,2026-06-10,4160.32375,4160.0,4131.8,4132.1,2.2115805617284,15.928571428571363,4183.9,4131.8,5000.0,5356.0698525961325,389.26391888087437,18.777579569994302,98.34757299779733,4849.680781147479,4849.680781147466,0.9699361562294958,1.0712139705192265,TRAILING_STOP,65,0.2741526617219236,1.9566237911934197,False
GD,GDU6,RBREAKER_2_1,BREAKOUT,SHORT,2026-06-24|GD|GDU6|BREAKOUT|-1|125,2026-06-24 10:16:00+00:00,2026-06-24 10:43:00+00:00,2026-06-24,4067.44875,4067.1,4076.3,4076.6,4.554066483960545,6.785714285714286,4077.3,4076.3,5000.0,-3422.479226358196,787.223388665237,38.666620266720884,212.18307871356754,-4460.552314003871,-4460.552314003721,-0.8921104628007742,-0.6844958452716392,TRAILING_STOP,26,0.6727991926409645,0.07733324053344176,False
GD,GDU6,RBREAKER_2_1,BREAKOUT,SHORT,2026-06-24|GD|GDU6|BREAKOUT|-1|126,2026-06-24 10:58:00+00:00,2026-06-24 11:37:00+00:00,2026-06-24,4067.44875,4067.1,4059.3000000000006,4059.6,4.6256091530093135,6.657142857142844,4077.1,4059.3,5000.0,3200.3448262318097,797.9212240938355,39.274058306266284,215.5163949555719,2147.6331488762703,2147.633148876136,0.4295266297752541,0.6400689652463619,TRAILING_STOP,38,0.2277895381763516,1.3981564757030582,False
GD,GDU6,RBREAKER_2_1,BREAKOUT,LONG,2026-06-26|GD|GDU6|BREAKOUT|1|127,2026-06-26 14:16:00+00:00,2026-06-26 15:45:00+00:00,2026-06-26,4095.3587499999994,4095.7,4100.9,4100.7,3.030766888265953,11.085714285714403,4079.0,4084.4,5000.0,1425.926450115423,527.2936411335706,25.732938418504254,113.54659077170618,759.3532797916032,759.353279791642,0.15187065595832064,0.2851852900230846,FORCE_CLOSE,88,0.8080142663410241,0.27791573491987404,False
GD,GDU6,RBREAKER_2_1,BREAKOUT,LONG,2026-07-01|GD|GDU6|BREAKOUT|1|128,2026-07-01 14:24:00+00:00,2026-07-01 14:43:00+00:00,2026-07-01,4114.514999999999,4114.8,4105.3,4105.0,2.4306719419919447,14.385714285714196,4093.2,4105.3,5000.0,-1901.7723734281265,424.0962711640209,20.637790270518547,100.09328281221013,-2446.5997176748124,-2446.599717674876,-0.4893199435349625,-0.3803544746856253,TRAILING_STOP,18,0.4168833634644896,0.49943452454652626,False
GD,GDU6,RBREAKER_2_1,BREAKOUT,SHORT,2026-07-06|GD|GDU6|BREAKOUT|-1|129,2026-07-06 09:26:00+00:00,2026-07-06 09:56:00+00:00,2026-07-06,4159.9025,4159.6,4161.2,4161.5,5.460357299850307,5.342857142857026,4167.7,4161.2,5000.0,-601.5410577849337,964.4476485424809,46.36154587939002,232.966768043918,-1845.3170202507172,-1845.3170202507224,-0.36906340405014343,-0.12030821155698675,TRAILING_STOP,29,0.3245308211557302,0.6027000964320702,False
GD,GDU6,RBREAKER_2_1,BREAKOUT,SHORT,2026-07-06|GD|GDU6|BREAKOUT|-1|130,2026-07-06 10:02:00+00:00,2026-07-06 10:18:00+00:00,2026-07-06,4159.9025,4159.6,4166.9,4167.2,5.563530856267921,5.221428571428403,4167.5,4166.9,5000.0,-3305.447434056392,983.3440405109957,47.23754818230272,237.36867961605395,-4573.397702365824,-4573.397702365744,-0.9146795404731649,-0.6610894868112784,TRAILING_STOP,15,0.5951931070969455,0.056685057818797624,False
GD,GDU6,RBREAKER_2_1,BREAKOUT,SHORT,2026-07-06|GD|GDU6|BREAKOUT|-1|131,2026-07-06 12:30:00+00:00,2026-07-06 12:46:00+00:00,2026-07-06,4159.9025,4159.6,4155.3,4155.6,5.725814931493647,5.007142857142753,4167.2,4155.3,5000.0,2237.5252800250873,1010.6176104543592,48.61543248289202,244.29254822651467,933.9996888614121,933.9996888613215,0.18679993777228243,0.44750505600501744,TRAILING_STOP,15,0.17501555693834053,1.157047293092883,False
GD,GDU6,RBREAKER_2_1,BREAKOUT,SHORT,2026-07-06|GD|GDU6|BREAKOUT|-1|132,2026-07-06 13:01:00+00:00,2026-07-06 13:23:00+00:00,2026-07-06,4159.9025,4159.6,4162.8,4163.1,5.265079519296057,5.628571428571441,4168.1,4162.8,5000.0,-1295.2846720549987,930.1350940562556,44.70352621414952,224.63521922608507,-2494.7585115513725,-2494.758511551489,-0.4989517023102745,-0.25905693441099975,TRAILING_STOP,21,0.4649166726271387,0.47385737787000115,False
GD,GDU6,RBREAKER_2_1,BREAKOUT,SHORT,2026-07-06|GD|GDU6|BREAKOUT|-1|133,2026-07-06 13:27:00+00:00,2026-07-06 14:02:00+00:00,2026-07-06,4159.9025,4159.6,4163.5,4163.8,4.570413309280941,6.764285714285767,4169.8,4163.5,5000.0,-1396.0247733763922,807.4824599528515,38.805414131381475,194.9972060101778,-2437.3098534707465,-2437.309853470803,-0.4874619706941493,-0.27920495467527845,TRAILING_STOP,34,0.636408791754642,0.4889482180554207,False
GD,GDU6,RBREAKER_2_1,BREAKOUT,SHORT,2026-07-06|GD|GDU6|BREAKOUT|-1|134,2026-07-06 14:03:00+00:00,2026-07-06 15:03:00+00:00,2026-07-06,4159.9025,4159.6,4158.7,4158.9,4.010191586362905,7.978571428571415,4171.6,4158.5,5000.0,409.43696883865056,708.0876144040307,34.048812377425286,137.0464698190005,-469.7459277616558,-469.7459277618059,-0.09394918555233116,0.08188739376773012,TRAILING_STOP,59,0.22472216169095732,0.8920788842885673,False
GD,GDU6,RBREAKER_2_1,BREAKOUT,SHORT,2026-07-06|GD|GDU6|BREAKOUT|-1|135,2026-07-06 15:11:00+00:00,2026-07-06 15:45:00+00:00,2026-07-06,4159.9025,4159.6,4166.9,4167.1,3.5723127612967334,9.199999999999884,4173.4,4169.9,5000.0,-2122.409735028628,631.3922522566689,30.330971561683207,122.08216053592936,-2906.215119382939,-2906.2151193829095,-0.5812430238765878,-0.42448194700572556,FORCE_CLOSE,33,0.5702222653596222,0.21231680093178243,False
GD,GDU6,RBREAKER_2_1,REVERSAL,LONG,2026-07-07|GD|GDU6|REVERSAL|1|136,2026-07-07 11:45:00+00:00,2026-07-07 12:11:00+00:00,2026-07-07,4169.006,4169.3,4187.3,4187.0,4.865325840816575,5.757142857142883,4163.5,4187.3,3500.0,7557.139737862433,862.984131293051,41.30938962426199,204.06838474387524,6448.777832201431,6448.7778322012455,1.8425079520575518,2.1591827822464094,TRAILING_STOP,25,0.3658831652435062,2.8090384944498363,False
GD,GDU6,RBREAKER_2_1,BREAKOUT,SHORT,2026-07-08|GD|GDU6|BREAKOUT|-1|137,2026-07-08 15:24:00+00:00,2026-07-08 15:45:00+00:00,2026-07-08,4056.953749999999,4056.7,4061.6,4061.8,3.077410274820445,11.014285714285668,4073.3,4067.9,5000.0,-1214.0171458286134,530.3200537211801,26.128967357082225,92.43122202559283,-1862.8973889325036,-1862.8973889324686,-0.37257947778650075,-0.24280342916572267,FORCE_CLOSE,20,0.35535395605632775,0.282192847456469,False
GD,GDU6,RBREAKER_2_1,REVERSAL,LONG,2026-07-10|GD|GDU6|REVERSAL|1|138,2026-07-10 15:25:00+00:00,2026-07-10 15:45:00+00:00,2026-07-10,4130.842,4131.1,4130.8,4130.6,3.057675340386535,10.821428571428571,4120.2,4120.3,3500.0,-10.903790736087013,536.2133805088388,25.961406514825704,92.94183532321578,-666.0204130830084,-666.0204130829673,-0.19029154659514527,-0.0031153687817391464,FORCE_CLOSE,19,0.4524702278298464,0.014835089437029767,False
GD,GDU6,RBREAKER_2_1,BREAKOUT,SHORT,2026-07-13|GD|GDU6|BREAKOUT|-1|139,2026-07-13 10:41:00+00:00,2026-07-13 10:41:00+00:00,2026-07-13,4077.265,4077.0,4083.6,4083.9,6.422954835297208,4.392857142857175,4083.6,4083.6,5000.0,-3454.763592736148,1112.627474505141,54.534547635929414,253.58564650710153,-4875.511261384224,-4875.511261384321,-0.9751022522768448,-0.6909527185472296,INITIAL_STOP,0,0.0,0.0,False
GD,GDU6,RBREAKER_2_1,BREAKOUT,SHORT,2026-07-13|GD|GDU6|BREAKOUT|-1|140,2026-07-13 12:12:00+00:00,2026-07-13 12:25:00+00:00,2026-07-13,4077.265,4077.0,4086.7999999999997,4087.1,4.76119670189761,6.528571428571435,4086.8,4086.8,5000.000000000001,-3854.549864575481,825.0899462343907,40.425273881230794,187.9775235475614,-4908.042608238843,-4908.042608238665,-0.9816085216477685,-0.7709099729150961,INITIAL_STOP,12,0.7438250394146317,0.0,False
GD,GDU6,RBREAKER_2_1,BREAKOUT,SHORT,2026-07-13|GD|GDU6|BREAKOUT|-1|141,2026-07-13 13:43:00+00:00,2026-07-13 13:55:00+00:00,2026-07-13,4077.265,4077.0,4077.3,4077.6000000000004,4.9617779338097145,6.135714285714324,4086.3,4077.3,5000.0,-14.744913005143633,858.8490542191569,42.12832287146675,195.89670135215178,-1111.618991447981,-1111.618991447919,-0.2223237982895962,-0.0029489826010287265,TRAILING_STOP,11,0.45498588701184856,0.7583098116864014,False
GD,GDU6,RBREAKER_2_1,BREAKOUT,SHORT,2026-07-16|GD|GDU6|BREAKOUT|-1|142,2026-07-16 12:55:00+00:00,2026-07-16 13:11:00+00:00,2026-07-16,4013.3475,4013.0,4007.4,4007.7,3.4036853109511624,9.678571428571429,4027.6,4007.4,5000.0,1718.781608531022,579.4801028812658,28.899228390602612,158.22327543842837,952.1790018206557,952.1790018207253,0.19043580036413113,0.3437563217062044,TRAILING_STOP,15,0.196514753056103,1.1675288269803348,False
GD,GDU6,RBREAKER_2_1,BREAKOUT,SHORT,2026-07-16|GD|GDU6|BREAKOUT|-1|143,2026-07-16 13:34:00+00:00,2026-07-16 14:33:00+00:00,2026-07-16,4013.3475,4013.0,4020.8,4021.1,2.6287909920059582,13.121428571428591,4032.7,4020.8,5000.0,-1663.3930763566023,448.3014530277085,22.31993393299603,122.20163828305985,-2256.2161016002947,-2256.2161016003665,-0.4512432203200589,-0.3326786152713205,TRAILING_STOP,58,0.27676718076914264,0.5312144276053096,False
GD,GDU6,RBREAKER_2_1,BREAKOUT,SHORT,2026-07-16|GD|GDU6|BREAKOUT|-1|144,2026-07-16 14:55:00+00:00,2026-07-16 15:25:00+00:00,2026-07-16,4013.3475,4013.0,4028.3,4028.6,2.640578499536858,13.04285714285717,4032.6,4028.3,5000.0,-3352.3529807413365,450.7320135416977,22.42001659081266,122.74959083460553,-3948.2546017084087,-3948.2546017084524,-0.7896509203416817,-0.6704705961482673,TRAILING_STOP,29,0.6681164944062215,0.19281214268099706,False
GD,GDU6,RBREAKER_2_1,BREAKOUT,LONG,2026-07-22|GD|GDU6|BREAKOUT|1|145,2026-07-22 07:18:00+00:00,2026-07-22 07:41:00+00:00,2026-07-22,4134.571250000001,4134.9,4129.4,4129.1,5.022525589229179,5.971428571428662,4125.9,4129.4,5000.0,-2205.233284577899,881.0272112036453,42.644105092141594,225.48070567386088,-3354.385306547554,-3354.3853065475473,-0.6708770613095109,-0.4410466569155798,TRAILING_STOP,22,0.4605563349950981,0.2985087356449911,False
GD,GDU6,RBREAKER_2_1,BREAKOUT,LONG,2026-07-22|GD|GDU6|BREAKOUT|1|146,2026-07-22 08:30:00+00:00,2026-07-22 09:53:00+00:00,2026-07-22,4134.571250000001,4134.9,4130.5,4130.2,5.065730296253714,5.871428571428559,4126.0,4130.5,5000.0,-1751.0828003569336,888.7242525776473,43.0109376814629,227.42033299028128,-2910.2383236063906,-2910.238323606325,-0.5820476647212781,-0.35021656007138674,TRAILING_STOP,81,0.5935509400041566,0.3870984391331661,False
GD,GDU6,RBREAKER_2_1,BREAKOUT,LONG,2026-07-22|GD|GDU6|BREAKOUT|1|147,2026-07-22 10:02:00+00:00,2026-07-22 11:43:00+00:00,2026-07-22,4134.571250000001,4134.9,4132.2,4131.9,5.933416431058695,4.778571428571338,4127.7,4132.2,5000.0,-1194.59040096005,1041.1639353349653,50.37808754705402,266.3741379045166,-2552.506561746383,-2552.506561746586,-0.5105013123492765,-0.23891808019201,TRAILING_STOP,100,0.2619660552446259,0.45340278792348615,False
GD,GDU6,RBREAKER_2_1,BREAKOUT,LONG,2026-07-22|GD|GDU6|BREAKOUT|1|148,2026-07-22 11:47:00+00:00,2026-07-22 12:34:00+00:00,2026-07-22,4134.571250000001,4134.9,4144.0,4143.7,6.749478381817309,4.00000000000013,4128.9,4144.0,5000.0,5403.3260935603075,1186.0526421358213,57.30691866430659,303.0103324369165,3856.9562003231836,3856.9562003232622,0.7713912400646367,1.0806652187120616,TRAILING_STOP,46,0.17192075599291978,1.7306689436621008,False
GD,GDU6,RBREAKER_2_1,BREAKOUT,LONG,2026-07-22|GD|GDU6|BREAKOUT|1|149,2026-07-22 13:01:00+00:00,2026-07-22 14:05:00+00:00,2026-07-22,4134.6,4134.8,4171.8,4171.5,5.520451225924147,5.407142857143104,4126.6,4171.8,5000.0,17436.301254289578,973.3276149765202,46.871777565294785,187.48711026117914,16228.614751486419,16228.614751486584,3.2457229502972837,3.4872602508579154,TRAILING_STOP,63,0.14061533269588436,4.237208691902632,False
GD,GDU6,RBREAKER_2_1,BREAKOUT,SHORT,2026-07-23|GD|GDU6|BREAKOUT|-1|150,2026-07-23 12:16:00+00:00,2026-07-23 12:39:00+00:00,2026-07-23,4090.1800000000003,4089.9,4089.1,4089.4,5.605820247351723,5.2071428571428315,4097.8,4089.1,5000.0,514.0433795497986,973.2673644329122,47.596609217557116,228.46372424445596,-735.2843183451789,-735.2843183451267,-0.14705686366903578,0.10280867590995972,TRAILING_STOP,22,0.7234684601068595,0.8281810003855198,False
GD,GDU6,RBREAKER_2_1,BREAKOUT,SHORT,2026-07-28|GD|GDU6|BREAKOUT|-1|151,2026-07-28 10:21:00+00:00,2026-07-28 10:46:00+00:00,2026-07-28,4037.8412500000004,4037.5,4042.8999999999996,4043.2,5.120214012165217,5.835714285714305,4046.3,4042.9,5000.0,-2199.217476360943,878.2414954895456,43.47353548526963,235.3005108140772,-3356.233018149884,-3356.2330181498355,-0.6712466036299768,-0.4398434952721886,TRAILING_STOP,24,0.3738724051733346,0.2956200412998413,False
GD,GDU6,RBREAKER_2_1,BREAKOUT,SHORT,2026-07-28|GD|GDU6|BREAKOUT|-1|152,2026-07-28 14:20:00+00:00,2026-07-28 14:31:00+00:00,2026-07-28,4037.8412500000004,4037.5,4042.1,4042.4000000000005,4.361734017769907,7.185714285714312,4048.3,4042.1,5000.0,-1577.16878066816,748.0696231829843,37.03360799925664,200.4444032961921,-2562.716415146845,-2562.716415146593,-0.512543283029369,-0.315433756133632,TRAILING_STOP,10,0.3110823071937423,0.45921673919076883,False
GD,GDU6,RBREAKER_2_1,BREAKOUT,LONG,2026-08-07|GD|GDU6|BREAKOUT|1|153,2026-08-07 08:33:00+00:00,2026-08-07 08:36:00+00:00,2026-08-07,4324.768749999999,4325.1,4322.2,4321.9,4.322102407507496,7.164285714285792,4314.3,4322.2,5000.0,-942.6570911662741,793.2998411013627,36.69711303811092,194.95341301543152,-1967.6074583213729,-1967.6074583211794,-0.3935214916642746,-0.1885314182332548,TRAILING_STOP,2,0.6238509216478857,0.5798143860021259,False
GD,GDU6,RBREAKER_2_1,BREAKOUT,LONG,2026-08-07|GD|GDU6|BREAKOUT|1|154,2026-08-07 08:40:00+00:00,2026-08-07 10:14:00+00:00,2026-08-07,4324.768749999999,4325.1,4323.3,4323.0,3.9193787313459074,8.07857142857152,4312.9,4323.3,5000.0,-488.76709228881305,719.4734792894469,33.27775947500362,176.78809721138043,-1418.3064282646137,-1418.3064282646442,-0.28366128565292276,-0.09775341845776261,TRAILING_STOP,93,0.3327775947500362,0.6921773970800511,False
GD,GDU6,RBREAKER_2_1,BREAKOUT,LONG,2026-08-07|GD|GDU6|BREAKOUT|1|155,2026-08-07 10:16:00+00:00,2026-08-07 12:07:00+00:00,2026-08-07,4324.768749999999,4325.1,4327.8,4327.5,4.322102407507496,7.199999999999948,4314.3,4327.8,5000.0,1112.3812389680709,793.8136006838964,36.69711303811092,194.95341301543152,86.91711223049344,86.91711223063203,0.01738342244609869,0.22247624779361416,TRAILING_STOP,110,0.1688067199753236,0.990822052028995,False
GD,GDU6,RBREAKER_2_1,BREAKOUT,LONG,2026-08-07|GD|GDU6|BREAKOUT|1|156,2026-08-07 12:26:00+00:00,2026-08-07 12:29:00+00:00,2026-08-07,4324.768749999999,4325.1,4318.4,4318.1,4.897182249338338,6.099999999999909,4315.9,4318.4,5000.0,-2648.11788724292,898.4578026700418,41.57986869076461,220.89305241983828,-3809.0486110235565,-3809.0486110235647,-0.7618097222047113,-0.529623577448584,TRAILING_STOP,2,0.1995833697157155,0.20789934345382308,False
GD,GDU6,RBREAKER_2_1,BREAKOUT,LONG,2026-08-07|GD|GDU6|BREAKOUT|1|157,2026-08-07 12:30:00+00:00,2026-08-07 12:32:00+00:00,2026-08-07,4324.768749999999,4325.1,4360.7,4360.4,4.322102407507496,7.199999999999883,4314.3,4360.7,5000.0,13185.73142850643,796.8319382312809,36.69711303811092,194.95341301543152,12157.24896422159,12157.248964221606,2.431449792844318,2.6371462857012857,TRAILING_STOP,1,0.45504420167262877,3.4054920899366667,False
GD,GDU6,RBREAKER_2_1,REVERSAL,SHORT,2026-08-12|GD|GDU6|REVERSAL|-1|158,2026-08-12 12:30:00+00:00,2026-08-12 12:30:00+00:00,2026-08-12,4402.1405,4401.8,4407.9,4408.2,4.589474719735735,6.028571428571338,4407.9,4407.9,3500.0,-2244.3191306958815,858.2538215745046,38.96725637114664,210.61802068621486,-3352.1582293277343,-3352.1582293277474,-0.9577594940936384,-0.6412340373416804,INITIAL_STOP,0,0.0,0.0,False
GD,GDU6,RBREAKER_2_1,REVERSAL,LONG,2026-08-18|GD|GDU6|REVERSAL|1|159,2026-08-18 13:36:00+00:00,2026-08-18 13:43:00+00:00,2026-08-18,4414.6985,4415.0,4414.6,4414.3,4.732472646254507,5.821428571428636,4409.1,4414.6,3500.0,-39.57866942199088,886.9338729121259,40.181390276109134,201.5096722345908,-1168.2036048447292,-1168.2036048448167,-0.3337724585270655,-0.011308191263425965,TRAILING_STOP,6,0.5510590666438032,0.6314218471960006,False
GD,GDU6,RBREAKER_2_1,BREAKOUT,SHORT,2026-08-18|GD|GDU6|BREAKOUT|-1|160,2026-08-18 15:20:00+00:00,2026-08-18 15:45:00+00:00,2026-08-18,4367.69625,4367.4,4373.9,4374.1,2.631763275597177,13.064285714285818,4387.0,4385.0,5000.0,-1386.2385034097367,488.3257657689644,22.345170314887124,88.54273737297595,-1985.452176866497,-1985.4521768665643,-0.3970904353732994,-0.2772477006819473,FORCE_CLOSE,24,0.3843369294160747,0.08938068125954848,False
GD,GDU6,RBREAKER_2_1,BREAKOUT,LONG,2026-08-19|GD|GDU6|BREAKOUT|1|161,2026-08-19 12:56:00+00:00,2026-08-19 12:59:00+00:00,2026-08-19,4447.27,4447.6,4441.5,4441.2,3.853024863412155,8.228571428571415,4435.2,4441.5,5000.0,-1887.6195710491781,726.9788926837377,32.714377314541345,173.3861997671048,-2820.6990408144707,-2820.6990408145616,-0.5641398081628941,-0.3775239142098356,TRAILING_STOP,2,0.6150302935134129,0.4122011541631733,False
GD,GDU6,RBREAKER_2_1,BREAKOUT,LONG,2026-08-19|GD|GDU6|BREAKOUT|1|162,2026-08-19 13:08:00+00:00,2026-08-19 13:36:00+00:00,2026-08-19,4447.27,4447.6,4463.5,4463.2,3.2033018966383824,10.278571428571402,4432.1,4463.5,5000.0,4414.212513190877,605.8867045986187,27.19785898454095,144.14865261809672,3636.979296989558,3636.9792969896207,0.7273958593979116,0.8828425026381754,TRAILING_STOP,27,0.2502203026577965,1.7080255442291516,False
GD,GDU6,RBREAKER_2_1,BREAKOUT,LONG,2026-08-21|GD|GDU6|BREAKOUT|1|163,2026-08-21 09:08:00+00:00,2026-08-21 09:21:00+00:00,2026-08-21,4607.23875,4607.5,4605.4,4605.1,4.4863431221729995,6.842857142857091,4597.2,4605.4,5000.0,-700.4094848113122,877.3069231502225,38.0916103228284,175.69755261360257,-1791.5055708980244,-1791.5055708979655,-0.35830111417960486,-0.14008189696226242,TRAILING_STOP,12,0.2971145605180338,0.6247024092943718,False
GD,GDU6,RBREAKER_2_1,BREAKOUT,LONG,2026-08-21|GD|GDU6|BREAKOUT|1|164,2026-08-21 10:37:00+00:00,2026-08-21 11:43:00+00:00,2026-08-21,4607.23875,4607.5,4606.4,4606.1,3.9453219266341,8.014285714285636,4595.4,4606.4,5000.0,-280.9647433216075,771.5936688719801,33.49803199062169,154.5096725563526,-1240.5661167404269,-1240.566116740562,-0.2481132233480854,-0.0561929486643215,TRAILING_STOP,65,0.48907126706308884,0.7369567037936772,False
GD,GDU6,RBREAKER_2_1,BREAKOUT,LONG,2026-08-21|GD|GDU6|BREAKOUT|1|165,2026-08-21 12:15:00+00:00,2026-08-21 12:21:00+00:00,2026-08-21,4607.23875,4607.5,4596.8,4596.5,4.353672407904986,7.121428571428429,4596.8,4596.8,5000.0,-3858.7006746145703,850.568339340238,36.965160336385836,170.50180205148553,-4916.735976342545,-4916.735976342679,-0.983347195268509,-0.771740134922914,INITIAL_STOP,5,0.6875519822567898,0.07393032067277167,False
GD,GDU6,RBREAKER_2_1,BREAKOUT,LONG,2026-08-21|GD|GDU6|BREAKOUT|1|166,2026-08-21 13:48:00+00:00,2026-08-21 13:54:00+00:00,2026-08-21,4607.23875,4607.5,4592.5,4592.2,3.303491278727894,9.942857142857,4592.5,4592.5,5000.0,-4134.001823154382,645.0950143749001,28.048523946428695,129.3738167028309,-4936.519178178623,-4936.519178178541,-0.9873038356357247,-0.8268003646308764,INITIAL_STOP,5,0.6956033938714112,0.05609704789285738,False
GD,GDU6,RBREAKER_2_1,BREAKOUT,LONG,2026-08-21|GD|GDU6|BREAKOUT|1|167,2026-08-21 14:21:00+00:00,2026-08-21 14:35:00+00:00,2026-08-21,4607.23875,4607.5,4601.3,4601.0,3.1280186658215507,10.628571428571377,4591.5,4601.3,5000.0,-1577.2525064738147,611.4135847553567,26.558661443464484,122.50182590791229,-2337.726578580504,-2337.7265785805484,-0.46754531571610075,-0.31545050129476293,TRAILING_STOP,13,0.2284044884138042,0.5205497642919135,False
GD,GDU6,RBREAKER_2_1,BREAKOUT,LONG,2026-08-21|GD|GDU6|BREAKOUT|1|168,2026-08-21 14:50:00+00:00,2026-08-21 15:45:00+00:00,2026-08-21,4607.23875,4607.5,4622.2,4622.0,2.774341271181846,12.221428571428532,4589.1,4605.2,5000.0,3524.2329662564634,543.5192273718001,23.555738766858447,85.09510629513046,2872.062893822699,2872.062893822674,0.5744125787645399,0.7048465932512927,FORCE_CLOSE,54,0.4334255933101868,0.7584947882928591,False
GD,GDU6,RBREAKER_2_1,BREAKOUT,SHORT,2026-08-28|GD|GDU6|BREAKOUT|-1|169,2026-08-28 14:28:00+00:00,2026-08-28 14:30:00+00:00,2026-08-28,4540.1537499999995,4539.9,4564.3,4564.6,2.1668280654520453,16.25714285714262,4564.3,4564.3,5000.0,-4442.331786094807,418.7524951752241,18.397605367685173,83.47913435587816,-4962.961020993715,-4962.9610209935945,-0.992592204198743,-0.8884663572189615,INITIAL_STOP,1,0.735904214707407,0.13614227972086357,False
GD,GDU6,RBREAKER_2_1,BREAKOUT,SHORT,2026-09-01|GD|GDU6|BREAKOUT|-1|170,2026-09-01 08:30:00+00:00,2026-09-01 10:13:00+00:00,2026-09-01,4386.682500000001,4386.4,4384.6,4384.9,3.6901944710185957,8.799999999999986,4399.6,4384.6,5000.0,652.4858693336458,687.0527377773119,31.331854469796358,151.17619781690422,-217.0749207303262,-217.07492073036664,-0.04341498414606524,0.13049717386672915,TRAILING_STOP,102,0.350916770061742,0.9399556340938907,False
GD,GDU6,RBREAKER_2_1,BREAKOUT,SHORT,2026-09-01|GD|GDU6|BREAKOUT|-1|171,2026-09-01 10:45:00+00:00,2026-09-01 12:45:00+00:00,2026-09-01,4386.682500000001,4386.4,4371.9,4372.2,3.667214345780413,8.821428571428442,4399.7,4371.9,5000.0,4602.7886064437025,681.7856297715988,31.136740107852802,150.23477102080886,3739.63146554336,3739.631465543442,0.747926293108672,0.9205577212887405,TRAILING_STOP,119,0.5604613219413505,1.7312027499965705,False
GD,GDU6,RBREAKER_2_1,BREAKOUT,LONG,2026-09-03|GD|GDU6|BREAKOUT|1|172,2026-09-03 12:30:00+00:00,2026-09-03 12:30:00+00:00,2026-09-03,4472.987499999999,4473.3,4463.7,4463.4,4.725607075099198,6.392857142857143,4463.7,4463.7,5000.0,-3726.4326955089527,896.4202172262937,40.123097663624996,205.63087552651598,-4868.606885925492,-4868.606885925388,-0.9737213771850984,-0.7452865391017905,INITIAL_STOP,0,0.0,0.0,False
GD,GDU6,RBREAKER_2_1,BREAKOUT,LONG,2026-09-03|GD|GDU6|BREAKOUT|1|173,2026-09-03 12:33:00+00:00,2026-09-03 12:41:00+00:00,2026-09-03,4472.987499999999,4473.3,4476.7,4476.4,4.725607075099198,6.392857142857143,4463.7,4476.7,5000.0,1489.570000762297,897.7242179003615,40.123097663624996,205.63087552651598,346.0918096715875,346.0918096717945,0.0692183619343175,0.2979140001524594,TRAILING_STOP,7,0.4172802157016854,1.0432005392542498,False
GD,GDU6,RBREAKER_2_1,BREAKOUT,LONG,2026-09-03|GD|GDU6|BREAKOUT|1|174,2026-09-03 13:55:00+00:00,2026-09-03 15:45:00+00:00,2026-09-03,4472.987499999999,4473.3,4501.2,4501.0,2.822828558978561,11.935714285714312,4455.3,4499.4,5000.0,6761.809348732743,537.7271212966866,23.9674234780066,98.86562184695161,6101.249182110971,6101.249182111098,1.220249836422194,1.3523618697465487,FORCE_CLOSE,109,0.3067830205185106,2.113926750760156,False
GD,GDU6,RBREAKER_2_1,BREAKOUT,SHORT,2026-09-04|GD|GDU6|BREAKOUT|-1|175,2026-09-04 13:00:00+00:00,2026-09-04 13:00:00+00:00,2026-09-04,4383.15125,4382.9,4403.4,4403.7,2.5389750951182934,13.62142857142869,4403.4,4403.4,5000.0,-4365.09305228288,473.53943593048007,21.557345773358527,97.27752280237446,-4957.467356789071,-4957.467356789094,-0.9914934713578143,-0.873018610456576,INITIAL_STOP,0,0.0,0.0,False
GD,GDU6,RBREAKER_2_1,BREAKOUT,SHORT,2026-09-10|GD|GDU6|BREAKOUT|-1|176,2026-09-10 12:35:00+00:00,2026-09-10 12:44:00+00:00,2026-09-10,4349.297500000001,4349.0,4347.5,4347.8,3.687583293616996,8.74999999999987,4362.2,4347.5,5000.0,562.7915714331918,680.7351513822807,31.30968408528566,155.76567832453532,-305.0189423589523,-305.01894235890984,-0.06100378847179046,0.11255831428663837,TRAILING_STOP,8,0.25047747268228526,0.9205047121073868,False
GD,GDU6,RBREAKER_2_1,BREAKOUT,SHORT,2026-09-10|GD|GDU6|BREAKOUT|-1|177,2026-09-10 12:45:00+00:00,2026-09-10 13:02:00+00:00,2026-09-10,4349.297500000001,4349.0,4362.4,4362.7,2.9196986245280203,11.57857142857126,4366.4,4362.4,5000.0,-3248.097374748639,539.9055504598314,24.789905550458872,123.32978011372228,-3936.122610872613,-3936.122610872652,-0.7872245221745227,-0.6496194749497278,TRAILING_STOP,16,0.7189072609633074,0.19831924440367096,False
GD,GDU6,RBREAKER_2_1,BREAKOUT,LONG,2026-09-16|GD|GDU6|BREAKOUT|1|178,2026-09-16 09:58:00+00:00,2026-09-16 11:56:00+00:00,2026-09-16,4343.28125,4343.6,4347.8,4347.5,4.944779408312398,6.042857142857039,4334.5,4347.8,5000.0,1897.1518057315577,912.2177625888175,41.983995700834996,217.7919776983106,725.1580697437039,725.1580697435946,0.14503161394874078,0.37943036114631157,TRAILING_STOP,117,0.13434878624270255,1.1167742856421499,False
GD,GDU6,RBREAKER_2_1,BREAKOUT,LONG,2026-09-16|GD|GDU6|BREAKOUT|1|179,2026-09-16 12:21:00+00:00,2026-09-16 13:18:00+00:00,2026-09-16,4343.28125,4343.6,4356.1,4355.8,5.498852530736205,5.257142857142753,4335.7,4356.1,5000.0,5984.86829204469,1015.4025006301727,46.6883923318929,242.1960352219492,4680.581363860661,4680.581363860675,0.9361162727721323,1.1969736584089379,TRAILING_STOP,56,0.5135723156508218,1.9048864071411962,False
GD,GDU6,RBREAKER_2_1,BREAKOUT,LONG,2026-09-16|GD|GDU6|BREAKOUT|1|180,2026-09-16 13:57:00+00:00,2026-09-16 14:04:00+00:00,2026-09-16,4343.28125,4343.6,4333.5,4333.2,4.5617393202896555,6.700000000000013,4333.5,4333.5,5000.0,-3788.450961709454,840.1694902124113,38.73176702067174,200.921041419946,-4868.273260362333,-4868.273260362484,-0.9736546520724665,-0.7576901923418908,INITIAL_STOP,6,0.7591426336051802,0.0,False
GD,GDU6,RBREAKER_2_1,BREAKOUT,LONG,2026-09-16|GD|GDU6|BREAKOUT|1|181,2026-09-16 14:14:00+00:00,2026-09-16 15:29:00+00:00,2026-09-16,4343.28125,4343.6,4349.1,4348.8,4.003512159478366,7.900000000000091,4331.7,4349.1,5000.0,1977.9153324766846,738.6823302263914,33.992100235902235,176.33401997392832,1028.9068820402813,1028.9068820404627,0.20578137640805627,0.3955830664953369,TRAILING_STOP,74,0.5710672839631946,1.182925088209373,False
GD,GDZ6,RBREAKER_2_1,REVERSAL,SHORT,2026-09-25|GD|GDZ6|REVERSAL|-1|182,2026-09-25 13:30:00+00:00,2026-09-25 13:34:00+00:00,2026-09-25,4343.425000000001,4343.1,4349.7,4350.0,4.154814820788122,7.099999999999974,4350.2,4349.7,3500.0000000000005,-2213.615816076473,766.6607032166652,35.276746072939005,185.20291688325057,-3200.7561822493853,-3200.756182249328,-0.9145017663569671,-0.632461661736135,TRAILING_STOP,3,0.5241116559407897,0.20158140613108,False
Si,SiZ5,RBREAKER_2_1,BREAKOUT,SHORT,2025-10-24|Si|SiZ5|BREAKOUT|-1|1,2025-10-24 11:15:00+00:00,2025-10-24 11:28:00+00:00,2025-10-24,81731.1875,81728.0,81727.00000000001,81730.0,15.468430480232891,183.92857142857142,82004.0,81727.0,5000.0,64.77405263597524,632.109677359477,15.468430480232891,80.24248311620812,-663.0465383199196,-663.0465383199428,-0.1326093076639839,0.012954810527195047,TRAILING_STOP,12,0.3898044481018689,0.8569510486049021,False
Si,SiZ5,RBREAKER_2_1,BREAKOUT,SHORT,2025-10-24|Si|SiZ5|BREAKOUT|-1|2,2025-10-24 11:29:00+00:00,2025-10-24 11:40:00+00:00,2025-10-24,81731.1875,81728.0,81899.0,81902.0,13.468412532088491,215.5,82052.0,81899.0,5000.0,-2260.1679780411,550.95908565641,13.468412532088491,69.86739001020905,-2894.4628662397954,-2894.4628662398077,-0.5788925732479591,-0.45203359560822,TRAILING_STOP,10,0.2909177106931114,0.4121334234819078,False
Si,SiZ5,RBREAKER_2_1,BREAKOUT,SHORT,2025-10-24|Si|SiZ5|BREAKOUT|-1|3,2025-10-24 12:27:00+00:00,2025-10-24 15:35:00+00:00,2025-10-24,81731.1875,81728.0,81082.0,81084.0,10.32547977341767,291.2857142857143,82165.0,81269.0,5000.0,6703.172400405584,420.27800321741944,10.32547977341767,43.237946551186496,6229.330970863579,6229.33097086356,1.2458661941727158,1.3406344800811167,FORCE_CLOSE,187,0.2849832417463277,1.8503259753964467,False
Si,SiZ5,RBREAKER_2_1,BREAKOUT,LONG,2025-10-30|Si|SiZ5|BREAKOUT|1|4,2025-10-30 07:31:00+00:00,2025-10-30 07:50:00+00:00,2025-10-30,82053.20000000001,82056.0,81978.0,81975.0,18.682649050175748,146.71428571428572,81835.0,81978.0,5000.0,-1404.9352085734338,766.1334015873446,18.682649050175748,89.6767154406261,-2279.4279746515394,-2279.4279746515804,-0.4558855949303079,-0.28098704171468675,TRAILING_STOP,18,0.25034749727235506,0.5343237628350264,False
Si,SiZ5,RBREAKER_2_1,BREAKOUT,LONG,2025-10-30|Si|SiZ5|BREAKOUT|1|5,2025-10-30 08:00:00+00:00,2025-10-30 11:42:00+00:00,2025-10-30,82053.20000000001,82056.0,82157.0,82154.0,15.643185202799392,182.0,81783.0,82157.0,5000.0,1623.7626240503948,642.1918605379221,15.643185202799392,75.08728897325497,890.8402893364503,890.8402893364183,0.17816805786729006,0.324752524810079,TRAILING_STOP,216,0.34102143742102675,1.1701102531693945,False
Si,SiZ5,RBREAKER_2_1,BREAKOUT,LONG,2025-10-30|Si|SiZ5|BREAKOUT|1|6,2025-10-30 12:49:00+00:00,2025-10-30 13:18:00+00:00,2025-10-30,82053.20000000001,82056.0,81880.0,81877.0,22.259023808254174,118.57142857142857,81878.0,81880.0,5000.0,-3855.262923589882,912.2471374896329,22.259023808254174,106.84331427936091,-4896.612399167053,-4896.61239916713,-0.9793224798334106,-0.7710525847179764,TRAILING_STOP,28,0.7746140285272453,0.06232526666311169,False
Si,SiZ5,RBREAKER_2_1,BREAKOUT,SHORT,2025-11-03|Si|SiZ5|BREAKOUT|-1|7,2025-11-03 15:19:00+00:00,2025-11-03 15:31:00+00:00,2025-11-03,80884.625,80882.0,80891.0,80894.0,37.967666735008464,57.214285714285715,80968.0,80891.0,5000.0,-242.04387543567896,1535.5643134306824,37.967666735008464,175.60045864941415,-1991.1763142509094,-1991.176314250784,-0.3982352628501819,-0.04840877508713579,TRAILING_STOP,11,0.14427713359303215,0.5847020677191304,False
Si,SiZ5,RBREAKER_2_1,BREAKOUT,LONG,2025-11-05|Si|SiZ5|BREAKOUT|1|8,2025-11-05 10:10:00+00:00,2025-11-05 10:16:00+00:00,2025-11-05,82580.7125,82584.0,82452.0,82449.0,17.490651246907813,158.07142857142858,82346.0,82452.0,5000.0,-2251.26544861752,721.6336618077344,17.490651246907813,92.48181846812686,-3082.871580140419,-3082.871580140289,-0.6165743160280839,-0.45025308972350403,TRAILING_STOP,5,0.44076441142207684,0.37080180643444566,False
Si,SiZ5,RBREAKER_2_1,BREAKOUT,LONG,2025-11-05|Si|SiZ5|BREAKOUT|1|9,2025-11-05 12:49:00+00:00,2025-11-05 14:05:00+00:00,2025-11-05,82580.7125,82584.0,82601.0,82598.0,21.65749110959881,121.92857142857143,82401.0,82601.0,5000.0,439.3763508861119,894.3569241164375,21.65749110959881,114.51398424212977,-591.1520485820372,-591.1520485820542,-0.11823040971640744,0.08787527017722238,TRAILING_STOP,75,0.3595143524193402,0.8662996443839523,False
Si,SiZ5,RBREAKER_2_1,REVERSAL,SHORT,2025-11-11|Si|SiZ5|REVERSAL|-1|10,2025-11-11 13:01:00+00:00,2025-11-11 13:08:00+00:00,2025-11-11,82223.355,82220.0,82038.0,82041.0,27.382256297920694,79.5,82300.0,82038.0,3500.0,5075.438116100979,1124.459200438188,27.382256297920694,146.63198247525375,3776.9646768899806,3776.9646768896164,1.0791327648257087,1.4501251760288512,TRAILING_STOP,6,0.2425285557815833,2.049757471444349,False
Si,SiZ5,RBREAKER_2_1,BREAKOUT,SHORT,2025-11-13|Si|SiZ5|BREAKOUT|-1|11,2025-11-13 07:20:00+00:00,2025-11-13 07:23:00+00:00,2025-11-13,81446.2,81443.0,81634.0,81637.0,20.997683955460225,127.0,81634.0,81634.0,5000.0,-3943.3650468354913,856.0755748641134,20.997683955460225,109.18795656833205,-4929.626262223293,-4929.626262223397,-0.9859252524446587,-0.7886730093670983,INITIAL_STOP,2,0.5165430253043215,0.004199536791092045,False
Si,SiZ5,RBREAKER_2_1,BREAKOUT,SHORT,2025-11-13|Si|SiZ5|BREAKOUT|-1|12,2025-11-13 07:34:00+00:00,2025-11-13 09:21:00+00:00,2025-11-13,81446.2,81443.0,81269.0,81272.0,19.598505026037063,138.35714285714286,81651.0,81269.0,5000.0,3472.8550906137107,797.2426863279052,19.598505026037063,101.9122261353357,2554.1016731244654,2554.1016731244326,0.5108203346248931,0.6945710181227421,TRAILING_STOP,106,0.38805039951553383,1.4973257839892316,False
Si,SiZ5,RBREAKER_2_1,BREAKOUT,SHORT,2025-11-13|Si|SiZ5|BREAKOUT|-1|13,2025-11-13 14:23:00+00:00,2025-11-13 15:24:00+00:00,2025-11-13,81446.2,81443.0,81579.0,81582.0,24.615808764705577,104.0,81599.0,81579.0,5000.0,-3268.979403952972,1003.2480559665316,24.615808764705577,128.00220557639736,-4424.845474260587,-4424.845474260606,-0.8849690948521175,-0.6537958807905944,TRAILING_STOP,60,0.6597036748941094,0.0984632350588223,False
Si,SiZ5,RBREAKER_2_1,BREAKOUT,SHORT,2025-11-19|Si|SiZ5|BREAKOUT|-1|14,2025-11-19 13:02:00+00:00,2025-11-19 13:16:00+00:00,2025-11-19,81280.5125,81278.0,81299.0,81302.0,25.685283360046796,99.28571428571429,81427.0,81299.0,5000.0,-474.8566761189399,1043.9783421691022,25.685283360046796,115.90484116213642,-1660.425142810352,-1660.4251428102252,-0.3320850285620704,-0.09497133522378798,TRAILING_STOP,13,0.15924875683229014,0.6575432540171979,False
Si,SiZ5,RBREAKER_2_1,BREAKOUT,SHORT,2025-11-19|Si|SiZ5|BREAKOUT|-1|15,2025-11-19 13:58:00+00:00,2025-11-19 15:35:00+00:00,2025-11-19,81280.5125,81278.0,81110.0,81112.0,21.12699861406941,126.78571428571429,81469.0,81257.0,5000.0,3602.417351181449,857.7033262346829,21.12699861406941,74.20858263185733,2649.378443700871,2649.378443700839,0.5298756887401741,0.7204834702362898,FORCE_CLOSE,96,0.31690497921104116,0.8957847412365431,False
Si,SiZ5,RBREAKER_2_1,BREAKOUT,SHORT,2025-11-21|Si|SiZ5|BREAKOUT|-1|16,2025-11-21 13:57:00+00:00,2025-11-21 15:03:00+00:00,2025-11-21,79685.1875,79682.0,79806.0,79809.0,24.726035526367845,103.92857142857143,79838.0,79806.0,5000.0,-2987.2141670293154,985.8950330339835,24.726035526367845,128.2663092930332,-4126.101544882822,-4126.1015448827,-0.8252203089765644,-0.5974428334058631,TRAILING_STOP,65,0.5686988171064604,0.1582466273687542,False
Si,SiZ5,RBREAKER_2_1,BREAKOUT,SHORT,2025-11-21|Si|SiZ5|BREAKOUT|-1|17,2025-11-21 15:07:00+00:00,2025-11-21 15:35:00+00:00,2025-11-21,79685.1875,79682.0,79575.0,79577.0,24.973029128541175,102.07142857142857,79836.0,79659.0,5000.0,2751.715647101131,994.2949114955848,24.973029128541175,104.57455947576616,1627.8731470013151,1627.8731470012387,0.32557462940026305,0.5503431294202261,FORCE_CLOSE,27,0.24973029128541174,0.8840452311503575,False
Si,SiZ5,RBREAKER_2_1,REVERSAL,SHORT,2025-11-25|Si|SiZ5|REVERSAL|-1|18,2025-11-25 13:45:00+00:00,2025-11-25 13:52:00+00:00,2025-11-25,79369.71,79367.0,79426.0,79429.0,21.725164257758035,115.28571428571429,79483.0,79426.0,3500.0,-1222.9094960690607,862.4672958687363,21.725164257758035,102.32552365417945,-2209.427479849611,-2209.4274798497345,-0.631264994242746,-0.34940271316258875,TRAILING_STOP,6,0.3600170076999903,0.35380981791205945,False
Si,SiZ5,RBREAKER_2_1,BREAKOUT,SHORT,2025-11-27|Si|SiZ5|BREAKOUT|-1|19,2025-11-27 08:56:00+00:00,2025-11-27 09:14:00+00:00,2025-11-27,78510.91249999999,78508.0,78561.0,78564.0,24.380848356001472,106.57142857142857,78668.0,78561.0,5000.0,-1221.1757420314366,957.3871532434658,24.380848356001472,119.77091754864435,-2322.714661179396,-2322.7146611795483,-0.4645429322358792,-0.24423514840628732,TRAILING_STOP,17,0.1852944475056112,0.5217501548184315,False
Si,SiZ5,RBREAKER_2_1,BREAKOUT,SHORT,2025-11-27|Si|SiZ5|BREAKOUT|-1|20,2025-11-27 09:36:00+00:00,2025-11-27 10:24:00+00:00,2025-11-27,78510.91249999999,78508.0,78543.0,78546.0,25.24245376844815,101.35714285714286,78661.0,78543.0,5000.0,-809.9672352953004,991.107083537464,25.24245376844815,124.00355413728116,-1950.3203267386061,-1950.3203267384933,-0.3900640653477212,-0.16199344705906008,TRAILING_STOP,47,0.14640623185699927,0.5957219089353764,False
Si,SiZ5,RBREAKER_2_1,BREAKOUT,SHORT,2025-11-28|Si|SiZ5|BREAKOUT|-1|21,2025-11-28 14:42:00+00:00,2025-11-28 15:15:00+00:00,2025-11-28,77989.9375,77987.0,77925.0,77928.0,25.142242235447043,102.35714285714286,78141.0,77925.0,5000.0,1632.6743551643424,980.0131745349315,25.142242235447043,124.13982103751977,503.3791173564571,503.37911735644406,0.10067582347129142,0.3265348710328685,TRAILING_STOP,32,0.357019839743348,1.0861448645713123,False
Si,SiZ5,RBREAKER_2_1,REVERSAL,LONG,2025-12-02|Si|SiZ5|REVERSAL|1|22,2025-12-02 15:09:00+00:00,2025-12-02 15:09:00+00:00,2025-12-02,77909.425,77912.0,77838.0,77834.99999999999,29.634396220345895,73.64285714285714,77838.0,77838.0,3500.0,-2116.6367500382917,1153.867077032553,29.634396220345895,135.57736270799623,-3435.7155859996396,-3435.7155859991867,-0.9816330245713256,-0.6047533571537976,INITIAL_STOP,0,0.0,0.0,False
Si,SiZ5,RBREAKER_2_1,REVERSAL,SHORT,2025-12-02|Si|SiZ5|REVERSAL|-1|23,2025-12-02 15:25:00+00:00,2025-12-02 15:29:00+00:00,2025-12-02,77947.57500000001,77945.0,78025.0,78028.0,19.112888913156795,138.07142857142858,78084.0,78025.0,3500.0,-1479.8154241009422,745.2736556129512,19.112888913156795,87.44146677791484,-2331.643435404867,-2331.643435404965,-0.6661838386871048,-0.4228044068859835,TRAILING_STOP,3,0.36587530205185864,0.32218869882178597,False
Si,SiZ5,RBREAKER_2_1,BREAKOUT,LONG,2025-12-10|Si|SiZ5|BREAKOUT|1|24,2025-12-10 15:03:00+00:00,2025-12-10 15:35:00+00:00,2025-12-10,78731.175,78734.0,79103.0,79101.0,19.453966080065182,140.85714285714286,78522.0,79011.0,5000.0,7233.47093772018,767.629184061772,19.453966080065182,74.4114202561927,6371.976367322151,6371.97636732215,1.2743952734644304,1.446694187544036,FORCE_CLOSE,31,0.24122917939280827,1.9025978826303749,False
Si,SiH6,RBREAKER_2_1,BREAKOUT,LONG,2025-12-17|Si|SiH6|BREAKOUT|1|25,2025-12-17 07:59:00+00:00,2025-12-17 09:48:00+00:00,2025-12-17,82191.725,82195.0,82430.0,82427.0,21.491741798215113,122.78571428571429,82010.0,82430.0,5000.0,5120.944776969581,884.5033795764421,21.491741798215113,113.36893798545961,4101.580717609429,4101.580717609464,0.8203161435218858,1.024188955393916,TRAILING_STOP,108,0.2106190696225081,1.8053063110500693,False
Si,SiH6,RBREAKER_2_1,BREAKOUT,LONG,2025-12-17|Si|SiH6|BREAKOUT|1|26,2025-12-17 12:21:00+00:00,2025-12-17 13:13:00+00:00,2025-12-17,82191.725,82195.0,82272.0,82269.0,20.951403220231697,127.07142857142857,82004.0,82272.0,5000.0,1681.8738935039776,861.4378948030464,20.951403220231697,110.51865198660025,688.9659434940729,688.9659434940992,0.13779318869881457,0.3363747787007955,TRAILING_STOP,51,0.19694319027017795,1.122995212604419,False
Si,SiH6,RBREAKER_2_1,BREAKOUT,LONG,2025-12-17|Si|SiH6|BREAKOUT|1|27,2025-12-17 13:56:00+00:00,2025-12-17 14:43:00+00:00,2025-12-17,82191.725,82195.0,82118.0,82115.0,21.96378172393835,119.35714285714286,82015.0,82118.0,5000.0,-1619.2798075974827,902.2172437650776,21.96378172393835,115.85894859364694,-2659.319781680188,-2659.3197816801453,-0.5318639563360376,-0.3238559615194965,TRAILING_STOP,46,0.4173118527548287,0.45245390351313,False
Si,SiH6,RBREAKER_2_1,BREAKOUT,LONG,2025-12-17|Si|SiH6|BREAKOUT|1|28,2025-12-17 14:51:00+00:00,2025-12-17 15:29:00+00:00,2025-12-17,82191.725,82195.0,82526.0,82523.0,22.25709166583318,117.78571428571429,82018.0,82526.0,5000.0,7439.989316596257,916.5359062531775,22.25709166583318,117.40615853714048,6383.790160140228,6383.790160140106,1.2767580320280456,1.4879978633192514,TRAILING_STOP,37,0.28043935498949807,2.261320513248651,False
Si,SiH6,RBREAKER_2_1,BREAKOUT,LONG,2025-12-19|Si|SiH6|BREAKOUT|1|29,2025-12-19 07:30:00+00:00,2025-12-19 08:18:00+00:00,2025-12-19,83777.975,83781.0,83751.0,83748.0,19.53579054506898,138.07142857142858,83573.0,83751.0,5000.0,-526.9779499533495,818.2028635562153,19.53579054506898,98.16734748885793,-1462.88395154348,-1462.8839515434918,-0.292576790308696,-0.10539558999066989,TRAILING_STOP,47,0.31647980683011745,0.6954741434044558,False
Si,SiH6,RBREAKER_2_1,REVERSAL,SHORT,2025-12-19|Si|SiH6|REVERSAL|-1|30,2025-12-19 12:45:00+00:00,2025-12-19 12:50:00+00:00,2025-12-19,82547.39,82544.0,82746.0,82749.0,11.902656672969455,245.78571428571428,82790.0,82746.0,3500.0,-2363.98664181847,491.85645736128504,11.902656672969455,64.15531946729843,-2931.901075320001,-2931.9010753200228,-0.8376860215200003,-0.6754247548052772,TRAILING_STOP,4,0.591732074599053,0.14963339817447316,False
Si,SiH6,RBREAKER_2_1,BREAKOUT,SHORT,2025-12-22|Si|SiH6|BREAKOUT|-1|31,2025-12-22 10:48:00+00:00,2025-12-22 11:14:00+00:00,2025-12-22,80654.5625,80652.0,80517.0,80520.0,19.421171407374604,141.07142857142858,80864.0,80517.0,5000.0,2671.624891726969,782.5372595173449,19.421171407374604,88.60909454614665,1781.057366256262,1781.0573662561028,0.3562114732512524,0.5343249783453938,TRAILING_STOP,20,0.14371666841457206,1.3478292956717977,False
Si,SiH6,RBREAKER_2_1,BREAKOUT,SHORT,2025-12-22|Si|SiH6|BREAKOUT|-1|32,2025-12-22 12:07:00+00:00,2025-12-22 12:16:00+00:00,2025-12-22,80654.5625,80652.0,80780.0,80783.0,19.124042363578642,143.92857142857142,80868.0,80780.0,5000.0,-2398.872063981396,771.8224447410796,19.124042363578642,87.25344328382756,-3277.0719943700133,-3277.071994369882,-0.6554143988740027,-0.4797744127962792,TRAILING_STOP,8,0.4207289319987301,0.33658314559898406,False
Si,SiH6,RBREAKER_2_1,BREAKOUT,SHORT,2025-12-22|Si|SiH6|BREAKOUT|-1|33,2025-12-22 14:17:00+00:00,2025-12-22 14:35:00+00:00,2025-12-22,80654.5625,80652.0,80481.0,80484.0,20.28800856965482,133.78571428571428,80853.0,80481.0,5000.0,3521.237487370715,817.2821372199749,20.28800856965482,92.56403909905012,2591.1033024821018,2591.103302482035,0.5182206604964203,0.704247497474143,TRAILING_STOP,17,0.1582464668433076,1.5094278375823187,False
Si,SiH6,RBREAKER_2_1,REVERSAL,SHORT,2025-12-30|Si|SiH6|REVERSAL|-1|34,2025-12-30 09:11:00+00:00,2025-12-30 10:20:00+00:00,2025-12-30,79373.35,79370.0,79345.0,79348.0,12.178784557300688,240.64285714285714,79611.0,79345.0,3500.0,345.2685421995454,483.24808184141267,12.178784557300688,65.15649738162958,-215.31482158079717,-215.31482158079754,-0.06151852045165634,0.09864815491415582,TRAILING_STOP,68,0.7933608225898734,0.9255876263548523,False
Si,SiH6,RBREAKER_2_1,BREAKOUT,LONG,2025-12-30|Si|SiH6|BREAKOUT|1|35,2025-12-30 14:03:00+00:00,2025-12-30 14:25:00+00:00,2025-12-30,80494.675,80498.0,80307.0,80304.0,18.45706333356752,149.0,80274.0,80307.0,5000.0,-3463.929361127338,741.9831745410811,18.45706333356752,98.28386225119331,-4322.653461253085,-4322.6534612531805,-0.864530692250617,-0.6927858722254676,TRAILING_STOP,21,0.5463290746735986,0.12181661800154561,False
Si,SiH6,RBREAKER_2_1,BREAKOUT,LONG,2026-01-05|Si|SiH6|BREAKOUT|1|36,2026-01-05 07:49:00+00:00,2026-01-05 08:02:00+00:00,2026-01-05,81394.46250000001,81397.0,81482.0,81479.0,18.330226359966492,151.14285714285714,81170.0,81482.0,5000.0,1604.5821899854068,746.3884871514756,18.330226359966492,83.17340210818793,756.6900743657015,756.6900743657768,0.1513380148731403,0.32091643799708136,TRAILING_STOP,12,0.2639552595835175,1.1438061248619091,False
Si,SiH6,RBREAKER_2_1,BREAKOUT,LONG,2026-01-05|Si|SiH6|BREAKOUT|1|37,2026-01-05 10:16:00+00:00,2026-01-05 11:57:00+00:00,2026-01-05,81394.46250000001,81397.0,81298.0,81295.0,18.884065059382188,145.85714285714286,81178.0,81298.0,5000.0,-1821.6041257908191,768.0715781602518,18.884065059382188,85.6864452067818,-2694.246214217364,-2694.2462142172344,-0.5388492428434728,-0.36432082515816383,TRAILING_STOP,95,0.36635086215201446,0.4532175614251725,False
Si,SiH6,RBREAKER_2_1,BREAKOUT,LONG,2026-01-05|Si|SiH6|BREAKOUT|1|38,2026-01-05 12:28:00+00:00,2026-01-05 15:06:00+00:00,2026-01-05,81394.46250000001,81397.0,81396.0,81393.0,23.61013063485475,110.28571428571429,81231.0,81396.0,5000.0,36.300575850883035,960.8732915120013,23.61013063485475,107.13096775544729,-1055.3138140514307,-1055.3138140514204,-0.21106276281028613,0.007260115170176607,TRAILING_STOP,157,0.0849964702854771,0.7791343109502068,False
Si,SiH6,RBREAKER_2_1,BREAKOUT,LONG,2026-01-05|Si|SiH6|BREAKOUT|1|39,2026-01-05 15:09:00+00:00,2026-01-05 15:35:00+00:00,2026-01-05,81394.46250000001,81397.0,81466.0,81464.0,39.440419330543754,53.714285714285715,81316.0,81417.0,5000.0,2821.4689978584297,1605.8265331479215,39.440419330543754,139.52048338145417,1036.6815619982353,1036.6815619985102,0.20733631239964706,0.5642937995716859,FORCE_CLOSE,25,0.21297826438493625,0.7966964704769838,False
Si,SiH6,RBREAKER_2_1,BREAKOUT,SHORT,2026-01-09|Si|SiH6|BREAKOUT|-1|40,2026-01-09 09:03:00+00:00,2026-01-09 10:23:00+00:00,2026-01-09,79989.15000000001,79986.0,80238.0,80241.0,16.76204268956934,168.0,80238.0,80238.0,5000.0,-4171.234323299184,671.4329535054067,16.76204268956934,86.32451985142846,-4945.753839345512,-4945.753839345589,-0.9891507678691023,-0.8342468646598369,INITIAL_STOP,79,0.81463527471307,0.1039246646753299,False
Si,SiH6,RBREAKER_2_1,BREAKOUT,SHORT,2026-01-09|Si|SiH6|BREAKOUT|-1|41,2026-01-09 12:47:00+00:00,2026-01-09 12:51:00+00:00,2026-01-09,79989.15000000001,79986.0,80006.0,80009.0,35.387457269640976,63.07142857142857,80081.0,80006.0,5000.0,-596.2786549931415,1415.454056464052,35.387457269640976,182.24540493896,-2229.365573665509,-2229.3655736657943,-0.4458731147331018,-0.1192557309986283,TRAILING_STOP,3,0.22647972652570225,0.5308118590446146,False
Si,SiH6,RBREAKER_2_1,BREAKOUT,SHORT,2026-01-09|Si|SiH6|BREAKOUT|-1|42,2026-01-09 13:09:00+00:00,2026-01-09 15:35:00+00:00,2026-01-09,79989.15000000001,79986.0,79913.0,79915.0,28.852867686516458,84.14285714285714,80113.0,79981.0,5000.0,2197.14587432848,1153.4005989854172,28.852867686516458,119.73940089929522,895.1530067573353,895.1530067572513,0.17903060135146706,0.43942917486569605,FORCE_CLOSE,145,0.5482044860438127,0.7617157069240345,False
Si,SiH6,RBREAKER_2_1,BREAKOUT,SHORT,2026-01-14|Si|SiH6|BREAKOUT|-1|43,2026-01-14 11:06:00+00:00,2026-01-14 11:17:00+00:00,2026-01-14,79647.3,79644.0,79739.0,79742.0,25.58565565801113,99.0,79793.0,79739.0,5000.0,-2346.2046238395465,1019.4988281769406,25.58565565801113,135.60397498753346,-3526.893082662086,-3526.8930826620317,-0.7053786165324172,-0.4692409247679093,TRAILING_STOP,10,0.4400732773177914,0.2763250811065202,False
Si,SiH6,RBREAKER_2_1,BREAKOUT,SHORT,2026-01-14|Si|SiH6|BREAKOUT|-1|44,2026-01-14 13:15:00+00:00,2026-01-14 13:49:00+00:00,2026-01-14,79647.3,79644.0,79643.0,79646.0,23.318502765573793,111.57142857142857,79812.0,79643.0,5000.0,100.26956189203517,928.6010763820625,23.318502765573793,123.58806465760898,-975.2380819132916,-975.2380819132102,-0.19504761638265833,0.020053912378407035,TRAILING_STOP,33,0.7088824840734433,0.7881653934763941,False
Si,SiH6,RBREAKER_2_1,BREAKOUT,SHORT,2026-01-14|Si|SiH6|BREAKOUT|-1|45,2026-01-14 14:00:00+00:00,2026-01-14 14:33:00+00:00,2026-01-14,79647.3,79644.0,79676.0,79679.0,25.717254220200648,98.07142857142857,79792.0,79676.0,5000.0,-738.0851961196837,1024.337523531257,25.717254220200648,136.30144736713828,-1924.441421238328,-1924.4414212382794,-0.38488828424766564,-0.14761703922393674,TRAILING_STOP,32,0.15944697616524403,0.596640297908655,False
Si,SiH6,RBREAKER_2_1,BREAKOUT,SHORT,2026-01-14|Si|SiH6|BREAKOUT|-1|46,2026-01-14 14:34:00+00:00,2026-01-14 15:01:00+00:00,2026-01-14,79647.3,79644.0,79776.0,79779.0,25.85021352276292,97.92857142857143,79791.0,79776.0,5000.0,-3326.9224803795128,1030.2796476098583,25.85021352276292,137.00613167071873,-4520.058473183016,-4520.058473182852,-0.9040116946366031,-0.6653844960759026,TRAILING_STOP,26,0.6514253807736256,0.07755064056828875,False
Si,SiH6,RBREAKER_2_1,BREAKOUT,SHORT,2026-01-21|Si|SiH6|BREAKOUT|-1|47,2026-01-21 11:57:00+00:00,2026-01-21 12:26:00+00:00,2026-01-21,78603.23749999999,78600.0,78720.0,78723.0,24.298384157456276,106.57142857142857,78760.0,78720.0,5000.0,-2837.1400801852715,955.6736727008736,24.298384157456276,127.26278702439438,-3944.374924067981,-3944.3749240679963,-0.7888749848135962,-0.5674280160370543,TRAILING_STOP,28,0.47624832948614304,0.19438707325965018,False
Si,SiH6,RBREAKER_2_1,BREAKOUT,SHORT,2026-01-21|Si|SiH6|BREAKOUT|-1|48,2026-01-21 12:43:00+00:00,2026-01-21 14:04:00+00:00,2026-01-21,78603.23749999999,78600.0,78365.0,78368.0,25.154068670610414,101.42857142857143,78753.0,78365.0,5000.0,5992.642434914255,987.0959627720939,25.154068670610414,131.7444346620292,4848.647968809405,4848.647968809521,0.9697295937618811,1.198528486982851,TRAILING_STOP,80,0.30687963778144706,1.951955728839368,False
Si,SiH6,RBREAKER_2_1,BREAKOUT,SHORT,2026-01-22|Si|SiH6|BREAKOUT|-1|49,2026-01-22 09:02:00+00:00,2026-01-22 09:19:00+00:00,2026-01-22,76921.125,76918.0,77185.0,77188.0,15.164887825324756,189.57142857142858,77203.0,77185.0,5000.0,-4001.63477490757,584.2500508023742,15.164887825324756,77.72005010478938,-4678.76976364002,-4678.769763640058,-0.935753952728004,-0.800326954981514,TRAILING_STOP,16,0.6884859072697439,0.05459359617116912,False
Si,SiH6,RBREAKER_2_1,BREAKOUT,SHORT,2026-01-22|Si|SiH6|BREAKOUT|-1|50,2026-01-22 10:19:00+00:00,2026-01-22 10:34:00+00:00,2026-01-22,76921.125,76918.0,77064.0,77067.0,16.738698867459636,168.85714285714286,77172.0,77064.0,5000.000000000001,-2391.5416006882956,644.377136276443,16.738698867459636,85.78583169573065,-3138.4432675278413,-3138.4432675279295,-0.6276886535055681,-0.47830832013765906,TRAILING_STOP,14,0.34146945689617647,0.361555895537128,False
Si,SiH6,RBREAKER_2_1,BREAKOUT,SHORT,2026-01-22|Si|SiH6|BREAKOUT|-1|51,2026-01-22 11:25:00+00:00,2026-01-22 11:37:00+00:00,2026-01-22,76921.125,76918.0,77151.0,77154.0,17.561791162204216,159.57142857142858,77158.0,77151.0,5000.0,-4037.0167434116943,676.4450719857821,17.561791162204216,90.00417970629661,-4821.027786265896,-4821.027786265977,-0.9642055572531791,-0.8074033486823389,TRAILING_STOP,11,0.7832558858343079,0.0245865076270859,False
Si,SiH6,RBREAKER_2_1,BREAKOUT,LONG,2026-01-26|Si|SiH6|BREAKOUT|1|52,2026-01-26 10:37:00+00:00,2026-01-26 10:53:00+00:00,2026-01-26,77901.25,77904.0,77691.0,77688.0,17.096822726464513,164.78571428571428,77656.0,77691.0,5000.0,-3594.6069782391637,665.0322104140166,17.096822726464513,81.20990795070645,-4357.9459193304165,-4357.945919330351,-0.8715891838660833,-0.7189213956478328,TRAILING_STOP,15,0.6941310026944593,0.11967775908525159,False
Si,SiH6,RBREAKER_2_1,BREAKOUT,LONG,2026-01-26|Si|SiH6|BREAKOUT|1|53,2026-01-26 14:01:00+00:00,2026-01-26 14:05:00+00:00,2026-01-26,77901.25,77904.0,77823.0,77820.0,25.58172850623171,100.64285714285714,77753.0,77823.0,5000.0,-2001.7702556126312,995.9222724761066,25.58172850623171,121.51321040460061,-3144.787466999581,-3144.7874669995704,-0.6289574933999161,-0.40035405112252626,TRAILING_STOP,3,0.30698074207478054,0.35814419908724393,False
Si,SiH6,RBREAKER_2_1,BREAKOUT,LONG,2026-01-26|Si|SiH6|BREAKOUT|1|54,2026-01-26 15:05:00+00:00,2026-01-26 15:35:00+00:00,2026-01-26,77901.25,77904.0,78104.0,78102.0,22.376170273705316,119.0,77725.0,78033.0,5000.0,4536.768522993753,872.704204929918,22.376170273705316,83.91063852639493,3557.777509263791,3557.7775092637353,0.7115555018527583,0.9073537045987506,FORCE_CLOSE,29,0.23718740490127635,1.3783720888602475,False
Si,SiH6,RBREAKER_2_1,BREAKOUT,SHORT,2026-01-29|Si|SiH6|BREAKOUT|-1|55,2026-01-29 14:24:00+00:00,2026-01-29 14:33:00+00:00,2026-01-29,76372.26250000001,76369.0,76372.0,76375.0,18.888630744267054,146.07142857142858,76589.0,76372.0,5000.0,4.958265570589995,721.2812536005817,18.888630744267054,99.40141929192527,-834.6130380661648,-834.6130380661841,-0.16692260761323297,0.000991653114117999,TRAILING_STOP,8,0.4835489470532366,0.8197665743011902,False
Si,SiH6,RBREAKER_2_1,BREAKOUT,SHORT,2026-01-29|Si|SiH6|BREAKOUT|-1|56,2026-01-29 14:49:00+00:00,2026-01-29 15:27:00+00:00,2026-01-29,76372.26250000001,76369.0,76500.0,76503.0,15.737647127327428,181.85714285714286,76642.0,76500.0,5000.0,-2010.2876999268042,601.4613979121997,15.737647127327428,82.81936800774379,-2710.30611297403,-2710.306112974075,-0.5420612225948059,-0.4020575399853608,TRAILING_STOP,37,0.38714611933225473,0.44694917841609894,False
Si,SiH6,RBREAKER_2_1,BREAKOUT,LONG,2026-02-02|Si|SiH6|BREAKOUT|1|57,2026-02-02 07:39:00+00:00,2026-02-02 08:16:00+00:00,2026-02-02,78345.4625,78348.0,78438.0,78435.0,14.035127116145834,207.42857142857142,78036.0,78438.0,5000.0,1298.7755755104267,550.1173336626731,14.035127116145834,63.68438928959342,670.9387254419502,670.9387254420143,0.13418774508839004,0.2597551151020853,TRAILING_STOP,36,0.3396500762107292,1.128424220138125,False
Si,SiH6,RBREAKER_2_1,BREAKOUT,LONG,2026-02-02|Si|SiH6|BREAKOUT|1|58,2026-02-02 08:37:00+00:00,2026-02-02 09:15:00+00:00,2026-02-02,78345.4625,78348.0,78126.0,78123.0,12.94501733337782,227.71428571428572,78006.0,78126.0,5000.0,-2840.945866526354,506.3799517927402,12.94501733337782,58.738016150277204,-3419.0088518027624,-3419.0088518027496,-0.6838017703605525,-0.5681891733052709,TRAILING_STOP,37,0.5436907280018685,0.31068041600106766,False
Si,SiH6,RBREAKER_2_1,REVERSAL,SHORT,2026-02-04|Si|SiH6|REVERSAL|-1|59,2026-02-04 08:07:00+00:00,2026-02-04 08:09:00+00:00,2026-02-04,77886.515,77884.0,77963.0,77966.0,20.003200512082067,130.5,78015.0,77963.0,3500.0000000000005,-1529.9447911666086,779.3746999519975,20.003200512082067,90.31445031203889,-2419.637141942662,-2419.637141942727,-0.6913248976979033,-0.43712708319045956,TRAILING_STOP,1,0.531513613606752,0.2971904076080764,False
Si,SiH6,RBREAKER_2_1,BREAKOUT,SHORT,2026-02-04|Si|SiH6|BREAKOUT|-1|60,2026-02-04 11:07:00+00:00,2026-02-04 11:43:00+00:00,2026-02-04,77296.76250000001,77294.0,77489.0,77492.0,20.905457160535153,130.0,77489.0,77489.0,5000.0,-4018.8128208981334,808.9680230126486,20.905457160535153,99.56223972729205,-4948.248540798459,-4948.248540798609,-0.9896497081596918,-0.8037625641796267,INITIAL_STOP,35,0.7776830063719077,0.012543274296321093,False
Si,SiH6,RBREAKER_2_1,BREAKOUT,SHORT,2026-02-04|Si|SiH6|BREAKOUT|-1|61,2026-02-04 13:11:00+00:00,2026-02-04 14:05:00+00:00,2026-02-04,77296.76250000001,77294.0,77216.0,77219.0,23.23722417414654,113.71428571428571,77465.0,77216.0,5000.0,1876.6963173647805,897.6133047049761,23.23722417414654,110.6672801296434,845.178508355898,845.1785083560145,0.1690357016711796,0.3753392634729561,TRAILING_STOP,53,0.5669882698491756,1.1572137638724977,False
Si,SiH6,RBREAKER_2_1,BREAKOUT,SHORT,2026-02-04|Si|SiH6|BREAKOUT|-1|62,2026-02-04 14:15:00+00:00,2026-02-04 14:33:00+00:00,2026-02-04,77296.76250000001,77294.0,77324.0,77327.0,21.91329348035469,122.28571428571429,77478.0,77324.0,5000.0,-596.8633311709058,847.0638378064806,21.91329348035469,104.3620602004443,-1570.2025226580636,-1570.2025226581854,-0.3140405045316127,-0.11937266623418116,TRAILING_STOP,17,0.07888785652927688,0.6749294391949244,False
Si,SiH6,RBREAKER_2_1,BREAKOUT,SHORT,2026-02-04|Si|SiH6|BREAKOUT|-1|63,2026-02-04 14:35:00+00:00,2026-02-04 15:35:00+00:00,2026-02-04,77296.76250000001,77294.0,77258.0,77260.0,21.535757972535443,125.14285714285714,77482.0,77393.0,5000.0,834.7798184106558,832.1093844218108,21.535757972535443,81.02828937191532,-99.89361335555304,-99.89361335560571,-0.01997872267111061,0.16695596368213117,FORCE_CLOSE,59,0.34887927915507416,0.38333649191113084,False
Si,SiH6,RBREAKER_2_1,BREAKOUT,LONG,2026-02-06|Si|SiH6|BREAKOUT|1|64,2026-02-06 07:19:00+00:00,2026-02-06 07:19:00+00:00,2026-02-06,78294.82500000001,78298.0,78189.0,78186.0,32.3626690140438,72.07142857142857,78189.0,78189.0,5000.0,-3424.779448411562,1266.0599744984074,32.3626690140438,167.47681214729994,-4890.6789040712765,-4890.678904071313,-0.9781357808142553,-0.6849558896823124,INITIAL_STOP,0,0.0,0.0,False
Si,SiH6,RBREAKER_2_1,REVERSAL,SHORT,2026-02-06|Si|SiH6|REVERSAL|-1|65,2026-02-06 09:44:00+00:00,2026-02-06 10:05:00+00:00,2026-02-06,77215.81,77213.0,77261.0,77264.0,16.03838213965799,173.92857142857142,77387.0,77261.0,3500.0,-724.7744888911819,619.3902894469868,16.03838213965799,77.14461809171759,-1437.3477785696234,-1437.3477785695443,-0.41067079387703526,-0.20707842539748056,TRAILING_STOP,20,0.3299324325872501,0.5773817570276877,False
Si,SiH6,RBREAKER_2_1,REVERSAL,LONG,2026-02-11|Si|SiH6|REVERSAL|1|66,2026-02-11 13:30:00+00:00,2026-02-11 13:37:00+00:00,2026-02-11,77698.91,77702.0,77684.0,77681.0,27.55232974628392,81.14285714285714,77620.0,77684.0,3500.0,-410.8052365171895,1070.2909132417085,27.55232974628392,140.2413584084889,-1648.889837913474,-1648.8898379136708,-0.47111138226099253,-0.117372924719197,TRAILING_STOP,6,0.6376396312711422,0.5904070659917984,False
Si,SiH6,RBREAKER_2_1,BREAKOUT,SHORT,2026-02-13|Si|SiH6|BREAKOUT|-1|67,2026-02-13 10:16:00+00:00,2026-02-13 10:31:00+00:00,2026-02-13,77105.8,77103.0,77232.0,77235.0,28.876446349005533,85.92857142857143,77232.0,77232.0,5000.0,-3644.207529244414,1114.183244153204,28.876446349005533,138.6069424753106,-4925.874162222071,-4925.874162221934,-0.9851748324444143,-0.7288415058488829,INITIAL_STOP,14,0.704585290915735,0.06930347123761328,False
Si,SiH6,RBREAKER_2_1,BREAKOUT,SHORT,2026-02-13|Si|SiH6|BREAKOUT|-1|68,2026-02-13 10:38:00+00:00,2026-02-13 10:49:00+00:00,2026-02-13,77105.8,77103.0,77054.99999999999,77058.0,29.385576971110034,83.78571428571429,77229.0,77055.0,5000.0,1492.7873101324753,1132.5274828608235,29.385576971110034,141.0507694614137,189.82348083927354,189.8234808391281,0.03796469616785471,0.2985574620264951,TRAILING_STOP,10,0.3349955774706544,1.022618078594629,False
Si,SiH6,RBREAKER_2_1,BREAKOUT,SHORT,2026-02-13|Si|SiH6|BREAKOUT|-1|69,2026-02-13 10:55:00+00:00,2026-02-13 11:12:00+00:00,2026-02-13,77105.8,77103.0,77234.0,77237.0,26.021134365330735,98.35714285714286,77251.0,77234.0,5000.0,-3335.9094256353246,1004.0254694862863,26.021134365330735,124.90144495366324,-4490.857474440626,-4490.857474440605,-0.8981714948881252,-0.6671818851270649,TRAILING_STOP,11,0.6609368128794006,0.1457183524458521,False
Si,SiH6,RBREAKER_2_1,BREAKOUT,SHORT,2026-02-13|Si|SiH6|BREAKOUT|-1|70,2026-02-13 12:05:00+00:00,2026-02-13 12:30:00+00:00,2026-02-13,77105.8,77103.0,77208.0,77211.0,25.621120001638985,100.28571428571429,77254.0,77208.0,5000.0,-2618.4784641674296,988.4243779832296,25.621120001638985,122.98137600794169,-3755.5053381601147,-3755.50533816024,-0.7511010676320229,-0.5236956928334859,TRAILING_STOP,24,0.3638199040232736,0.23571430401507867,False
Si,SiH6,RBREAKER_2_1,BREAKOUT,SHORT,2026-02-13|Si|SiH6|BREAKOUT|-1|71,2026-02-13 13:28:00+00:00,2026-02-13 13:43:00+00:00,2026-02-13,77105.8,77103.0,76860.0,76863.0,29.385576971110034,84.0,77229.0,76860.0,5000.0,7222.9748194989315,1131.094935983482,29.385576971110034,141.0507694614137,5921.443537082926,5921.443537082926,1.184288707416585,1.4445949638997864,TRAILING_STOP,14,0.18219057722088222,2.1686555804679206,False
Si,SiH6,RBREAKER_2_1,BREAKOUT,SHORT,2026-02-17|Si|SiH6|BREAKOUT|-1|72,2026-02-17 14:01:00+00:00,2026-02-17 14:05:00+00:00,2026-02-17,76146.375,76143.0,76205.0,76208.0,29.61708076281753,82.5,76267.0,76205.0,5000.0,-1736.3013597201777,1128.0479678240035,29.61708076281753,159.19180910014424,-3053.1582174071473,-3053.1582174071436,-0.6106316434814295,-0.3472602719440355,TRAILING_STOP,3,0.467949876052517,0.3672518014589374,False
Si,SiH6,RBREAKER_2_1,BREAKOUT,SHORT,2026-02-17|Si|SiH6|BREAKOUT|-1|73,2026-02-17 14:29:00+00:00,2026-02-17 14:37:00+00:00,2026-02-17,76146.375,76143.0,76284.0,76287.0,26.480035377327262,95.5,76287.0,76284.0,5000.0,-3644.3148688046645,1009.0879481414986,26.480035377327262,142.33019015313403,-4822.213042476559,-4822.213042476625,-0.9644426084953118,-0.7288629737609329,TRAILING_STOP,7,0.5772647712257344,0.29657639622606535,False
Si,SiH6,RBREAKER_2_1,REVERSAL,LONG,2026-02-18|Si|SiH6|REVERSAL|1|74,2026-02-18 11:47:00+00:00,2026-02-18 12:05:00+00:00,2026-02-18,76507.87,76511.0,76490.0,76487.0,20.64707947060775,124.57142857142857,76386.0,76490.0,3500.0,-368.9633101396644,789.7404662110112,20.64707947060775,105.9195176843139,-1285.2703735055602,-1285.270373505597,-0.36722010671587435,-0.10541808861133267,TRAILING_STOP,17,0.3952440927230626,0.6135132185552017,False
Si,SiH6,RBREAKER_2_1,BREAKOUT,LONG,2026-02-25|Si|SiH6|BREAKOUT|1|75,2026-02-25 14:55:00+00:00,2026-02-25 15:33:00+00:00,2026-02-25,77122.63750000001,77126.0,77604.0,77601.0,19.135972566671434,143.92857142857142,76910.0,77604.0,5000.0,9211.339594624156,740.2129068308427,19.135972566671434,102.61665288855279,8349.374062338014,8349.374062338089,1.6698748124676028,1.8422679189248312,TRAILING_STOP,37,0.11098864088669431,2.656072992253995,False
Si,SiH6,RBREAKER_2_1,REVERSAL,LONG,2026-03-02|Si|SiH6|REVERSAL|1|76,2026-03-02 07:42:00+00:00,2026-03-02 08:17:00+00:00,2026-03-02,77079.88,77083.0,77390.0,77387.0,15.570676412427826,179.85714285714286,76903.0,77390.0,3500.0,4828.7781690220445,601.3005963569316,15.570676412427826,79.72186323155796,4132.185033021188,4132.185033021127,1.180624295148911,1.3796509054348698,TRAILING_STOP,34,0.36034993983047253,2.1665484036721003,False
Si,SiH6,RBREAKER_2_1,BREAKOUT,LONG,2026-03-04|Si|SiH6|BREAKOUT|1|77,2026-03-04 09:00:00+00:00,2026-03-04 09:08:00+00:00,2026-03-04,77801.13750000001,77804.0,78359.0,78356.0,20.779048070251818,130.28571428571428,77608.0,78359.0,5000.0,11591.851704090614,811.2140366626311,20.779048070251818,101.03812124135757,10658.82049811628,10658.820498116373,2.131764099623256,2.318370340818123,TRAILING_STOP,7,0.10805104996530945,3.121013020151823,False
Si,SiH6,RBREAKER_2_1,BREAKOUT,LONG,2026-03-04|Si|SiH6|BREAKOUT|1|78,2026-03-04 09:58:00+00:00,2026-03-04 12:29:00+00:00,2026-03-04,77801.13750000001,77804.0,77875.0,77872.0,14.942010058962213,193.28571428571428,77514.0,77875.0,5000.0,1103.6542179799226,581.5280894847504,14.942010058962213,72.65552391152981,434.52859452474763,434.52859452468016,0.08690571890494952,0.22073084359598452,TRAILING_STOP,145,0.18528092473113142,1.0788131262570717,False
Si,SiH6,RBREAKER_2_1,BREAKOUT,LONG,2026-03-04|Si|SiH6|BREAKOUT|1|79,2026-03-04 12:49:00+00:00,2026-03-04 13:21:00+00:00,2026-03-04,77801.13750000001,77804.0,77777.0,77774.0,21.401635941053467,125.57142857142857,77615.0,77777.0,5000.0,-516.5819875274273,832.4059291093041,21.401635941053467,104.06545476312333,-1474.4550073409814,-1474.4550073409082,-0.2948910014681963,-0.10331639750548545,TRAILING_STOP,31,0.21829668659874538,0.6934130044901323,False
Si,SiH6,RBREAKER_2_1,BREAKOUT,LONG,2026-03-04|Si|SiH6|BREAKOUT|1|80,2026-03-04 13:22:00+00:00,2026-03-04 15:35:00+00:00,2026-03-04,77801.13750000001,77804.0,77920.0,77918.0,21.680028791080424,123.78571428571429,77618.0,77854.0,5000.0,2576.9424221795443,844.0143608511564,21.680028791080424,83.73911120529576,1627.508921331945,1627.5089213320116,0.325501784266389,0.5153884844359089,FORCE_CLOSE,132,0.4032485355140959,1.023297358938996,False
Si,SiH6,RBREAKER_2_1,BREAKOUT,SHORT,2026-03-09|Si|SiH6|BREAKOUT|-1|81,2026-03-09 08:46:00+00:00,2026-03-09 09:11:00+00:00,2026-03-09,77723.9,77721.0,77741.0,77744.0,15.839802572701318,180.35714285714286,77992.0,77741.0,5000.0,-270.8606239932847,615.6337267412525,15.839802572701318,77.61503260614427,-979.9491859134939,-979.9491859133827,-0.19598983718269877,-0.05417212479865694,TRAILING_STOP,24,0.15206210469793266,0.7951580891496062,False
Si,SiH6,RBREAKER_2_1,BREAKOUT,SHORT,2026-03-09|Si|SiH6|BREAKOUT|-1|82,2026-03-09 09:38:00+00:00,2026-03-09 10:57:00+00:00,2026-03-09,77723.9,77721.0,77692.0,77695.00000000001,14.940514342147262,193.07142857142858,78011.0,77692.0,5000.0,476.6024075144107,580.4987442497898,14.940514342147262,73.20852027643461,-192.04537135407213,-192.04537135396095,-0.03840907427081443,0.09532048150288214,TRAILING_STOP,78,0.35558424134310485,0.9532048150289953,False
Si,SiH6,RBREAKER_2_1,BREAKOUT,SHORT,2026-03-09|Si|SiH6|BREAKOUT|-1|83,2026-03-09 12:53:00+00:00,2026-03-09 13:46:00+00:00,2026-03-09,77723.9,77721.0,77785.0,77788.0,24.311912107576724,106.92857142857143,77882.0,77785.0,5000.0,-1485.4578297730793,945.1802849842873,24.311912107576724,119.12836932698444,-2574.0783961919306,-2574.0783961919274,-0.5148156792383861,-0.2970915659546159,TRAILING_STOP,52,0.40844012340728897,0.4716510948869885,False
Si,SiH6,RBREAKER_2_1,BREAKOUT,SHORT,2026-03-09|Si|SiH6|BREAKOUT|-1|84,2026-03-09 13:59:00+00:00,2026-03-09 15:28:00+00:00,2026-03-09,77723.0,77721.0,77743.0,77746.0,27.799322252523485,90.78571428571429,77858.0,77743.0,5000.0,-555.9864450504697,1080.4693081582673,27.799322252523485,111.19728901009394,-1775.4523644711599,-1775.4523644713545,-0.35509047289423196,-0.11119728901009393,TRAILING_STOP,88,0.6727435985110684,0.6393844118080401,False
Si,SiH6,RBREAKER_2_1,BREAKOUT,LONG,2026-03-12|Si|SiH6|BREAKOUT|1|85,2026-03-12 13:20:00+00:00,2026-03-12 13:22:00+00:00,2026-03-12,79516.23749999999,79519.0,79355.0,79352.0,23.890923599212766,108.71428571428571,79355.0,79355.0,5000.0,-3852.11279382779,948.8937307826328,23.890923599212766,113.78052364152892,-4938.677971851275,-4938.677971851164,-0.987735594370255,-0.770422558765558,INITIAL_STOP,1,0.27235652903102553,0.038225477758740425,False
Si,SiH6,RBREAKER_2_1,BREAKOUT,LONG,2026-03-12|Si|SiH6|BREAKOUT|1|86,2026-03-12 13:44:00+00:00,2026-03-12 15:06:00+00:00,2026-03-12,79516.23749999999,79519.0,79570.0,79567.0,22.194158941247547,119.71428571428571,79339.0,79570.0,5000.0,1193.2134700790796,882.6949923318268,22.194158941247547,105.69968195794982,182.62463684795262,182.62463684805536,0.036524927369590524,0.23864269401581592,TRAILING_STOP,81,0.4261278516719529,1.0253701430856366,False
Si,SiH6,RBREAKER_2_1,BREAKOUT,LONG,2026-03-16|Si|SiH6|BREAKOUT|1|87,2026-03-16 10:57:00+00:00,2026-03-16 11:19:00+00:00,2026-03-16,80792.9375,80796.0,80693.0,80690.00000000001,28.48629524335842,85.71428571428571,80667.0,80693.0,5000.0,-2846.849130883132,1150.0344684172446,28.48629524335842,144.211869669502,-4169.581764212999,-4169.581764213237,-0.8339163528425997,-0.5693698261766265,TRAILING_STOP,16,0.5526341277211534,0.14812873526546377,False
Si,SiH6,RBREAKER_2_1,BREAKOUT,LONG,2026-03-16|Si|SiH6|BREAKOUT|1|88,2026-03-16 11:35:00+00:00,2026-03-16 12:20:00+00:00,2026-03-16,80792.9375,80796.0,80951.0,80948.0,27.54471885105469,89.57142857142857,80661.0,80951.0,5000.0,4353.787123394832,1113.7982514612474,27.54471885105469,139.4451391834644,3072.999013898884,3072.9990138990647,0.6145998027797769,0.8707574246789663,TRAILING_STOP,44,0.28095613228075783,1.597593693361172,False
Si,SiH6,RBREAKER_2_1,BREAKOUT,LONG,2026-03-16|Si|SiH6|BREAKOUT|1|89,2026-03-16 13:55:00+00:00,2026-03-16 15:35:00+00:00,2026-03-16,80792.9375,80796.0,81149.0,81147.0,19.49142961839679,139.57142857142858,80586.0,80949.0,5000.0,6940.167158500407,789.1251466730079,19.49142961839679,79.18393282473696,6052.366649384197,6052.366649384265,1.2104733298768395,1.3880334317000813,FORCE_CLOSE,99,0.2767783005812344,1.4150777902956069,False
Si,SiH6,RBREAKER_2_1,BREAKOUT,LONG,2026-03-17|Si|SiH6|BREAKOUT|1|90,2026-03-17 13:11:00+00:00,2026-03-17 13:20:00+00:00,2026-03-17,82152.625,82156.0,82045.00000000001,82042.0,26.201605634393275,95.14285714285714,82013.0,82045.0,5000.0,-2819.947806401576,1075.5628104890266,26.201605634393275,140.83363028486386,-4062.545852809729,-4062.5458528098598,-0.8125091705619457,-0.5639895612803152,TRAILING_STOP,8,0.46638858029220026,0.16769027606011697,False
Si,SiH6,RBREAKER_2_1,BREAKOUT,LONG,2026-03-17|Si|SiH6|BREAKOUT|1|91,2026-03-17 13:40:00+00:00,2026-03-17 15:04:00+00:00,2026-03-17,82152.625,82156.0,82105.0,82102.0,23.604056121003833,109.07142857142857,81992.0,82105.0,5000.0,-1124.1431727628076,969.2887625809619,23.604056121003833,126.87180165039561,-2243.9077931152515,-2243.907793115169,-0.4487815586230503,-0.22482863455256152,TRAILING_STOP,83,0.6042638366976981,0.5334516683346866,False
Si,SiH6,RBREAKER_2_1,BREAKOUT,LONG,2026-03-17|Si|SiH6|BREAKOUT|1|92,2026-03-17 15:07:00+00:00,2026-03-17 15:35:00+00:00,2026-03-17,82152.625,82156.0,82351.0,82349.0,24.773569574092793,102.42857142857143,82002.0,82239.0,5000.0,4914.456864260658,1018.8440156965337,24.773569574092793,108.38436688665598,3762.454912103265,3762.4549121033756,0.752490982420653,0.9828913728521317,FORCE_CLOSE,27,0.1436867035297382,1.1742671978119985,False
Si,SiM6,RBREAKER_2_1,BREAKOUT,LONG,2026-03-19|Si|SiM6|BREAKOUT|1|93,2026-03-19 08:22:00+00:00,2026-03-19 09:13:00+00:00,2026-03-19,84050.59999999999,84054.0,84210.0,84207.0,13.742795339542585,209.85714285714286,83739.0,84210.0,5000.0,2190.6015771232082,578.0941216566937,13.742795339542585,74.21109483364995,1524.5535652932374,1524.553565293322,0.3049107130586475,0.43812031542464164,TRAILING_STOP,50,0.29684437933411983,1.2945713209849115,False
Si,SiM6,RBREAKER_2_1,BREAKOUT,LONG,2026-03-19|Si|SiM6|BREAKOUT|1|94,2026-03-19 09:26:00+00:00,2026-03-19 10:02:00+00:00,2026-03-19,84050.59999999999,84054.0,83801.0,83798.0,10.945062354019813,271.92857142857144,83646.0,83801.0,5000.0,-2731.88756356325,459.28765156173336,10.945062354019813,59.103336711802555,-3261.2236141907724,-3261.223614190805,-0.6522447228381545,-0.54637751271265,TRAILING_STOP,35,0.5406860802885787,0.33929693297461416,False
Si,SiM6,RBREAKER_2_1,BREAKOUT,LONG,2026-03-19|Si|SiM6|BREAKOUT|1|95,2026-03-19 10:52:00+00:00,2026-03-19 11:15:00+00:00,2026-03-19,84050.59999999999,84054.0,83825.0,83822.0,9.6931723232786,310.7142857142857,83587.0,83825.0,5000.0,-2186.779676131567,406.8127492356795,9.6931723232786,52.343130545789066,-2655.628728236326,-2655.628728236314,-0.5311257456472652,-0.43735593522631344,TRAILING_STOP,17,0.3954814307897669,0.5970994151139617,False
Si,SiM6,RBREAKER_2_1,REVERSAL,LONG,2026-03-20|Si|SiM6|REVERSAL|1|96,2026-03-20 11:21:00+00:00,2026-03-20 11:25:00+00:00,2026-03-20,83739.62000000001,83743.0,83520.0,83517.0,12.885103531807818,222.92857142857142,83520.0,83520.0,3500.0,-2829.8264376557604,538.7906041825439,12.885103531807818,69.32185700099856,-3450.8240023711946,-3450.824002371111,-0.9859497149631985,-0.8085218393302173,INITIAL_STOP,3,0.7988764189720848,0.0,False
Si,SiM6,RBREAKER_2_1,REVERSAL,SHORT,2026-03-26|Si|SiM6|REVERSAL|-1|97,2026-03-26 14:01:00+00:00,2026-03-26 14:07:00+00:00,2026-03-26,81004.52,81002.0,81152.0,81155.0,12.985037526758061,223.57142857142858,81226.0,81152.0,3500.0,-1915.033334446226,526.4036825566268,12.985037526758061,58.692369620999344,-2513.114424150595,-2513.11442415061,-0.7180326926144557,-0.5471523812703503,TRAILING_STOP,5,0.5490815868457695,0.27454079342288473,False
Si,SiM6,RBREAKER_2_1,BREAKOUT,SHORT,2026-04-01|Si|SiM6|BREAKOUT|-1|98,2026-04-01 09:01:00+00:00,2026-04-01 11:43:00+00:00,2026-04-01,81013.65000000001,81011.0,81138.0,81141.0,14.41730307045231,200.21428571428572,81312.0,81138.0,5000.0,-1792.7916368106187,584.4486318699957,14.41730307045231,67.04045927772913,-2458.6980310288664,-2458.698031028796,-0.4917396062057733,-0.35855832736212373,TRAILING_STOP,161,0.4757710013249262,0.5017221468517404,False
Si,SiM6,RBREAKER_2_1,BREAKOUT,SHORT,2026-04-01|Si|SiM6|BREAKOUT|-1|99,2026-04-01 14:57:00+00:00,2026-04-01 15:28:00+00:00,2026-04-01,81013.65000000001,81011.0,81103.0,81106.0,18.670266294006936,147.78571428571428,81233.0,81103.0,5000.0,-1668.1882933693566,756.6918901963807,18.670266294006936,86.81673826729526,-2530.3671881269847,-2530.3671881270398,-0.5060734376253969,-0.33363765867387135,TRAILING_STOP,30,0.3211285802569193,0.48542692364418033,False
Si,SiM6,RBREAKER_2_1,BREAKOUT,SHORT,2026-04-01|Si|SiM6|BREAKOUT|-1|100,2026-04-01 15:39:00+00:00,2026-04-01 15:45:00+00:00,2026-04-01,81013.65000000001,81011.0,80989.0,80991.0,20.096018777718538,134.92857142857142,81214.0,81154.0,5000.0,495.36686287093744,813.8988085069897,20.096018777718538,73.35046853884812,-411.97843295263294,-411.9784329526189,-0.08239568659052658,0.09907337257418748,FORCE_CLOSE,5,0.14067213144402976,0.24115222533262246,False
Si,SiM6,RBREAKER_2_1,BREAKOUT,SHORT,2026-04-03|Si|SiM6|BREAKOUT|-1|101,2026-04-03 11:53:00+00:00,2026-04-03 12:11:00+00:00,2026-04-03,80172.86249999999,80170.0,80116.0,80119.0,23.945213351853635,108.14285714285714,80333.0,80116.0,5000.0,1361.5846942194985,959.5385757388169,23.945213351853635,116.43359992310954,261.66730520556735,261.66730520571843,0.05233346104111347,0.2723169388438997,TRAILING_STOP,17,0.45017001101484827,1.0392222594704477,False
Si,SiM6,RBREAKER_2_1,BREAKOUT,SHORT,2026-04-03|Si|SiM6|BREAKOUT|-1|102,2026-04-03 12:31:00+00:00,2026-04-03 14:26:00+00:00,2026-04-03,80172.86249999999,80170.0,80192.0,80195.0,22.044883382569168,120.42857142857143,80351.0,80192.0,5000.0,-421.8839557341741,883.8069309114262,22.044883382569168,107.19324544748594,-1434.9290154757227,-1434.9290154756554,-0.28698580309514454,-0.08437679114683481,TRAILING_STOP,114,0.6216657113884506,0.7010272915656995,False
Si,SiM6,RBREAKER_2_1,BREAKOUT,SHORT,2026-04-03|Si|SiM6|BREAKOUT|-1|103,2026-04-03 14:27:00+00:00,2026-04-03 15:45:00+00:00,2026-04-03,80172.86249999999,80170.0,79961.0,79963.0,26.90920833109427,93.21428571428571,80310.0,80049.0,5000.0,5701.052150046146,1077.2630644207798,26.90920833109427,103.93681717853835,4492.943060115913,4492.943060115735,0.8985886120231826,1.1402104300092293,FORCE_CLOSE,77,0.2314191916474107,1.404660674883121,False
Si,SiM6,RBREAKER_2_1,BREAKOUT,SHORT,2026-04-09|Si|SiM6|BREAKOUT|-1|104,2026-04-09 14:09:00+00:00,2026-04-09 15:42:00+00:00,2026-04-09,78611.2,78608.0,78421.0,78424.0,23.28787540055209,112.07142857142857,78777.0,78421.0,5000.0,4429.35390118494,914.235412474874,23.28787540055209,121.0969520828031,3370.733661226776,3370.733661226711,0.6741467322453552,0.885870780236988,TRAILING_STOP,92,0.4191817572099376,1.658096728519309,False
Si,SiM6,RBREAKER_2_1,BREAKOUT,SHORT,2026-04-10|Si|SiM6|BREAKOUT|-1|105,2026-04-10 13:51:00+00:00,2026-04-10 14:13:00+00:00,2026-04-10,77464.625,77462.0,77591.0,77594.0,23.257869300077683,113.57142857142857,77633.0,77591.0,5000.0,-2939.2132327973172,901.5680455482113,23.257869300077683,107.56764551285929,-3971.606793158503,-3971.6067931584653,-0.7943213586317006,-0.5878426465594635,TRAILING_STOP,21,0.5674920109218955,0.19536610212065256,False
Si,SiM6,RBREAKER_2_1,BREAKOUT,SHORT,2026-04-10|Si|SiM6|BREAKOUT|-1|106,2026-04-10 14:23:00+00:00,2026-04-10 14:26:00+00:00,2026-04-10,77464.625,77462.0,77629.0,77632.0,22.626379643498762,117.5,77639.0,77629.0,5000.0,-3719.211153900109,877.3039311071993,22.626379643498762,104.64700585118177,-4723.788470501931,-4723.788470501988,-0.9447576941003862,-0.7438422307800218,TRAILING_STOP,2,0.583760594802268,0.05430331114439703,False
Si,SiM6,RBREAKER_2_1,BREAKOUT,SHORT,2026-04-13|Si|SiM6|BREAKOUT|-1|107,2026-04-13 08:28:00+00:00,2026-04-13 08:46:00+00:00,2026-04-13,76841.2125,76838.0,76973.0,76976.0,20.421166130271672,132.92857142857142,77038.0,76973.0,5000.0,-2691.2544313932967,785.2653117904017,20.421166130271672,106.44532845392223,-3603.386237767995,-3603.3862377678925,-0.7206772475535991,-0.5382508862786594,TRAILING_STOP,17,0.4696868209962485,0.2654751596935317,False
Si,SiM6,RBREAKER_2_1,BREAKOUT,SHORT,2026-04-14|Si|SiM6|BREAKOUT|-1|108,2026-04-14 09:20:00+00:00,2026-04-14 09:50:00+00:00,2026-04-14,76359.2,76356.0,76499.0,76502.0,20.870029802403064,129.71428571428572,76551.0,76499.0,5000.0,-2917.630166376009,797.5377538839318,20.870029802403064,108.52415497243518,-3844.562105034661,-3844.562105034779,-0.7689124210069321,-0.5835260332752018,TRAILING_STOP,29,0.5927088463882471,0.21704830994499183,False
Si,SiM6,RBREAKER_2_1,BREAKOUT,SHORT,2026-04-14|Si|SiM6|BREAKOUT|-1|109,2026-04-14 13:03:00+00:00,2026-04-14 15:11:00+00:00,2026-04-14,76359.2,76356.0,76014.0,76017.0,28.805493783775407,85.35714285714286,76485.0,76014.0,5000.0,9943.656454159187,1097.2948760788026,28.805493783775407,149.78856767554828,8667.767516621196,8667.767516621061,1.733553503324239,1.9887312908318373,TRAILING_STOP,127,0.6855707520538548,2.7134775144316436,False
Si,SiM6,RBREAKER_2_1,BREAKOUT,SHORT,2026-04-21|Si|SiM6|BREAKOUT|-1|110,2026-04-21 08:32:00+00:00,2026-04-21 08:48:00+00:00,2026-04-21,75302.9,75300.0,75472.0,75475.0,22.476961114858447,118.85714285714286,75479.0,75472.0,5000.0,-3800.8541245226943,847.2409530231956,22.476961114858447,110.13710946267554,-4780.70914812351,-4780.709148123424,-0.9561418296247021,-0.7601708249045389,TRAILING_STOP,15,0.7462351090133005,0.03146774556080183,False
Si,SiM6,RBREAKER_2_1,BREAKOUT,SHORT,2026-04-21|Si|SiM6|BREAKOUT|-1|111,2026-04-21 09:15:00+00:00,2026-04-21 09:34:00+00:00,2026-04-21,75302.9,75300.0,75460.0,75463.0,21.326508850502233,126.71428571428571,75491.0,75460.0,5000.0,-3350.394540414025,803.8121134570671,21.326508850502233,104.4998933673368,-4280.033056088897,-4280.0330560889315,-0.8560066112177794,-0.670078908082805,TRAILING_STOP,18,0.6397952655150669,0.13222435487311385,False
Si,SiM6,RBREAKER_2_1,BREAKOUT,SHORT,2026-04-21|Si|SiM6|BREAKOUT|-1|112,2026-04-21 14:43:00+00:00,2026-04-21 14:56:00+00:00,2026-04-21,75302.9,75300.0,75386.0,75389.0,22.88853284504585,116.35714285714286,75475.0,75386.0,5000.0,-1902.0370794234434,862.2625314717786,22.88853284504585,112.15381094059143,-2899.3419546807327,-2899.3419546808595,-0.5798683909361465,-0.3804074158846887,TRAILING_STOP,12,0.5539024948501097,0.40741588464181616,False
Si,SiM6,RBREAKER_2_1,BREAKOUT,SHORT,2026-04-21|Si|SiM6|BREAKOUT|-1|113,2026-04-21 15:05:00+00:00,2026-04-21 15:09:00+00:00,2026-04-21,75302.9,75300.0,75463.0,75466.0,22.07992934422723,121.57142857142857,75483.0,75463.0,5000.0,-3534.996688010908,832.2256568779408,22.07992934422723,108.19165378658492,-4497.49392801986,-4497.49392801966,-0.8994987856039719,-0.7069993376021816,TRAILING_STOP,3,0.5475822477368353,0.16780746301612695,False
Si,SiM6,RBREAKER_2_1,REVERSAL,SHORT,2026-04-22|Si|SiM6|REVERSAL|-1|114,2026-04-22 08:26:00+00:00,2026-04-22 08:52:00+00:00,2026-04-22,75680.73,75678.0,75827.0,75830.0,16.64297024712498,166.14285714285714,75845.0,75827.0,3500.0,-2434.3672580470384,630.3857840503529,16.64297024712498,78.72124926883333,-3160.1172616133895,-3160.1172616133495,-0.9028906461752542,-0.6955335022991538,TRAILING_STOP,25,0.6657188098849991,0.0855924184137856,False
Si,SiM6,RBREAKER_2_1,BREAKOUT,LONG,2026-04-23|Si|SiM6|BREAKOUT|1|115,2026-04-23 12:45:00+00:00,2026-04-23 12:55:00+00:00,2026-04-23,76712.5,76715.0,76724.0,76721.0,18.494031051478135,150.85714285714286,76488.0,76724.0,5000.0,212.68135709199856,709.4125371036498,18.494031051478135,83.22313973165161,-598.4483507947443,-598.4483507947809,-0.11968967015894887,0.04253627141839971,TRAILING_STOP,9,0.13315702357064257,0.872918265629768,False
Si,SiM6,RBREAKER_2_1,BREAKOUT,LONG,2026-04-23|Si|SiM6|BREAKOUT|1|116,2026-04-23 13:26:00+00:00,2026-04-23 15:45:00+00:00,2026-04-23,76712.5,76715.0,76683.00000000001,76680.99999999999,14.3119870047158,203.78571428571428,76409.0,76547.0,5000.0,-422.2036166391161,548.8503896438463,14.3119870047158,50.0919545165053,-1035.4579478044009,-1035.4579478041833,-0.20709158956088017,-0.08444072332782322,FORCE_CLOSE,138,0.4579835841509056,0.39501084133015607,False
Si,SiM6,RBREAKER_2_1,BREAKOUT,LONG,2026-04-28|Si|SiM6|BREAKOUT|1|117,2026-04-28 12:29:00+00:00,2026-04-28 12:49:00+00:00,2026-04-28,76127.425,76130.0,76144.0,76141.0,25.353041097280368,102.64285714285714,75976.0,76144.0,5000.0,420.2266561873483,965.1332302309947,25.353041097280368,115.9901630199839,-686.2497781608163,-686.2497781609108,-0.13724995563216325,0.08404533123746966,TRAILING_STOP,19,0.39550744111757374,0.8518621808686203,False
Si,SiM6,RBREAKER_2_1,BREAKOUT,LONG,2026-04-28|Si|SiM6|BREAKOUT|1|118,2026-04-28 12:53:00+00:00,2026-04-28 14:38:00+00:00,2026-04-28,76127.425,76130.0,76205.0,76202.0,23.018668139862044,115.42857142857143,75956.0,76205.0,5000.0,1785.673180949731,876.6199387703662,23.018668139862044,105.31040673980186,780.7241672996327,780.7241672997009,0.15614483345992652,0.3571346361899462,TRAILING_STOP,104,0.07365973804755854,1.1463296733651298,False
Si,SiM6,RBREAKER_2_1,BREAKOUT,LONG,2026-04-28|Si|SiM6|BREAKOUT|1|119,2026-04-28 15:09:00+00:00,2026-04-28 15:45:00+00:00,2026-04-28,76127.425,76130.0,76191.0,76189.0,25.87790802991564,100.0,75980.0,76115.0,5000.0,1645.1880030018115,985.42426830218,25.87790802991564,92.5135212068731,541.3723054629302,541.3723054628427,0.10827446109258604,0.3290376006003623,FORCE_CLOSE,35,0.19667210102735888,0.6987035168077222,False
Si,SiM6,RBREAKER_2_1,BREAKOUT,LONG,2026-05-04|Si|SiM6|BREAKOUT|1|120,2026-05-04 11:35:00+00:00,2026-05-04 11:45:00+00:00,2026-05-04,76660.73749999999,76664.0,76645.0,76642.0,25.14369622391676,102.42857142857143,76510.0,76645.0,5000.0,-395.6989193235973,963.6698733259457,25.14369622391676,132.31870137865465,-1516.831190252071,-1516.8311902521143,-0.30336623805041424,-0.07913978386471945,TRAILING_STOP,9,0.18606335205698402,0.6788797980457525,False
Si,SiM6,RBREAKER_2_1,BREAKOUT,SHORT,2026-05-06|Si|SiM6|BREAKOUT|-1|121,2026-05-06 09:02:00+00:00,2026-05-06 09:05:00+00:00,2026-05-06,75932.7625,75930.0,75730.0,75732.0,21.599205149251052,125.21428571428571,76118.0,75699.0,5000.0,4379.5088340749535,818.9446628364283,21.599205149251052,81.26700937399423,3457.6979567151966,3457.6979567152794,0.6915395913430393,0.8759017668149907,TRAILING_STOP,2,0.6134174262387299,1.810013391507238,False
Si,SiM6,RBREAKER_2_1,BREAKOUT,SHORT,2026-05-08|Si|SiM6|BREAKOUT|-1|122,2026-05-08 10:17:00+00:00,2026-05-08 10:25:00+00:00,2026-05-08,74812.52500000001,74810.0,74931.0,74934.0,26.53153272664316,97.21428571428571,74956.0,74931.0,5000.0,-3143.3233397888166,993.2344591546134,26.53153272664316,120.05518558829195,-4283.144517258348,-4283.144517258365,-0.8566289034516696,-0.6286646679577633,TRAILING_STOP,7,0.604918946167464,0.1326576636332158,False
Si,SiM6,RBREAKER_2_1,BREAKOUT,SHORT,2026-05-11|Si|SiM6|BREAKOUT|-1|123,2026-05-11 08:04:00+00:00,2026-05-11 08:09:00+00:00,2026-05-11,74342.3125,74339.0,74515.0,74518.0,22.748521914788586,116.78571428571429,74515.0,74515.0,5000.0,-3928.385378160054,846.5691816674212,22.748521914788586,120.85152267231437,-4918.55460441463,-4918.5546044145785,-0.9837109208829261,-0.7856770756320108,INITIAL_STOP,4,0.7598006319539388,0.1046432008080275,False
Si,SiM6,RBREAKER_2_1,BREAKOUT,SHORT,2026-05-11|Si|SiM6|BREAKOUT|-1|124,2026-05-11 12:38:00+00:00,2026-05-11 12:43:00+00:00,2026-05-11,74342.3125,74339.0,74435.0,74438.0,35.26229860819707,64.71428571428571,74437.0,74435.0,4999.999999999999,-3268.374302247266,1311.5547500079338,35.26229860819707,187.33096135604694,-4802.522312219611,-4802.522312219444,-0.9605044624439224,-0.6536748604494533,TRAILING_STOP,4,0.6135639957826291,0.01410491944327883,False
Si,SiM6,RBREAKER_2_1,BREAKOUT,SHORT,2026-05-11|Si|SiM6|BREAKOUT|-1|125,2026-05-11 12:51:00+00:00,2026-05-11 13:01:00+00:00,2026-05-11,74342.3125,74339.0,74237.0,74240.0,32.300889243480874,73.57142857142857,74450.0,74237.0,5000.0,3401.6873984540794,1199.8084557267862,32.300889243480874,171.59847410599215,1997.9795793777307,1997.97957937782,0.39959591587554616,0.6803374796908158,TRAILING_STOP,9,0.1808849797634929,1.3760178817722852,False
Si,SiM6,RBREAKER_2_1,BREAKOUT,SHORT,2026-05-18|Si|SiM6|BREAKOUT|-1|126,2026-05-18 07:16:00+00:00,2026-05-18 07:24:00+00:00,2026-05-18,73210.83750000001,73208.0,73330.0,73333.0,30.43602651586307,81.0,73330.0,73330.0,5000.0,-3626.8330096962673,1115.0314404152725,30.43602651586307,147.23427827075335,-4919.534754898252,-4919.534754898156,-0.9839069509796503,-0.7253666019392534,INITIAL_STOP,7,0.6087205303172614,0.14609292727614276,False
Si,SiM6,RBREAKER_2_1,BREAKOUT,SHORT,2026-05-18|Si|SiM6|BREAKOUT|-1|127,2026-05-18 07:40:00+00:00,2026-05-18 10:06:00+00:00,2026-05-18,73210.83750000001,73208.0,73150.0,73153.0,26.003879778860647,99.35714285714286,73358.0,73150.0,5000.0,1582.0110360466617,951.4884620784558,26.003879778860647,125.79376843046543,478.7249257589449,478.72492575887986,0.09574498515178897,0.3164022072093323,TRAILING_STOP,145,0.27044034970015074,1.081761398800603,False
Si,SiM6,RBREAKER_2_1,BREAKOUT,SHORT,2026-05-19|Si|SiM6|BREAKOUT|-1|128,2026-05-19 09:25:00+00:00,2026-05-19 11:14:00+00:00,2026-05-19,71776.0125,71773.0,71781.0,71784.0,21.284611438776405,128.64285714285714,71966.0,71781.0,5000.0,-106.15699955095927,763.8887410791061,21.284611438776405,106.68911483680478,-998.0194669057086,-998.0194669056466,-0.1996038933811417,-0.021231399910191854,TRAILING_STOP,108,0.28521379327960383,0.787530623234727,False
Si,SiM6,RBREAKER_2_1,BREAKOUT,SHORT,2026-05-19|Si|SiM6|BREAKOUT|-1|129,2026-05-19 12:55:00+00:00,2026-05-19 13:25:00+00:00,2026-05-19,71776.0125,71773.0,71705.0,71708.0,23.819562053532742,111.78571428571429,71941.0,71705.0,5000.0,1691.4866503264245,854.4136457507328,23.819562053532742,119.39555479326356,693.8578877289484,693.8578877288953,0.13877157754578967,0.3382973300652849,TRAILING_STOP,29,0.18102867160684885,1.1242833289267453,False
Si,SiM6,RBREAKER_2_1,BREAKOUT,SHORT,2026-05-19|Si|SiM6|BREAKOUT|-1|130,2026-05-19 14:25:00+00:00,2026-05-19 15:45:00+00:00,2026-05-19,71776.0125,71773.0,71342.0,71344.0,21.467381387351526,127.28571428571429,71964.0,71442.0,5000.0,9317.111864377843,768.086805503397,21.467381387351526,86.13786781668551,8441.419809670373,8441.419809670408,1.6882839619340746,1.8634223728755686,FORCE_CLOSE,79,0.06010866788458427,2.241194616839499,False
Si,SiM6,RBREAKER_2_1,BREAKOUT,LONG,2026-06-01|Si|SiM6|BREAKOUT|1|131,2026-06-01 12:33:00+00:00,2026-06-01 13:37:00+00:00,2026-06-01,72536.29999999999,72539.0,72601.0,72598.0,24.670707728589775,107.14285714285714,72378.0,72601.0,5000.0,1596.1947900400457,895.1581269010836,24.670707728589775,115.95232632465915,560.4136290858099,560.4136290857133,0.11208272581716199,0.31923895800800917,TRAILING_STOP,63,0.5822287023947187,1.1003135646951039,False
Si,SiM6,RBREAKER_2_1,BREAKOUT,LONG,2026-06-01|Si|SiM6|BREAKOUT|1|132,2026-06-01 13:55:00+00:00,2026-06-01 14:18:00+00:00,2026-06-01,72536.29999999999,72539.0,72409.0,72406.0,22.761466657863153,118.07142857142857,72361.0,72409.0,5000.0,-2897.5347055457146,824.7901961809937,22.761466657863153,106.9788932922218,-3852.0652616768593,-3852.0652616767934,-0.7704130523353718,-0.5795069411091429,TRAILING_STOP,22,0.5462751997887156,0.21851007991548627,False
Si,SiM6,RBREAKER_2_1,BREAKOUT,LONG,2026-06-01|Si|SiM6|BREAKOUT|1|133,2026-06-01 14:45:00+00:00,2026-06-01 14:54:00+00:00,2026-06-01,72536.29999999999,72539.0,72422.0,72419.0,22.970604517396627,117.14285714285714,72363.0,72422.0,5000.0,-2625.540096338167,832.4432224081951,22.970604517396627,107.96184123203156,-3588.9157644957427,-3588.9157644957904,-0.7177831528991485,-0.5251080192676334,TRAILING_STOP,8,0.47778857396184987,0.2710531333052802,False
Si,SiM6,RBREAKER_2_1,BREAKOUT,LONG,2026-06-02|Si|SiM6|BREAKOUT|1|134,2026-06-02 11:57:00+00:00,2026-06-02 12:19:00+00:00,2026-06-02,73571.2875,73574.0,73531.0,73528.00000000001,28.700663559343408,87.78571428571429,73442.0,73531.0,5000.0,-1156.2779831472146,1055.4812527266336,28.700663559343408,135.25187702323876,-2375.7117764563304,-2375.7117764564305,-0.4751423552912661,-0.23125559662944292,TRAILING_STOP,21,0.24108557389848462,0.5108718113563127,False
Si,SiM6,RBREAKER_2_1,BREAKOUT,LONG,2026-06-02|Si|SiM6|BREAKOUT|1|135,2026-06-02 13:29:00+00:00,2026-06-02 14:45:00+00:00,2026-06-02,73571.2875,73574.0,73620.0,73617.0,22.501035047613367,119.64285714285714,73394.0,73620.0,5000.0,1096.0816697567352,827.9874624233148,22.501035047613367,106.03612766174702,139.55704462407948,139.55704462406004,0.027911408924815896,0.21921633395134704,TRAILING_STOP,75,0.2790128345904057,1.0170467841521242,False
Si,SiM6,RBREAKER_2_1,BREAKOUT,SHORT,2026-06-08|Si|SiM6|BREAKOUT|-1|136,2026-06-08 08:04:00+00:00,2026-06-08 08:22:00+00:00,2026-06-08,73495.0,73492.0,73695.0,73698.0,16.792836847514327,169.78571428571428,73747.0,73695.0,5000.0,-3358.5673695028654,617.9344138964084,16.792836847514327,83.96418423757164,-4077.258804484271,-4077.25880448436,-0.8154517608968542,-0.6717134739005731,TRAILING_STOP,17,0.5541636159679728,0.17464550321414898,False
Si,SiM6,RBREAKER_2_1,BREAKOUT,SHORT,2026-06-08|Si|SiM6|BREAKOUT|-1|137,2026-06-08 14:10:00+00:00,2026-06-08 14:12:00+00:00,2026-06-08,73495.0,73492.0,73540.0,73543.0,23.502204506782736,113.14285714285714,73662.0,73540.0,5000.0,-1057.599202805223,863.9116599136999,23.502204506782736,117.51102253391369,-2062.524089759545,-2062.5240897596195,-0.41250481795190896,-0.21151984056104461,TRAILING_STOP,1,0.0893083771257744,0.6110573171763511,False
Si,SiM6,RBREAKER_2_1,BREAKOUT,SHORT,2026-06-08|Si|SiM6|BREAKOUT|-1|138,2026-06-08 14:15:00+00:00,2026-06-08 14:22:00+00:00,2026-06-08,73495.0,73492.0,73594.0,73597.0,23.502204506782736,113.14285714285714,73662.0,73594.0,5000.0,-2326.718246171491,864.2289396745415,23.502204506782736,117.51102253391369,-3331.9604128866717,-3331.9604128867286,-0.6663920825773344,-0.4653436492342982,TRAILING_STOP,6,0.47474453103701125,0.3196299812922452,False
Si,SiM6,RBREAKER_2_1,BREAKOUT,SHORT,2026-06-08|Si|SiM6|BREAKOUT|-1|139,2026-06-08 15:03:00+00:00,2026-06-08 15:45:00+00:00,2026-06-08,73495.0,73492.0,73366.0,73368.0,19.39894314557743,143.28571428571428,73707.0,73574.0,5000.0,2502.4636657794886,712.2321975898753,19.39894314557743,77.5957725823097,1693.2367524617061,1693.236752461726,0.33864735049234124,0.5004927331558977,FORCE_CLOSE,41,0.6324055465458241,0.5160118876723596,False
Si,SiM6,RBREAKER_2_1,BREAKOUT,SHORT,2026-06-09|Si|SiM6|BREAKOUT|-1|140,2026-06-09 08:37:00+00:00,2026-06-09 09:04:00+00:00,2026-06-09,72120.0625,72117.0,72265.0,72268.0,14.319118744156011,204.5,72424.0,72265.0,5000.0,-2075.3772729811117,516.8664899687415,14.319118744156011,72.4905386422898,-2679.053420336348,-2679.053420336299,-0.5358106840672696,-0.41507545459622236,TRAILING_STOP,26,0.3264759073667571,0.45534797606416116,False
Si,SiM6,RBREAKER_2_1,BREAKOUT,SHORT,2026-06-09|Si|SiM6|BREAKOUT|-1|141,2026-06-09 10:03:00+00:00,2026-06-09 10:21:00+00:00,2026-06-09,72120.0625,72117.0,72330.0,72333.0,15.281944230072728,189.35714285714286,72402.0,72330.0,5000.0,-3208.2531668008933,551.8692110085015,15.281944230072728,77.3648426647432,-3852.769164704214,-3852.7691647042107,-0.7705538329408428,-0.6416506333601787,TRAILING_STOP,17,0.4676274934402255,0.22005999691304728,False
Si,SiM6,RBREAKER_2_1,BREAKOUT,LONG,2026-06-15|Si|SiM6|BREAKOUT|1|142,2026-06-15 07:20:00+00:00,2026-06-15 07:39:00+00:00,2026-06-15,73171.5125,73175.0,72930.0,72927.0,17.327268789256745,163.21428571428572,72930.0,72930.0,5000.0,-4184.752003465319,632.8871561619974,17.327268789256745,95.08338748109682,-4930.049815897649,-4930.04981589767,-0.9860099631795297,-0.8369504006930638,INITIAL_STOP,18,0.8386398094000264,0.017327268789256747,False
Si,SiM6,RBREAKER_2_1,REVERSAL,SHORT,2026-06-15|Si|SiM6|REVERSAL|-1|143,2026-06-15 11:57:00+00:00,2026-06-15 12:34:00+00:00,2026-06-15,72448.10500000001,72445.0,72433.0,72436.0,23.57974163339906,105.5,72551.0,72433.0,3500.0,356.17199737273984,854.0641368971224,23.57974163339906,120.37458103874924,-641.8464621965791,-641.8464621965309,-0.18338470348473687,0.1017634278207828,TRAILING_STOP,36,0.3638017280581569,0.794974146497454,False
Si,SiU6,RBREAKER_2_1,REVERSAL,SHORT,2026-06-19|Si|SiU6|REVERSAL|-1|144,2026-06-19 09:19:00+00:00,2026-06-19 10:07:00+00:00,2026-06-19,75177.29000000001,75174.0,75238.0,75241.0,20.329099072410326,127.71428571428571,75302.0,75238.0,3499.9999999999995,-1234.1796046858651,764.4503592441499,20.329099072410326,107.54093409321628,-2126.499997095688,-2126.499997095642,-0.6075714277416252,-0.3526227441959615,TRAILING_STOP,47,0.3543071552620086,0.3717320973240746,False
Si,SiU6,RBREAKER_2_1,BREAKOUT,LONG,2026-06-22|Si|SiU6|BREAKOUT|1|145,2026-06-22 15:31:00+00:00,2026-06-22 15:31:00+00:00,2026-06-22,76185.1875,76188.0,76039.0,76036.0,25.944509882263816,98.85714285714286,76039.0,76039.0,5000.0,-3792.763038413442,987.3442680794319,25.944509882263816,124.85795380839461,-4930.909770183549,-4930.909770183532,-0.9861819540367098,-0.7585526076826884,INITIAL_STOP,0,0.0,0.0,False
Si,SiU6,RBREAKER_2_1,BREAKOUT,LONG,2026-06-25|Si|SiU6|BREAKOUT|1|146,2026-06-25 09:09:00+00:00,2026-06-25 09:21:00+00:00,2026-06-25,76933.11249999999,76936.0,76894.0,76891.0,20.47141576216933,132.92857142857142,76736.0,76894.0,5000.0,-800.6882489976095,787.2641181118054,20.47141576216933,100.05404453784092,-1708.4778274093953,-1708.4778274094251,-0.34169556548187907,-0.16013764979952191,TRAILING_STOP,11,0.3111655195849738,0.6468967380845508,False
Si,SiU6,RBREAKER_2_1,BREAKOUT,LONG,2026-06-25|Si|SiU6|BREAKOUT|1|147,2026-06-25 09:23:00+00:00,2026-06-25 10:54:00+00:00,2026-06-25,76933.11249999999,76936.0,77401.0,77398.0,19.212812640491972,143.92857142857142,76720.0,77401.0,5000.0,8989.434874328412,741.297556514422,19.212812640491972,93.90262178062818,8135.021883392903,8135.021883392869,1.6270043766785807,1.7978869748656823,TRAILING_STOP,90,0.4073116279784298,2.6167850816350064,False
Si,SiU6,RBREAKER_2_1,BREAKOUT,LONG,2026-06-26|Si|SiU6|BREAKOUT|1|148,2026-06-26 09:14:00+00:00,2026-06-26 11:16:00+00:00,2026-06-26,79146.11249999999,79149.0,79527.0,79524.0,12.335034334567363,239.42857142857142,78789.0,79527.0,5000.0,4698.26039010767,489.30922574220176,12.335034334567363,60.287480310341586,4136.3286497205645,4136.328649720559,0.8272657299441128,0.9396520780215339,TRAILING_STOP,121,0.402122119306896,1.8206510677821428,False
Si,SiU6,RBREAKER_2_1,BREAKOUT,SHORT,2026-07-03|Si|SiU6|BREAKOUT|-1|149,2026-07-03 10:34:00+00:00,2026-07-03 10:57:00+00:00,2026-07-03,77911.04999999999,77908.0,77993.0,77996.0,15.820081378499776,180.64285714285714,78179.0,77993.0,5000.0,-1296.4556689682408,616.6034918084073,15.820081378499776,79.8914109612397,-2008.7706531164035,-2008.7706531163876,-0.4017541306232807,-0.25929113379364815,TRAILING_STOP,22,0.6106551412100913,0.5885070272801917,False
Si,SiU6,RBREAKER_2_1,BREAKOUT,SHORT,2026-07-03|Si|SiU6|BREAKOUT|-1|150,2026-07-03 11:06:00+00:00,2026-07-03 12:03:00+00:00,2026-07-03,77911.04999999999,77908.0,78243.0,78246.0,13.156025196420261,223.21428571428572,78243.0,78243.0,5000.0,-4367.142563951858,513.5914896304523,13.156025196420261,66.43792724176916,-4960.328006020448,-4960.3280060205,-0.9920656012040896,-0.8734285127903717,INITIAL_STOP,56,0.7735742815495114,0.005262410078568105,False
Si,SiU6,RBREAKER_2_1,REVERSAL,LONG,2026-07-03|Si|SiU6|REVERSAL|1|151,2026-07-03 14:53:00+00:00,2026-07-03 15:27:00+00:00,2026-07-03,79029.94,79033.0,79086.0,79083.0,15.241479468638786,183.64285714285714,78849.0,79086.0,3500.0,854.4373390118549,602.4804419158227,15.241479468638786,77.12188611127678,159.59353151612777,159.59353151611666,0.04559815186175079,0.2441249540033871,TRAILING_STOP,33,0.3135390062119979,1.0320658954478263,False
Si,SiU6,RBREAKER_2_1,REVERSAL,LONG,2026-07-09|Si|SiU6|REVERSAL|1|152,2026-07-09 12:47:00+00:00,2026-07-09 12:47:00+00:00,2026-07-09,77514.945,77518.0,77423.0,77420.0,25.02341476667703,94.5,77423.0,77423.0,3500.0,-2300.777870722294,969.2694592798514,25.02341476667703,126.49336164537758,-3421.5641064142264,-3421.5641064142005,-0.977589744689779,-0.6573651059206554,INITIAL_STOP,0,0.0,0.0,False
Si,SiU6,RBREAKER_2_1,BREAKOUT,LONG,2026-07-10|Si|SiU6|BREAKOUT|1|153,2026-07-10 14:10:00+00:00,2026-07-10 14:27:00+00:00,2026-07-10,78512.84999999999,78516.0,78363.0,78360.0,20.361788253690143,132.71428571428572,78316.0,78363.0,5000.0,-3051.21396981529,798.5689735214737,20.361788253690143,104.86320950668203,-3975.0079410970257,-3975.0079410971357,-0.7950015882194051,-0.610242793963058,TRAILING_STOP,16,0.6108536476107043,0.19140080958468733,False
Si,SiU6,RBREAKER_2_1,BREAKOUT,LONG,2026-07-14|Si|SiU6|BREAKOUT|1|154,2026-07-14 09:30:00+00:00,2026-07-14 09:50:00+00:00,2026-07-14,78576.51250000001,78580.0,78667.0,78664.0,19.899309493962406,136.64285714285714,78375.0,78667.0,5000.0,1800.6387678346916,782.2617555171562,19.899309493962406,109.19746084788704,889.2802419756229,889.2802419756861,0.17785604839512456,0.3601277535669383,TRAILING_STOP,19,0.26267088532030375,1.1621196744474045,False
Si,SiU6,RBREAKER_2_1,BREAKOUT,LONG,2026-07-28|Si|SiU6|BREAKOUT|1|155,2026-07-28 14:46:00+00:00,2026-07-28 15:02:00+00:00,2026-07-28,79782.8125,79786.0,79858.0,79855.0,29.365470904691428,82.28571428571429,79662.0,79858.0,5000.0,2207.916343646487,1171.9832851739611,29.365470904691428,152.3333803180868,854.2342072495248,854.2342072497476,0.17084684144990497,0.4415832687292974,TRAILING_STOP,15,0.3171470857706674,1.1511264594639041,False
Si,SiU6,RBREAKER_2_1,REVERSAL,SHORT,2026-07-30|Si|SiU6|REVERSAL|-1|156,2026-07-30 11:21:00+00:00,2026-07-30 11:21:00+00:00,2026-07-30,80541.6,80539.0,80688.0,80691.0,17.997680870263927,148.42857142857142,80688.0,80688.0,3500.0000000000005,-2634.860479406534,725.4415216781633,17.997680870263927,82.78933200331883,-3461.0890139581606,-3461.0890139582807,-0.9888825754166172,-0.7528172798304382,INITIAL_STOP,0,0.0,0.0,False
Si,SiU6,RBREAKER_2_1,BREAKOUT,LONG,2026-08-03|Si|SiU6|BREAKOUT|1|157,2026-08-03 08:04:00+00:00,2026-08-03 08:13:00+00:00,2026-08-03,80841.90000000001,80845.0,80761.99999999999,80759.0,27.082289536759998,91.85714285714286,80707.0,80762.0,5000.0,-2163.8749339873602,1094.1515795746407,27.082289536759998,138.11967663723954,-3423.228479735978,-3423.2284797360007,-0.6846456959471956,-0.43277498679747206,TRAILING_STOP,8,0.48748121166167996,0.29790518490435997,False
Si,SiU6,RBREAKER_2_1,BREAKOUT,LONG,2026-08-03|Si|SiU6|BREAKOUT|1|158,2026-08-03 09:36:00+00:00,2026-08-03 09:38:00+00:00,2026-08-03,80841.90000000001,80845.0,80779.0,80776.0,22.975565486107367,113.85714285714286,80674.0,80779.0,5000.0,-1445.163069076354,928.3334673575397,22.975565486107367,117.17538397894697,-2513.647485899021,-2513.647485898948,-0.5027294971798042,-0.2890326138152708,TRAILING_STOP,1,0.4319406311388185,0.4824868752082547,False
Si,SiU6,RBREAKER_2_1,BREAKOUT,LONG,2026-08-03|Si|SiU6|BREAKOUT|1|159,2026-08-03 10:00:00+00:00,2026-08-03 10:54:00+00:00,2026-08-03,80841.90000000001,80845.0,80762.0,80759.0,21.77486962296979,121.71428571428571,80662.0,80762.0,5000.0,-1739.812082875476,879.7265076376025,21.77486962296979,111.0518350769558,-2752.3652952129014,-2752.365295213004,-0.5504730590425803,-0.34796241657509525,TRAILING_STOP,53,0.35275288789211057,0.43549739245939584,False
Si,SiU6,RBREAKER_2_1,BREAKOUT,LONG,2026-08-03|Si|SiU6|BREAKOUT|1|160,2026-08-03 11:14:00+00:00,2026-08-03 12:34:00+00:00,2026-08-03,80841.90000000001,80845.0,80889.0,80886.0,23.40577420449816,110.92857142857143,80678.0,80889.0,5000.0,1102.411965031659,946.3598169669231,23.40577420449816,119.36944844273627,13.276925417482744,13.276925417501573,0.0026553850834965488,0.22048239300633182,TRAILING_STOP,79,0.22469543236318237,0.9877236714298224,False
Si,SiU6,RBREAKER_2_1,BREAKOUT,LONG,2026-08-03|Si|SiU6|BREAKOUT|1|161,2026-08-03 12:40:00+00:00,2026-08-03 13:53:00+00:00,2026-08-03,80842.0,80844.0,80935.0,80932.0,23.87523755861371,110.0,80679.0,80935.0,5000.0,2220.3970929510747,965.6101078205728,23.87523755861371,95.50095023445485,1135.410797337444,1135.4107973374332,0.22708215946748878,0.44407941859021494,TRAILING_STOP,72,0.014325142535168226,1.2224121630010218,False
Si,SiU6,RBREAKER_2_1,BREAKOUT,LONG,2026-08-07|Si|SiU6|BREAKOUT|1|162,2026-08-07 08:16:00+00:00,2026-08-07 08:54:00+00:00,2026-08-07,82866.875,82870.0,82794.0,82791.0,21.768944423884886,120.85714285714286,82688.0,82794.0,5000.0,-1586.4118248906111,901.5662755512985,21.768944423884886,111.56584017241003,-2621.3128850384037,-2621.3128850382045,-0.5242625770076808,-0.31728236497812223,TRAILING_STOP,37,0.3483031107821582,0.46150162178635956,False
Si,SiU6,RBREAKER_2_1,BREAKOUT,LONG,2026-08-07|Si|SiU6|BREAKOUT|1|163,2026-08-07 08:55:00+00:00,2026-08-07 11:55:00+00:00,2026-08-07,82866.875,82870.0,83182.0,83179.0,20.105756278022398,133.42857142857142,82669.0,83182.0,5000.0,6335.826447111808,834.6351810523353,20.105756278022398,103.0420009248648,5378.043508856599,5378.0435088565855,1.0756087017713198,1.2671652894223617,TRAILING_STOP,179,0.5227496632285824,2.062850594125098,False
Si,SiU6,RBREAKER_2_1,BREAKOUT,LONG,2026-08-07|Si|SiU6|BREAKOUT|1|164,2026-08-07 13:20:00+00:00,2026-08-07 15:45:00+00:00,2026-08-07,82866.875,82870.0,83210.0,83208.0,18.60915198094423,146.71428571428572,82649.0,83019.0,5000.0,6385.2652734614885,772.642685672814,18.60915198094423,76.76275192139494,5517.250683886385,5517.2506838863355,1.1034501367772769,1.2770530546922978,FORCE_CLOSE,144,0.2530844669408415,1.377077246589873,False
Si,SiU6,RBREAKER_2_1,REVERSAL,LONG,2026-08-11|Si|SiU6|REVERSAL|1|165,2026-08-11 09:47:00+00:00,2026-08-11 10:00:00+00:00,2026-08-11,83260.43500000001,83263.0,83176.0,83173.0,19.800691892750876,129.07142857142858,83133.0,83176.0,3500.0000000000005,-1671.8714199646622,823.8869889654712,19.800691892750876,90.39015849016572,-2605.9492593131986,-2605.94925931305,-0.7445569312323423,-0.477677548561332,TRAILING_STOP,12,0.3903564973142315,0.24326564325379646,False
Si,SiU6,RBREAKER_2_1,BREAKOUT,LONG,2026-08-13|Si|SiU6|BREAKOUT|1|166,2026-08-13 07:23:00+00:00,2026-08-13 07:37:00+00:00,2026-08-13,84278.76250000001,84282.0,84234.0,84231.0,27.083243055859896,90.42857142857143,84146.0,84234.0,5000.0,-1212.3136672882438,1140.9696342680297,27.083243055859896,141.8484855047509,-2522.215030117023,-2522.2150301168845,-0.5044430060234046,-0.24246273345764877,TRAILING_STOP,13,0.30333232222563083,0.47666507778313416,False
Si,SiU6,RBREAKER_2_1,BREAKOUT,LONG,2026-08-13|Si|SiU6|BREAKOUT|1|167,2026-08-13 07:59:00+00:00,2026-08-13 08:17:00+00:00,2026-08-13,84278.76250000001,84282.0,84157.0,84154.0,23.739886808222323,107.35714285714286,84120.0,84157.0,5000.0,-2890.627967486447,999.6628936074338,23.739886808222323,124.33765715778804,-4038.3684050598313,-4038.3684050598913,-0.8076736810119662,-0.5781255934972893,TRAILING_STOP,17,0.37034223420826823,0.1756751623808452,False
Si,SiU6,RBREAKER_2_1,BREAKOUT,LONG,2026-08-13|Si|SiU6|BREAKOUT|1|168,2026-08-13 08:28:00+00:00,2026-08-13 12:19:00+00:00,2026-08-13,84278.76250000001,84282.0,84578.0,84575.0,21.131284443995725,124.78571428571429,84094.0,84578.0,5000.0,6323.272728809925,892.0413243399465,21.131284443995725,110.6751022751816,5299.425017750683,5299.425017750802,1.0598850035501366,1.2646545457619849,TRAILING_STOP,230,0.24089664266155128,2.045508334178786,False
Si,SiU6,RBREAKER_2_1,BREAKOUT,LONG,2026-08-17|Si|SiU6|BREAKOUT|1|169,2026-08-17 09:25:00+00:00,2026-08-17 10:33:00+00:00,2026-08-17,85700.0125,85703.0,85801.0,85798.0,17.74141182606993,154.78571428571428,85470.0,85801.0,5000.0,1791.6608267852885,760.6674673957048,17.74141182606993,88.4852914825754,924.7666560807968,924.7666560809384,0.18495333121615937,0.3583321653570577,TRAILING_STOP,67,0.2093486595476252,1.174481462885829,False
Si,SiU6,RBREAKER_2_1,BREAKOUT,LONG,2026-08-17|Si|SiU6|BREAKOUT|1|170,2026-08-17 15:01:00+00:00,2026-08-17 15:12:00+00:00,2026-08-17,85700.0125,85703.0,85624.0,85621.0,22.95404829072618,112.14285714285714,85534.0,85624.0,5000.0,-1744.7945956987571,983.144842340093,22.95404829072618,114.48331585006365,-2865.3768021796773,-2865.3768021796404,-0.5730753604359354,-0.3489589191397514,TRAILING_STOP,10,0.13313348008621184,0.4131728692330713,False
Si,SiU6,RBREAKER_2_1,BREAKOUT,LONG,2026-08-17|Si|SiU6|BREAKOUT|1|171,2026-08-17 15:14:00+00:00,2026-08-17 15:18:00+00:00,2026-08-17,85700.0125,85703.0,85591.0,85588.0,22.74521042731367,113.57142857142857,85532.0,85591.0,5000.0,-2479.512251707465,974.0124598262464,22.74521042731367,113.44173700629312,-3589.7116589674824,-3589.7116589673187,-0.7179423317934965,-0.495902450341493,TRAILING_STOP,3,0.3002367776405404,0.2683934830423013,False
Si,SiU6,RBREAKER_2_1,BREAKOUT,SHORT,2026-08-19|Si|SiU6|BREAKOUT|-1|172,2026-08-19 13:15:00+00:00,2026-08-19 13:19:00+00:00,2026-08-19,84813.8375,84811.0,84809.99999999999,84813.0,25.24226261545328,100.0,84961.0,84810.0,5000.0,96.86718278665504,1070.423388470912,25.24226261545328,122.1094454021083,-1120.9079137016251,-1120.9079137018184,-0.22418158274032504,0.01937343655733101,TRAILING_STOP,3,0.6007658502477881,0.762316330986689,False
Si,SiU6,RBREAKER_2_1,BREAKOUT,SHORT,2026-08-19|Si|SiU6|BREAKOUT|-1|173,2026-08-19 13:28:00+00:00,2026-08-19 14:40:00+00:00,2026-08-19,84813.8375,84811.0,84852.0,84855.0,20.48504489297686,130.28571428571428,85007.0,84852.0,5000.0,-781.7605257283486,868.903906702953,20.48504489297686,99.09640466965632,-1770.2458819939798,-1770.2458819939347,-0.35404917639879596,-0.15635210514566972,TRAILING_STOP,71,0.561290230067566,0.6350363916822827,False
Si,SiU6,RBREAKER_2_1,BREAKOUT,SHORT,2026-08-19|Si|SiU6|BREAKOUT|-1|174,2026-08-19 14:41:00+00:00,2026-08-19 15:45:00+00:00,2026-08-19,84813.8375,84811.0,83969.0,83971.0,18.309619324705398,149.78571428571428,85036.0,84109.0,5000.0,15468.65301623569,772.5835422156067,18.309619324705398,70.2631641584504,14607.49669053688,14607.496690536927,2.921499338107376,3.093730603247138,FORCE_CLOSE,63,0.14647695459764318,3.394603422800381,False
Si,SiU6,RBREAKER_2_1,BREAKOUT,LONG,2026-08-24|Si|SiU6|BREAKOUT|1|175,2026-08-24 13:54:00+00:00,2026-08-24 13:56:00+00:00,2026-08-24,84226.875,84230.0,84082.0,84079.0,25.462786138059226,98.57142857142857,84082.0,84082.0,5000.0,-3688.92114175133,1071.4040180276525,25.462786138059226,130.49677895755354,-4916.2847248743665,-4916.284724874596,-0.9832569449748733,-0.737784228350266,INITIAL_STOP,1,0.5550887378096911,0.045833015048506606,False
Si,SiU6,RBREAKER_2_1,BREAKOUT,LONG,2026-08-24|Si|SiU6|BREAKOUT|1|176,2026-08-24 14:00:00+00:00,2026-08-24 14:21:00+00:00,2026-08-24,84226.875,84230.0,84313.0,84310.0,23.881737635230337,107.28571428571429,84069.0,84313.0,5000.0,2056.8146538342125,1006.2570152604303,23.881737635230337,122.39390538055548,904.2819955579189,904.2819955579964,0.18085639911158377,0.4113629307668425,TRAILING_STOP,20,0.353449717001409,1.1654287965992405,False
Si,SiU6,RBREAKER_2_1,BREAKOUT,LONG,2026-08-27|Si|SiU6|BREAKOUT|1|177,2026-08-27 10:02:00+00:00,2026-08-27 12:15:00+00:00,2026-08-27,86548.875,86552.0,86751.0,86748.0,18.147107713972545,150.57142857142858,86326.0,86751.0,5000.0,3667.9841466867006,786.2234417078605,18.147107713972545,93.0039270341093,2770.609670230694,2770.609670230758,0.5541219340461389,0.7335968293373402,TRAILING_STOP,132,0.5553014960475599,1.5425041556876664,False
Si,SiU6,RBREAKER_2_1,BREAKOUT,LONG,2026-08-27|Si|SiU6|BREAKOUT|1|178,2026-08-27 12:31:00+00:00,2026-08-27 13:51:00+00:00,2026-08-27,86548.875,86552.0,86798.0,86795.0,18.27979789855443,148.85714285714286,86328.0,86798.0,4999.999999999999,4553.954651477373,792.1870315801788,18.27979789855443,93.68396423009145,3649.8038577686093,3649.803857768548,0.729960771553722,0.9107909302954748,TRAILING_STOP,79,0.3509721196522451,1.7183010024641168,False
Si,SiU6,RBREAKER_2_1,BREAKOUT,LONG,2026-08-27|Si|SiU6|BREAKOUT|1|179,2026-08-27 14:55:00+00:00,2026-08-27 15:06:00+00:00,2026-08-27,86548.875,86552.0,86332.0,86329.0,17.210163634235833,160.14285714285714,86311.0,86332.0,5000.0,-3732.4542381748965,743.8275748125814,17.210163634235833,88.20208862545864,-4581.694065247204,-4581.694065247172,-0.9163388130494408,-0.7464908476349793,TRAILING_STOP,10,0.6952906108231276,0.13768130907388668,False
Si,SiU6,RBREAKER_2_1,BREAKOUT,LONG,2026-08-27|Si|SiU6|BREAKOUT|1|180,2026-08-27 15:14:00+00:00,2026-08-27 15:27:00+00:00,2026-08-27,86548.875,86552.0,86320.0,86317.0,16.86192779048043,164.64285714285714,86305.0,86320.0,5000.0,-3859.273723046208,728.7261488031403,16.86192779048043,86.41737992621219,-4691.279179566194,-4691.279179566041,-0.9382558359132388,-0.7718547446092416,TRAILING_STOP,12,0.7520419794554271,0.05058578337144129,False
Si,SiU6,RBREAKER_2_1,BREAKOUT,SHORT,2026-09-10|Si|SiU6|BREAKOUT|-1|181,2026-09-10 14:35:00+00:00,2026-09-10 15:04:00+00:00,2026-09-10,83995.29999999999,83992.0,84123.0,84126.0,25.176740719856323,99.92857142857143,84142.0,84123.0,5000.0,-3215.0697899259453,1058.1658240852012,25.176740719856323,133.43672581494542,-4431.849080546021,-4431.849080545948,-0.8863698161092041,-0.643013957985189,TRAILING_STOP,28,0.6394892142843506,0.09567161473545402,False
Si,SiZ6,RBREAKER_2_1,BREAKOUT,SHORT,2026-09-21|Si|SiZ6|BREAKOUT|-1|182,2026-09-21 10:02:00+00:00,2026-09-21 10:23:00+00:00,2026-09-21,85244.5125,85242.0,85300.0,85303.0,26.364911466628104,94.28571428571429,85384.0,85300.0,5000.0,-1462.9230250046037,1124.1009565190225,26.364911466628104,118.97166299308259,-2732.3605559835023,-2732.3605559833372,-0.5464721111967005,-0.29258460500092076,TRAILING_STOP,20,0.416565601172724,0.4429305126393521,False
Si,SiZ6,RBREAKER_2_1,BREAKOUT,SHORT,2026-09-21|Si|SiZ6|BREAKOUT|-1|183,2026-09-21 12:12:00+00:00,2026-09-21 13:17:00+00:00,2026-09-21,85244.5125,85242.0,85148.0,85151.0,25.55636200075723,98.14285714285714,85390.0,85148.0,5000.0,2466.5083875980076,1088.6562975987567,25.55636200075723,115.32308352834261,1236.9726444699095,1236.9726444701512,0.2473945288939819,0.4933016775196015,TRAILING_STOP,64,0.12778181000378616,1.23692792083665,False
Si,SiZ6,RBREAKER_2_1,BREAKOUT,SHORT,2026-09-21|Si|SiZ6|BREAKOUT|-1|184,2026-09-21 13:43:00+00:00,2026-09-21 14:35:00+00:00,2026-09-21,85244.5125,85242.0,84728.00000000001,84731.0,26.932979972636936,91.78571428571429,85380.0,84728.0,5000.0,13911.220818116557,1144.4698512222544,26.932979972636936,121.5350721264458,12618.282914795082,12618.28291479522,2.5236565829590165,2.7822441636233113,TRAILING_STOP,51,0.5332730034582113,3.5120605884318565,False
RI,RIZ5,RBREAKER_2_1,BREAKOUT,SHORT,2025-10-23|RI|RIZ5|BREAKOUT|-1|1,2025-10-23 07:19:00+00:00,2025-10-23 11:24:00+00:00,2025-10-23,100556.875,100530.0,100210.0,100240.0,2.5295576692491175,701.4285714285714,101590.0,100210.0,5000.0,1489.9936856483807,215.60074397666693,42.95477291959296,201.35049806059197,1030.0876706914996,1030.087670691529,0.20601753413829993,0.29799873712967617,TRAILING_STOP,239,0.5841849117064642,1.1855517325807658,False
RI,RIZ5,RBREAKER_2_1,BREAKOUT,SHORT,2025-10-27|RI|RIZ5|BREAKOUT|-1|2,2025-10-27 13:30:00+00:00,2025-10-27 14:03:00+00:00,2025-10-27,98162.75,98130.0,98670.0,98700.0,4.498320366000339,360.0,98670.0,98670.0,5000.0,-3874.7106857225795,375.87940082344767,76.386607899903,402.9393566719883,-4729.916051117914,-4729.916051117918,-0.9459832102235829,-0.7749421371445159,INITIAL_STOP,32,0.7180341142590881,0.0,False
RI,RIZ5,RBREAKER_2_1,BREAKOUT,LONG,2025-11-03|RI|RIZ5|BREAKOUT|1|3,2025-11-03 11:17:00+00:00,2025-11-03 11:26:00+00:00,2025-11-03,101630.75,101660.0,101610.0,101580.0,8.94070710342517,145.71428571428572,101440.0,101610.0,5000.0,-315.03355297118384,771.4146904320893,151.8233990222573,747.7302401846172,-1986.0018826103137,-1986.0018826101477,-0.39720037652206275,-0.06300671059423676,TRAILING_STOP,8,0.24291743843561167,0.5161995566756747,False
RI,RIZ5,RBREAKER_2_1,BREAKOUT,LONG,2025-11-03|RI|RIZ5|BREAKOUT|1|4,2025-11-03 12:33:00+00:00,2025-11-03 13:21:00+00:00,2025-11-03,101650.0,101670.0,101670.0,101640.0,8.160081672706395,175.0,101400.0,101670.0,5000.0,277.134978591323,704.3039062175233,138.5674892956615,554.2699571826458,-1120.006374104552,-1120.0063741045076,-0.2240012748209104,0.05542699571826459,TRAILING_STOP,45,0.22170798287305837,0.748264442196572,False
RI,RIZ5,RBREAKER_2_1,BREAKOUT,LONG,2025-11-03|RI|RIZ5|BREAKOUT|1|5,2025-11-03 13:56:00+00:00,2025-11-03 15:02:00+00:00,2025-11-03,101630.75,101660.0,102050.0,102020.0,9.518776291892191,132.85714285714286,101460.0,102050.0,5000.0,6776.743283871593,823.0692141079107,161.63967284130217,796.0753887434131,4995.959008178904,4995.959008178967,0.9991918016357808,1.3553486567743187,TRAILING_STOP,65,0.16163967284130215,1.9073481395273655,False
RI,RIZ5,RBREAKER_2_1,BREAKOUT,LONG,2025-11-07|RI|RIZ5|BREAKOUT|1|6,2025-11-07 08:00:00+00:00,2025-11-07 15:22:00+00:00,2025-11-07,100199.125,100230.0,100580.0,100550.0,4.734858965162876,333.57142857142856,99720.0,100580.0,5000.0,3062.3608017817373,403.5843792462995,80.40330296768592,409.05180384810205,2169.3213157196396,2169.3213157196496,0.43386426314392795,0.6124721603563474,TRAILING_STOP,431,0.5145811389931899,1.3829368110441975,False
RI,RIZ5,RBREAKER_2_1,REVERSAL,LONG,2025-11-11|RI|RIZ5|REVERSAL|1|7,2025-11-11 13:07:00+00:00,2025-11-11 13:18:00+00:00,2025-11-11,100544.40000000001,100570.0,100590.0,100560.0,7.591985373997977,170.0,100400.0,100590.0,3500.0,587.8777833028702,648.2448385730752,128.920566513812,587.8777833028701,-777.1654050869597,-777.1654050868871,-0.2220472585962742,0.16796508094367718,TRAILING_STOP,10,0.18417223787687428,0.6998545039321223,False
RI,RIZ5,RBREAKER_2_1,BREAKOUT,LONG,2025-11-18|RI|RIZ5|BREAKOUT|1|8,2025-11-18 08:31:00+00:00,2025-11-18 10:36:00+00:00,2025-11-18,100459.125,100490.0,99690.00000000001,99660.0,3.060767540757501,560.7142857142857,99640.0,99690.0,5000.0,-3997.5519623282867,260.0715180432331,51.97532211705882,264.42445127053674,-4574.023253759095,-4574.023253759115,-0.9148046507518189,-0.7995103924656574,TRAILING_STOP,124,0.8212100894495293,0.05197532211705883,False
RI,RIZ5,RBREAKER_2_1,BREAKOUT,LONG,2025-11-18|RI|RIZ5|BREAKOUT|1|9,2025-11-18 14:28:00+00:00,2025-11-18 14:34:00+00:00,2025-11-18,100459.125,100490.0,100300.0,100270.0,6.6617112645414815,218.57142857142858,100160.0,100300.0,5000.0,-1800.0769239471038,567.766603694612,113.12345162275594,575.5155601307707,-3056.482539395202,-3056.4825393952424,-0.6112965078790403,-0.36001538478942074,TRAILING_STOP,5,0.2714962838946142,0.31674566454371655,False
RI,RIZ5,RBREAKER_2_1,BREAKOUT,LONG,2025-11-19|RI|RIZ5|BREAKOUT|1|10,2025-11-19 11:54:00+00:00,2025-11-19 12:07:00+00:00,2025-11-19,102762.625,102790.0,102629.99999999999,102600.00000000001,5.200863860620533,302.14285714285717,102330.0,102630.0,5000.0,-1171.298872197052,453.48364818200287,88.31659733813775,418.39987988942767,-2131.498997606595,-2131.4989976066204,-0.42629979952131897,-0.23425977443941043,TRAILING_STOP,12,0.5828895424317092,0.5298995840288265,False
RI,RIZ5,RBREAKER_2_1,BREAKOUT,LONG,2025-11-19|RI|RIZ5|BREAKOUT|1|11,2025-11-19 12:08:00+00:00,2025-11-19 13:17:00+00:00,2025-11-19,102762.625,102790.0,104790.0,104760.0,4.778815165863574,335.7142857142857,102280.0,104790.0,5000.0,16452.09325726899,421.0656582460298,81.14972936565258,384.44684286977906,15565.431026787586,15565.431026787528,3.1130862053575172,3.290418651453798,TRAILING_STOP,68,0.2921390257163492,4.073716414155759,False
RI,RIZ5,RBREAKER_2_1,BREAKOUT,LONG,2025-11-21|RI|RIZ5|BREAKOUT|1|12,2025-11-21 14:05:00+00:00,2025-11-21 14:41:00+00:00,2025-11-21,106452.625,106480.0,106460.0,106430.0,4.1009527575189235,400.7142857142857,105870.0,106460.0,5000.0,51.35865402025098,370.6702043203945,69.6388529088149,329.9140656555105,-718.864468864473,-718.8644688644689,-0.1437728937728946,0.010271730804050196,TRAILING_STOP,35,0.33426649396231145,0.8217384643240156,False
RI,RIZ5,RBREAKER_2_1,REVERSAL,LONG,2025-11-25|RI|RIZ5|REVERSAL|1|13,2025-11-25 12:44:00+00:00,2025-11-25 12:44:00+00:00,2025-11-25,107950.85,107980.0,107570.0,107540.0,3.9462944901486803,400.7142857142857,107570.0,107570.0,3500.0,-2552.174079534454,361.06377682897283,67.01257921844336,329.3668268586101,-3309.617262440531,-3309.6172624404808,-0.9456049321258659,-0.7291925941527011,INITIAL_STOP,0,0.0,0.0,False
RI,RIZ5,RBREAKER_2_1,BREAKOUT,SHORT,2025-11-27|RI|RIZ5|BREAKOUT|-1|14,2025-11-27 14:24:00+00:00,2025-11-27 14:47:00+00:00,2025-11-27,106145.75,106120.0,105910.0,105940.0,4.791140117109822,335.0,106630.0,105910.0,5000.0,1918.0389221556889,431.32485029940125,81.35902108825827,372.21752147878163,1033.1375292892465,1033.1375292892476,0.20662750585784928,0.38360778443113774,TRAILING_STOP,22,0.14644623795886488,1.171569903670919,False
RI,RIZ5,RBREAKER_2_1,BREAKOUT,LONG,2025-11-28|RI|RIZ5|BREAKOUT|1|15,2025-11-28 15:25:00+00:00,2025-11-28 15:35:00+00:00,2025-11-28,109634.875,109660.0,109720.0,109700.0,3.7505006755630146,447.14285714285717,108980.0,109250.0,5000.0,542.142202068579,349.2637692973964,63.68777704183013,223.7033168594283,-94.51266113008069,-94.51266113007586,-0.018902532226016136,0.1084284404137158,FORCE_CLOSE,9,0.1528506649003923,0.3439139960258827,False
RI,RIZ5,RBREAKER_2_1,BREAKOUT,LONG,2025-12-05|RI|RIZ5|BREAKOUT|1|16,2025-12-05 09:27:00+00:00,2025-12-05 10:16:00+00:00,2025-12-05,112642.375,112670.0,112520.0,112490.0,4.257528822011772,386.42857142857144,112090.0,112520.0,5000.0,-884.7430178503002,406.963713787893,72.29769298061699,344.31776282018836,-1708.3221874390051,-1708.3221874389988,-0.341664437487801,-0.17694860357006004,TRAILING_STOP,48,0.3036503105185913,0.621760159633306,False
RI,RIZ5,RBREAKER_2_1,BREAKOUT,LONG,2025-12-05|RI|RIZ5|BREAKOUT|1|17,2025-12-05 14:44:00+00:00,2025-12-05 15:00:00+00:00,2025-12-05,112642.375,112670.0,112370.0,112339.99999999999,5.5389882528118966,277.14285714285717,112250.0,112370.0,5000.0,-2561.91389900016,529.1016488426123,94.05833497935421,447.9528203391744,-3633.026703161403,-3633.026703161301,-0.7266053406322805,-0.512382779800032,TRAILING_STOP,15,0.5079150088885127,0.2257400039504501,False
RI,RIZ5,RBREAKER_2_1,BREAKOUT,SHORT,2025-12-09|RI|RIZ5|BREAKOUT|-1|18,2025-12-09 14:52:00+00:00,2025-12-09 15:14:00+00:00,2025-12-09,110565.25,110540.0,110390.00000000001,110420.0,5.495722176252892,285.0,110970.0,110390.0,5000.0,1635.4965750228644,515.5197192825281,93.32362767605504,422.28941523414903,604.3638128301425,604.3638128301321,0.1208727625660285,0.3270993150045729,TRAILING_STOP,21,0.3732945107042201,1.0825540810422385,False
RI,RIH6,RBREAKER_2_1,BREAKOUT,SHORT,2026-01-08|RI|RIH6|BREAKOUT|-1|19,2026-01-08 12:08:00+00:00,2026-01-08 12:08:00+00:00,2026-01-08,107791.125,107760.0,108010.0,108040.0,8.042069948846072,164.28571428571428,108010.0,108010.0,5000.0,-2989.0339496900015,736.7601671537434,136.56351569114798,698.1809739709939,-4560.538606505999,-4560.5386065058865,-0.9121077213011999,-0.5978067899380003,INITIAL_STOP,0,0.0,0.0,False
RI,RIH6,RBREAKER_2_1,REVERSAL,LONG,2026-01-13|RI|RIH6|REVERSAL|1|20,2026-01-13 13:31:00+00:00,2026-01-13 13:35:00+00:00,2026-01-13,109945.65000000001,109980.0,109810.00000000001,109780.0,7.0179786484382545,167.85714285714286,109810.0,109810.0,3500.0,-1616.5855153395037,654.7379890360974,119.17327794614079,647.706765637171,-3038.203547959025,-3038.203547958913,-0.8680581565597214,-0.46188157581128675,INITIAL_STOP,3,0.4085940958153398,0.0,False
RI,RIH6,RBREAKER_2_1,BREAKOUT,LONG,2026-01-14|RI|RIH6|BREAKOUT|1|21,2026-01-14 11:11:00+00:00,2026-01-14 11:34:00+00:00,2026-01-14,110601.0,110630.0,110260.00000000001,110230.0,5.968687492516976,247.14285714285714,110250.0,110260.0,5000.0,-3456.2095212997783,559.6322836321621,101.35511792667971,496.64007784073056,-4613.8370006994055,-4613.837000699351,-0.9227674001398811,-0.6912419042599557,TRAILING_STOP,22,0.6689437783160861,0.020271023585335942,False
RI,RIH6,RBREAKER_2_1,BREAKOUT,LONG,2026-01-14|RI|RIH6|BREAKOUT|1|22,2026-01-14 13:45:00+00:00,2026-01-14 13:53:00+00:00,2026-01-14,110601.0,110630.0,110490.00000000001,110459.99999999999,7.123968572084274,195.71428571428572,110330.0,110490.0,5000.0,-1342.8014952276108,668.6486094141271,120.97310767816315,592.7682276229993,-2725.1914399430025,-2725.1914399429,-0.5450382879886005,-0.26856029904552214,TRAILING_STOP,7,0.2661408368919589,0.38711394457012205,False
RI,RIH6,RBREAKER_2_1,BREAKOUT,LONG,2026-01-14|RI|RIH6|BREAKOUT|1|23,2026-01-14 14:00:00+00:00,2026-01-14 14:43:00+00:00,2026-01-14,110601.0,110630.0,110620.0,110600.0,6.795156111307043,208.57142857142858,110310.0,110630.0,5000.0,219.2400447711249,638.1904619041574,115.38949724796048,450.0190392670459,-984.3589536480986,-984.3589536480388,-0.19687179072961972,0.04384800895422498,TRAILING_STOP,42,0.16154529614714466,0.738492782386947,False
RI,RIH6,RBREAKER_2_1,BREAKOUT,LONG,2026-01-16|RI|RIH6|BREAKOUT|1|24,2026-01-16 08:21:00+00:00,2026-01-16 09:13:00+00:00,2026-01-16,111887.375,111920.0,111519.99999999999,111500.0,5.440481643670686,277.85714285714283,111500.0,111520.0,5000.0,-3394.015262097892,516.0196596515216,92.38558045860202,393.7935367047911,-4396.214038912946,-4396.214038912806,-0.8792428077825892,-0.6788030524195784,TRAILING_STOP,51,0.7206075275770958,0.03695423218344081,False
RI,RIH6,RBREAKER_2_1,BREAKOUT,LONG,2026-01-16|RI|RIH6|BREAKOUT|1|25,2026-01-16 10:02:00+00:00,2026-01-16 10:48:00+00:00,2026-01-16,111887.375,111920.0,111690.0,111660.0,6.9904396153249255,196.42857142857142,111620.0,111690.0,5000.0,-2342.952446523112,663.5051399539423,118.70563376937871,624.6883977113555,-3749.8516179579156,-3749.851617957788,-0.7499703235915831,-0.4685904893046224,TRAILING_STOP,45,0.4985636618313905,0.1661878872771302,False
RI,RIH6,RBREAKER_2_1,BREAKOUT,LONG,2026-01-16|RI|RIH6|BREAKOUT|1|26,2026-01-16 13:42:00+00:00,2026-01-16 13:44:00+00:00,2026-01-16,111887.375,111920.0,111700.0,111670.0,8.151610061656687,154.28571428571428,111680.0,111700.0,5000.0,-2593.7127986489854,773.7534951967,138.42363168240084,728.4543617286342,-4234.344287256719,-4234.34428725672,-0.8468688574513439,-0.5187425597297971,TRAILING_STOP,1,0.4983250740566429,0.05536945267296033,False
RI,RIH6,RBREAKER_2_1,BREAKOUT,LONG,2026-01-16|RI|RIH6|BREAKOUT|1|27,2026-01-16 13:46:00+00:00,2026-01-16 13:57:00+00:00,2026-01-16,111887.375,111920.0,111920.0,111890.0,8.151610061656687,154.28571428571428,111680.0,111920.0,5000.0,451.6070983638327,774.5148251709531,138.42363168240084,728.4543617286342,-1189.7857202180369,-1189.7857202181556,-0.23795714404360738,0.09032141967276654,TRAILING_STOP,10,0.24916253702832145,0.6644334320755239,False
RI,RIH6,RBREAKER_2_1,BREAKOUT,LONG,2026-01-16|RI|RIH6|BREAKOUT|1|28,2026-01-16 14:34:00+00:00,2026-01-16 15:01:00+00:00,2026-01-16,111887.375,111920.0,111620.0,111590.0,6.9904396153249255,197.85714285714286,111620.0,111620.0,5000.0,-3173.891882908763,663.2974050948458,118.70563376937871,624.6883977113555,-4580.583319484337,-4580.583319484343,-0.9161166638968674,-0.6347783765817526,INITIAL_STOP,26,0.6172692956007693,0.0,False
RI,RIH6,RBREAKER_2_1,BREAKOUT,LONG,2026-01-21|RI|RIH6|BREAKOUT|1|29,2026-01-21 10:28:00+00:00,2026-01-21 14:05:00+00:00,2026-01-21,113540.125,113570.0,114450.0,114420.0,5.8129113888892405,253.57142857142858,113180.0,114450.0,5000.0,8981.363578035081,562.6215365177134,98.70986210232263,492.3154372353341,7827.716742179734,7827.71674217971,1.565543348435947,1.7962727156070162,TRAILING_STOP,210,0.27638761388650335,2.5072304973989947,False
RI,RIH6,RBREAKER_2_1,BREAKOUT,SHORT,2026-01-26|RI|RIH6|BREAKOUT|-1|30,2026-01-26 09:41:00+00:00,2026-01-26 13:20:00+00:00,2026-01-26,115107.375,115080.0,115199.99999999999,115230.0,5.145019256619916,302.85714285714283,115540.0,115200.0,5000.0,-809.24880742281,503.04478498663264,87.36829229935871,413.9072847682119,-1813.5691694770467,-1813.5691694770132,-0.36271383389540934,-0.161849761484562,TRAILING_STOP,213,0.6465253630152544,0.5941043876356392,False
RI,RIH6,RBREAKER_2_1,BREAKOUT,SHORT,2026-01-26|RI|RIH6|BREAKOUT|-1|31,2026-01-26 13:32:00+00:00,2026-01-26 14:04:00+00:00,2026-01-26,115107.375,115080.0,114810.0,114840.0,7.141679571105318,193.57142857142858,115380.0,114810.0,5000.0,3606.38143054646,697.0821509131921,121.27386063207935,574.5349147444758,2213.4905042566825,2213.4905042567125,0.4426981008513365,0.721276286109292,TRAILING_STOP,31,0.12127386063207934,1.3825220112057044,False
RI,RIH6,RBREAKER_2_1,BREAKOUT,SHORT,2026-01-26|RI|RIH6|BREAKOUT|-1|32,2026-01-26 14:29:00+00:00,2026-01-26 15:35:00+00:00,2026-01-26,115107.375,115080.0,114240.0,114260.0,6.811268061650771,211.42857142857142,115400.0,114370.0,5000.0,10032.327835480812,663.1543639686322,115.66309653242037,432.29082328992115,8821.219551689805,8821.21955168984,1.764243910337961,2.0064655670961624,FORCE_CLOSE,65,0.3469892895972611,2.3826597885678593,False
RI,RIH6,RBREAKER_2_1,BREAKOUT,LONG,2026-01-29|RI|RIH6|BREAKOUT|1|33,2026-01-29 07:31:00+00:00,2026-01-29 07:47:00+00:00,2026-01-29,118118.875,118150.0,117720.0,117689.99999999999,4.816493796869115,324.2857142857143,117660.0,117720.0,5000.0,-3262.380893959841,482.2312190733244,81.789555473766,418.14910235962867,-4244.550770866652,-4244.550770866561,-0.8489101541733304,-0.6524761787919683,TRAILING_STOP,15,0.6706743548848811,0.0981474665685192,False
RI,RIH6,RBREAKER_2_1,BREAKOUT,LONG,2026-01-29|RI|RIH6|BREAKOUT|1|34,2026-01-29 10:10:00+00:00,2026-01-29 12:06:00+00:00,2026-01-29,118118.875,118150.0,118410.0,118380.00000000001,5.439325858534174,279.2857142857143,117730.0,118410.0,5000.0,2689.003833187087,546.1829769546944,92.36595390938899,472.2209393617512,1578.2339629614416,1578.233962961252,0.31564679259228834,0.5378007666374174,TRAILING_STOP,110,0.42488338798318936,1.2561769731676902,False
RI,RIH6,RBREAKER_2_1,BREAKOUT,SHORT,2026-02-02|RI|RIH6|BREAKOUT|-1|35,2026-02-02 07:19:00+00:00,2026-02-02 07:29:00+00:00,2026-02-02,113484.5,113450.0,114040.0,114070.0,4.057243543175462,396.42857142857144,114050.0,114040.0,5000.0,-3827.207275483138,391.8839780908747,68.89662062075855,375.48658238313413,-4663.474456577953,-4663.474456577906,-0.9326948913155906,-0.7654414550966275,TRAILING_STOP,9,0.7440835027041924,0.09645526886906197,False
RI,RIH6,RBREAKER_2_1,BREAKOUT,SHORT,2026-02-02|RI|RIH6|BREAKOUT|-1|36,2026-02-02 07:40:00+00:00,2026-02-02 09:09:00+00:00,2026-02-02,113484.5,113450.0,114040.0,114070.0,3.113424167036942,545.7142857142857,114270.0,114040.0,5000.0,-2936.9002617039837,300.7216685611568,52.86949165983769,288.1387295461154,-3578.6301514710667,-3578.630151471094,-0.7157260302942133,-0.5873800523407967,TRAILING_STOP,88,0.5709905099262471,0.24319966163525336,False
RI,RIH6,RBREAKER_2_1,BREAKOUT,LONG,2026-02-04|RI|RIH6|BREAKOUT|1|37,2026-02-04 10:35:00+00:00,2026-02-04 11:19:00+00:00,2026-02-04,116354.875,116380.0,116120.0,116090.0,6.422744678411596,227.85714285714286,116030.0,116120.0,5000.0,-2561.676555274409,633.8615740336795,109.06552656836229,492.15818863973476,-3796.7618445162275,-3796.7618445161856,-0.7593523689032455,-0.5123353110548818,TRAILING_STOP,37,0.5453276328418114,0.1963179478230521,False
RI,RIH6,RBREAKER_2_1,BREAKOUT,SHORT,2026-02-05|RI|RIH6|BREAKOUT|-1|38,2026-02-05 11:44:00+00:00,2026-02-05 11:59:00+00:00,2026-02-05,113447.5,113420.0,113700.0,113730.0,5.537686088978977,278.57142857142856,113840.0,113700.0,5000.0,-2374.4146245133625,534.0081999586241,94.03622275300447,446.6720580767712,-3449.1311053017844,-3449.131105301762,-0.6898262210603568,-0.4748829249026725,TRAILING_STOP,14,0.37614489101201787,0.2633014237084125,False
RI,RIH6,RBREAKER_2_1,BREAKOUT,SHORT,2026-02-05|RI|RIH6|BREAKOUT|-1|39,2026-02-05 12:07:00+00:00,2026-02-05 12:31:00+00:00,2026-02-05,113447.5,113420.0,113480.00000000001,113510.0,5.150238880500624,305.0,113880.0,113480.0,5000.0,-284.2350142554792,496.16501373073766,87.45692746322437,415.42040545031574,-1283.2773608997945,-1283.277360899757,-0.25665547217995893,-0.05684700285109584,TRAILING_STOP,23,0.33233632436025257,0.6996554197057949,False
RI,RIH6,RBREAKER_2_1,BREAKOUT,SHORT,2026-02-05|RI|RIH6|BREAKOUT|-1|40,2026-02-05 12:50:00+00:00,2026-02-05 13:05:00+00:00,2026-02-05,113447.5,113420.0,113540.0,113569.99999999999,5.150238880500624,302.14285714285717,113880.0,113540.0,5000.0,-808.9765790348254,496.2961991219325,87.45692746322437,415.42040545031574,-1808.1501110702288,-1808.150111070298,-0.3616300222140458,-0.16179531580696507,TRAILING_STOP,14,0.4547760228087667,0.5947071067499257,False
RI,RIH6,RBREAKER_2_1,BREAKOUT,SHORT,2026-02-05|RI|RIH6|BREAKOUT|-1|41,2026-02-05 13:07:00+00:00,2026-02-05 13:33:00+00:00,2026-02-05,113447.5,113420.0,113700.0,113730.00000000001,5.150238880500624,305.0,113880.0,113700.0,5000.0,-2208.2874184464154,496.6460268317854,87.45692746322437,415.42040545031574,-3207.8107781918484,-3207.810778191741,-0.6415621556383697,-0.4416574836892831,TRAILING_STOP,25,0.4547760228087667,0.31484493886760767,False
RI,RIH6,RBREAKER_2_1,BREAKOUT,SHORT,2026-02-05|RI|RIH6|BREAKOUT|-1|42,2026-02-05 14:03:00+00:00,2026-02-05 14:15:00+00:00,2026-02-05,113447.5,113420.0,113930.0,113960.0,4.736039424122198,338.57142857142856,113930.0,113930.0,5000.0,-3880.426565440478,457.1665245854176,80.42334850653842,382.0109054060574,-4800.0273439384455,-4800.027343938492,-0.9600054687876891,-0.7760853130880956,INITIAL_STOP,11,0.707725466857538,0.0,False
RI,RIH6,RBREAKER_2_1,BREAKOUT,SHORT,2026-02-05|RI|RIH6|BREAKOUT|-1|43,2026-02-05 15:22:00+00:00,2026-02-05 15:35:00+00:00,2026-02-05,113447.5,113420.0,113290.0,113310.00000000001,5.435460062341496,283.57142857142856,113850.0,113700.0,5000.0,1453.7298554577173,523.181222425283,92.30030828302968,346.1261560613613,492.12216868792746,492.12216868804336,0.09842443373758548,0.2907459710915435,FORCE_CLOSE,12,0.35074117147551276,0.276900924849089,False
RI,RIH6,RBREAKER_2_1,BREAKOUT,SHORT,2026-02-09|RI|RIH6|BREAKOUT|-1|44,2026-02-09 12:00:00+00:00,2026-02-09 12:50:00+00:00,2026-02-09,111540.125,111510.0,111750.0,111780.0,6.911757069449917,202.14285714285714,111820.0,111750.0,5000.0,-2463.292684358165,655.185971995634,117.36951444231876,588.3146911421227,-3824.162861938148,-3824.1628619382404,-0.7648325723876296,-0.49265853687163297,TRAILING_STOP,49,0.5164258635462026,0.16431732021924625,False
RI,RIH6,RBREAKER_2_1,BREAKOUT,LONG,2026-02-11|RI|RIH6|BREAKOUT|1|45,2026-02-11 09:55:00+00:00,2026-02-11 11:14:00+00:00,2026-02-11,113728.75,113760.0,113670.0,113640.0,6.552234345923298,213.57142857142858,113430.0,113670.0,5000.0,-653.6784013529752,632.5381636921982,111.26440874093196,570.2300947972763,-1967.7110685832938,-1967.7110685833816,-0.39354221371665876,-0.13073568027059504,TRAILING_STOP,73,0.5785749254528462,0.5340691619564734,False
RI,RIH6,RBREAKER_2_1,BREAKOUT,LONG,2026-02-11|RI|RIH6|BREAKOUT|1|46,2026-02-11 11:16:00+00:00,2026-02-11 11:40:00+00:00,2026-02-11,113728.75,113760.0,113580.0,113549.99999999999,6.273047574185121,232.14285714285714,113410.0,113580.0,5000.0,-1584.5370488729814,605.3464144190209,106.52349908389792,545.9329328049768,-2842.3398951809886,-2842.339895180877,-0.5684679790361977,-0.31690740977459625,TRAILING_STOP,23,0.25565639780135496,0.3621798968852529,False
RI,RIH6,RBREAKER_2_1,BREAKOUT,LONG,2026-02-11|RI|RIH6|BREAKOUT|1|47,2026-02-11 12:00:00+00:00,2026-02-11 12:41:00+00:00,2026-02-11,113728.75,113760.0,113540.0,113509.99999999999,6.142190058765514,235.0,113400.0,113540.0,5000.0,-1968.6887229337894,592.614418624056,104.30138929450541,534.5446201343402,-3200.1491509868692,-3200.149150986691,-0.6400298301973738,-0.39373774458675787,TRAILING_STOP,40,0.4380658350369227,0.2920438900246151,False
RI,RIH6,RBREAKER_2_1,BREAKOUT,LONG,2026-02-11|RI|RIH6|BREAKOUT|1|48,2026-02-11 12:42:00+00:00,2026-02-11 12:46:00+00:00,2026-02-11,113728.75,113760.0,113900.0,113870.0,8.193118900247681,159.28571428571428,113520.0,113900.0,5000.0,2382.575546775001,791.7455061494796,139.1284990817519,713.0335577939784,738.6679837498465,738.6679837497909,0.1477335967499693,0.4765151093550002,TRAILING_STOP,3,0.6121653959597083,1.0573765930213146,False
RI,RIH6,RBREAKER_2_1,BREAKOUT,LONG,2026-02-11|RI|RIH6|BREAKOUT|1|49,2026-02-11 13:05:00+00:00,2026-02-11 13:30:00+00:00,2026-02-11,113728.75,113760.0,113770.0,113740.0,7.020942988151585,195.71428571428572,113460.0,113770.0,5000.0,491.7974152320092,678.0843149411035,119.22361581382042,611.0210310458295,-916.5315465688109,-916.5315465687443,-0.18330630931376218,0.09835948304640184,TRAILING_STOP,24,0.2622919547904049,0.7391864180456866,False
RI,RIH6,RBREAKER_2_1,BREAKOUT,LONG,2026-02-13|RI|RIH6|BREAKOUT|1|50,2026-02-13 13:41:00+00:00,2026-02-13 13:45:00+00:00,2026-02-13,115769.0,115800.0,115470.0,115440.0,6.544661192200516,220.0,115470.0,115470.0,5000.0,-3322.960657923983,642.4761058012891,111.13580795732386,566.7926205823517,-4643.365192264921,-4643.365192264948,-0.9286730384529841,-0.6645921315847966,INITIAL_STOP,3,0.6001333629695489,0.0,False
RI,RIH6,RBREAKER_2_1,BREAKOUT,LONG,2026-02-13|RI|RIH6|BREAKOUT|1|51,2026-02-13 13:57:00+00:00,2026-02-13 15:35:00+00:00,2026-02-13,115769.0,115800.0,115950.0,115930.0,6.266105704130692,230.0,115450.0,115730.0,5000.0,1925.9416897212177,616.4343477335605,106.40561821664186,436.26303468823164,766.838689082725,766.8386890827836,0.153367737816545,0.38518833794424356,FORCE_CLOSE,97,0.2766546073632688,0.5958714620131944,False
RI,RIH6,RBREAKER_2_1,BREAKOUT,LONG,2026-02-18|RI|RIH6|BREAKOUT|1|52,2026-02-18 09:18:00+00:00,2026-02-18 09:24:00+00:00,2026-02-18,117042.125,117070.0,116770.0,116740.0,7.107288630703529,195.0,116770.0,116770.0,5000.0,-3284.2729039187993,705.4624232110746,120.68986325838492,577.8027203495178,-4688.227910737812,-4688.227910737776,-0.9376455821475623,-0.6568545807837599,INITIAL_STOP,5,0.4103455350785087,0.0,False
RI,RIH6,RBREAKER_2_1,REVERSAL,SHORT,2026-02-18|RI|RIH6|REVERSAL|-1|53,2026-02-18 10:30:00+00:00,2026-02-18 10:30:00+00:00,2026-02-18,116136.85,116110.0,116359.99999999999,116390.00000000001,5.697530508934616,241.42857142857142,116360.0,116360.0,3500.0,-2158.988818399067,562.3626487539728,96.75056322648996,453.27638871616176,-3271.378419095812,-3271.3784190956917,-0.9346795483130892,-0.6168539481140192,INITIAL_STOP,0,0.0,0.0,False
RI,RIH6,RBREAKER_2_1,BREAKOUT,SHORT,2026-02-18|RI|RIH6|BREAKOUT|-1|54,2026-02-18 12:46:00+00:00,2026-02-18 14:35:00+00:00,2026-02-18,115199.375,115170.0,115460.0,115490.00000000001,5.389446164662729,286.42857142857144,115600.0,115460.0,5000.0,-2385.2123696999097,527.7439666138908,91.51893984460085,451.8747654827167,-3456.3500416411985,-3456.350041641118,-0.6912700083282397,-0.47704247393998195,TRAILING_STOP,107,0.5125060631297648,0.2562530315648824,False
RI,RIH6,RBREAKER_2_1,BREAKOUT,SHORT,2026-02-25|RI|RIH6|BREAKOUT|-1|55,2026-02-25 14:48:00+00:00,2026-02-25 15:35:00+00:00,2026-02-25,115292.75,115260.0,114780.0,114800.0,6.958719708768019,198.57142857142858,115560.0,114800.0,5000.0,6059.0125966015175,679.6374636636496,118.16699359534896,505.1638976201168,4756.044241722374,4756.044241722403,0.9512088483444748,1.2118025193203035,FORCE_CLOSE,46,0.30723418334790725,1.796138302649304,False
RI,RIH6,RBREAKER_2_1,BREAKOUT,LONG,2026-03-02|RI|RIH6|BREAKOUT|1|56,2026-03-02 07:33:00+00:00,2026-03-02 08:10:00+00:00,2026-03-02,117184.625,117210.0,116760.0,116730.0,4.4656415290261116,364.2857142857143,116660.0,116760.0,5000.0,-3220.0028816039917,443.5016038401165,75.83168399420646,344.08626612371177,-4083.422435562022,-4083.4224355620263,-0.8166844871124045,-0.6440005763207983,TRAILING_STOP,36,0.6521524823501755,0.15166336798841293,False
RI,RIH6,RBREAKER_2_1,BREAKOUT,LONG,2026-03-02|RI|RIH6|BREAKOUT|1|57,2026-03-02 12:09:00+00:00,2026-03-02 13:12:00+00:00,2026-03-02,117184.625,117210.0,117020.0,116990.0,7.562361008259845,182.14285714285714,116930.0,117020.0,5000.0,-2114.073275031784,751.8845269740983,128.4175110118016,582.6944562160496,-3577.069769233829,-3577.0697692337335,-0.7154139538467658,-0.4228146550063568,TRAILING_STOP,62,0.6164040528566476,0.23115151982124285,False
RI,RIH6,RBREAKER_2_1,BREAKOUT,LONG,2026-03-02|RI|RIH6|BREAKOUT|1|58,2026-03-02 13:21:00+00:00,2026-03-02 13:44:00+00:00,2026-03-02,117184.625,117210.0,116990.0,116959.99999999999,6.552598881443429,224.28571428571428,116870.0,116990.0,5000.0,-2165.604032446507,651.4059040179814,111.27059896963426,504.8903428247155,-3433.1708782588667,-3433.170878258838,-0.6866341756517733,-0.4331208064893014,TRAILING_STOP,22,0.44508239587853704,0.26704943752712224,False
RI,RIH6,RBREAKER_2_1,BREAKOUT,SHORT,2026-03-04|RI|RIH6|BREAKOUT|-1|59,2026-03-04 14:18:00+00:00,2026-03-04 15:27:00+00:00,2026-03-04,114226.0,114200.0,114380.0,114410.0,7.025633668267744,205.71428571428572,114510.0,114380.0,5000.0,-1837.270341207349,681.8480076354092,119.30326890956812,548.7950369840132,-3187.2166547362767,-3187.2166547363395,-0.6374433309472554,-0.3674540682414698,TRAILING_STOP,68,0.38177046051061797,0.3101884991648771,False
RI,RIH6,RBREAKER_2_1,BREAKOUT,LONG,2026-03-09|RI|RIH6|BREAKOUT|1|60,2026-03-09 07:32:00+00:00,2026-03-09 09:37:00+00:00,2026-03-09,117011.875,117040.0,117050.0,117020.0,2.8732721199596125,600.7142857142857,116130.0,117050.0,5000.0,186.01735023468683,285.5030884979069,48.79143612713097,234.80878636181782,-383.08596075218765,-383.08596075216883,-0.07661719215043752,0.037203470046937366,TRAILING_STOP,124,0.13661602115596672,0.89776242473921,False
RI,RIH6,RBREAKER_2_1,BREAKOUT,SHORT,2026-03-13|RI|RIH6|BREAKOUT|-1|61,2026-03-13 13:00:00+00:00,2026-03-13 13:19:00+00:00,2026-03-13,113069.0,113040.0,113290.0,113320.0,8.07758990006313,161.42857142857142,113290.0,113290.0,5000.0,-3031.383737517832,776.2262701635027,137.166684955558,672.1167562822343,-4616.893448919169,-4616.893448919127,-0.9233786897838338,-0.6062767475035664,INITIAL_STOP,18,0.6584000877866785,0.0,False
RI,RIH6,RBREAKER_2_1,BREAKOUT,SHORT,2026-03-16|RI|RIH6|BREAKOUT|-1|62,2026-03-16 11:06:00+00:00,2026-03-16 11:09:00+00:00,2026-03-16,112068.625,112040.0,112290.0,112320.0,8.105384618523445,162.85714285714286,112290.0,112290.0,5000.0,-3046.976078398987,772.0153054202108,137.6386709609932,669.2680375478294,-4625.898092328141,-4625.8980923280205,-0.9251796184656281,-0.6093952156797974,INITIAL_STOP,2,0.5230269496517742,0.02752773419219864,False
RI,RIH6,RBREAKER_2_1,BREAKOUT,SHORT,2026-03-16|RI|RIH6|BREAKOUT|-1|63,2026-03-16 11:35:00+00:00,2026-03-16 12:20:00+00:00,2026-03-16,112068.625,112040.0,111920.0,111950.0,7.4870777592265165,183.57142857142858,112320.0,111920.0,5000.0,1889.6051059068834,711.9472626948407,127.13911562031177,618.2139497037659,432.30477788803773,432.3047778879651,0.08646095557760755,0.37792102118137666,TRAILING_STOP,44,0.17799476186843646,1.0933963943346812,False
RI,RIM6,RBREAKER_2_1,REVERSAL,SHORT,2026-04-03|RI|RIM6|REVERSAL|-1|64,2026-04-03 08:44:00+00:00,2026-04-03 08:44:00+00:00,2026-04-03,110284.55,110250.0,110470.00000000001,110500.0,5.987682908736068,210.71428571428572,110470.0,110470.0,3500.0,-1885.612608032475,561.1337061514902,101.6776817488544,554.6517539400303,-3103.0757498728926,-3103.07574987285,-0.8865930713922551,-0.53874645943785,INITIAL_STOP,0,0.0,0.0,False
RI,RIM6,RBREAKER_2_1,BREAKOUT,LONG,2026-04-06|RI|RIM6|BREAKOUT|1|65,2026-04-06 15:32:00+00:00,2026-04-06 15:45:00+00:00,2026-04-06,112250.5,112280.0,112250.0,112230.0,7.451645164678372,181.42857142857142,112000.0,112080.0,5000.0,-6.326871488586325,710.2229589512579,126.5374297717265,499.82284759831964,-1342.9101078098874,-1342.9101078098902,-0.26858202156197747,-0.001265374297717265,FORCE_CLOSE,12,0.22776737358910767,0.2024598876347624,False
RI,RIM6,RBREAKER_2_1,REVERSAL,SHORT,2026-04-09|RI|RIM6|REVERSAL|-1|66,2026-04-09 11:43:00+00:00,2026-04-09 11:54:00+00:00,2026-04-09,111708.05,111680.0,111670.0,111700.0,7.579282743471589,159.28571428571428,111840.0,111670.0,3500.0,489.7219974994754,718.7522983010804,128.70486136647514,618.4268588659505,-976.1620210340493,-976.1620210340307,-0.27890343458115696,0.13992057071413583,TRAILING_STOP,10,0.33095535779950747,0.6251378980657364,False
RI,RIM6,RBREAKER_2_1,BREAKOUT,LONG,2026-04-13|RI|RIM6|BREAKOUT|1|67,2026-04-13 07:30:00+00:00,2026-04-13 08:47:00+00:00,2026-04-13,113590.0,113610.0,113510.0,113480.0,6.445733015993722,236.42857142857142,113250.0,113510.0,5000.0,-875.647157977693,621.4084784536071,109.45589474721163,437.8235789888464,-2044.335110167452,-2044.3351101673584,-0.4088670220334904,-0.17512943159553862,TRAILING_STOP,76,0.3940412210899618,0.5691706526855004,False
RI,RIM6,RBREAKER_2_1,BREAKOUT,LONG,2026-04-13|RI|RIM6|BREAKOUT|1|68,2026-04-13 09:17:00+00:00,2026-04-13 09:26:00+00:00,2026-04-13,113587.75,113620.0,113270.0,113240.0,5.541855169996823,268.57142857142856,113210.0,113270.0,5000.0,-2990.250512883251,533.7279554309162,94.10701850143985,491.7091716700232,-4109.794658485689,-4109.79465848563,-0.8219589316971379,-0.5980501025766501,TRAILING_STOP,8,0.602284918409215,0.11292842220172782,False
RI,RIM6,RBREAKER_2_1,REVERSAL,SHORT,2026-04-13|RI|RIM6|REVERSAL|-1|69,2026-04-13 13:48:00+00:00,2026-04-13 14:01:00+00:00,2026-04-13,112368.3,112340.0,112460.0,112490.0,6.385693060878245,207.85714285714286,112550.0,112460.0,3500.0,-994.3613099110329,609.493602255465,108.43634786380201,523.7475601821952,-2236.0388202125228,-2236.038820212495,-0.638868234346435,-0.28410323140315225,TRAILING_STOP,12,0.340799950429092,0.278836323078348,False
RI,RIM6,RBREAKER_2_1,REVERSAL,LONG,2026-04-16|RI|RIM6|REVERSAL|1|70,2026-04-16 11:33:00+00:00,2026-04-16 11:41:00+00:00,2026-04-16,114211.00000000001,114240.0,114060.0,114030.00000000001,5.972155045375181,223.57142857142858,114010.0,114060.0,3500.0,-1531.3514140012044,578.7443497914259,101.4140009272223,496.92860454324165,-2708.438369262961,-2708.4383692630945,-0.7738395340751316,-0.43752897542891556,TRAILING_STOP,7,0.4346314325452384,0.14487714418174613,False
RI,RIM6,RBREAKER_2_1,BREAKOUT,LONG,2026-04-20|RI|RIM6|BREAKOUT|1|71,2026-04-20 15:31:00+00:00,2026-04-20 15:45:00+00:00,2026-04-20,115377.125,115410.0,115400.0,115380.0,6.953378919533391,199.28571428571428,115110.0,115200.0,5000.0,270.0995383216635,681.2707371503466,118.07630090564524,506.25214013295397,-1035.4996398673804,-1035.4996398672824,-0.2070999279734761,0.0540199076643327,FORCE_CLOSE,13,0.33061364253580666,0.2125373416301614,False
RI,RIM6,RBREAKER_2_1,BREAKOUT,SHORT,2026-04-23|RI|RIM6|BREAKOUT|-1|72,2026-04-23 12:46:00+00:00,2026-04-23 12:52:00+00:00,2026-04-23,114918.25,114890.0,115180.0,115210.00000000001,6.486343214202187,221.42857142857142,115230.0,115180.0,5000.0,-2883.058520305324,633.6120014539206,110.14550220841733,531.4520481556136,-4158.268072123444,-4158.2680721232755,-0.8316536144246888,-0.5766117040610648,TRAILING_STOP,5,0.5507275110420865,0.11014550220841732,False
RI,RIM6,RBREAKER_2_1,BREAKOUT,SHORT,2026-04-23|RI|RIM6|BREAKOUT|-1|73,2026-04-23 13:01:00+00:00,2026-04-23 13:51:00+00:00,2026-04-23,114918.25,114890.0,115290.0,115320.0,5.4131264564818355,281.42857142857144,115320.0,115290.0,5000.0,-3417.1653384073757,529.0286701780511,91.92105819522196,443.5191057919459,-4481.634172572676,-4481.634172572594,-0.8963268345145352,-0.6834330676814752,TRAILING_STOP,49,0.6802158306446424,0.055152634917133174,False
RI,RIM6,RBREAKER_2_1,BREAKOUT,SHORT,2026-04-28|RI|RIM6|BREAKOUT|-1|74,2026-04-28 13:00:00+00:00,2026-04-28 13:13:00+00:00,2026-04-28,113000.625,112970.0,113190.00000000001,113220.00000000001,6.726542475175647,212.14285714285714,113290.0,113190.0,5000.0,-2163.1238077832477,645.9101968085714,114.22435948690418,578.2608199024523,-3501.5191839813447,-3501.519183981176,-0.700303836796269,-0.43262476155664953,TRAILING_STOP,12,0.34267307846071254,0.22844871897380836,False
RI,RIM6,RBREAKER_2_1,BREAKOUT,SHORT,2026-04-28|RI|RIM6|BREAKOUT|-1|75,2026-04-28 13:40:00+00:00,2026-04-28 14:00:00+00:00,2026-04-28,113000.625,112970.0,112880.0,112910.0,6.4326369413984334,220.71428571428572,113310.0,112880.0,5000.0,1317.629195932144,616.841622336068,109.2335084710586,552.994636634734,38.55942849013945,38.559428490283494,0.007711885698027891,0.2635258391864288,TRAILING_STOP,19,0.1092335084710586,0.9394081728511039,False
RI,RIM6,RBREAKER_2_1,BREAKOUT,SHORT,2026-05-04|RI|RIM6|BREAKOUT|-1|76,2026-05-04 09:00:00+00:00,2026-05-04 10:13:00+00:00,2026-05-04,110364.625,110330.0,110180.0,110210.00000000001,5.125985690434637,298.57142857142856,110780.0,110180.0,5000.0,1607.0698014501709,479.9230521487078,87.04508064726723,475.4837530356972,564.617915618424,564.6179156184985,0.1129235831236848,0.32141396029003416,TRAILING_STOP,72,0.156681145165081,1.0445409677672066,False
RI,RIM6,RBREAKER_2_1,BREAKOUT,SHORT,2026-05-04|RI|RIM6|BREAKOUT|-1|77,2026-05-04 10:18:00+00:00,2026-05-04 12:48:00+00:00,2026-05-04,110364.625,110330.0,109589.99999999999,109620.0,5.408453239479096,275.7142857142857,110750.0,109590.0,5000.0,7114.28781352461,505.01455690971045,91.84170164304805,501.68529522514996,6015.746259746637,6015.746259746702,1.2031492519493274,1.422857562704922,TRAILING_STOP,149,0.11021004197165767,2.1307274781187147,False
RI,RIM6,RBREAKER_2_1,BREAKOUT,LONG,2026-05-11|RI|RIM6|BREAKOUT|1|78,2026-05-11 09:37:00+00:00,2026-05-11 10:34:00+00:00,2026-05-11,113845.375,113880.0,113750.0,113720.0,6.599079025462273,207.14285714285714,113560.0,113750.0,5000.0,-1068.7711513032564,637.6207445258747,112.05988480243842,612.1271207333198,-2430.5789013649674,-2430.578901364889,-0.48611578027299346,-0.21375423026065127,TRAILING_STOP,56,0.3810036083282906,0.425827562249266,False
RI,RIM6,RBREAKER_2_1,BREAKOUT,LONG,2026-05-11|RI|RIM6|BREAKOUT|1|79,2026-05-11 11:18:00+00:00,2026-05-11 11:51:00+00:00,2026-05-11,113845.375,113880.0,113680.0,113650.0,7.248930476799064,185.0,113600.0,113680.0,5000.0,-2035.6852704399419,700.1957212142102,123.09510327679166,672.4070016494744,-3531.3830965804877,-3531.383096580418,-0.7062766193160975,-0.4071370540879884,TRAILING_STOP,32,0.5662374750732416,0.19695216524286666,False
RI,RIM6,RBREAKER_2_1,BREAKOUT,LONG,2026-05-11|RI|RIM6|BREAKOUT|1|80,2026-05-11 11:59:00+00:00,2026-05-11 13:05:00+00:00,2026-05-11,113845.375,113880.0,113870.0,113840.0,6.750368120248083,205.0,113570.0,113870.0,5000.0,282.27377977486873,652.5825901556661,114.62894610146954,626.1606180792774,-1111.0983745615204,-1111.0983745615442,-0.22221967491230407,0.05645475595497375,TRAILING_STOP,64,0.252183681423233,0.6877736766088172,False
RI,RIM6,RBREAKER_2_1,BREAKOUT,LONG,2026-05-11|RI|RIM6|BREAKOUT|1|81,2026-05-11 13:13:00+00:00,2026-05-11 15:45:00+00:00,2026-05-11,113850.0,113870.0,114250.0,114230.0,7.6096581347539285,187.85714285714286,113580.0,114190.0,5000.0,5168.826805535813,736.8808714641993,129.22067013839532,387.66201041518593,3915.063253518011,3915.063253518032,0.7830126507036023,1.0337653611071627,FORCE_CLOSE,150,0.23259720624911157,1.576492175688423,False
RI,RIM6,RBREAKER_2_1,BREAKOUT,LONG,2026-05-18|RI|RIM6|BREAKOUT|1|82,2026-05-18 12:13:00+00:00,2026-05-18 12:21:00+00:00,2026-05-18,115768.875,115800.0,115540.0,115510.0,7.358348295316786,181.42857142857142,115520.0,115540.0,5000.0,-2859.8650506060226,722.5727852055478,124.95314257153568,638.8229413969761,-4346.21391978018,-4346.2139197800825,-0.8692427839560359,-0.5719730101212045,TRAILING_STOP,7,0.6247657128576783,0.04998125702861427,False
RI,RIM6,RBREAKER_2_1,BREAKOUT,LONG,2026-05-18|RI|RIM6|BREAKOUT|1|83,2026-05-18 14:21:00+00:00,2026-05-18 14:31:00+00:00,2026-05-18,115768.875,115800.0,115480.0,115450.0,6.6896355114643,210.71428571428572,115480.0,115480.0,5000.0,-3281.5517437237304,656.7363398841304,113.59763716914689,580.7679200272635,-4632.653640804354,-4632.653640804271,-0.9265307281608708,-0.656310348744746,INITIAL_STOP,9,0.6588662955810519,0.0,False
RI,RIM6,RBREAKER_2_1,BREAKOUT,LONG,2026-05-18|RI|RIM6|BREAKOUT|1|84,2026-05-18 14:45:00+00:00,2026-05-18 15:45:00+00:00,2026-05-18,115768.875,115800.0,116650.0,116630.0,6.6896355114643,212.85714285714286,115480.0,116510.0,5000.0,10009.371805066454,660.0874701806202,113.59763716914689,467.1702828581166,8768.516414858568,8768.51641485857,1.7537032829717136,2.0018743610132907,FORCE_CLOSE,59,0.3407929115074407,2.3401113256844255,False
RI,RIM6,RBREAKER_2_1,REVERSAL,SHORT,2026-05-28|RI|RIM6|REVERSAL|-1|85,2026-05-28 13:17:00+00:00,2026-05-28 13:17:00+00:00,2026-05-28,114308.1,114280.0,114530.0,114560.0,5.6726761415193545,243.57142857142858,114530.0,114530.0,3500.0,-2137.5295866129654,551.0953927450696,96.32850773379997,463.3401221996339,-3248.293609291458,-3248.293609291469,-0.9280838883689879,-0.6107227390322758,INITIAL_STOP,0,0.0,0.0,False
RI,RIM6,RBREAKER_2_1,BREAKOUT,SHORT,2026-06-01|RI|RIM6|BREAKOUT|-1|86,2026-06-01 13:00:00+00:00,2026-06-01 13:29:00+00:00,2026-06-01,112100.625,112070.0,112099.99999999999,112130.00000000001,6.042548139940717,242.85714285714286,112440.0,112100.0,5000.0,6.4130847450670565,575.1254399376137,102.6093559210729,519.4598643504315,-1190.7815754642247,-1190.781575464051,-0.23815631509284493,0.0012826169490134114,TRAILING_STOP,28,0.2667843253947895,0.6977436202632957,False
RI,RIM6,RBREAKER_2_1,BREAKOUT,SHORT,2026-06-01|RI|RIM6|BREAKOUT|-1|87,2026-06-01 13:30:00+00:00,2026-06-01 14:18:00+00:00,2026-06-01,112100.625,112070.0,112430.0,112460.0,5.380090940499031,284.2857142857143,112500.0,112430.0,5000.0,-3009.1725517783243,512.8269548772578,91.36007747334571,462.5103922088126,-4075.869976337663,-4075.869976337741,-0.8151739952675326,-0.6018345103556648,TRAILING_STOP,47,0.6029765113240816,0.127904108462684,False
RI,RIM6,RBREAKER_2_1,BREAKOUT,SHORT,2026-06-01|RI|RIM6|BREAKOUT|-1|88,2026-06-01 14:42:00+00:00,2026-06-01 15:41:00+00:00,2026-06-01,112100.625,112070.0,112340.0,112369.99999999999,5.480225709578737,280.0,112490.0,112340.0,5000.0,-2227.635240142569,522.1623533134184,93.06048000595587,471.11868003015155,-3313.976753492007,-3313.9767534920948,-0.6627953506984015,-0.4455270480285138,TRAILING_STOP,57,0.48391449603097053,0.2791814400178676,False
RI,RIM6,RBREAKER_2_1,BREAKOUT,SHORT,2026-06-03|RI|RIM6|BREAKOUT|-1|89,2026-06-03 13:50:00+00:00,2026-06-03 13:50:00+00:00,2026-06-03,110801.25,110770.0,111170.00000000001,111200.0,5.68551525989556,260.7142857142857,111170.0,111170.0,5000.0,-3560.1533158905936,535.7608349343967,96.54653060042288,494.80096932716725,-4687.261650752596,-4687.26165075258,-0.9374523301505193,-0.7120306631781187,INITIAL_STOP,0,0.0,0.0,False
RI,RIM6,RBREAKER_2_1,REVERSAL,LONG,2026-06-05|RI|RIM6|REVERSAL|1|90,2026-06-05 09:00:00+00:00,2026-06-05 10:41:00+00:00,2026-06-05,110098.0,110130.0,110160.0,110129.99999999999,4.918354310810276,290.7142857142857,109830.0,110160.0,3500.0,517.8194313531314,459.89882237839004,83.51926312147282,434.30016823165863,-459.89882237839004,-459.89882237839004,-0.13139966353668286,0.14794840895803757,TRAILING_STOP,99,0.262489112667486,0.7874673380024579,False
RI,RIM6,RBREAKER_2_1,BREAKOUT,SHORT,2026-06-05|RI|RIM6|BREAKOUT|-1|91,2026-06-05 15:17:00+00:00,2026-06-05 15:26:00+00:00,2026-06-05,109061.5,109030.0,109040.0,109070.0,5.918300092200258,252.14285714285714,109410.0,109040.0,5000.0,216.0738872194808,547.9734279368461,100.4994824276655,517.5723345024774,-949.971357647486,-949.9713576475081,-0.1899942715294972,0.04321477744389616,TRAILING_STOP,8,0.28139855079746334,0.7436961699647245,False
RI,RIM6,RBREAKER_2_1,BREAKOUT,SHORT,2026-06-05|RI|RIM6|BREAKOUT|-1|92,2026-06-05 15:30:00+00:00,2026-06-05 15:45:00+00:00,2026-06-05,109061.5,109030.0,108980.0,109000.0,5.188308803064257,293.57142857142856,109480.0,109210.0,5000.0,718.0426949067426,480.22959745557387,88.10339814806657,365.6291023144763,-215.91940301149145,-215.9194030113742,-0.04318388060229829,0.1436085389813485,FORCE_CLOSE,14,0.38765495185149296,0.4757583499995595,False
RI,RIM6,RBREAKER_2_1,BREAKOUT,LONG,2026-06-15|RI|RIM6|BREAKOUT|1|93,2026-06-15 13:48:00+00:00,2026-06-15 14:20:00+00:00,2026-06-15,110724.25,110750.0,110960.0,110930.0,7.8127842663244085,178.57142857142858,110480.0,110960.0,5000.0,3127.6948590381426,735.2570480928689,132.66998341625205,606.9651741293532,1652.8026533996667,1652.8026533996685,0.33056053067993335,0.6255389718076285,TRAILING_STOP,31,0.2388059701492537,1.2736318407960199,False
RI,RIM6,RBREAKER_2_1,BREAKOUT,LONG,2026-06-15|RI|RIM6|BREAKOUT|1|94,2026-06-15 15:04:00+00:00,2026-06-15 15:45:00+00:00,2026-06-15,110724.25,110750.0,111050.0,111030.0,6.897670443036044,210.71428571428572,110430.0,110830.0,5000.0,3815.5197657393846,649.428989751098,117.1303074670571,418.7408491947291,2630.2196193266273,2630.2196193265004,0.5260439238653255,0.7631039531478769,FORCE_CLOSE,40,0.3748169838945827,0.9370424597364566,False
RI,RIM6,RBREAKER_2_1,BREAKOUT,SHORT,2026-06-16|RI|RIM6|BREAKOUT|-1|95,2026-06-16 13:38:00+00:00,2026-06-16 14:24:00+00:00,2026-06-16,107714.0,107680.0,107840.0,107870.0,4.66010868316506,335.0,108190.0,107840.0,4999.999999999999,-997.0878703469231,426.4331159787288,79.13395796404153,427.3233730058241,-1929.9783172955508,-1929.9783172955174,-0.38599566345911024,-0.19941757406938465,TRAILING_STOP,45,0.5064573309698659,0.5539377057482907,False
RI,RIM6,RBREAKER_2_1,BREAKOUT,SHORT,2026-06-16|RI|RIM6|BREAKOUT|-1|96,2026-06-16 14:26:00+00:00,2026-06-16 15:07:00+00:00,2026-06-16,107714.0,107680.0,107740.0,107770.0,4.0233426300434685,401.42857142857144,108290.0,107740.0,5000.0,-177.63445561871447,367.9936871447311,68.32094446873634,368.9331001311763,-982.8821873633427,-982.8821873633582,-0.19657643747266854,-0.035526891123742896,TRAILING_STOP,40,0.16397026672496723,0.7515303891560998,False
RI,RIM6,RBREAKER_2_1,BREAKOUT,SHORT,2026-06-16|RI|RIM6|BREAKOUT|-1|97,2026-06-16 15:26:00+00:00,2026-06-16 15:45:00+00:00,2026-06-16,107714.0,107680.0,107649.99999999999,107670.0,3.969107988745567,409.2857142857143,108300.0,108160.0,5000.0,431.35986196484413,362.8646338833171,67.39997843200689,296.5599051008303,-295.46465545132816,-295.46465545131014,-0.05909293109026563,0.08627197239296883,FORCE_CLOSE,18,0.2561199180416262,0.1887199396096193,False
RI,RIU6,RBREAKER_2_1,BREAKOUT,SHORT,2026-07-02|RI|RIU6|BREAKOUT|-1|98,2026-07-02 13:54:00+00:00,2026-07-02 14:41:00+00:00,2026-07-02,89483.625,89450.0,89520.0,89550.0,4.194512725340663,392.14285714285717,90040.0,89520.0,5000.0,-259.0904234481285,318.7435449980412,71.22760782079133,381.95804693899356,-1031.019623205896,-1031.0196232059548,-0.20620392464117923,-0.0518180846896257,TRAILING_STOP,46,0.25641938815484877,0.7407671213362299,False
RI,RIU6,RBREAKER_2_1,BREAKOUT,SHORT,2026-07-07|RI|RIU6|BREAKOUT|-1|99,2026-07-07 08:06:00+00:00,2026-07-07 08:17:00+00:00,2026-07-07,85370.625,85340.0,86189.99999999999,86220.0,3.0866771536093296,562.1428571428571,86190.0,86190.0,5000.0,-4294.778388124791,224.80920831935595,52.41529688024153,265.3524404562227,-4837.355333780632,-4837.3553337806115,-0.9674710667561263,-0.8589556776249582,INITIAL_STOP,10,0.859610868835961,0.08386447500838644,False
RI,RIU6,RBREAKER_2_1,REVERSAL,LONG,2026-07-07|RI|RIU6|REVERSAL|1|100,2026-07-07 09:30:00+00:00,2026-07-07 10:06:00+00:00,2026-07-07,87872.45,87900.0,87900.0,87870.0,2.579450784381069,697.1428571428571,87200.0,87900.0,3499.9999999999995,120.67455102935922,192.47700394217995,43.802014892684745,208.27858081472868,-323.8830486202353,-323.88304862023415,-0.09253801389149581,0.0344784431512455,TRAILING_STOP,35,0.4129904261310276,0.876040297853695,False
RI,RIU6,RBREAKER_2_1,REVERSAL,SHORT,2026-07-13|RI|RIU6|REVERSAL|-1|101,2026-07-13 15:02:00+00:00,2026-07-13 15:20:00+00:00,2026-07-13,87054.70000000001,87020.0,86950.0,86980.0,4.181514169441908,370.7142857142857,87400.0,86950.0,3500.0,743.4420076687902,308.87991722625384,71.00687752327676,388.40762005240646,-24.85240713316415,-24.85240713314687,-0.007100687752332614,0.21241200219108292,TRAILING_STOP,17,0.30431518938547175,0.9129455681564154,False
RI,RIU6,RBREAKER_2_1,BREAKOUT,SHORT,2026-07-16|RI|RIU6|BREAKOUT|-1|102,2026-07-16 07:29:00+00:00,2026-07-16 07:42:00+00:00,2026-07-16,81696.125,81670.0,81500.0,81530.0,5.52340259127721,292.14285714285717,82110.0,81500.0,5000.0,1839.5284054137708,382.6781845296716,93.79367267884109,432.6233152311545,930.4332329740766,930.4332329741035,0.18608664659481533,0.3679056810827542,TRAILING_STOP,12,0.28138101803652327,1.1442828066818613,False
RI,RIU6,RBREAKER_2_1,BREAKOUT,SHORT,2026-07-16|RI|RIU6|BREAKOUT|-1|103,2026-07-16 08:07:00+00:00,2026-07-16 08:13:00+00:00,2026-07-16,81696.125,81670.0,82030.0,82060.0,4.802666955431974,346.42857142857144,82190.0,82030.0,5000.0,-2722.9095476157468,333.82402113899377,81.55475994356411,376.1713302396894,-3514.459658938,-3514.459658937994,-0.7028919317876,-0.5445819095231493,TRAILING_STOP,5,0.44039570369524617,0.26097523181940513,False
RI,RIU6,RBREAKER_2_1,BREAKOUT,SHORT,2026-07-16|RI|RIU6|BREAKOUT|-1|104,2026-07-16 08:56:00+00:00,2026-07-16 09:45:00+00:00,2026-07-16,81696.125,81670.0,81590.0,81620.0,4.129161418864528,408.57142857142856,82290.0,81590.0,5000.0,744.1258755968784,286.2386671995624,70.1178681363372,323.41866677885525,64.35067348206212,64.35067348212351,0.012870134696412424,0.14882517511937568,TRAILING_STOP,48,0.08414144176360462,0.9816501539087205,False
RI,RIU6,RBREAKER_2_1,BREAKOUT,SHORT,2026-07-16|RI|RIU6|BREAKOUT|-1|105,2026-07-16 10:18:00+00:00,2026-07-16 11:18:00+00:00,2026-07-16,81696.125,81670.0,81760.0,81790.0,4.01650977768064,420.7142857142857,82310.0,81760.0,5000.000000000001,-435.6588935798714,278.71938451884847,68.20491484616382,314.5951697279306,-1097.1783626727909,-1097.1783626728143,-0.21943567253455812,-0.08713177871597426,TRAILING_STOP,59,0.16369179563079314,0.7502540633078019,False
RI,RIU6,RBREAKER_2_1,BREAKOUT,SHORT,2026-07-16|RI|RIU6|BREAKOUT|-1|106,2026-07-16 11:19:00+00:00,2026-07-16 12:38:00+00:00,2026-07-16,81696.125,81670.0,81140.0,81170.0,4.578621909033816,364.2857142857143,82220.0,81140.0,5000.0,4323.884089972555,316.5211441722323,77.7502196443705,358.6228881096589,3570.9898380462278,3570.989838046293,0.7141979676092456,0.8647768179945109,TRAILING_STOP,78,0.1866005271464892,1.6794047443184026,False
RI,RIU6,RBREAKER_2_1,BREAKOUT,LONG,2026-07-24|RI|RIU6|BREAKOUT|1|107,2026-07-24 13:52:00+00:00,2026-07-24 15:13:00+00:00,2026-07-24,89363.125,89390.0,88830.0,88800.0,2.8630048961014074,616.4285714285714,88460.0,88830.0,5000.0,-2591.898448628755,216.57696814122295,48.61708696138345,227.8925951314849,-3084.9850988628486,-3084.9850988628464,-0.6169970197725697,-0.518379689725751,TRAILING_STOP,80,0.5056177043983879,0.35976644351423753,False
RI,RIU6,RBREAKER_2_1,BREAKOUT,LONG,2026-07-30|RI|RIU6|BREAKOUT|1|108,2026-07-30 07:36:00+00:00,2026-07-30 07:58:00+00:00,2026-07-30,90451.75,90480.0,90280.0,90250.0,5.868463886417291,266.42857142857144,90080.0,90280.0,5000.0,-1711.5438274803682,450.25810180571614,99.65320684019612,480.8267230039462,-2742.281859130249,-2742.2818591302266,-0.5484563718260498,-0.34230876549607364,TRAILING_STOP,21,0.35875154462470593,0.3986128273607844,False
RI,RIU6,RBREAKER_2_1,REVERSAL,SHORT,2026-07-30|RI|RIU6|REVERSAL|-1|109,2026-07-30 11:10:00+00:00,2026-07-30 11:17:00+00:00,2026-07-30,88766.70000000001,88740.0,89050.0,89080.0,5.054589963115458,306.42857142857144,89050.0,89050.0,3499.9999999999995,-2431.640385511201,381.5692669887218,85.83269980625842,400.83870809532675,-3299.881060401488,-3299.881060401508,-0.942823160114711,-0.6947543958603433,INITIAL_STOP,6,0.6376143414179198,0.0,False
RI,RIU6,RBREAKER_2_1,BREAKOUT,SHORT,2026-08-04|RI|RIU6|BREAKOUT|-1|110,2026-08-04 10:39:00+00:00,2026-08-04 11:35:00+00:00,2026-08-04,87911.0,87880.0,88120.0,88150.0,6.457961728234004,228.57142857142858,88230.0,88120.0,5000.0,-2291.9682414352765,482.60187744001405,109.66355222178358,559.2841163310961,-3443.5177874282235,-3443.51778742817,-0.6887035574856447,-0.4583936482870553,TRAILING_STOP,55,0.46058691933149093,0.24125981488792386,False
RI,RIU6,RBREAKER_2_1,BREAKOUT,SHORT,2026-08-04|RI|RIU6|BREAKOUT|-1|111,2026-08-04 11:46:00+00:00,2026-08-04 12:16:00+00:00,2026-08-04,87911.0,87880.0,87470.00000000001,87500.0,6.754239276898224,215.0,88210.0,87470.0,5000.0,5058.035509473781,502.8788365371381,114.6946827545075,584.9428820479882,3855.519108134189,3855.5191081341472,0.7711038216268378,1.0116071018947561,TRAILING_STOP,29,0.321145111712621,1.6974813047667108,False
RI,RIU6,RBREAKER_2_1,BREAKOUT,SHORT,2026-08-04|RI|RIU6|BREAKOUT|-1|112,2026-08-04 13:23:00+00:00,2026-08-04 13:50:00+00:00,2026-08-04,87911.0,87880.0,88160.0,88190.0,5.937095355024825,257.14285714285717,88270.0,88160.0,5000.0,-2510.384320683954,443.77848126789536,100.81864741702626,514.175101826834,-3569.1565511957324,-3569.1565511957097,-0.7138313102391465,-0.5020768641367908,TRAILING_STOP,26,0.46376577811832076,0.22180102431745777,False
RI,RIU6,RBREAKER_2_1,BREAKOUT,SHORT,2026-08-12|RI|RIU6|BREAKOUT|-1|113,2026-08-12 14:14:00+00:00,2026-08-12 14:50:00+00:00,2026-08-12,87782.75,87750.0,87780.0,87810.0,7.192532690982624,197.85714285714286,88050.0,87780.0,5000.0,33.587786259541986,536.0610687022901,122.13740458015268,644.2748091603054,-1268.8854961832558,-1268.8854961832062,-0.25377709923665115,0.006717557251908397,TRAILING_STOP,35,0.2931297709923664,0.6595419847328244,False
RI,RIU6,RBREAKER_2_1,BREAKOUT,SHORT,2026-08-12|RI|RIU6|BREAKOUT|-1|114,2026-08-12 14:58:00+00:00,2026-08-12 15:45:00+00:00,2026-08-12,87782.75,87750.0,87770.0,87790.0,7.192532690982624,197.85714285714286,88050.0,87870.0,5000.0,155.72519083969465,536.0,122.13740458015268,522.1374045801526,-1024.5496183207097,-1024.5496183206108,-0.20490992366414193,0.03114503816793893,FORCE_CLOSE,45,0.31755725190839695,0.43969465648854955,False
RI,RIU6,RBREAKER_2_1,BREAKOUT,SHORT,2026-08-13|RI|RIU6|BREAKOUT|-1|115,2026-08-13 07:56:00+00:00,2026-08-13 09:48:00+00:00,2026-08-13,85991.5,85960.0,85280.0,85309.99999999999,6.753619593492847,214.28571428571428,86290.0,85280.0,5000.0,8159.77797146658,491.04890132574883,114.68415982384514,590.6234230928023,6963.421487224268,6963.421487224184,1.3926842974448537,1.6319555942933162,TRAILING_STOP,111,0.3669893114363044,2.3166200284416716,False
RI,RIU6,RBREAKER_2_1,BREAKOUT,SHORT,2026-08-14|RI|RIU6|BREAKOUT|-1|116,2026-08-14 13:15:00+00:00,2026-08-14 14:26:00+00:00,2026-08-14,80613.125,80580.0,80520.0,80550.0,4.0526923092617215,409.2857142857143,81200.0,80520.0,5000.0,640.8800616621245,277.2214881493104,68.81933548049659,365.6027197401381,-70.76348170777888,-70.76348170782063,-0.014152696341555776,0.1281760123324249,TRAILING_STOP,70,0.2477496077297877,0.9359429625347535,False
RI,RIU6,RBREAKER_2_1,BREAKOUT,SHORT,2026-08-14|RI|RIU6|BREAKOUT|-1|117,2026-08-14 14:48:00+00:00,2026-08-14 15:45:00+00:00,2026-08-14,80613.125,80580.0,80220.0,80240.0,4.2272418961883185,387.85714285714283,81170.0,80710.0,5000.0,2821.9843799351074,288.6051052344445,71.7833864530393,309.565854078732,2152.0300341688517,2152.0300341688912,0.43040600683377034,0.5643968759870215,FORCE_CLOSE,56,0.35891693226519644,0.6604071553679616,False
RI,RIU6,RBREAKER_2_1,BREAKOUT,LONG,2026-08-19|RI|RIU6|BREAKOUT|1|118,2026-08-19 15:30:00+00:00,2026-08-19 15:45:00+00:00,2026-08-19,82607.375,82640.0,82630.0,82610.0,5.019764172001657,317.85714285714283,82160.0,82230.0,5000.0,192.85848236357128,352.1531956970183,85.24131817174421,363.3411187070597,-607.8771502121959,-607.877150212251,-0.12157543004243919,0.03857169647271426,FORCE_CLOSE,14,0.37506179995567457,0.13638610907479073,False
RI,RIU6,RBREAKER_2_1,BREAKOUT,LONG,2026-08-31|RI|RIU6|BREAKOUT|1|119,2026-08-31 14:00:00+00:00,2026-08-31 14:38:00+00:00,2026-08-31,78635.375,78670.0,78580.00000000001,78550.0,7.206439468827813,193.57142857142858,78370.0,78580.0,5000.0,-677.6435747763624,480.9892678390054,122.37355752169073,668.4655579622356,-1949.4719580993778,-1949.4719580992942,-0.38989439161987555,-0.13552871495527247,TRAILING_STOP,36,0.4160700955737484,0.513968941591101,False
RI,RIU6,RBREAKER_2_1,BREAKOUT,LONG,2026-08-31|RI|RIU6|BREAKOUT|1|120,2026-08-31 14:41:00+00:00,2026-08-31 15:01:00+00:00,2026-08-31,78635.375,78670.0,78640.0,78610.0,6.563846473624869,225.0,78330.0,78640.0,5000.0,51.550988107047715,438.2669951068359,111.4615959071302,608.8589676426986,-1107.0365705496074,-1107.036570549617,-0.22140731410992148,0.010310197621409544,TRAILING_STOP,19,0.4681387028099468,0.6910618946242073,False
RI,RIU6,RBREAKER_2_1,BREAKOUT,LONG,2026-08-31|RI|RIU6|BREAKOUT|1|121,2026-08-31 15:05:00+00:00,2026-08-31 15:21:00+00:00,2026-08-31,78635.375,78670.0,79830.0,79800.0,6.2836904091488455,240.0,78310.0,79830.0,5000.0,12747.15366475666,422.73546955194894,106.70422655441382,582.8718375534854,11634.842131096828,11634.842131096811,2.3269684262193655,2.549430732951332,TRAILING_STOP,15,0.21340845310882764,3.2438084872541806,False
RI,RIU6,RBREAKER_2_1,BREAKOUT,LONG,2026-09-03|RI|RIU6|BREAKOUT|1|122,2026-09-03 10:45:00+00:00,2026-09-03 11:04:00+00:00,2026-09-03,80419.0,80450.0,80440.0,80410.0,4.88927405931506,328.57142857142856,79950.0,80440.0,5000.0,174.35343932915438,333.8868363153307,83.02544729959733,423.42978122794636,-665.9886255137897,-665.9886255137201,-0.13319772510275793,0.03487068786583088,TRAILING_STOP,18,0.2656814313587115,0.8136493835360539,False
RI,RIU6,RBREAKER_2_1,BREAKOUT,LONG,2026-09-10|RI|RIU6|BREAKOUT|1|123,2026-09-10 09:08:00+00:00,2026-09-10 09:26:00+00:00,2026-09-10,85559.625,85590.0,85399.99999999999,85370.0,6.492063787211879,232.85714285714286,85240.0,85400.0,5000.0,-1759.7482058009675,471.17706071062406,110.24264405957513,555.3473194501096,-2896.515230021236,-2896.515230021276,-0.5793030460042472,-0.3519496411601935,TRAILING_STOP,17,0.33072793217872537,0.3527764609906404,False
RI,RIU6,RBREAKER_2_1,BREAKOUT,LONG,2026-09-10|RI|RIU6|BREAKOUT|1|124,2026-09-10 12:31:00+00:00,2026-09-10 12:52:00+00:00,2026-09-10,85559.625,85590.0,85690.0,85670.0,7.296442950280667,196.42857142857142,85290.0,85690.0,5000.0,1615.371272101005,530.4860672291815,123.90191924072906,500.25399893444353,460.72928669672297,460.729286696651,0.09214585733934459,0.323074254420201,TRAILING_STOP,20,0.2973646061777497,0.9912153539258323,False
RI,RIU6,RBREAKER_2_1,BREAKOUT,LONG,2026-09-14|RI|RIU6|BREAKOUT|1|125,2026-09-14 15:22:00+00:00,2026-09-14 15:29:00+00:00,2026-09-14,88458.375,88490.0,88460.0,88430.0,5.188491652562599,305.7142857142857,88030.0,88460.0,5000.0,14.317306760411986,389.69506339262904,88.10650314099685,454.8498224653962,-918.3340822386017,-918.3340822386101,-0.18366681644772034,0.0028634613520823974,TRAILING_STOP,6,0.4229112150767848,0.7577159270125727,False
RI,RIU6,RBREAKER_2_1,BREAKOUT,LONG,2026-09-14|RI|RIU6|BREAKOUT|1|126,2026-09-14 15:35:00+00:00,2026-09-14 15:45:00+00:00,2026-09-14,88458.375,88490.0,88300.0,88280.0,4.478274466529801,360.7142857142857,87940.0,88010.0,5000.0,-1204.3817823709685,336.067194427334,76.04620567456787,316.5423311203888,-1933.0375135932425,-1933.037513593259,-0.38660750271864847,-0.2408763564741937,FORCE_CLOSE,9,0.5019049574521479,0.10646468794439502,False
SR,SRZ5,RBREAKER_2_1,BREAKOUT,SHORT,2025-10-23|SR|SRZ5|BREAKOUT|-1|1,2025-10-23 11:34:00+00:00,2025-10-23 12:10:00+00:00,2025-10-23,29639.3,29636.0,29652.0,29655.0,40.84366678102942,67.14285714285714,29737.0,29652.0,5000.0,-518.7145681191033,605.4154617785039,40.84366678102942,216.47143393942622,-1381.4451306181522,-1381.4451306180626,-0.27628902612363043,-0.10374291362382067,TRAILING_STOP,35,0.7270172687023236,0.6943423352775001,False
SR,SRZ5,RBREAKER_2_1,BREAKOUT,SHORT,2025-10-23|SR|SRZ5|BREAKOUT|-1|2,2025-10-23 12:29:00+00:00,2025-10-23 12:50:00+00:00,2025-10-23,29639.3,29636.0,29729.0,29732.0,36.65205471418767,76.21428571428571,29751.0,29729.0,5000.0,-3287.689307862661,543.9897960679734,36.65205471418767,194.25588998516798,-4062.5870486299173,-4062.58704862999,-0.8125174097259834,-0.6575378615725321,TRAILING_STOP,20,0.5131287659986273,0.16126904074242576,False
SR,SRZ5,RBREAKER_2_1,BREAKOUT,SHORT,2025-10-23|SR|SRZ5|BREAKOUT|-1|3,2025-10-23 12:58:00+00:00,2025-10-23 13:13:00+00:00,2025-10-23,29639.3,29636.0,29753.0,29756.000000000004,36.12246962100343,77.42857142857143,29753.0,29753.0,5000.0,-4107.1247959081165,536.346428932659,36.12246962100343,191.44908899129192,-4871.0427834531665,-4871.042783453072,-0.9742085566906333,-0.8214249591816233,INITIAL_STOP,14,0.7585718620410721,0.08669392709040824,False
SR,SRZ5,RBREAKER_2_1,BREAKOUT,SHORT,2025-10-23|SR|SRZ5|BREAKOUT|-1|4,2025-10-23 13:51:00+00:00,2025-10-23 14:43:00+00:00,2025-10-23,29639.3,29636.0,29673.0,29676.0,35.10792175146436,80.21428571428571,29757.0,29673.0,5000.0,-1183.1369630243744,520.5802637307136,35.10792175146436,186.07198528273557,-1924.897133789251,-1924.8971337892879,-0.3849794267578502,-0.23662739260487486,TRAILING_STOP,51,0.18958277745790753,0.5898130854246013,False
SR,SRZ5,RBREAKER_2_1,BREAKOUT,LONG,2025-10-30|SR|SRZ5|BREAKOUT|1|5,2025-10-30 07:53:00+00:00,2025-10-30 08:21:00+00:00,2025-10-30,30147.9125,30151.0,30091.000000000004,30088.0,38.3875685697935,72.64285714285714,30042.0,30091.0,5000.0,-2184.732496228317,578.1071857689477,38.3875685697935,195.29675509888028,-2996.5240056659622,-2996.524005665938,-0.5993048011331924,-0.43694649924566337,TRAILING_STOP,27,0.3224555759862654,0.3761981719839763,False
SR,SRZ5,RBREAKER_2_1,BREAKOUT,LONG,2025-10-30|SR|SRZ5|BREAKOUT|1|6,2025-10-30 08:27:00+00:00,2025-10-30 10:17:00+00:00,2025-10-30,30147.9125,30151.0,30250.0,30247.0,35.39810478546906,79.85714285714286,30031.0,30250.0,5000.000000000001,3613.704022286624,534.4936832081901,35.39810478546906,180.08785809612533,2863.7243761967957,2863.72437619684,0.572744875239359,0.7227408044573247,TRAILING_STOP,109,0.09911469339931335,1.5504369896035446,False
SR,SRZ5,RBREAKER_2_1,BREAKOUT,LONG,2025-11-10|SR|SRZ5|BREAKOUT|1|7,2025-11-10 13:27:00+00:00,2025-11-10 14:27:00+00:00,2025-11-10,30621.9625,30625.0,30587.0,30584.0,52.4177696239041,49.142857142857146,30551.0,30587.0,5000.0,-1832.6562704758235,802.1098152273864,52.4177696239041,264.0545144803406,-2951.238369807421,-2951.238369807454,-0.5902476739614841,-0.3665312540951647,TRAILING_STOP,59,0.5451448040886027,0.37740794129210953,False
SR,SRZ5,RBREAKER_2_1,BREAKOUT,LONG,2025-11-18|SR|SRZ5|BREAKOUT|1|8,2025-11-18 08:24:00+00:00,2025-11-18 09:37:00+00:00,2025-11-18,30501.225000000002,30504.0,30560.999999999996,30558.0,24.295196353777445,123.21428571428571,30319.0,30561.0,5000.0,1452.2453620469937,370.8783199385896,24.295196353777445,116.00956258923428,941.0622831653648,941.0622831653923,0.18821245663307296,0.29044907240939877,TRAILING_STOP,72,0.09718078541510977,1.1758875035228284,False
SR,SRZ5,RBREAKER_2_1,BREAKOUT,LONG,2025-11-18|SR|SRZ5|BREAKOUT|1|9,2025-11-18 10:42:00+00:00,2025-11-18 12:09:00+00:00,2025-11-18,30501.225000000002,30504.0,30498.0,30495.0,33.37739149010124,85.35714285714286,30375.0,30498.0,5000.0,-107.64208755564935,508.9968758761714,33.37739149010124,159.37704436516054,-809.393399286975,-809.3933992870825,-0.16187867985739499,-0.021528417511129872,TRAILING_STOP,81,0.18691339234456694,0.8210838306564905,False
SR,SRZ5,RBREAKER_2_1,BREAKOUT,LONG,2025-11-18|SR|SRZ5|BREAKOUT|1|10,2025-11-18 12:11:00+00:00,2025-11-18 12:37:00+00:00,2025-11-18,30501.225000000002,30504.0,30402.0,30399.0,40.7159492516423,67.71428571428571,30402.0,30402.0,5000.0,-4040.040064494296,619.9308643181928,40.7159492516423,194.4186576765031,-4895.10553574065,-4895.105535740634,-0.9790211071481301,-0.8080080128988593,INITIAL_STOP,25,0.7166007068289044,0.00814318985032846,False
SR,SRZ5,RBREAKER_2_1,BREAKOUT,LONG,2025-11-18|SR|SRZ5|BREAKOUT|1|11,2025-11-18 13:10:00+00:00,2025-11-18 13:59:00+00:00,2025-11-18,30501.225000000002,30504.0,30447.999999999996,30445.0,42.0868335549922,65.21428571428571,30406.0,30448.0,5000.0,-2240.0717159645515,641.287604585805,42.0868335549922,200.9646302249959,-3124.410784330268,-3124.4107843303445,-0.6248821568660536,-0.4480143431929103,TRAILING_STOP,47,0.5807983030588922,0.35352940186193443,False
SR,SRZ5,RBREAKER_2_1,BREAKOUT,LONG,2025-11-18|SR|SRZ5|BREAKOUT|1|12,2025-11-18 14:05:00+00:00,2025-11-18 14:33:00+00:00,2025-11-18,30501.225000000002,30504.0,30498.0,30494.999999999996,45.125539250195814,59.714285714285715,30414.0,30498.0,5000.0,-145.52986408198,688.1531921806736,45.125539250195814,215.47444991958653,-1094.2830454325294,-1094.283045432436,-0.2188566090865059,-0.029105972816396,TRAILING_STOP,27,0.4241800689518406,0.7581090594032897,False
SR,SRZ5,RBREAKER_2_1,BREAKOUT,LONG,2025-11-18|SR|SRZ5|BREAKOUT|1|13,2025-11-18 14:35:00+00:00,2025-11-18 15:35:00+00:00,2025-11-18,30501.225000000002,30504.0,30477.0,30475.0,42.80748617318356,63.42857142857143,30408.0,30423.0,5000.0,-1037.0113525454653,652.5894248386402,42.80748617318356,161.5982603036745,-1894.0065238609468,-1894.0065238609639,-0.3788013047721894,-0.20740227050909307,FORCE_CLOSE,58,0.6421122925977535,0.1284224585195507,False
SR,SRZ5,RBREAKER_2_1,BREAKOUT,LONG,2025-11-19|SR|SRZ5|BREAKOUT|1|14,2025-11-19 13:12:00+00:00,2025-11-19 13:12:00+00:00,2025-11-19,31343.725000000002,31347.0,31195.0,31192.000000000004,28.698769109793602,101.0,31195.0,31195.0,5000.0,-4268.224435854117,448.69808033934555,28.698769109793602,151.38600705409863,-4897.007292357266,-4897.007292357354,-0.9794014584714532,-0.8536448871708233,INITIAL_STOP,0,0.0,0.0,False
SR,SRZ5,RBREAKER_2_1,BREAKOUT,LONG,2025-11-19|SR|SRZ5|BREAKOUT|1|15,2025-11-19 13:14:00+00:00,2025-11-19 13:29:00+00:00,2025-11-19,31343.725000000002,31347.0,31307.0,31304.0,28.698769109793602,101.0,31195.0,31307.0,5000.0,-1053.9622955572327,449.50164587441975,28.698769109793602,151.38600705409863,-1683.5487175954754,-1683.5487175955448,-0.3367097435190951,-0.21079245911144653,TRAILING_STOP,14,0.2927274449198947,0.6428524280593767,False
SR,SRZ5,RBREAKER_2_1,BREAKOUT,LONG,2025-11-19|SR|SRZ5|BREAKOUT|1|16,2025-11-19 14:00:00+00:00,2025-11-19 14:14:00+00:00,2025-11-19,31343.725000000002,31347.0,31182.0,31179.0,24.72511849513092,120.0,31167.0,31182.0,5000.0,-3998.6697886251022,386.490689756639,24.72511849513092,130.42500006176164,-4540.3105969386515,-4540.310596938633,-0.9080621193877303,-0.7997339577250204,TRAILING_STOP,13,0.42527203811625186,0.08406540288344513,False
SR,SRZ5,RBREAKER_2_1,BREAKOUT,SHORT,2025-11-27|SR|SRZ5|BREAKOUT|-1|17,2025-11-27 14:08:00+00:00,2025-11-27 14:45:00+00:00,2025-11-27,30449.05,30446.0,30136.999999999996,30140.0,47.47301159291009,55.57142857142857,30530.0,30137.0,5000.0,14813.95326756756,719.0499700920127,47.47301159291009,239.7387085441614,13807.691577338388,13807.691577338475,2.7615383154676776,2.962790653513512,TRAILING_STOP,36,0.6171491507078312,3.7313787112027335,False
SR,SRZ5,RBREAKER_2_1,BREAKOUT,SHORT,2025-12-02|SR|SRZ5|BREAKOUT|-1|18,2025-12-02 15:09:00+00:00,2025-12-02 15:09:00+00:00,2025-12-02,30408.8,30406.0,30480.0,30483.0,52.74094701644543,48.92857142857143,30480.0,30480.0,5000.0,-3755.155427570953,802.8358807210865,52.74094701644543,253.1565456788997,-4863.8888009873735,-4863.8888009873845,-0.9727777601974748,-0.7510310855141906,INITIAL_STOP,0,0.0,0.0,False
SR,SRZ5,RBREAKER_2_1,BREAKOUT,LONG,2025-12-05|SR|SRZ5|BREAKOUT|1|19,2025-12-05 09:32:00+00:00,2025-12-05 09:44:00+00:00,2025-12-05,30812.6625,30816.0,30721.0,30718.0,42.704747913872005,63.07142857142857,30721.0,30721.0,5000.0,-3914.4239556552307,656.94848953305,42.704747913872005,227.93659199035395,-4842.013785092404,-4842.013785092507,-0.9684027570184808,-0.7828847911310461,INITIAL_STOP,11,0.6918169162047265,0.15373709248993922,False
SR,SRZ5,RBREAKER_2_1,BREAKOUT,LONG,2025-12-05|SR|SRZ5|BREAKOUT|1|20,2025-12-05 11:16:00+00:00,2025-12-05 11:39:00+00:00,2025-12-05,30812.6625,30816.0,30815.0,30812.0,48.03858459114226,54.642857142857146,30734.0,30815.0,5000.0,112.29019148186494,740.1304727957288,48.03858459114226,256.4059452552917,-932.2848111602182,-932.2848111602979,-0.18645696223204364,0.022458038296372988,TRAILING_STOP,22,0.3458778090562243,0.7782250703765047,False
SR,SRZ5,RBREAKER_2_1,BREAKOUT,LONG,2025-12-11|SR|SRZ5|BREAKOUT|1|21,2025-12-11 09:08:00+00:00,2025-12-11 09:35:00+00:00,2025-12-11,31081.212499999998,31084.0,31013.0,31010.000000000004,47.56604545411106,55.714285714285715,31000.0,31013.0,5000.0,-3244.598875538447,738.3915066068931,47.56604545411106,227.7224426116605,-4258.27887021093,-4258.278870211112,-0.8516557740421861,-0.6489197751076894,TRAILING_STOP,26,0.6183585909034438,0.12367171818068876,False
SR,SRZ5,RBREAKER_2_1,REVERSAL,SHORT,2025-12-11|SR|SRZ5|REVERSAL|-1|22,2025-12-11 15:01:00+00:00,2025-12-11 15:03:00+00:00,2025-12-11,30828.565000000006,30826.0,30748.0,30751.0,59.78511521444557,37.357142857142854,30864.0,30748.0,3500.0,4816.587807252164,920.3470098899787,59.78511521444557,272.9190509543007,3563.5366311932803,3563.5366311934386,1.0181533231980802,1.3761679449291897,TRAILING_STOP,1,0.375792152776515,3.00633722221212,False
SR,SRZ5,RBREAKER_2_1,REVERSAL,LONG,2025-12-16|SR|SRZ5|REVERSAL|1|23,2025-12-16 11:29:00+00:00,2025-12-16 12:09:00+00:00,2025-12-16,30489.34,30492.0,30468.0,30465.0,48.905905038705725,50.142857142857146,30441.0,30468.0,3500.0,-1043.6520135259873,745.2893133610962,48.905905038705725,227.90151748036158,-2065.7487494061243,-2065.7487494061506,-0.5902139284017498,-0.2981862895788535,TRAILING_STOP,38,0.3772741245843013,0.3772741245843013,False
SR,SRH6,RBREAKER_2_1,BREAKOUT,LONG,2025-12-29|SR|SRH6|BREAKOUT|1|24,2025-12-29 08:48:00+00:00,2025-12-29 09:04:00+00:00,2025-12-29,31549.625,31553.0,31733.0,31729.999999999996,67.0902296498561,34.42857142857143,31501.0,31733.0,5000.0,12302.670862042361,1061.417750732961,67.0902296498561,360.6099843679765,10813.55289729127,10813.552897291569,2.162710579458254,2.4605341724084724,TRAILING_STOP,15,0.4562135616190215,3.112986655753323,False
SR,SRH6,RBREAKER_2_1,REVERSAL,SHORT,2025-12-29|SR|SRH6|REVERSAL|-1|25,2025-12-29 13:50:00+00:00,2025-12-29 13:52:00+00:00,2025-12-29,31299.190000000002,31296.0,31231.0,31232.999999999996,53.007814866416574,43.285714285714285,31340.0,31229.0,3500.0,3614.6028957410695,828.6314139455405,53.007814866416574,222.10274429040885,2510.8609226387143,2510.860922638704,0.7173888350396327,1.0327436844974485,TRAILING_STOP,1,0.5603683285878324,1.6811049857634972,False
SR,SRH6,RBREAKER_2_1,BREAKOUT,SHORT,2025-12-29|SR|SRH6|BREAKOUT|-1|26,2025-12-29 15:13:00+00:00,2025-12-29 15:17:00+00:00,2025-12-29,31075.775,31073.0,31038.0,31041.0,48.97807251693277,53.357142857142854,31154.0,31038.0,5000.0,1850.1466893272066,760.5559990791905,48.97807251693277,233.87029626842525,806.7423214626663,806.742321462658,0.16134846429253324,0.3700293378654413,TRAILING_STOP,3,0.26448159159143697,1.1362912823928402,False
SR,SRH6,RBREAKER_2_1,BREAKOUT,SHORT,2026-01-05|SR|SRH6|BREAKOUT|-1|27,2026-01-05 10:34:00+00:00,2026-01-05 10:55:00+00:00,2026-01-05,30829.9625,30827.0,30852.0,30854.999999999996,73.16519970440947,30.857142857142858,30874.0,30852.0,5000.0,-1612.3780884858172,1128.2439620418463,73.16519970440947,363.0823035332385,-3176.8695537650947,-3176.869553765311,-0.635373910753019,-0.32247561769716343,TRAILING_STOP,20,0.33655991864028356,0.3219268786994017,False
SR,SRH6,RBREAKER_2_1,BREAKOUT,SHORT,2026-01-05|SR|SRH6|BREAKOUT|-1|28,2026-01-05 10:59:00+00:00,2026-01-05 11:13:00+00:00,2026-01-05,30829.9625,30827.0,30840.0,30843.0,72.11001103282867,31.857142857142858,30875.0,30840.0,5000.0,-723.8042357419127,1111.756095098636,72.11001103282867,357.84592975051726,-2265.516271623622,-2265.5162716238947,-0.45310325432472437,-0.14476084714838255,TRAILING_STOP,8,0.20190803089192028,0.5047700772298007,False
SR,SRH6,RBREAKER_2_1,BREAKOUT,SHORT,2026-01-05|SR|SRH6|BREAKOUT|-1|29,2026-01-05 12:04:00+00:00,2026-01-05 12:20:00+00:00,2026-01-05,30829.9625,30827.0,30862.0,30864.999999999996,76.52456055770759,28.928571428571427,30871.0,30862.0,5000.0,-2451.6556088674456,1180.2382974815241,76.52456055770759,379.7531317677352,-4088.1715986742324,-4088.1715986744125,-0.8176343197348465,-0.49033112177348914,TRAILING_STOP,12,0.50506209968087,0.15304912111541516,False
SR,SRH6,RBREAKER_2_1,BREAKOUT,SHORT,2026-01-08|SR|SRH6|BREAKOUT|-1|30,2026-01-08 12:07:00+00:00,2026-01-08 13:13:00+00:00,2026-01-08,30702.962499999998,30700.0,30657.0,30660.0,85.80008580009222,24.428571428571427,30737.0,30657.0,5000.0,3943.5864435865515,1316.1733161734146,85.80008580009222,425.78292578277035,2115.8301158303666,2115.8301158302743,0.4231660231660733,0.7887172887173103,TRAILING_STOP,65,0.2402402402402582,1.3728013728014756,False
SR,SRH6,RBREAKER_2_1,BREAKOUT,SHORT,2026-01-08|SR|SRH6|BREAKOUT|-1|31,2026-01-08 13:19:00+00:00,2026-01-08 14:43:00+00:00,2026-01-08,30702.962499999998,30700.0,30735.999999999996,30739.0,80.2890405459711,27.285714285714285,30741.0,30736.0,5000.0,-2652.5491770376957,1233.2195905259796,80.2890405459711,398.4343637092064,-4364.492171818762,-4364.4921718188525,-0.8728984343637524,-0.5305098354075392,TRAILING_STOP,80,0.5620232838217978,0.08028904054597111,False
SR,SRH6,RBREAKER_2_1,BREAKOUT,LONG,2026-01-12|SR|SRH6|BREAKOUT|1|32,2026-01-12 07:48:00+00:00,2026-01-12 08:04:00+00:00,2026-01-12,31013.712499999998,31017.0,31049.0,31046.0,73.43923270689197,30.142857142857142,30971.0,31049.0,5000.0,2591.486924144611,1139.4647748719592,73.43923270689197,388.3099429378516,990.2729736280005,990.2729736279081,0.1980545947256001,0.5182973848289222,TRAILING_STOP,15,0.5140746289482439,1.1456520302275148,False
SR,SRH6,RBREAKER_2_1,BREAKOUT,LONG,2026-01-12|SR|SRH6|BREAKOUT|1|33,2026-01-12 08:49:00+00:00,2026-01-12 10:33:00+00:00,2026-01-12,31013.712499999998,31017.0,30981.999999999996,30979.0,55.50406012199524,44.92857142857143,30949.0,30982.0,5000.0,-1760.1725066186527,860.2574278308042,55.50406012199524,293.477717895171,-2969.411712466596,-2969.411712466623,-0.5938823424933192,-0.35203450132373054,TRAILING_STOP,100,0.31082273668317334,0.36632679680516855,False
SR,SRH6,RBREAKER_2_1,REVERSAL,SHORT,2026-01-12|SR|SRH6|REVERSAL|-1|34,2026-01-12 13:21:00+00:00,2026-01-12 13:21:00+00:00,2026-01-12,30807.765000000003,30805.0,30837.0,30840.0,66.12194776365362,31.928571428571427,30837.0,30837.0,3499.9999999999995,-1933.0751428702115,1019.0218674726068,66.12194776365362,315.07108109401156,-3333.2900392004967,-3333.290039200483,-0.9523685826287135,-0.5523071836772033,INITIAL_STOP,0,0.0,0.0,False
SR,SRH6,RBREAKER_2_1,BREAKOUT,SHORT,2026-01-13|SR|SRH6|BREAKOUT|-1|35,2026-01-13 09:10:00+00:00,2026-01-13 09:34:00+00:00,2026-01-13,30599.775,30597.0,30607.0,30610.0,64.22731330725463,38.0,30654.0,30607.0,4999.999999999999,-464.04233864482126,982.7902913992837,64.22731330725463,306.68542104223434,-1817.7453643936276,-1817.745364393594,-0.36354907287872557,-0.09280846772896427,TRAILING_STOP,23,0.5138185064580372,0.6037367450881936,False
SR,SRH6,RBREAKER_2_1,BREAKOUT,SHORT,2026-01-13|SR|SRH6|BREAKOUT|-1|36,2026-01-13 09:35:00+00:00,2026-01-13 09:41:00+00:00,2026-01-13,30599.775,30597.0,30618.0,30621.0,58.9285609056121,42.642857142857146,30661.0,30618.0,5000.0,-1073.9730225046949,901.8721603799404,58.9285609056121,281.38387832438355,-2316.157622114455,-2316.157622114631,-0.463231524422891,-0.21479460450093898,TRAILING_STOP,5,0.1767856827168363,0.5067856237882641,False
SR,SRH6,RBREAKER_2_1,BREAKOUT,SHORT,2026-01-13|SR|SRH6|BREAKOUT|-1|37,2026-01-13 10:54:00+00:00,2026-01-13 11:22:00+00:00,2026-01-13,30599.775,30597.0,30635.0,30638.0,59.63135893903679,41.357142857142854,30660.0,30635.0,5000.0,-2100.514618627484,912.8815661579795,59.63135893903679,284.7397389339875,-3357.7672826584385,-3357.767282658488,-0.6715534565316877,-0.42010292372549685,TRAILING_STOP,22,0.6201661329659827,0.29815679469518397,False
SR,SRH6,RBREAKER_2_1,BREAKOUT,SHORT,2026-01-13|SR|SRH6|BREAKOUT|-1|38,2026-01-13 11:43:00+00:00,2026-01-13 13:23:00+00:00,2026-01-13,30599.775,30597.0,30657.0,30660.0,60.351122832638175,41.07142857142857,30659.0,30657.0,5000.0,-3453.593004097632,924.2321828397291,60.351122832638175,288.17661152593513,-4726.3529212959875,-4726.352921295934,-0.9452705842591975,-0.6907186008195264,TRAILING_STOP,97,0.6517921265924923,0.02414044913305527,False
SR,SRH6,RBREAKER_2_1,BREAKOUT,SHORT,2026-01-13|SR|SRH6|BREAKOUT|-1|39,2026-01-13 14:04:00+00:00,2026-01-13 14:45:00+00:00,2026-01-13,30599.775,30597.0,30638.000000000004,30641.0,74.79599392656203,30.071428571428573,30643.0,30638.0,5000.0,-2859.076867842725,1145.0892690187015,74.79599392656203,357.15087099944253,-4436.113001787538,-4436.113001787431,-0.8872226003575077,-0.571815373568545,TRAILING_STOP,36,0.5086127587006218,0.08975519271187445,False
SR,SRH6,RBREAKER_2_1,BREAKOUT,SHORT,2026-01-13|SR|SRH6|BREAKOUT|-1|40,2026-01-13 15:15:00+00:00,2026-01-13 15:35:00+00:00,2026-01-13,30599.775,30597.0,30572.0,30574.0,66.80160591060348,35.57142857142857,30651.0,30609.0,5000.0,1855.414604167109,1021.5802587893814,66.80160591060348,252.17606231262536,514.8566771544027,514.8566771544987,0.10297133543088055,0.3710829208334218,FORCE_CLOSE,19,0.16032385418544837,0.5611334896490693,False
SR,SRH6,RBREAKER_2_1,BREAKOUT,LONG,2026-01-16|SR|SRH6|BREAKOUT|1|41,2026-01-16 08:36:00+00:00,2026-01-16 08:40:00+00:00,2026-01-16,30950.25,30953.0,30893.0,30890.0,61.746309114372686,39.92857142857143,30893.0,30893.0,5000.0,-3534.976196797836,954.6442486400376,61.746309114372686,293.29496829327024,-4844.661722845503,-4844.661722845517,-0.9689323445691007,-0.7069952393595672,INITIAL_STOP,3,0.7162571857267231,0.012349261822874538,False
SR,SRH6,RBREAKER_2_1,BREAKOUT,LONG,2026-01-16|SR|SRH6|BREAKOUT|1|42,2026-01-16 13:46:00+00:00,2026-01-16 15:30:00+00:00,2026-01-16,30950.25,30953.0,31030.999999999996,31028.0,80.67573999822513,26.857142857142858,30912.0,31031.0,5000.0,6514.566004856679,1250.090760207498,80.67573999822513,383.20976499156933,4800.589739659572,4800.5897396593855,0.9601179479319144,1.3029132009713358,TRAILING_STOP,103,0.2742975159939654,1.920082611957758,False
SR,SRH6,RBREAKER_2_1,BREAKOUT,LONG,2026-01-21|SR|SRH6|BREAKOUT|1|43,2026-01-21 10:38:00+00:00,2026-01-21 11:44:00+00:00,2026-01-21,31451.15,31454.0,31457.0,31454.0,55.29321994537207,45.42857142857143,31385.0,31457.0,5000.0,323.4653366803462,869.5964700808667,55.29321994537207,268.1721167349741,-869.5964700808667,-869.5964700808667,-0.17391929401617334,0.06469306733606923,TRAILING_STOP,60,0.5086976234974231,0.7962223672133578,False
SR,SRH6,RBREAKER_2_1,BREAKOUT,LONG,2026-01-21|SR|SRH6|BREAKOUT|1|44,2026-01-21 11:47:00+00:00,2026-01-21 12:32:00+00:00,2026-01-21,31451.15,31454.0,31386.999999999996,31384.0,48.81525379050584,53.92857142857143,31373.0,31387.0,5000.0,-3131.4985306610206,766.8632294219515,48.81525379050584,236.75398088388232,-4183.930994757271,-4183.93099475736,-0.8367861989514542,-0.6262997061322041,TRAILING_STOP,43,0.5174416901793619,0.13668271061341636,False
SR,SRH6,RBREAKER_2_1,BREAKOUT,LONG,2026-01-21|SR|SRH6|BREAKOUT|1|45,2026-01-21 12:57:00+00:00,2026-01-21 15:12:00+00:00,2026-01-21,31451.15,31454.0,31430.0,31428.0,57.85229152926942,43.285714285714285,31389.0,31430.0,5000.0,-1223.5759658441325,909.46694898588,57.85229152926942,222.7313223876031,-2413.6265287469732,-2413.626528746885,-0.48272530574939465,-0.2447151931688265,TRAILING_STOP,127,0.5900933735985481,0.47438879054000926,False
SR,SRH6,RBREAKER_2_1,BREAKOUT,SHORT,2026-01-26|SR|SRH6|BREAKOUT|-1|46,2026-01-26 07:49:00+00:00,2026-01-26 10:24:00+00:00,2026-01-26,31217.487500000003,31214.0,31242.0,31244.999999999996,52.864181345284436,48.0,31286.0,31242.0,5000.0,-1295.8332452261309,825.4609756612801,52.864181345284436,290.0921951324022,-2464.2505973650723,-2464.2505973650977,-0.49285011947301444,-0.2591666490452262,TRAILING_STOP,151,0.7295257025649252,0.465204795838503,False
SR,SRH6,RBREAKER_2_1,BREAKOUT,SHORT,2026-01-26|SR|SRH6|BREAKOUT|-1|47,2026-01-26 10:42:00+00:00,2026-01-26 11:11:00+00:00,2026-01-26,31217.487500000003,31214.0,31253.0,31256.0,71.85766433847233,31.285714285714285,31261.0,31253.0,5000.0,-2551.8453048197894,1122.2370728060916,71.85766433847233,394.3189330575761,-4140.258975022224,-4140.2589750219295,-0.8280517950044448,-0.5103690609639578,TRAILING_STOP,22,0.5317467161046953,0.11497226294155573,False
SR,SRH6,RBREAKER_2_1,BREAKOUT,SHORT,2026-01-26|SR|SRH6|BREAKOUT|-1|48,2026-01-26 11:35:00+00:00,2026-01-26 13:16:00+00:00,2026-01-26,31217.487500000003,31214.0,31093.999999999996,31096.999999999996,71.85766433847233,30.785714285714285,31261.0,31094.0,5000.0,8873.523324997312,1119.3807306486374,71.85766433847233,394.3189330575761,7287.965996952615,7287.965996952626,1.457593199390523,1.7747046649994622,TRAILING_STOP,100,0.4886321175016119,2.4000459889049757,False
SR,SRH6,RBREAKER_2_1,BREAKOUT,LONG,2026-01-29|SR|SRH6|BREAKOUT|1|49,2026-01-29 07:35:00+00:00,2026-01-29 08:24:00+00:00,2026-01-29,31386.325,31389.0,31362.0,31359.0,54.91819934208085,46.142857142857146,31319.0,31362.0,5000.0,-1335.8851989961565,861.5017930792222,54.91819934208085,256.742581924188,-2509.0477733415596,-2509.0477733416474,-0.5018095546683119,-0.2671770397992313,TRAILING_STOP,48,0.38442739539456594,0.4722965143418953,False
SR,SRH6,RBREAKER_2_1,BREAKOUT,LONG,2026-01-29|SR|SRH6|BREAKOUT|1|50,2026-01-29 12:16:00+00:00,2026-01-29 12:42:00+00:00,2026-01-29,31386.325,31389.0,31362.0,31359.0,81.90746095061995,26.428571428571427,31349.0,31362.0,5000.0,-1992.3989876238898,1284.882339932375,81.90746095061995,382.9173799440887,-3742.1061684511383,-3742.1061684509737,-0.7484212336902276,-0.39847979752477797,TRAILING_STOP,25,0.40953730475309974,0.21295939847161185,False
SR,SRH6,RBREAKER_2_1,BREAKOUT,LONG,2026-01-29|SR|SRH6|BREAKOUT|1|51,2026-01-29 13:28:00+00:00,2026-01-29 13:46:00+00:00,2026-01-29,31386.325,31389.0,31422.0,31419.000000000004,79.30905947386553,27.571428571428573,31347.0,31422.0,5000.0,2829.350696730095,1245.3108518586366,79.30905947386553,370.7698530402636,1133.960932357529,1133.9609323573293,0.22679218647150579,0.565870139346019,TRAILING_STOP,17,0.07930905947386553,1.1896358921079828,False
SR,SRH6,RBREAKER_2_1,REVERSAL,SHORT,2026-02-04|SR|SRH6|REVERSAL|-1|52,2026-02-04 13:23:00+00:00,2026-02-04 13:24:00+00:00,2026-02-04,31031.055000000004,31028.0,31069.0,31072.0,55.88911599386115,40.357142857142854,31069.0,31069.0,3500.0,-2120.7125063868416,867.6785258046943,55.88911599386115,282.5194813491877,-3326.799629534514,-3326.7996295345847,-0.950514179867004,-0.605917858967669,INITIAL_STOP,0,0.4471129279508892,0.0,False
SR,SRH6,RBREAKER_2_1,BREAKOUT,SHORT,2026-02-05|SR|SRH6|BREAKOUT|-1|53,2026-02-05 08:29:00+00:00,2026-02-05 08:53:00+00:00,2026-02-05,30846.625,30844.0,30896.0,30899.0,64.3732619219281,37.714285714285715,30901.0,30896.0,5000.0,-3178.4298073952,993.6495777114017,64.3732619219281,297.7263363889175,-4534.178983417498,-4534.178983417448,-0.9068357966834996,-0.63568596147904,TRAILING_STOP,22,0.643732619219281,0.0643732619219281,False
SR,SRH6,RBREAKER_2_1,BREAKOUT,SHORT,2026-02-05|SR|SRH6|BREAKOUT|-1|54,2026-02-05 09:09:00+00:00,2026-02-05 09:26:00+00:00,2026-02-05,30846.625,30844.0,30870.0,30873.0,65.21285475792989,37.0,30900.0,30870.0,5000.0,-1524.3504799666111,1006.1854392737897,65.21285475792989,301.6094532554257,-2897.3582272537333,-2897.3582272537565,-0.5794716454507467,-0.3048700959933222,TRAILING_STOP,14,0.2217237061769616,0.39127712854757934,False
SR,SRH6,RBREAKER_2_1,BREAKOUT,SHORT,2026-02-05|SR|SRH6|BREAKOUT|-1|55,2026-02-05 09:42:00+00:00,2026-02-05 09:53:00+00:00,2026-02-05,30846.625,30844.0,30698.0,30700.0,61.97937326457755,39.642857142857146,30904.0,30686.0,5000.0,9211.684351447839,953.6146370487902,61.97937326457755,224.67522808409365,7971.415113050382,7971.415113050378,1.5942830226100764,1.8423368702895677,TRAILING_STOP,10,0.29750099166997224,2.7023006743355813,False
SR,SRH6,RBREAKER_2_1,REVERSAL,SHORT,2026-02-09|SR|SRH6|REVERSAL|-1|56,2026-02-09 09:01:00+00:00,2026-02-09 10:25:00+00:00,2026-02-09,30704.91,30702.0,30693.0,30696.0,48.495933269596016,50.642857142857146,30753.0,30693.0,3500.0,577.5865652408814,744.388327721664,48.495933269596016,238.11503235370938,-453.4127281041996,-453.412728104088,-0.12954649374405702,0.16502473292596612,TRAILING_STOP,82,0.6096631611034927,0.8313588560502174,False
SR,SRH6,RBREAKER_2_1,BREAKOUT,LONG,2026-02-10|SR|SRH6|BREAKOUT|1|57,2026-02-10 07:18:00+00:00,2026-02-10 07:18:00+00:00,2026-02-10,30973.75,30977.0,30927.999999999996,30925.0,70.43394352606408,32.214285714285715,30928.0,30928.0,5000.0,-3222.3529163174317,1090.0004930376049,70.43394352606408,369.77820351183647,-4752.565556393096,-4752.565556392938,-0.9505131112786191,-0.6444705832634864,INITIAL_STOP,0,0.0,0.0,False
SR,SRH6,RBREAKER_2_1,BREAKOUT,LONG,2026-02-10|SR|SRH6|BREAKOUT|1|58,2026-02-10 07:37:00+00:00,2026-02-10 08:06:00+00:00,2026-02-10,30973.75,30977.0,30973.0,30970.000000000004,55.56265522816804,45.07142857142857,30909.0,30973.0,5000.0,-41.67199142112603,860.4849508548314,55.56265522816804,291.70393994788225,-1249.4235374519294,-1249.4235374520076,-0.24988470749038588,-0.008334398284225206,TRAILING_STOP,28,0.4445012418253444,0.7112019869205509,False
SR,SRH6,RBREAKER_2_1,BREAKOUT,LONG,2026-02-10|SR|SRH6|BREAKOUT|1|59,2026-02-10 08:07:00+00:00,2026-02-10 09:46:00+00:00,2026-02-10,30973.75,30977.0,30906.0,30903.0,49.510587839209414,52.357142857142854,30898.0,30906.0,5000.0,-3354.3423261064377,765.9287938725697,49.510587839209414,259.9305861558494,-4429.71229397422,-4429.712293974067,-0.885942458794844,-0.6708684652212875,TRAILING_STOP,97,0.6436376419097224,0.07921694054273506,False
SR,SRH6,RBREAKER_2_1,REVERSAL,LONG,2026-02-13|SR|SRH6|REVERSAL|1|60,2026-02-13 10:32:00+00:00,2026-02-13 10:32:00+00:00,2026-02-13,31110.920000000002,31114.0,31074.0,31071.0,56.71046875253519,40.0,31074.0,31074.0,3500.0,-2093.7505063437065,881.6351248441002,56.71046875253519,288.0891812627715,-3320.1852812031952,-3320.1852812031134,-0.9486243660580558,-0.5982144303839162,INITIAL_STOP,0,0.0,0.0,False
SR,SRH6,RBREAKER_2_1,BREAKOUT,LONG,2026-02-16|SR|SRH6|BREAKOUT|1|61,2026-02-16 10:15:00+00:00,2026-02-16 11:12:00+00:00,2026-02-16,31632.7,31636.0,31621.0,31618.0,59.93910187249859,40.42857142857143,31575.0,31621.0,5000.0,-701.2874919082772,947.8469874607565,59.93910187249859,317.6772399241989,-2026.750821165757,-2026.7508211657312,-0.4053501642331514,-0.14025749838165544,TRAILING_STOP,51,0.3955980723584907,0.551439737226987,False
SR,SRH6,RBREAKER_2_1,BREAKOUT,LONG,2026-02-16|SR|SRH6|BREAKOUT|1|62,2026-02-16 13:00:00+00:00,2026-02-16 13:28:00+00:00,2026-02-16,31632.7,31636.0,31558.0,31555.0,49.79186998346982,51.5,31558.0,31558.0,5000.0,-3719.452687765232,786.5995140313605,49.79186998346982,263.8969109123538,-4819.740982692267,-4819.740982692416,-0.9639481965384533,-0.7438905375530463,INITIAL_STOP,26,0.6373359357884137,0.0,False
SR,SRH6,RBREAKER_2_1,BREAKOUT,LONG,2026-02-18|SR|SRH6|BREAKOUT|1|63,2026-02-18 07:59:00+00:00,2026-02-18 07:59:00+00:00,2026-02-18,31759.3625,31762.0,31701.0,31698.0,60.859827644967034,40.142857142857146,31701.0,31701.0,5000.0,-3551.9316909293443,965.541165587402,60.859827644967034,282.23745070357893,-4860.570134865263,-4860.570134865293,-0.9721140269730526,-0.7103863381858688,INITIAL_STOP,0,0.0,0.0,False
SR,SRH6,RBREAKER_2_1,BREAKOUT,LONG,2026-02-18|SR|SRH6|BREAKOUT|1|64,2026-02-18 08:14:00+00:00,2026-02-18 08:51:00+00:00,2026-02-18,31759.3625,31762.0,31695.0,31691.999999999996,44.981827341753345,59.785714285714285,31672.0,31695.0,5000.0,-2895.142862283567,713.5692180359042,44.981827341753345,208.60322429741387,-3862.2971319587673,-3862.297131958638,-0.7724594263917535,-0.5790285724567134,TRAILING_STOP,36,0.5487782935693908,0.2069164057720654,False
SR,SRH6,RBREAKER_2_1,BREAKOUT,LONG,2026-02-18|SR|SRH6|BREAKOUT|1|65,2026-02-18 14:12:00+00:00,2026-02-18 14:40:00+00:00,2026-02-18,31759.3625,31762.0,31719.0,31716.0,63.97461487281728,37.42857142857143,31705.0,31719.0,5000.0,-2582.1753928040407,1015.2451507241738,63.97461487281728,296.6822764727367,-3958.077434873888,-3958.0774348737687,-0.7916154869747776,-0.5164350785608082,TRAILING_STOP,27,0.5373867649316652,0.17912892164388838,False
SR,SRH6,RBREAKER_2_1,BREAKOUT,LONG,2026-02-18|SR|SRH6|BREAKOUT|1|66,2026-02-18 14:47:00+00:00,2026-02-18 15:35:00+00:00,2026-02-18,31759.3625,31762.0,31813.0,31811.0,66.52828782798318,35.357142857142854,31708.0,31792.0,5000.000000000001,3568.411038373496,1057.3507105220938,66.52828782798318,241.99664697433724,2202.535393048833,2202.535393049082,0.44050707860976657,0.713682207674699,FORCE_CLOSE,47,0.26611315131193264,1.1176752355101172,False
SR,SRH6,RBREAKER_2_1,REVERSAL,LONG,2026-02-20|SR|SRH6|REVERSAL|1|67,2026-02-20 12:04:00+00:00,2026-02-20 13:32:00+00:00,2026-02-20,31769.32,31772.0,31803.0,31800.0,50.5444357796836,47.714285714285715,31724.0,31803.0,3500.0,1702.3365970597586,803.3027178465115,50.5444357796836,236.547959448934,611.9414839845424,611.9414839846295,0.17484042399558355,0.48638188487421674,TRAILING_STOP,84,0.4187967536030927,1.140860121884287,False
SR,SRH6,RBREAKER_2_1,BREAKOUT,LONG,2026-02-24|SR|SRH6|BREAKOUT|1|68,2026-02-24 15:11:00+00:00,2026-02-24 15:20:00+00:00,2026-02-24,31904.137499999997,31907.0,31870.000000000004,31868.0,70.74287088718053,32.142857142857146,31858.0,31870.0,5000.0,-2414.9847549109195,1127.9066477074846,70.74287088718053,273.24433880194067,-3886.878612307515,-3886.878612307525,-0.777375722461503,-0.4829969509821839,TRAILING_STOP,8,0.49520009621026373,0.16978289012923328,False
SR,SRH6,RBREAKER_2_1,BREAKOUT,SHORT,2026-02-27|SR|SRH6|BREAKOUT|-1|69,2026-02-27 07:38:00+00:00,2026-02-27 08:55:00+00:00,2026-02-27,31642.100000000002,31639.0,31692.000000000004,31695.0,46.28793875179757,56.785714285714285,31725.0,31692.0,5000.0,-2309.7681437145975,732.9000782265869,46.28793875179757,236.06848763426862,-3325.024648327155,-3325.02464832725,-0.665004929665431,-0.4619536287429195,TRAILING_STOP,75,0.4536217997676162,0.30550039576186394,False
SR,SRH6,RBREAKER_2_1,BREAKOUT,SHORT,2026-02-27|SR|SRH6|BREAKOUT|-1|70,2026-02-27 09:01:00+00:00,2026-02-27 10:46:00+00:00,2026-02-27,31642.100000000002,31639.0,31721.0,31724.000000000004,42.00992274375053,64.35714285714286,31736.0,31721.0,5000.0,-3314.582904481825,665.4686837030663,42.00992274375053,214.25060599321938,-4236.312116922074,-4236.312116921861,-0.8472624233844148,-0.6629165808963651,TRAILING_STOP,102,0.5125210574737564,0.1260297682312516,False
SR,SRH6,RBREAKER_2_1,REVERSAL,LONG,2026-03-02|SR|SRH6|REVERSAL|1|71,2026-03-02 08:21:00+00:00,2026-03-02 08:30:00+00:00,2026-03-02,31748.290000000005,31751.0,31690.0,31687.0,42.529664440952224,60.5,31690.0,31690.0,3500.0,-2479.054140263297,674.4992132012818,42.529664440952224,200.31471951669312,-3396.3977374220817,-3396.397737422224,-0.9703993535491662,-0.7083011829323705,INITIAL_STOP,8,0.6804746310552356,0.0,False
SR,SRH6,RBREAKER_2_1,REVERSAL,SHORT,2026-03-05|SR|SRH6|REVERSAL|-1|72,2026-03-05 09:41:00+00:00,2026-03-05 09:41:00+00:00,2026-03-05,31380.7,31378.0,31412.0,31415.0,63.53355479315122,33.857142857142854,31412.0,31412.0,3500.0,-1988.6002650255869,997.3656265315861,63.53355479315122,298.607707527857,-3348.1071538782476,-3348.1071538781816,-0.9566020439652136,-0.5681715042930248,INITIAL_STOP,0,0.0,0.0,False
SR,SRH6,RBREAKER_2_1,BREAKOUT,LONG,2026-03-05|SR|SRH6|BREAKOUT|1|73,2026-03-05 11:38:00+00:00,2026-03-05 11:47:00+00:00,2026-03-05,31582.8,31586.0,31701.0,31698.0,63.9443428439874,36.785714285714285,31530.0,31701.0,5000.0,7558.221324159357,1011.6634481347246,63.9443428439874,332.510582788781,6150.102950392004,6150.102950391864,1.2300205900784007,1.5116442648318715,TRAILING_STOP,8,0.2557773713759496,2.1868965252643693,False
SR,SRH6,RBREAKER_2_1,REVERSAL,SHORT,2026-03-09|SR|SRH6|REVERSAL|-1|74,2026-03-09 10:08:00+00:00,2026-03-09 10:08:00+00:00,2026-03-09,31710.215000000004,31707.0,31761.0,31764.0,45.8814815785806,53.5,31761.0,31761.0,3500.0,-2330.091041968042,728.0358793185223,45.8814815785806,239.2719264324714,-3343.2803292976823,-3343.2803292976164,-0.9552229512279092,-0.6657402977051549,INITIAL_STOP,0,0.0,0.0,False
SR,SRH6,RBREAKER_2_1,REVERSAL,SHORT,2026-03-10|SR|SRH6|REVERSAL|-1|75,2026-03-10 13:28:00+00:00,2026-03-10 14:01:00+00:00,2026-03-10,31765.925000000003,31763.0,31696.0,31699.0,58.59554841247346,37.07142857142857,31801.0,31696.0,3500.0,4097.293722742377,929.6476733380978,58.59554841247346,288.5830759316023,2820.467425060314,2820.467425060204,0.8058478357315183,1.170655349354965,TRAILING_STOP,32,0.619438654646148,1.7578664523742038,False
SR,SRH6,RBREAKER_2_1,REVERSAL,SHORT,2026-03-16|SR|SRH6|REVERSAL|-1|76,2026-03-16 09:17:00+00:00,2026-03-16 09:19:00+00:00,2026-03-16,31811.559999999998,31809.0,31769.000000000004,31772.0,57.354013551938436,39.07142857142857,31849.0,31769.0,3500.0,2440.986816770366,911.6563839114494,57.354013551938436,261.53430179670573,1210.4421175102946,1210.4421175102727,0.3458406050029413,0.6974248047915332,TRAILING_STOP,1,0.40967152537098883,1.3109488811871643,False
SR,SRM6,RBREAKER_2_1,BREAKOUT,SHORT,2026-03-27|SR|SRM6|BREAKOUT|-1|77,2026-03-27 08:35:00+00:00,2026-03-27 08:48:00+00:00,2026-03-27,32349.65,32347.0,32226.0,32229.0,56.514097441604946,44.42857142857143,32414.0,32226.0,5000.0,6987.968148654534,912.3635890972703,56.514097441604946,262.7905531035452,5756.299909012169,5756.299909012114,1.1512599818024338,1.3975936297309068,TRAILING_STOP,12,0.4747184185094816,2.124930063804346,False
SR,SRM6,RBREAKER_2_1,BREAKOUT,SHORT,2026-04-03|SR|SRM6|BREAKOUT|-1|78,2026-04-03 11:45:00+00:00,2026-04-03 11:52:00+00:00,2026-04-03,32351.475000000002,32348.0,32380.0,32383.0,67.45453564297266,33.642857142857146,32399.0,32380.0,5000.0,-1924.1406292156478,1091.5998866763157,67.45453564297266,369.31358264542257,-3452.5086341803153,-3452.508634180359,-0.690501726836063,-0.38482812584312953,TRAILING_STOP,6,0.6205817279153485,0.2563272354432961,False
SR,SRM6,RBREAKER_2_1,BREAKOUT,SHORT,2026-04-03|SR|SRM6|BREAKOUT|-1|79,2026-04-03 12:00:00+00:00,2026-04-03 12:02:00+00:00,2026-04-03,32351.475000000002,32348.0,32397.999999999996,32400.999999999996,68.37700344619688,33.214285714285715,32398.0,32398.0,5000.0,-3181.2400853341605,1106.8356490344504,68.37700344619688,374.3640938680772,-4730.816831682785,-4730.816831682885,-0.946163366336557,-0.6362480170668321,INITIAL_STOP,1,0.6427438323942507,0.08205240413543625,False
SR,SRM6,RBREAKER_2_1,BREAKOUT,SHORT,2026-04-03|SR|SRM6|BREAKOUT|-1|80,2026-04-03 13:39:00+00:00,2026-04-03 14:56:00+00:00,2026-04-03,32351.475000000002,32348.0,32328.0,32331.000000000004,59.436070562499886,40.42857142857143,32409.0,32328.0,5000.0,1395.2617564548145,961.0664019779827,59.436070562499886,325.4124863298166,49.34679758436391,49.3467975845154,0.009869359516872782,0.2790523512909629,TRAILING_STOP,76,0.26151871047499947,0.9628643431124981,False
SR,SRM6,RBREAKER_2_1,BREAKOUT,SHORT,2026-04-03|SR|SRM6|BREAKOUT|-1|81,2026-04-03 15:20:00+00:00,2026-04-03 15:45:00+00:00,2026-04-03,32351.475000000002,32348.0,32353.000000000004,32355.0,73.39557277904525,29.428571428571427,32393.0,32359.0,5000.0,-111.9282484878838,1187.2284363806414,73.39557277904525,328.44518818638767,-1700.9974458338859,-1700.9974458339582,-0.34019948916677717,-0.02238564969757676,FORCE_CLOSE,23,0.10275380189066337,0.49908989489750777,False
SR,SRM6,RBREAKER_2_1,BREAKOUT,LONG,2026-04-06|SR|SRM6|BREAKOUT|1|82,2026-04-06 09:59:00+00:00,2026-04-06 10:09:00+00:00,2026-04-06,32871.5625,32875.0,32923.0,32920.0,49.84423676012461,50.714285714285715,32798.0,32923.0,5000.0,2563.8629283489095,819.8753894080996,49.84423676012461,271.02803738317755,1423.115264797571,1423.1152647975077,0.2846230529595142,0.5127725856697819,TRAILING_STOP,9,0.32897196261682243,1.2461059190031152,False
SR,SRM6,RBREAKER_2_1,BREAKOUT,LONG,2026-04-06|SR|SRM6|BREAKOUT|1|83,2026-04-06 15:00:00+00:00,2026-04-06 15:26:00+00:00,2026-04-06,32871.5625,32875.0,32858.0,32855.0,60.74411541381929,39.142857142857146,32816.0,32858.0,5000.0,-823.8420652999241,998.1776765375855,60.74411541381929,330.29612756264237,-2213.0599848139555,-2213.0599848139714,-0.4426119969627911,-0.16476841305998483,TRAILING_STOP,25,0.21867881548974943,0.510250569476082,False
SR,SRM6,RBREAKER_2_1,BREAKOUT,LONG,2026-04-06|SR|SRM6|BREAKOUT|1|84,2026-04-06 15:29:00+00:00,2026-04-06 15:45:00+00:00,2026-04-06,32871.5625,32875.0,32924.0,32922.0,58.608058608058606,41.07142857142857,32813.0,32918.0,5000.0,3073.260073260073,964.058608058608,58.608058608058606,260.07326007326003,1790.520146520109,1790.5201465201467,0.3581040293040218,0.6146520146520146,FORCE_CLOSE,15,0.07032967032967033,1.2307692307692306,False
SR,SRM6,RBREAKER_2_1,BREAKOUT,SHORT,2026-04-09|SR|SRM6|BREAKOUT|-1|85,2026-04-09 13:09:00+00:00,2026-04-09 13:14:00+00:00,2026-04-09,32672.65,32670.0,32580.000000000004,32582.999999999996,69.79828296223629,32.857142857142854,32720.0,32580.0,5000.0,6466.810916451293,1138.636839533701,69.79828296223629,324.5620157745003,4933.813778181084,4933.8137781808555,0.9867627556362167,1.2933621832902586,TRAILING_STOP,4,0.3908703845885232,1.954351922942616,False
SR,SRM6,RBREAKER_2_1,BREAKOUT,LONG,2026-04-15|SR|SRM6|BREAKOUT|1|86,2026-04-15 11:10:00+00:00,2026-04-15 11:19:00+00:00,2026-04-15,32809.9625,32813.0,32801.0,32798.0,51.82340655980837,48.857142857142854,32739.0,32801.0,5000.0,-464.46728129235794,850.0463819488967,51.82340655980837,261.06041054495927,-1627.397480345945,-1627.3974803460221,-0.325479496069189,-0.09289345625847159,TRAILING_STOP,8,0.2902110767349269,0.6426102413416238,False
SR,SRM6,RBREAKER_2_1,BREAKOUT,LONG,2026-04-15|SR|SRM6|BREAKOUT|1|87,2026-04-15 11:53:00+00:00,2026-04-15 12:28:00+00:00,2026-04-15,32809.9625,32813.0,32842.0,32839.0,46.09080811013983,56.857142857142854,32727.0,32842.0,5000.0,1476.6342648285379,756.4884335117251,46.09080811013983,232.1824458547623,441.8725773519534,441.8725773519106,0.08837451547039069,0.2953268529657076,TRAILING_STOP,34,0.35029014163706274,1.0600885865332161,False
SR,SRM6,RBREAKER_2_1,BREAKOUT,LONG,2026-04-16|SR|SRM6|BREAKOUT|1|88,2026-04-16 08:01:00+00:00,2026-04-16 08:13:00+00:00,2026-04-16,33441.625,33445.0,33330.0,33327.0,35.09449191949324,79.14285714285714,33326.0,33330.0,5000.0,-3917.4226605134327,585.8323536121006,35.09449191949324,188.63289406727614,-4726.982400112478,-4726.982400112303,-0.9453964800224955,-0.7834845321026865,TRAILING_STOP,11,0.3720016143466283,0.02807559353559459,False
SR,SRM6,RBREAKER_2_1,BREAKOUT,SHORT,2026-04-21|SR|SRM6|BREAKOUT|-1|89,2026-04-21 12:17:00+00:00,2026-04-21 12:38:00+00:00,2026-04-21,33002.9,33000.0,33059.0,33062.0,47.48338081671284,55.07142857142857,33083.0,33059.0,5000.0,-2663.817663817521,784.2117758784209,47.48338081671284,232.668566001962,-3728.181386514543,-3728.1813865146164,-0.7456362773029086,-0.5327635327635042,TRAILING_STOP,20,0.41785375118707296,0.47483380816712834,False
SR,SRM6,RBREAKER_2_1,REVERSAL,LONG,2026-04-21|SR|SRM6|REVERSAL|1|90,2026-04-21 14:48:00+00:00,2026-04-21 14:49:00+00:00,2026-04-21,33243.06,33246.0,33195.0,33192.0,47.61710406377669,50.57142857142857,33195.0,33195.0,3499.9999999999995,-2288.4780213049967,790.8962899472988,47.61710406377669,235.2284940751677,-3362.2199093912222,-3362.21990939124,-0.9606342598260637,-0.6538508632299991,INITIAL_STOP,0,0.38093683251021354,0.013604886875364769,False
SR,SRM6,RBREAKER_2_1,BREAKOUT,SHORT,2026-04-24|SR|SRM6|BREAKOUT|-1|91,2026-04-24 10:35:00+00:00,2026-04-24 10:35:00+00:00,2026-04-24,33239.037500000006,33236.0,33289.0,33292.0,66.05630639556144,34.857142857142854,33289.0,33289.0,5000.0,-3300.338208287854,1098.6484879709778,66.05630639556144,332.7586434680253,-4797.8016461225225,-4797.801646122418,-0.9595603292245045,-0.6600676416575708,INITIAL_STOP,0,0.0,0.0,False
SR,SRM6,RBREAKER_2_1,BREAKOUT,SHORT,2026-04-24|SR|SRM6|BREAKOUT|-1|92,2026-04-24 12:14:00+00:00,2026-04-24 13:06:00+00:00,2026-04-24,33239.037500000006,33236.0,33279.0,33282.0,43.978081324263485,60.5,33327.0,33279.0,5000.0,-1757.4740749206235,731.3335033818397,43.978081324263485,221.53958467123329,-2754.325244297997,-2754.3252442979597,-0.5508650488595994,-0.3514948149841247,TRAILING_STOP,51,0.3518246505941079,0.42218958071292945,False
SR,SRM6,RBREAKER_2_1,BREAKOUT,SHORT,2026-04-24|SR|SRM6|BREAKOUT|-1|93,2026-04-24 14:00:00+00:00,2026-04-24 14:08:00+00:00,2026-04-24,33239.037500000006,33236.0,33260.0,33263.0,61.20475438531194,39.285714285714285,33295.0,33260.0,5000.0,-1283.0046638017452,1017.5137404672147,61.20475438531194,308.3189502163651,-2670.042108870651,-2670.0421088706366,-0.5340084217741302,-0.25660093276034907,TRAILING_STOP,7,0.13465045964768627,0.42843328069718356,False
SR,SRM6,RBREAKER_2_1,BREAKOUT,SHORT,2026-04-24|SR|SRM6|BREAKOUT|-1|94,2026-04-24 14:15:00+00:00,2026-04-24 14:26:00+00:00,2026-04-24,33239.037500000006,33236.0,33262.0,33265.0,59.0367562844546,41.07142857142857,33298.0,33262.0,5000.0,-1355.631516181445,981.5008324181289,59.0367562844546,297.39765978328364,-2693.5667646673137,-2693.566764667312,-0.5387133529334628,-0.271126303236289,TRAILING_STOP,10,0.1771102688533638,0.4250646452480731,False
SR,SRM6,RBREAKER_2_1,BREAKOUT,SHORT,2026-04-24|SR|SRM6|BREAKOUT|-1|95,2026-04-24 14:29:00+00:00,2026-04-24 14:59:00+00:00,2026-04-24,33239.037500000006,33236.0,33232.0,33234.0,57.67478343118047,42.57142857142857,33300.0,33232.0,5000.0,405.8862883972683,958.4107136676416,57.67478343118047,232.86193810372689,-843.0611468051889,-843.0611468052806,-0.16861222936103776,0.08117725767945366,TRAILING_STOP,29,0.21916417703848579,0.7843770546640544,False
SR,SRM6,RBREAKER_2_1,BREAKOUT,SHORT,2026-04-29|SR|SRM6|BREAKOUT|-1|96,2026-04-29 14:59:00+00:00,2026-04-29 15:12:00+00:00,2026-04-29,32357.4625,32354.0,32384.0,32387.0,47.124465137319405,55.07142857142857,32437.0,32384.0,5000.0,-1250.565493581545,762.721249363799,47.124465137319405,257.41739081267576,-2317.828598895524,-2317.8285988953394,-0.4635657197791048,-0.250113098716309,TRAILING_STOP,12,0.6220429398126162,0.4995193304555857,False
SR,SRM6,RBREAKER_2_1,BREAKOUT,SHORT,2026-04-29|SR|SRM6|BREAKOUT|-1|97,2026-04-29 15:13:00+00:00,2026-04-29 15:45:00+00:00,2026-04-29,32357.4625,32354.0,32425.000000000004,32427.0,40.28943933216131,66.78571428571429,32455.0,32439.0,5000.0,-2721.0480088957856,652.4975423441854,40.28943933216131,179.79162301982848,-3593.6266135919495,-3593.626613591961,-0.71872532271839,-0.5442096017791571,FORCE_CLOSE,31,0.5801679263831229,0.14504198159578072,False
SR,SRM6,RBREAKER_2_1,REVERSAL,SHORT,2026-05-04|SR|SRM6|REVERSAL|-1|98,2026-05-04 11:59:00+00:00,2026-05-04 11:59:00+00:00,2026-05-04,32657.505000000005,32655.0,32701.999999999996,32705.0,51.21638924455128,46.42857142857143,32702.0,32702.0,3500.0,-2278.873239436071,836.875800255968,51.21638924455128,230.729833546942,-3397.695262483603,-3397.695262483532,-0.9707700749953152,-0.6511066398388774,INITIAL_STOP,0,0.0,0.0,False
SR,SRM6,RBREAKER_2_1,REVERSAL,LONG,2026-05-05|SR|SRM6|REVERSAL|1|99,2026-05-05 09:33:00+00:00,2026-05-05 10:11:00+00:00,2026-05-05,32729.595000000005,32733.0,32653.999999999996,32651.000000000004,34.25445185537114,78.5,32654.0,32654.0,3500.0,-2589.4652880069457,559.9232700278967,34.25445185537114,185.14531227811648,-3368.7883221682146,-3368.7883221683296,-0.9625109491909184,-0.7398472251448416,INITIAL_STOP,36,0.7046630095962063,0.0,False
SR,SRM6,RBREAKER_2_1,BREAKOUT,LONG,2026-05-11|SR|SRM6|BREAKOUT|1|100,2026-05-11 07:19:00+00:00,2026-05-11 11:48:00+00:00,2026-05-11,32904.7875,32908.0,32969.0,32966.0,48.60078344462775,53.07142857142857,32828.0,32969.0,5000.0,3120.7778069382302,800.3820021578522,48.60078344462775,253.33158370519288,2018.4634376305676,2018.4634376305576,0.40369268752611354,0.624155561387646,TRAILING_STOP,259,0.2916047006677665,1.3705420931385026,False
SR,SRM6,RBREAKER_2_1,BREAKOUT,LONG,2026-05-11|SR|SRM6|BREAKOUT|1|101,2026-05-11 12:16:00+00:00,2026-05-11 12:38:00+00:00,2026-05-11,32904.7875,32908.0,32886.0,32883.0,84.9199205149502,23.642857142857142,32872.0,32886.0,5000.0,-1595.4330066745035,1396.7416226497721,84.9199205149502,442.64508568430153,-3519.739635523582,-3519.739635523528,-0.7039479271047164,-0.3190866013349007,TRAILING_STOP,20,0.2887277297508307,0.23777577744186054,False
SR,SRM6,RBREAKER_2_1,BREAKOUT,LONG,2026-05-11|SR|SRM6|BREAKOUT|1|102,2026-05-11 13:48:00+00:00,2026-05-11 13:53:00+00:00,2026-05-11,32904.7875,32908.0,32872.0,32869.0,71.55225461153982,30.857142857142858,32861.0,32872.0,5000.0,-2346.019548075758,1176.6231628958137,71.55225461153982,372.96612716275547,-3967.1610927459787,-3967.161092745867,-0.7934322185491958,-0.46920390961515157,TRAILING_STOP,4,0.30051946936846724,0.1574149601453876,False
SR,SRM6,RBREAKER_2_1,BREAKOUT,LONG,2026-05-11|SR|SRM6|BREAKOUT|1|103,2026-05-11 14:10:00+00:00,2026-05-11 14:55:00+00:00,2026-05-11,32904.7875,32908.0,32880.0,32877.0,65.89438448055203,35.07142857142857,32855.0,32880.0,5000.0,-1633.3570553115876,1083.7155207632788,65.89438448055203,343.47447910497334,-3126.4414396602406,-3126.441439660392,-0.6252882879320482,-0.3266714110623175,TRAILING_STOP,44,0.23721978412998732,0.3294719224027602,False
SR,SRM6,RBREAKER_2_1,BREAKOUT,LONG,2026-05-11|SR|SRM6|BREAKOUT|1|104,2026-05-11 14:56:00+00:00,2026-05-11 15:45:00+00:00,2026-05-11,32904.7875,32908.0,32871.0,32869.0,65.89438448055203,34.714285714285715,32855.0,32865.0,5000.0,-2226.406515636556,1083.5837319943178,65.89438448055203,277.58009462442135,-3653.4647267356568,-3653.464726735847,-0.7306929453471314,-0.4452813031273112,FORCE_CLOSE,42,0.5007973220521954,0.13178876896110409,False
SR,SRM6,RBREAKER_2_1,BREAKOUT,SHORT,2026-05-14|SR|SRM6|BREAKOUT|-1|105,2026-05-14 12:45:00+00:00,2026-05-14 12:50:00+00:00,2026-05-14,32894.425,32891.0,32938.0,32941.0,60.75666348706365,39.214285714285715,32950.0,32938.0,5000.0,-2647.471611448622,999.9331676700936,60.75666348706365,329.6048994174971,-4037.766342023326,-4037.766342023276,-0.8075532684046652,-0.5294943222897244,TRAILING_STOP,4,0.5589613040809855,0.2551779866456673,False
SR,SRM6,RBREAKER_2_1,BREAKOUT,SHORT,2026-05-21|SR|SRM6|BREAKOUT|-1|106,2026-05-21 07:50:00+00:00,2026-05-21 08:34:00+00:00,2026-05-21,32545.8875,32543.0,32538.0,32541.0,57.44056337704464,42.92857142857143,32608.0,32538.0,5000.0,453.0624436364814,934.6154067078934,57.44056337704464,280.74075350534747,-819.7342799539075,-819.734279953804,-0.1639468559907815,0.09061248872729628,TRAILING_STOP,43,0.31017904223604104,0.804167887278625,False
SR,SRM6,RBREAKER_2_1,BREAKOUT,SHORT,2026-05-21|SR|SRM6|BREAKOUT|-1|107,2026-05-21 10:20:00+00:00,2026-05-21 10:29:00+00:00,2026-05-21,32545.8875,32543.0,32588.0,32590.999999999996,74.57510832034322,29.928571428571427,32588.0,32588.0,5000.0,-3140.5442491403996,1214.3437763343088,74.57510832034322,364.4858419157318,-4793.94897571043,-4793.948975710783,-0.9587897951420861,-0.6281088498280799,INITIAL_STOP,8,0.5667708232346085,0.014915021664068644,False
SR,SRM6,RBREAKER_2_1,REVERSAL,LONG,2026-05-21|SR|SRM6|REVERSAL|1|108,2026-05-21 15:36:00+00:00,2026-05-21 15:44:00+00:00,2026-05-21,32767.835000000003,32771.0,32803.0,32800.0,67.67796888747812,28.071428571428573,32742.0,32803.0,3500.0000000000005,2379.8957759279806,1109.4280244802071,67.67796888747812,349.5567093036373,853.2330732568221,853.2330732566581,0.2437808780733777,0.6799702216937087,TRAILING_STOP,7,0.3287215631677508,1.179530314896047,False
SR,SRM6,RBREAKER_2_1,REVERSAL,SHORT,2026-05-22|SR|SRM6|REVERSAL|-1|109,2026-05-22 14:43:00+00:00,2026-05-22 14:43:00+00:00,2026-05-22,32665.065000000002,32662.0,32699.0,32702.0,58.86211129983898,36.857142857142854,32699.0,32699.0,3500.0,-1997.4857469598987,961.8657607506689,58.86211129983898,298.1365937338214,-3316.3502127442703,-3316.350212744228,-0.9475286322126486,-0.5707102134171139,INITIAL_STOP,0,0.0,0.0,False
SR,SRM6,RBREAKER_2_1,BREAKOUT,SHORT,2026-05-25|SR|SRM6|BREAKOUT|-1|110,2026-05-25 14:23:00+00:00,2026-05-25 14:27:00+00:00,2026-05-25,32229.7625,32227.0,32167.0,32170.0,46.45178072901362,57.142857142857146,32313.0,32167.0,5000.0,2915.4298880047513,747.8388309015726,46.45178072901362,221.22660572196116,1899.912670652352,1899.9126706522038,0.3799825341304704,0.5830859776009503,TRAILING_STOP,3,0.49238887572754436,1.3563919972871978,False
SR,SRM6,RBREAKER_2_1,REVERSAL,SHORT,2026-05-28|SR|SRM6|REVERSAL|-1|111,2026-05-28 12:11:00+00:00,2026-05-28 12:11:00+00:00,2026-05-28,32460.545000000002,32458.0,32503.0,32506.0,52.77522278683033,44.857142857142854,32503.0,32503.0,3500.0,-2240.572083414782,857.1223932809114,52.77522278683033,239.86338756624363,-3390.3330870489044,-3390.333087048767,-0.968666596299687,-0.6401634524042235,INITIAL_STOP,0,0.0,0.0,False
SR,SRM6,RBREAKER_2_1,BREAKOUT,SHORT,2026-05-29|SR|SRM6|BREAKOUT|-1|112,2026-05-29 07:24:00+00:00,2026-05-29 07:27:00+00:00,2026-05-29,32305.8125,32303.0,32376.000000000004,32379.0,52.755693658238066,48.5,32376.0,32376.0,5000.0,-3702.790248637584,853.0859443005386,52.755693658238066,253.8867757302707,-4862.5186623265245,-4862.518662326631,-0.9725037324653049,-0.7405580497275168,INITIAL_STOP,2,0.5064546591190854,0.021102277463295228,False
SR,SRM6,RBREAKER_2_1,BREAKOUT,SHORT,2026-05-29|SR|SRM6|BREAKOUT|-1|113,2026-05-29 07:46:00+00:00,2026-05-29 13:16:00+00:00,2026-05-29,32305.8125,32303.0,32277.0,32280.0,45.96581063005337,57.714285714285715,32390.0,32277.0,5000.0,1324.3899187784127,742.1524869801842,45.96581063005337,221.21046365713184,315.06115751109155,315.06115751104323,0.06301223150221831,0.26487798375568256,TRAILING_STOP,320,0.7170666458288326,1.0388273202392062,False
SR,SRM6,RBREAKER_2_1,BREAKOUT,SHORT,2026-05-29|SR|SRM6|BREAKOUT|-1|114,2026-05-29 13:22:00+00:00,2026-05-29 14:09:00+00:00,2026-05-29,32305.8125,32303.0,32335.0,32338.0,62.67509855659248,38.142857142857146,32361.0,32335.0,5000.0,-1829.329439120543,1012.8452614491737,62.67509855659248,301.6239118036013,-3206.4737109299213,-3206.4737109299103,-0.6412947421859843,-0.36586588782410856,TRAILING_STOP,44,0.2632354139376884,0.32591051249428094,False
SR,SRM6,RBREAKER_2_1,BREAKOUT,SHORT,2026-05-29|SR|SRM6|BREAKOUT|-1|115,2026-05-29 14:28:00+00:00,2026-05-29 15:20:00+00:00,2026-05-29,32305.8125,32303.0,32338.0,32341.0,66.86592712951261,35.214285714285715,32356.0,32338.0,5000.0,-2152.2470294811874,1080.6202483400534,66.86592712951261,321.7922743107795,-3621.525479261281,-3621.5254792615333,-0.7243050958522562,-0.4304494058962375,TRAILING_STOP,49,0.3209564502216605,0.2407173376662454,False
SR,SRM6,RBREAKER_2_1,BREAKOUT,SHORT,2026-05-29|SR|SRM6|BREAKOUT|-1|116,2026-05-29 15:31:00+00:00,2026-05-29 15:44:00+00:00,2026-05-29,32305.8125,32303.0,32350.0,32353.0,72.69925047072765,31.285714285714285,32350.0,32350.0,5000.0,-3212.398130175278,1175.1106846088417,72.69925047072765,349.86514289037683,-4810.073208145132,-4810.073208145224,-0.9620146416290265,-0.6424796260350556,INITIAL_STOP,12,0.5525143035775302,0.0,False
SR,SRM6,RBREAKER_2_1,BREAKOUT,LONG,2026-06-02|SR|SRM6|BREAKOUT|1|117,2026-06-02 14:31:00+00:00,2026-06-02 14:54:00+00:00,2026-06-02,32816.387500000004,32819.0,32860.0,32857.0,85.27402808927755,24.571428571428573,32782.0,32860.0,5000.0,3719.013550043245,1400.1142671978482,85.27402808927755,393.3264545614204,1840.298800194691,1840.2988001946985,0.3680597600389382,0.743802710008649,TRAILING_STOP,22,0.1876028617964106,1.3302748381927298,False
SR,SRM6,RBREAKER_2_1,BREAKOUT,SHORT,2026-06-08|SR|SRM6|BREAKOUT|-1|118,2026-06-08 12:20:00+00:00,2026-06-08 12:48:00+00:00,2026-06-08,32204.075,32201.0,32149.0,32151.999999999996,80.3206399948576,26.142857142857142,32241.0,32149.0,5000.0,4423.659247716841,1292.2185363972676,80.3206399948576,407.6272479739608,2643.4928233508836,2643.4928233507544,0.5286985646701767,0.8847318495433681,TRAILING_STOP,27,0.06425651199588608,1.4778997759053798,False
SR,SRM6,RBREAKER_2_1,BREAKOUT,LONG,2026-06-15|SR|SRM6|BREAKOUT|1|119,2026-06-15 12:17:00+00:00,2026-06-15 14:20:00+00:00,2026-06-15,32424.4375,32427.0,32500.000000000004,32496.999999999996,72.1100110328317,32.0,32379.0,32500.0,5000.0,5448.812708668344,1170.4175890738911,72.1100110328317,329.0019253372946,3877.283183224143,3877.2831832243273,0.7754566366448287,1.089762541733669,TRAILING_STOP,118,0.2163300330984951,1.745062266994527,False
SR,SRM6,RBREAKER_2_1,BREAKOUT,LONG,2026-06-15|SR|SRM6|BREAKOUT|1|120,2026-06-15 15:03:00+00:00,2026-06-15 15:16:00+00:00,2026-06-15,32424.4375,32427.0,32379.999999999996,32377.0,73.1651997044126,31.214285714285715,32380.0,32380.0,5000.0,-3251.278561864835,1185.3494004111885,73.1651997044126,333.81622365138253,-4843.6093856318075,-4843.609385631818,-0.9687218771263615,-0.650255712372967,INITIAL_STOP,12,0.5706885576944183,0.0,False
SR,SRM6,RBREAKER_2_1,BREAKOUT,LONG,2026-06-15|SR|SRM6|BREAKOUT|1|121,2026-06-15 15:24:00+00:00,2026-06-15 15:39:00+00:00,2026-06-15,32424.4375,32427.0,32378.000000000004,32375.000000000004,67.25989897563174,34.714285714285715,32374.0,32378.0,5000.0,-3123.381558680899,1089.6439933547222,67.25989897563174,306.8732890763198,-4587.158740087267,-4587.158740087572,-0.9174317480174533,-0.6246763117361799,TRAILING_STOP,14,0.4573673130342959,0.05380791918050539,False
SR,SRM6,RBREAKER_2_1,BREAKOUT,SHORT,2026-06-16|SR|SRM6|BREAKOUT|-1|122,2026-06-16 12:53:00+00:00,2026-06-16 13:17:00+00:00,2026-06-16,32078.149999999998,32075.0,32077.0,32080.0,59.99700014999565,40.42857142857143,32136.0,32077.0,5000.0,68.99655017236404,962.2768861557427,59.99700014999565,308.98455077234667,-1262.2618869057926,-1262.261886905721,-0.2524523773811585,0.013799310034472807,TRAILING_STOP,23,0.4559772011399669,0.7079646017699487,False
SR,SRM6,RBREAKER_2_1,BREAKOUT,SHORT,2026-06-16|SR|SRM6|BREAKOUT|-1|123,2026-06-16 13:21:00+00:00,2026-06-16 13:40:00+00:00,2026-06-16,32078.149999999998,32075.0,31927.0,31930.0,50.33345916698347,50.714285714285715,32152.0,31927.0,5000.0,7607.902353089441,805.3982634956942,50.33345916698347,259.21731470985503,6492.95331571689,6492.953315716909,1.298590663143378,1.5215804706178881,TRAILING_STOP,18,0.1912671448345372,2.265005662514256,False
SR,SRU6,RBREAKER_2_1,REVERSAL,LONG,2026-06-26|SR|SRU6|REVERSAL|1|124,2026-06-26 12:26:00+00:00,2026-06-26 12:36:00+00:00,2026-06-26,27455.355,27458.0,27711.000000000004,27708.0,22.577877550493685,135.28571428571428,27322.0,27711.0,3500.0,5771.921506395968,311.38279823763366,22.577877550493685,104.87424122205303,5333.086589385848,5333.086589385788,1.5237390255388137,1.649120430398848,TRAILING_STOP,9,0.4644591953244416,2.509369819183441,False
SR,SRU6,RBREAKER_2_1,BREAKOUT,SHORT,2026-07-02|SR|SRU6|BREAKOUT|-1|125,2026-07-02 11:49:00+00:00,2026-07-02 12:41:00+00:00,2026-07-02,27868.012499999997,27865.0,27796.0,27799.0,38.474116538100716,73.0,27975.0,27796.0,5000.0,2770.6173171998657,535.4058057442096,38.474116538100716,192.85150914711787,2003.8858857704538,2003.8858857704379,0.4007771771540908,0.5541234634399731,TRAILING_STOP,51,0.11542234961430216,1.3773733720640058,False
SR,SRU6,RBREAKER_2_1,BREAKOUT,SHORT,2026-07-02|SR|SRU6|BREAKOUT|-1|126,2026-07-02 12:49:00+00:00,2026-07-02 13:10:00+00:00,2026-07-02,27868.012499999997,27865.0,27817.0,27820.0,34.97542976059461,81.42857142857143,27988.0,27817.0,5000.0,1784.1841106622308,486.9017015546777,34.97542976059461,175.31434167487868,1086.9926376719743,1086.9926376720798,0.21739852753439487,0.35683682213244616,TRAILING_STOP,20,0.10492628928178382,1.1961596978123357,False
SR,SRU6,RBREAKER_2_1,REVERSAL,SHORT,2026-07-06|SR|SRU6|REVERSAL|-1|127,2026-07-06 12:20:00+00:00,2026-07-06 13:03:00+00:00,2026-07-06,27640.925,27638.0,27310.0,27313.0,36.20602261324781,76.78571428571429,27715.0,27310.0,3500.0,11981.478033289006,497.3892871551451,36.20602261324781,178.3146613702191,11269.568062150478,11269.568062150394,3.219876589185851,3.4232794380825733,TRAILING_STOP,42,0.6620529849279599,4.189554045247247,False
SR,SRU6,RBREAKER_2_1,BREAKOUT,SHORT,2026-07-06|SR|SRU6|BREAKOUT|-1|128,2026-07-06 13:49:00+00:00,2026-07-06 13:55:00+00:00,2026-07-06,27077.5875,27075.0,27061.0,27064.0,30.729046631327716,95.78571428571429,27219.0,27061.0,5000.0,509.7180609971932,415.90996389336283,30.729046631327716,140.9695014212606,-77.89045094874086,-77.89045094875792,-0.015578090189748173,0.10194361219943865,TRAILING_STOP,5,0.17208266113543522,0.9710378735499559,False
SR,SRU6,RBREAKER_2_1,BREAKOUT,SHORT,2026-07-10|SR|SRU6|BREAKOUT|-1|129,2026-07-10 15:23:00+00:00,2026-07-10 15:45:00+00:00,2026-07-10,26507.4375,26504.0,26474.0,26476.0,40.2813247722091,69.28571428571429,26608.0,26553.0,5000.0,1346.906797070742,533.5261466079096,40.2813247722091,178.7483786766779,594.3509470140857,594.3509470139453,0.11887018940281714,0.26938135941414837,FORCE_CLOSE,21,0.3222505981776728,0.4430945724943002,False
SR,SRU6,RBREAKER_2_1,REVERSAL,SHORT,2026-07-13|SR|SRU6|REVERSAL|-1|130,2026-07-13 15:04:00+00:00,2026-07-13 15:11:00+00:00,2026-07-13,26756.625,26754.0,26808.0,26811.000000000004,45.675806177979034,57.92857142857143,26812.0,26808.0,3500.0,-2346.594542393673,611.6561394808618,45.675806177979034,211.250603573153,-3215.1770916257324,-3215.177091625667,-0.9186220261787806,-0.6704555835410494,TRAILING_STOP,6,0.4698082921163558,0.05220092134626175,False
SR,SRU6,RBREAKER_2_1,BREAKOUT,SHORT,2026-07-16|SR|SRU6|BREAKOUT|-1|131,2026-07-16 07:33:00+00:00,2026-07-16 07:47:00+00:00,2026-07-16,25505.125,25502.0,25488.0,25491.0,36.231621509989054,78.85714285714286,25621.0,25488.0,5000.0,620.4665183585626,461.88976891471793,36.231621509989054,185.6870602386939,-63.3419323048347,-63.34193230483834,-0.01266838646096694,0.12409330367171251,TRAILING_STOP,13,0.24637502626792557,0.9637611321657088,False
SR,SRU6,RBREAKER_2_1,BREAKOUT,SHORT,2026-07-16|SR|SRU6|BREAKOUT|-1|132,2026-07-16 08:28:00+00:00,2026-07-16 09:18:00+00:00,2026-07-16,25505.125,25502.0,25187.0,25190.0,34.48252081020131,83.78571428571429,25628.0,25187.0,5000.0,10969.751932745292,436.9969862276812,34.48252081020131,176.72291915228172,10321.54950655509,10321.549506555128,2.064309901311018,2.1939503865490586,TRAILING_STOP,49,0.4620657788566975,3.0413583354597553,False
SR,SRU6,RBREAKER_2_1,BREAKOUT,SHORT,2026-07-16|SR|SRU6|BREAKOUT|-1|133,2026-07-16 11:20:00+00:00,2026-07-16 12:35:00+00:00,2026-07-16,25505.125,25502.0,25494.0,25497.0,28.24842797498319,104.92857142857143,25660.0,25494.0,5000.0,314.263761221688,360.16039457404196,28.24842797498319,144.77319337178886,-218.91825469908446,-218.918254699126,-0.04378365093981689,0.0628527522443376,TRAILING_STOP,74,0.14124213987491596,0.9378478087694418,False
SR,SRU6,RBREAKER_2_1,BREAKOUT,SHORT,2026-07-16|SR|SRU6|BREAKOUT|-1|134,2026-07-16 13:37:00+00:00,2026-07-16 14:44:00+00:00,2026-07-16,25505.125,25502.0,25521.0,25523.999999999996,30.302846649414246,97.28571428571429,25648.0,25521.0,5000.0,-481.05769055945115,386.5582632832528,30.302846649414246,155.302089078248,-1053.220889570338,-1053.2208895703661,-0.2106441779140676,-0.09621153811189023,TRAILING_STOP,66,0.3999975757722681,0.7696923048951219,False
SR,SRU6,RBREAKER_2_1,BREAKOUT,LONG,2026-07-20|SR|SRU6|BREAKOUT|1|135,2026-07-20 13:05:00+00:00,2026-07-20 13:37:00+00:00,2026-07-20,25981.675,25985.0,26305.0,26302.0,25.044767521945293,119.57142857142857,25805.0,26305.0,5000.0,8097.59945903298,327.3789398549884,25.044767521945293,133.36338705437691,7611.812364601687,7611.812364601669,1.5223624729203373,1.619519891806596,TRAILING_STOP,31,0.09016116307900306,2.5044767521945293,False
SR,SRU6,RBREAKER_2_1,REVERSAL,LONG,2026-07-24|SR|SRU6|REVERSAL|1|136,2026-07-24 10:30:00+00:00,2026-07-24 10:32:00+00:00,2026-07-24,26888.135000000002,26891.0,27374.0,27371.0,33.597150961599766,84.57142857142857,26806.0,27374.0,3500.0,16323.679751957601,455.76215136958166,33.597150961599766,163.45013942811443,15670.870310198294,15670.870310198306,4.4773915171995124,4.663908500559315,TRAILING_STOP,1,0.5183560434075393,5.452337641768191,False
SR,SRU6,RBREAKER_2_1,REVERSAL,SHORT,2026-07-24|SR|SRU6|REVERSAL|-1|137,2026-07-24 11:17:00+00:00,2026-07-24 11:25:00+00:00,2026-07-24,26918.865,26916.0,27032.000000000004,27035.0,23.30412549604446,130.57142857142858,27047.0,27032.0,3500.0,-2636.5122379949526,314.3202186592737,23.30412549604446,113.3745705382936,-3087.511152688565,-3087.511152688564,-0.8821460436253042,-0.7532892108557008,TRAILING_STOP,7,0.765706980584318,0.09987482355447626,False
SR,SRU6,RBREAKER_2_1,BREAKOUT,LONG,2026-07-24|SR|SRU6|BREAKOUT|1|138,2026-07-24 13:27:00+00:00,2026-07-24 14:22:00+00:00,2026-07-24,27371.962499999998,27375.0,27346.0,27343.000000000004,25.411346166062582,118.0,27198.0,27346.0,5000.0,-659.7420748363443,347.6145098786531,25.411346166062582,128.00965631159573,-1160.7775871925717,-1160.7775871926558,-0.23215551743851434,-0.13194841496726886,TRAILING_STOP,54,0.44723969252270146,0.7521758465154524,False
SR,SRU6,RBREAKER_2_1,BREAKOUT,LONG,2026-07-24|SR|SRU6|BREAKOUT|1|139,2026-07-24 14:23:00+00:00,2026-07-24 15:11:00+00:00,2026-07-24,27371.962499999998,27375.0,27289.0,27286.000000000004,27.061768486569957,109.92857142857143,27210.0,27289.0,5000.0,-2245.111968067001,369.8058318111001,27.061768486569957,136.32365875115522,-2778.303227115714,-2778.3032271158263,-0.5556606454231428,-0.4490223936134002,TRAILING_STOP,47,0.4167512346931773,0.4275759420878053,False
SR,SRU6,RBREAKER_2_1,BREAKOUT,SHORT,2026-08-06|SR|SRU6|BREAKOUT|-1|140,2026-08-06 09:03:00+00:00,2026-08-06 09:26:00+00:00,2026-08-06,28697.100000000002,28694.0,28792.0,28795.0,36.88757405180372,76.14285714285714,28809.0,28792.0,5000.0,-3500.630777516092,530.157436166036,36.88757405180372,188.1266276642795,-4255.80241539826,-4255.802415398211,-0.851160483079652,-0.7001261555032184,TRAILING_STOP,22,0.69348639217391,0.12541775177613265,False
SR,SRU6,RBREAKER_2_1,REVERSAL,LONG,2026-08-06|SR|SRU6|REVERSAL|1|141,2026-08-06 14:23:00+00:00,2026-08-06 14:37:00+00:00,2026-08-06,29074.180000000004,29077.0,29029.0,29026.0,51.33583167714754,47.214285714285715,29029.0,29029.0,3500.0,-2319.3528751737276,745.6914569843259,51.33583167714754,247.4387086836494,-3363.8188725189,-3363.81887251885,-0.9610911064339714,-0.6626722500496365,INITIAL_STOP,13,0.6600321215633255,0.0,False
SR,SRU6,RBREAKER_2_1,BREAKOUT,LONG,2026-08-11|SR|SRU6|BREAKOUT|1|142,2026-08-11 07:22:00+00:00,2026-08-11 07:37:00+00:00,2026-08-11,29073.4625,29076.0,29031.0,29028.0,69.8197254688423,34.5,29024.0,29031.0,5000.0,-2964.7200927208173,1014.2013321604031,69.8197254688423,316.80700431477027,-4365.5481546648225,-4365.5481546648325,-0.8731096309329645,-0.5929440185441635,TRAILING_STOP,14,0.5585578037507384,0.09774761565637921,False
SR,SRU6,RBREAKER_2_1,BREAKOUT,LONG,2026-08-11|SR|SRU6|BREAKOUT|1|143,2026-08-11 08:07:00+00:00,2026-08-11 08:21:00+00:00,2026-08-11,29073.4625,29076.0,29028.0,29025.0,66.12619523098135,37.142857142857146,29020.0,29028.0,5000.0,-3006.2621506885857,960.4995172788119,66.12619523098135,300.04761086048165,-4332.93547405868,-4332.935474058861,-0.8665870948117359,-0.6012524301377171,TRAILING_STOP,13,0.35708145424729926,0.10580191236957016,False
SR,SRU6,RBREAKER_2_1,BREAKOUT,LONG,2026-08-11|SR|SRU6|BREAKOUT|1|144,2026-08-11 09:45:00+00:00,2026-08-11 10:34:00+00:00,2026-08-11,29073.4625,29076.0,29024.0,29021.0,67.01245091338232,36.57142857142857,29021.0,29024.0,5000.0,-3314.6033533032705,973.3055901786931,67.01245091338232,304.0689960193747,-4658.990390414713,-4658.99039041472,-0.9317980780829427,-0.6629206706606541,TRAILING_STOP,47,0.6433195287684703,0.040207470548029395,False
SR,SRU6,RBREAKER_2_1,BREAKOUT,LONG,2026-08-11|SR|SRU6|BREAKOUT|1|145,2026-08-11 12:56:00+00:00,2026-08-11 13:51:00+00:00,2026-08-11,29073.4625,29076.0,29116.000000000004,29114.0,85.3053076962491,26.0,29037.0,29116.0,5000.0,3628.674526129072,1240.978963711184,85.3053076962491,301.7675259753571,2000.6227287464994,2000.6227287462818,0.4001245457492999,0.7257349052258144,TRAILING_STOP,53,0.10236636923549892,1.3478238616007359,False
SR,SRU6,RBREAKER_2_1,BREAKOUT,LONG,2026-08-11|SR|SRU6|BREAKOUT|1|146,2026-08-11 14:20:00+00:00,2026-08-11 14:42:00+00:00,2026-08-11,29074.0,29076.0,29055.0,29052.0,83.97997917296517,26.857142857142858,29035.0,29055.0,5000.0,-1595.6196042863382,1220.39705734153,83.97997917296517,335.91991669186075,-3235.916557492341,-3235.916557492694,-0.6471833114984682,-0.31912392085726765,TRAILING_STOP,21,0.25193993751889554,0.33591991669186066,False
SR,SRU6,RBREAKER_2_1,BREAKOUT,LONG,2026-08-11|SR|SRU6|BREAKOUT|1|147,2026-08-11 14:46:00+00:00,2026-08-11 14:52:00+00:00,2026-08-11,29073.4625,29076.0,29058.0,29055.000000000004,82.49055483147576,26.785714285714285,29035.0,29058.0,5000.0,-1275.510204081814,1198.8146107271295,82.49055483147576,374.3008925477012,-2931.116262187714,-2931.1162621881203,-0.5862232524375428,-0.2551020408163628,TRAILING_STOP,5,0.4124527741573788,0.37945655222478847,False
SR,SRU6,RBREAKER_2_1,BREAKOUT,LONG,2026-08-11|SR|SRU6|BREAKOUT|1|148,2026-08-11 14:56:00+00:00,2026-08-11 15:13:00+00:00,2026-08-11,29074.0,29076.0,29056.0,29053.0,79.95138955515047,29.142857142857142,29032.0,29056.0,5000.0,-1439.1250119927086,1161.8735808628355,79.95138955515047,319.80555822060194,-3000.755540631313,-3000.7555406312968,-0.6001511081262626,-0.2878250023985417,TRAILING_STOP,16,0.23985416866545142,0.3837666698647223,False
SR,SRU6,RBREAKER_2_1,BREAKOUT,LONG,2026-08-11|SR|SRU6|BREAKOUT|1|149,2026-08-11 15:25:00+00:00,2026-08-11 15:45:00+00:00,2026-08-11,29073.4625,29076.0,29099.999999999996,29098.000000000004,72.87248772098891,32.285714285714285,29027.0,29055.0,5000.0,1933.8536428956372,1059.8210251702023,72.87248772098891,257.7864253128922,543.373704691601,543.3737046915537,0.1086747409383202,0.3867707285791274,FORCE_CLOSE,17,0.07287248772098892,0.4080859312375379,False
SR,SRU6,RBREAKER_2_1,BREAKOUT,SHORT,2026-08-13|SR|SRU6|BREAKOUT|-1|150,2026-08-13 08:44:00+00:00,2026-08-13 08:44:00+00:00,2026-08-13,28477.475000000002,28474.0,28546.0,28549.0,53.655552813158124,47.714285714285715,28546.0,28546.0,5000.0,-3676.7467565215434,764.900147016179,53.655552813158124,293.7641516521578,-4789.066608002894,-4789.066608003039,-0.9578133216005789,-0.7353493513043087,INITIAL_STOP,0,0.0,0.0,False
SR,SRU6,RBREAKER_2_1,BREAKOUT,SHORT,2026-08-13|SR|SRU6|BREAKOUT|-1|151,2026-08-13 08:50:00+00:00,2026-08-13 09:29:00+00:00,2026-08-13,28477.475000000002,28474.0,28415.999999999996,28419.0,50.92323831056839,50.714285714285715,28551.0,28416.0,5000.0,3130.5060751423025,724.2939493007918,50.92323831056839,278.8047297504731,2076.4841577805155,2076.4841577804696,0.4152968315561031,0.6261012150284605,TRAILING_STOP,38,0.570340269078366,1.3749274343853464,False
SR,SRU6,RBREAKER_2_1,BREAKOUT,SHORT,2026-08-13|SR|SRU6|BREAKOUT|-1|152,2026-08-13 10:57:00+00:00,2026-08-13 11:56:00+00:00,2026-08-13,28477.475000000002,28474.0,28467.0,28470.0,41.601837137126466,65.42857142857143,28573.0,28467.0,5000.0,435.77924401149056,592.2437534841324,41.601837137126466,227.7700583258582,-425.8364049356046,-425.83640493562655,-0.08516728098712092,0.08715584880229811,TRAILING_STOP,58,0.34945543195186235,0.8819589473070811,False
SR,SRU6,RBREAKER_2_1,BREAKOUT,SHORT,2026-08-13|SR|SRU6|BREAKOUT|-1|153,2026-08-13 12:05:00+00:00,2026-08-13 14:52:00+00:00,2026-08-13,28477.475000000002,28474.0,28282.0,28284.999999999996,46.216273674284324,57.57142857142857,28561.0,28282.0,5000.0,9034.12609648083,655.797369369676,46.216273674284324,253.03409836680757,8079.078355070066,8079.078355070061,1.6158156710140132,1.806825219296166,TRAILING_STOP,166,0.34200042518970397,2.5788680710250653,False
SR,SRU6,RBREAKER_2_1,BREAKOUT,SHORT,2026-08-14|SR|SRU6|BREAKOUT|-1|154,2026-08-14 10:47:00+00:00,2026-08-14 11:29:00+00:00,2026-08-14,27664.887499999997,27662.0,27814.0,27817.0,27.232225526399784,109.28571428571429,27826.0,27814.0,5000.0,-4060.665228805367,377.70415999478337,27.232225526399784,133.0975022601997,-4598.699116586648,-4598.69911658675,-0.9197398233173297,-0.8121330457610734,TRAILING_STOP,41,0.7461629794233541,0.06535734126335947,False
SR,SRU6,RBREAKER_2_1,BREAKOUT,SHORT,2026-08-14|SR|SRU6|BREAKOUT|-1|155,2026-08-14 12:55:00+00:00,2026-08-14 13:39:00+00:00,2026-08-14,27664.887499999997,27662.0,27553.0,27556.0,35.06163836023873,81.78571428571429,27785.0,27553.0,5000.0,3922.959062031109,484.0083867439156,35.06163836023873,171.36375748556475,3232.5252794414205,3232.52527944139,0.6465050558882841,0.7845918124062219,TRAILING_STOP,43,0.2875054345539576,1.6268600199150771,False
SR,SRU6,RBREAKER_2_1,BREAKOUT,SHORT,2026-08-14|SR|SRU6|BREAKOUT|-1|156,2026-08-14 14:29:00+00:00,2026-08-14 15:45:00+00:00,2026-08-14,27661.0,27659.0,27658.0,27660.0,32.086350787238615,91.5,27797.0,27724.0,5000.0,96.25905236171585,443.7462097998132,32.086350787238615,96.25905236171585,-475.83256058701136,-475.83256058705183,-0.09516651211740228,0.01925181047234317,FORCE_CLOSE,75,0.5069643424383701,0.46846072149368373,False
SR,SRU6,RBREAKER_2_1,BREAKOUT,LONG,2026-08-18|SR|SRU6|BREAKOUT|1|157,2026-08-18 12:18:00+00:00,2026-08-18 12:34:00+00:00,2026-08-18,28191.35,28194.0,28087.0,28084.0,36.39089645334246,78.57142857142857,28076.0,28087.0,5000.0,-3797.3900449062326,512.0017176503018,36.39089645334246,169.21766850809536,-4515.000327517947,-4515.0003275179715,-0.9030000655035894,-0.7594780089812465,TRAILING_STOP,15,0.7496524669388547,0.0800599721973534,False
SR,SRU6,RBREAKER_2_1,BREAKOUT,SHORT,2026-08-20|SR|SRU6|BREAKOUT|-1|158,2026-08-20 11:18:00+00:00,2026-08-20 11:34:00+00:00,2026-08-20,27549.3625,27546.0,27673.0,27676.0,33.89876472901361,84.14285714285714,27673.0,27673.0,4999.999999999999,-4191.158524183445,467.98939646639735,33.89876472901361,181.78212585931078,-4874.82881123816,-4874.828811238165,-0.9749657622476321,-0.8382317048366891,INITIAL_STOP,15,0.8135703534963268,0.10847604713284356,False
SR,SRU6,RBREAKER_2_1,BREAKOUT,SHORT,2026-08-20|SR|SRU6|BREAKOUT|-1|159,2026-08-20 14:06:00+00:00,2026-08-20 14:53:00+00:00,2026-08-20,27549.3625,27546.0,27380.0,27383.0,46.949238483352445,56.92857142857143,27632.0,27380.0,5000.0,7951.440402636745,644.7186801630166,46.949238483352445,251.76529136694336,7008.007192623466,7008.007192623432,1.401601438524693,1.590288080527349,TRAILING_STOP,46,0.06572893387669342,2.366241619560963,False
SR,SRU6,RBREAKER_2_1,BREAKOUT,SHORT,2026-08-24|SR|SRU6|BREAKOUT|-1|160,2026-08-24 07:21:00+00:00,2026-08-24 07:23:00+00:00,2026-08-24,27018.537500000002,27016.0,27082.000000000004,27085.000000000004,39.814306076458,71.14285714285714,27123.0,27082.0,5000.0,-2526.715399377129,538.4984432606136,39.814306076458,180.6574138220151,-3285.6855625364105,-3285.685562536215,-0.6571371125072821,-0.5053430798754258,TRAILING_STOP,1,0.20703439159758164,0.3264773098269556,False
SR,SRU6,RBREAKER_2_1,BREAKOUT,SHORT,2026-08-24|SR|SRU6|BREAKOUT|-1|161,2026-08-24 13:18:00+00:00,2026-08-24 13:24:00+00:00,2026-08-24,27018.537500000002,27016.0,27072.0,27075.0,67.03940576270338,36.714285714285715,27072.0,27072.0,5000.0,-3584.094230588383,906.5571242775972,67.03940576270338,304.19130364841294,-4861.882064277093,-4861.882064277097,-0.9723764128554186,-0.7168188461176767,INITIAL_STOP,5,0.6838019387795744,0.013407881152540676,False
SR,SRU6,RBREAKER_2_1,BREAKOUT,SHORT,2026-08-24|SR|SRU6|BREAKOUT|-1|162,2026-08-24 13:44:00+00:00,2026-08-24 13:56:00+00:00,2026-08-24,27018.537500000002,27016.0,27017.0,27020.0,66.15244168661883,37.42857142857143,27073.0,27017.0,5000.0,101.70937909332085,893.6533347445338,66.15244168661883,300.1667041531773,-1158.2631014909393,-1158.2631014910091,-0.23165262029818787,0.02034187581866417,TRAILING_STOP,11,0.5689109985049219,0.7409073468901309,False
SR,SRU6,RBREAKER_2_1,BREAKOUT,SHORT,2026-08-24|SR|SRU6|BREAKOUT|-1|163,2026-08-24 14:01:00+00:00,2026-08-24 14:21:00+00:00,2026-08-24,27018.537500000002,27016.0,27026.0,27029.0,58.42281761564498,44.357142857142854,27083.0,27026.0,5000.0,-435.98027645662313,789.3652945093833,58.42281761564498,265.0935349311166,-1548.8619235128185,-1548.861923512768,-0.3097723847025637,-0.08719605529132463,TRAILING_STOP,19,0.15189932580067694,0.6660201208183527,False
SR,SRU6,RBREAKER_2_1,BREAKOUT,SHORT,2026-08-24|SR|SRU6|BREAKOUT|-1|164,2026-08-24 14:53:00+00:00,2026-08-24 14:54:00+00:00,2026-08-24,27018.537500000002,27016.0,27105.0,27108.0,46.47574430904322,58.714285714285715,27105.0,27105.0,5000.0,-4018.409042320548,628.8632962456638,46.47574430904322,210.88368980238505,-4904.631772677621,-4904.63177267764,-0.9809263545355241,-0.8036818084641096,INITIAL_STOP,0,0.18590297723617288,0.06506604203266052,False
SR,SRU6,RBREAKER_2_1,BREAKOUT,LONG,2026-08-31|SR|SRU6|BREAKOUT|1|165,2026-08-31 15:10:00+00:00,2026-08-31 15:22:00+00:00,2026-08-31,27512.125,27515.0,27710.0,27707.0,45.65897312969432,59.785714285714285,27425.0,27710.0,5000.0,9034.769308038263,630.344953541995,45.65897312969432,222.5874940072598,8136.177887359283,8136.177887359315,1.6272355774718565,1.8069538616076526,TRAILING_STOP,11,0.6300938291897815,2.602561468392576,False
SR,SRU6,RBREAKER_2_1,BREAKOUT,LONG,2026-09-10|SR|SRU6|BREAKOUT|1|166,2026-09-10 14:50:00+00:00,2026-09-10 15:11:00+00:00,2026-09-10,28331.925,28335.0,28740.0,28737.000000000004,53.012431415166034,48.714285714285715,28261.0,28740.0,5000.0,21633.04794974392,756.3813714315891,53.012431415166034,269.03808943200625,20554.61605746525,20554.61605746516,4.11092321149305,4.3266095899487835,TRAILING_STOP,20,0.6361491769819925,5.078590929572906,False
SR,SRU6,RBREAKER_2_1,BREAKOUT,LONG,2026-09-14|SR|SRU6|BREAKOUT|1|167,2026-09-14 15:19:00+00:00,2026-09-14 15:26:00+00:00,2026-09-14,28959.3,28962.0,28980.0,28977.0,55.62910960047084,46.42857142857143,28892.0,28980.0,5000.0,1151.5225687297868,805.77374528542,55.62910960047084,261.4568151222535,28.662898721566194,28.662898721642534,0.0057325797443132384,0.23030451374595737,TRAILING_STOP,6,0.40052958912339004,0.9790723289682868,False
SR,SRU6,RBREAKER_2_1,BREAKOUT,LONG,2026-09-14|SR|SRU6|BREAKOUT|1|168,2026-09-14 15:35:00+00:00,2026-09-14 15:45:00+00:00,2026-09-14,28959.3,28962.0,28900.000000000004,28898.0,44.294433961427835,61.42857142857143,28869.0,28887.0,5000.0,-2626.6599339126383,640.7189872520537,44.294433961427835,163.8894056573152,-3475.5627607835486,-3475.562760783435,-0.6951125521567098,-0.5253319867825277,FORCE_CLOSE,9,0.5758276414985618,0.1594599622611402,False
SR,SRZ6,RBREAKER_2_1,BREAKOUT,LONG,2026-09-22|SR|SRZ6|BREAKOUT|1|169,2026-09-22 14:36:00+00:00,2026-09-22 14:57:00+00:00,2026-09-22,29083.675000000003,29087.0,29108.0,29105.0,61.58128421610546,39.57142857142857,29027.0,29108.0,5000.0,1497.964738556586,895.8845227759023,61.58128421610546,327.92033845058234,212.57859311390962,212.57859311399602,0.042515718622781924,0.2995929477113172,TRAILING_STOP,20,0.3079064210805273,0.9976168043009084,False
SR,SRZ6,RBREAKER_2_1,BREAKOUT,SHORT,2026-09-25|SR|SRZ6|BREAKOUT|-1|170,2026-09-25 11:57:00+00:00,2026-09-25 13:28:00+00:00,2026-09-25,28517.5,28515.0,28428.0,28431.0,69.19696917275024,35.0,28568.0,28428.0,5000.0,6193.128740961147,985.1226516278589,69.19696917275024,311.38636127737607,4827.4227588832255,4827.422758883163,0.965484551776645,1.2386257481922294,TRAILING_STOP,90,0.27678787669100097,1.937515136837007,False
GZ,GZZ5,RBREAKER_2_1,BREAKOUT,SHORT,2025-10-23|GZ|GZZ5|BREAKOUT|-1|1,2025-10-23 08:32:00+00:00,2025-10-23 09:27:00+00:00,2025-10-23,12012.4875,12009.0,12018.0,12021.0,61.744021635106286,44.785714285714285,12077.0,12018.0,5000.0,-340.36391926356833,370.927209972901,61.744021635106286,338.82031872260086,-1111.8554695941589,-1111.8554695941764,-0.22237109391883178,-0.06807278385271366,TRAILING_STOP,54,0.4939521730808503,0.7285794552942542,False
GZ,GZZ5,RBREAKER_2_1,BREAKOUT,SHORT,2025-10-23|GZ|GZZ5|BREAKOUT|-1|2,2025-10-23 09:37:00+00:00,2025-10-23 11:20:00+00:00,2025-10-23,12012.4875,12009.0,12042.0,12045.0,64.11941600036026,42.785714285714285,12074.0,12042.0,5000.0,-1892.3242647106788,385.58210811816645,64.11941600036026,351.85529530193025,-2693.881084131138,-2693.8810841311356,-0.5387762168262276,-0.3784648529421358,TRAILING_STOP,97,0.5770747440032423,0.41036426240230567,False
GZ,GZZ5,RBREAKER_2_1,BREAKOUT,SHORT,2025-10-23|GZ|GZZ5|BREAKOUT|-1|3,2025-10-23 11:55:00+00:00,2025-10-23 12:17:00+00:00,2025-10-23,12012.4875,12009.0,12053.0,12056.0,81.99476873375674,31.642857142857142,12057.0,12053.0,5000.0,-3321.81306832638,493.301027394464,81.99476873375674,449.94629342643043,-4347.0551578810955,-4347.055157881031,-0.8694110315762191,-0.6643626136652759,TRAILING_STOP,21,0.6887560573635566,0.0655958149870054,False
GZ,GZZ5,RBREAKER_2_1,BREAKOUT,SHORT,2025-10-23|GZ|GZZ5|BREAKOUT|-1|4,2025-10-23 14:01:00+00:00,2025-10-23 15:04:00+00:00,2025-10-23,12012.4875,12009.0,12024.0,12027.0,87.75085776463689,28.785714285714285,12053.0,12024.0,5000.0,-1010.2317500154461,527.2949043077031,87.75085776463689,481.53283198338113,-2106.8103440711357,-2106.8103440711675,-0.4213620688142271,-0.2020463500030892,TRAILING_STOP,62,0.5967058327995309,0.508954975034894,False
GZ,GZZ5,RBREAKER_2_1,BREAKOUT,SHORT,2025-10-23|GZ|GZZ5|BREAKOUT|-1|5,2025-10-23 15:20:00+00:00,2025-10-23 15:34:00+00:00,2025-10-23,12012.4875,12009.0,12044.0,12047.000000000002,90.94298784092493,27.857142857142858,12051.0,12044.0,5000.0,-2865.840904337213,546.9311288753225,90.94298784092493,499.04964577700935,-4002.764666830625,-4002.7646668304697,-0.800552933366125,-0.5731681808674426,TRAILING_STOP,12,0.3819605489318847,0.1273201829772949,False
GZ,GZZ5,RBREAKER_2_1,BREAKOUT,LONG,2025-10-30|GZ|GZZ5|BREAKOUT|1|6,2025-10-30 13:59:00+00:00,2025-10-30 14:09:00+00:00,2025-10-30,12102.8,12106.0,12064.0,12061.0,73.04281769973403,37.07142857142857,12050.0,12064.0,5000.0,-2834.0613267496274,441.3064438373681,73.04281769973403,379.82265203867007,-3728.2332403254827,-3728.2332403253995,-0.7456466480650965,-0.5668122653499255,TRAILING_STOP,9,0.598951105137819,0.2045198895592553,False
GZ,GZZ5,RBREAKER_2_1,REVERSAL,LONG,2025-11-14|GZ|GZZ5|REVERSAL|1|7,2025-11-14 10:27:00+00:00,2025-11-14 10:35:00+00:00,2025-11-14,12126.910000000002,12130.0,12097.0,12094.0,77.35661399050191,32.214285714285715,12097.0,12097.0,3500.0,-2313.7363244560415,468.4716543264796,77.35661399050191,393.7451652115253,-3253.3097579845335,-3253.309757984548,-0.9295170737098667,-0.6610675212731547,INITIAL_STOP,7,0.7072604707703032,0.04420377942314395,False
GZ,GZZ5,RBREAKER_2_1,BREAKOUT,SHORT,2025-11-14|GZ|GZZ5|BREAKOUT|-1|8,2025-11-14 14:50:00+00:00,2025-11-14 15:35:00+00:00,2025-11-14,11963.475,11960.0,11981.0,11983.0,96.28345850182802,25.428571428571427,11999.0,11990.0,5000.0,-1687.367610244501,576.3287117273171,96.28345850182802,430.8684767957154,-2790.8482572693933,-2790.848257269362,-0.5581696514538786,-0.3374735220489002,FORCE_CLOSE,44,0.4621606008087745,0.17331022530329043,False
GZ,GZZ5,RBREAKER_2_1,BREAKOUT,LONG,2025-11-18|GZ|GZZ5|BREAKOUT|1|9,2025-11-18 08:22:00+00:00,2025-11-18 09:35:00+00:00,2025-11-18,12327.1,12330.0,12347.000000000002,12344.0,45.469012867730946,65.0,12232.0,12347.0,5000.0,904.8333560678293,280.47560587459833,45.469012867730946,222.7981630518651,356.09057427368003,356.09057427363484,0.071218114854736,0.18096667121356586,TRAILING_STOP,72,0.32737689264766284,1.0457872959578116,False
GZ,GZZ5,RBREAKER_2_1,BREAKOUT,LONG,2025-11-18|GZ|GZZ5|BREAKOUT|1|10,2025-11-18 09:49:00+00:00,2025-11-18 15:35:00+00:00,2025-11-18,12327.1,12330.0,12377.0,12375.0,36.505676632716586,82.92857142857143,12205.0,12284.0,5000.0,1821.6332639725445,225.4681853028158,36.505676632716586,142.37213886758138,1417.2872631694047,1417.2872631694308,0.28345745263388095,0.3643266527945089,FORCE_CLOSE,340,0.2044317891432129,0.5767896907969221,False
GZ,GZZ5,RBREAKER_2_1,BREAKOUT,LONG,2025-11-19|GZ|GZZ5|BREAKOUT|1|11,2025-11-19 13:07:00+00:00,2025-11-19 13:29:00+00:00,2025-11-19,12748.75,12752.0,12797.999999999998,12795.0,49.07927284149358,59.07142857142857,12663.0,12798.0,5000.0,2417.154187443559,313.4570458204091,49.07927284149358,257.66618241784124,1796.9516863637998,1796.951686363815,0.35939033727276,0.4834308374887118,TRAILING_STOP,21,0.3828183281636499,1.3251403667203265,False
GZ,GZZ5,RBREAKER_2_1,BREAKOUT,LONG,2025-11-19|GZ|GZZ5|BREAKOUT|1|12,2025-11-19 14:15:00+00:00,2025-11-19 15:14:00+00:00,2025-11-19,12748.75,12752.0,12698.0,12695.0,40.69142875744653,72.71428571428571,12642.0,12698.0,5000.0,-2065.0900094404114,258.8686968976855,40.69142875744653,213.6300009765943,-2578.2801360721223,-2578.2801360721373,-0.5156560272144245,-0.4130180018880823,TRAILING_STOP,58,0.7161691461310589,0.4557440020834011,False
GZ,GZZ5,RBREAKER_2_1,BREAKOUT,LONG,2025-11-21|GZ|GZZ5|BREAKOUT|1|13,2025-11-21 14:54:00+00:00,2025-11-21 14:57:00+00:00,2025-11-21,12975.9,12979.0,12920.0,12917.0,55.13317418223676,51.714285714285715,12901.0,12920.0,5000.0,-3081.9444367870146,356.93216965580075,55.13317418223676,281.1791883294275,-3775.1889689544887,-3775.18896895448,-0.7550377937908977,-0.6163888873574029,TRAILING_STOP,2,0.4961985676401308,0.20950606189249965,False
GZ,GZZ5,RBREAKER_2_1,BREAKOUT,SHORT,2025-11-27|GZ|GZZ5|BREAKOUT|-1|14,2025-11-27 14:08:00+00:00,2025-11-27 14:11:00+00:00,2025-11-27,12610.55,12608.0,12575.0,12578.0,84.1694162009313,31.785714285714285,12656.0,12575.0,5000.0,2992.2227459430464,529.9727291091639,84.1694162009313,382.97084371417617,1995.1097569186877,1995.109756918775,0.3990219513837375,0.5984445491886093,TRAILING_STOP,2,0.6901892128476367,1.363544542455087,False
GZ,GZZ5,RBREAKER_2_1,BREAKOUT,SHORT,2025-12-03|GZ|GZZ5|BREAKOUT|-1|15,2025-12-03 07:18:00+00:00,2025-12-03 09:24:00+00:00,2025-12-03,12555.825,12553.0,12542.0,12545.0,63.35007887084703,44.357142857142854,12620.0,12542.0,5000.0,875.8148403895062,397.49006987512973,63.35007887084703,305.664130551883,109.31056109165377,109.31056109164649,0.021862112218330752,0.17516296807790124,TRAILING_STOP,125,0.24073029970921872,0.9882612303852136,False
GZ,GZZ5,RBREAKER_2_1,BREAKOUT,SHORT,2025-12-03|GZ|GZZ5|BREAKOUT|-1|16,2025-12-03 10:08:00+00:00,2025-12-03 11:41:00+00:00,2025-12-03,12555.825,12553.0,12559.0,12562.0,89.4030557964448,29.071428571428573,12597.0,12559.0,5000.0,-283.8547021536472,561.3394365819279,89.4030557964448,431.36974421791126,-1365.966938749991,-1365.9669387499312,-0.2731933877499982,-0.056770940430729444,TRAILING_STOP,86,0.16092550043360065,0.6794632240529805,False
GZ,GZZ5,RBREAKER_2_1,BREAKOUT,SHORT,2025-12-03|GZ|GZZ5|BREAKOUT|-1|17,2025-12-03 11:46:00+00:00,2025-12-03 12:44:00+00:00,2025-12-03,12555.825,12553.0,12540.0,12543.0,108.86960687184614,22.142857142857142,12587.0,12540.0,5000.0,1722.8615287470445,683.0479135139627,108.86960687184614,525.2958531567369,405.6481552043682,405.6481552044986,0.08112963104087365,0.3445723057494089,TRAILING_STOP,57,0.23951313511806152,1.0233743045953536,False
GZ,GZZ5,RBREAKER_2_1,BREAKOUT,SHORT,2025-12-03|GZ|GZZ5|BREAKOUT|-1|18,2025-12-03 14:52:00+00:00,2025-12-03 15:15:00+00:00,2025-12-03,12555.825,12553.0,12567.0,12570.0,116.47816616774791,20.214285714285715,12584.0,12567.0,5000.0,-1301.6435069244983,731.5702421580827,116.47816616774791,562.0071517594685,-2711.699067009791,-2711.699067009797,-0.5423398134019582,-0.26032870138489966,TRAILING_STOP,22,0.3494344985032437,0.3960257649703429,False
GZ,GZZ5,RBREAKER_2_1,BREAKOUT,SHORT,2025-12-03|GZ|GZZ5|BREAKOUT|-1|19,2025-12-03 15:17:00+00:00,2025-12-03 15:22:00+00:00,2025-12-03,12555.825,12553.0,12584.0,12587.0,116.47816616774791,20.5,12584.0,12584.0,5000.0,-3281.772331776213,732.0652743642956,116.47816616774791,562.0071517594685,-4692.322924067713,-4692.322924067726,-0.9384645848135426,-0.6563544663552426,INITIAL_STOP,4,0.4426170314374421,0.0,False
GZ,GZZ5,RBREAKER_2_1,BREAKOUT,LONG,2025-12-05|GZ|GZZ5|BREAKOUT|1|20,2025-12-05 09:31:00+00:00,2025-12-05 10:10:00+00:00,2025-12-05,12843.212500000001,12846.0,12832.0,12829.0,76.92544385981451,35.142857142857146,12793.0,12832.0,5000.0,-862.5265392782821,493.76519277518435,76.92544385981451,368.28056247875,-1801.4977383921046,-1801.4977383920311,-0.36029954767842093,-0.17250530785565643,TRAILING_STOP,38,0.26154650912336935,0.6000184621065531,False
GZ,GZZ5,RBREAKER_2_1,BREAKOUT,LONG,2025-12-05|GZ|GZZ5|BREAKOUT|1|21,2025-12-05 10:17:00+00:00,2025-12-05 10:45:00+00:00,2025-12-05,12843.212500000001,12846.0,12864.0,12861.0,80.64776283106285,32.785714285714285,12796.0,12864.0,5000.0,1676.4653698506015,518.3030097745332,80.64776283106285,386.10116455359605,691.4134326914818,691.4134326914094,0.13828268653829637,0.3352930739701203,TRAILING_STOP,27,0.17742507822833828,1.0968095745024549,False
GZ,GZZ5,RBREAKER_2_1,BREAKOUT,LONG,2025-12-16|GZ|GZZ5|BREAKOUT|1|22,2025-12-16 09:16:00+00:00,2025-12-16 09:26:00+00:00,2025-12-16,13067.55,13071.0,13030.000000000002,13027.000000000002,91.85182463649394,27.142857142857142,13030.0,13030.0,5000.0,-3449.0360151002806,599.2872298408048,91.85182463649394,500.5924442689589,-4640.767513846441,-4640.767513846538,-0.9281535027692882,-0.6898072030200562,INITIAL_STOP,9,0.7164442321646527,0.03674072985459758,False
GZ,GZZ5,RBREAKER_2_1,BREAKOUT,LONG,2025-12-16|GZ|GZZ5|BREAKOUT|1|23,2025-12-16 12:27:00+00:00,2025-12-16 13:01:00+00:00,2025-12-16,13067.55,13071.0,13079.0,13076.0,126.78931419659483,17.071428571428573,13045.0,13079.0,5000.0,1451.737647551103,828.7900495745913,126.78931419659483,691.0017623715341,-194.84347859166758,-194.84347859161727,-0.038968695718333515,0.2903475295102206,TRAILING_STOP,33,0.5832308453043362,0.8621673365368447,False
GZ,GZZ5,RBREAKER_2_1,BREAKOUT,LONG,2025-12-16|GZ|GZZ5|BREAKOUT|1|24,2025-12-16 13:11:00+00:00,2025-12-16 15:15:00+00:00,2025-12-16,13067.55,13071.0,13091.0,13088.0,97.20912599274546,24.714285714285715,13033.0,13091.0,5000.0,2279.5540045299517,635.7233817110571,97.20912599274546,529.7897366605334,1016.8317601656274,1016.8317601656158,0.20336635203312547,0.45591080090599034,TRAILING_STOP,121,0.3305110283753345,1.1276258615158472,False
GZ,GZH6,RBREAKER_2_1,BREAKOUT,LONG,2025-12-19|GZ|GZH6|BREAKOUT|1|25,2025-12-19 07:18:00+00:00,2025-12-19 07:26:00+00:00,2025-12-19,13596.875,13600.0,13601.0,13598.0,94.2507068803016,26.428571428571427,13560.0,13601.0,5000.0,388.7841658812441,640.8576814326108,94.2507068803016,483.0348727615457,-829.3590951930847,-829.359095193214,-0.16587181903861695,0.07775683317624882,TRAILING_STOP,7,0.5278039585296891,0.7728557964184731,False
GZ,GZH6,RBREAKER_2_1,BREAKOUT,LONG,2025-12-19|GZ|GZH6|BREAKOUT|1|26,2025-12-19 07:55:00+00:00,2025-12-19 08:24:00+00:00,2025-12-19,13596.875,13600.0,13583.0,13579.999999999998,81.9000819000819,31.857142857142858,13552.0,13583.0,5000.0,-1136.3636363636363,556.5110565110565,81.9000819000819,419.7379197379198,-2194.5126945128186,-2194.5126945126945,-0.4389025389025637,-0.22727272727272727,TRAILING_STOP,28,0.5405405405405406,0.5077805077805078,False
GZ,GZH6,RBREAKER_2_1,BREAKOUT,SHORT,2025-12-19|GZ|GZH6|BREAKOUT|-1|27,2025-12-19 10:30:00+00:00,2025-12-19 10:30:00+00:00,2025-12-19,13309.325,13306.0,13347.0,13350.0,92.0759442388057,27.214285714285715,13347.0,13347.0,5000.0,-3468.9611991969377,613.5940924074011,92.0759442388057,490.3044030717073,-4664.935638914953,-4664.935638914852,-0.9329871277829906,-0.6937922398393875,INITIAL_STOP,0,0.0,0.0,False
GZ,GZH6,RBREAKER_2_1,BREAKOUT,SHORT,2025-12-19|GZ|GZH6|BREAKOUT|-1|28,2025-12-19 10:33:00+00:00,2025-12-19 10:33:00+00:00,2025-12-19,13309.325,13306.0,13347.0,13350.0,92.0759442388057,27.214285714285715,13347.0,13347.0,5000.0,-3468.9611991969377,613.5940924074011,92.0759442388057,490.3044030717073,-4664.935638914953,-4664.935638914852,-0.9329871277829906,-0.6937922398393875,INITIAL_STOP,0,0.0,0.0,False
GZ,GZH6,RBREAKER_2_1,BREAKOUT,SHORT,2025-12-19|GZ|GZH6|BREAKOUT|-1|29,2025-12-19 10:35:00+00:00,2025-12-19 10:37:00+00:00,2025-12-19,13309.325,13306.0,13344.0,13347.0,92.0759442388057,27.214285714285715,13347.0,13344.0,5000.0,-3192.733366480521,613.5250354492221,92.0759442388057,490.3044030717073,-4388.63874924035,-4388.6387492402555,-0.87772774984807,-0.6385466732961042,TRAILING_STOP,1,0.47879491004178965,0.0920759442388057,False
GZ,GZH6,RBREAKER_2_1,BREAKOUT,SHORT,2025-12-19|GZ|GZH6|BREAKOUT|-1|30,2025-12-19 10:41:00+00:00,2025-12-19 10:54:00+00:00,2025-12-19,13309.325,13306.0,13332.0,13335.0,53.02058259016068,53.357142857142854,13387.0,13332.0,5000.0,-1202.2417102318548,353.1303351961177,53.02058259016068,282.33460229264415,-1890.727230310753,-1890.7272303107773,-0.37814544606215056,-0.24044834204637094,TRAILING_STOP,12,0.2863111459868677,0.5832264084917675,False
GZ,GZH6,RBREAKER_2_1,BREAKOUT,SHORT,2025-12-19|GZ|GZH6|BREAKOUT|-1|31,2025-12-19 10:56:00+00:00,2025-12-19 11:53:00+00:00,2025-12-19,13309.325,13306.0,13369.0,13371.999999999998,50.350946094276374,57.142857142857146,13392.0,13369.0,5000.0,-3004.692708175906,335.8156349757762,50.350946094276374,268.11878795205837,-3658.978077198014,-3658.978077198017,-0.7317956154396028,-0.6009385416351811,TRAILING_STOP,51,0.5840709746936059,0.2316143520336713,False
GZ,GZH6,RBREAKER_2_1,BREAKOUT,SHORT,2025-12-19|GZ|GZH6|BREAKOUT|-1|32,2025-12-19 12:38:00+00:00,2025-12-19 13:28:00+00:00,2025-12-19,13309.325,13306.0,13273.999999999998,13276.999999999998,42.991152420831256,68.28571428571429,13409.0,13274.0,5000.0,1518.6624592658954,285.7084512007393,42.991152420831256,228.9278866409577,961.0349690034084,961.0349690033672,0.19220699380068168,0.3037324918531791,TRAILING_STOP,49,0.1977593011358238,1.160761115362444,False
GZ,GZH6,RBREAKER_2_1,BREAKOUT,SHORT,2025-12-22|GZ|GZH6|BREAKOUT|-1|33,2025-12-22 07:49:00+00:00,2025-12-22 07:49:00+00:00,2025-12-22,12815.4875,12812.0,12850.000000000002,12853.0,97.3122360405625,24.785714285714285,12850.0,12850.0,5000.0,-3358.488546349984,624.3796344952591,97.3122360405625,534.0008952725159,-4614.181312158371,-4614.181312158321,-0.9228362624316742,-0.6716977092699968,INITIAL_STOP,0,0.0,0.0,False
GZ,GZH6,RBREAKER_2_1,BREAKOUT,LONG,2025-12-26|GZ|GZH6|BREAKOUT|1|34,2025-12-26 07:36:00+00:00,2025-12-26 08:42:00+00:00,2025-12-26,13071.6125,13075.0,13063.0,13061.0,85.74490889603216,29.785714285714285,13030.0,13063.0,5000.0,-738.4780278670146,560.2572347266741,85.74490889603216,376.2057877814035,-1760.6859592710298,-1760.6859592711244,-0.35213719185420594,-0.14769560557340292,TRAILING_STOP,65,0.6516613076098444,0.5830653804930187,False
GZ,GZH6,RBREAKER_2_1,BREAKOUT,LONG,2025-12-26|GZ|GZH6|BREAKOUT|1|35,2025-12-26 09:10:00+00:00,2025-12-26 12:29:00+00:00,2025-12-26,13071.6125,13075.0,13105.0,13102.000000000002,81.54943934760254,31.5,13027.0,13105.0,5000.0,2722.731906218139,533.679918450548,81.54943934760254,439.34760448526805,1668.1549439348628,1668.1549439347207,0.33363098878697256,0.5445463812436279,TRAILING_STOP,189,0.1957186544342461,1.2721712538225995,False
GZ,GZH6,RBREAKER_2_1,BREAKOUT,LONG,2025-12-29|GZ|GZH6|BREAKOUT|1|36,2025-12-29 08:55:00+00:00,2025-12-29 09:02:00+00:00,2025-12-29,13347.8625,13351.0,13411.999999999998,13409.0,82.03378151122436,31.642857142857142,13303.0,13412.0,5000.0,5261.441661676212,548.8059983100909,82.03378151122436,421.44855251397485,4209.153329341097,4209.153329340921,0.8418306658682193,1.0522883323352423,TRAILING_STOP,6,0.4265756638583667,1.788336436944691,False
GZ,GZH6,RBREAKER_2_1,BREAKOUT,LONG,2025-12-29|GZ|GZH6|BREAKOUT|1|37,2025-12-29 09:51:00+00:00,2025-12-29 13:10:00+00:00,2025-12-29,13347.8625,13351.0,13311.000000000002,13308.0,57.50398215076298,49.0,13277.0,13311.0,5000.0,-2119.7405420324585,383.2496650392976,57.50398215076298,295.42670829958666,-2855.9208975220654,-2855.920897522106,-0.571184179504413,-0.4239481084064917,TRAILING_STOP,190,0.4370302643457986,0.39102707862518826,False
GZ,GZH6,RBREAKER_2_1,REVERSAL,SHORT,2025-12-29|GZ|GZH6|REVERSAL|-1|38,2025-12-29 15:12:00+00:00,2025-12-29 15:15:00+00:00,2025-12-29,13044.985,13042.0,13029.0,13032.0,75.28338818265712,33.57142857142857,13076.0,13029.0,3500.0,1203.4049600998178,490.73476586865047,75.28338818265712,375.28769009058954,262.09911595783876,262.0991159579206,0.07488546170223964,0.34382998859994796,TRAILING_STOP,2,0.7098148028650529,1.0109483555956813,False
GZ,GZH6,RBREAKER_2_1,BREAKOUT,SHORT,2026-01-05|GZ|GZH6|BREAKOUT|-1|39,2026-01-05 14:56:00+00:00,2026-01-05 15:35:00+00:00,2026-01-05,12864.175,12861.0,12862.0,12864.0,122.60761883743892,18.285714285714285,12889.0,12880.0,5000.0,266.67157097134043,788.520248648279,122.60761883743892,511.88680864621824,-1156.3431051604325,-1156.3431051605958,-0.2312686210320865,0.05333431419426809,FORCE_CLOSE,36,0.34330133274482894,0.22069371390739007,False
GZ,GZH6,RBREAKER_2_1,BREAKOUT,SHORT,2026-01-08|GZ|GZH6|BREAKOUT|-1|40,2026-01-08 15:04:00+00:00,2026-01-08 15:04:00+00:00,2026-01-08,12617.150000000001,12614.0,12636.0,12639.0,144.47944057559394,14.5,12636.0,12636.0,5000.0,-2723.4374548497353,912.1348282138684,144.47944057559394,744.069118964519,-4524.120842603767,-4524.1208426037165,-0.9048241685207535,-0.5446874909699471,INITIAL_STOP,0,0.0,0.0,False
GZ,GZH6,RBREAKER_2_1,BREAKOUT,SHORT,2026-01-08|GZ|GZH6|BREAKOUT|-1|41,2026-01-08 15:17:00+00:00,2026-01-08 15:35:00+00:00,2026-01-08,12617.150000000001,12614.0,12617.0,12619.0,117.35160889054987,20.0,12644.0,12644.0,5000.0,17.60274133375325,740.2832867838113,117.35160889054987,487.00917689595275,-1327.0413312364506,-1327.0413312365606,-0.26540826624729014,0.0035205482667506503,FORCE_CLOSE,16,0.32858450489353963,0.0,False
GZ,GZH6,RBREAKER_2_1,REVERSAL,SHORT,2026-01-12|GZ|GZH6|REVERSAL|-1|42,2026-01-12 11:42:00+00:00,2026-01-12 11:42:00+00:00,2026-01-12,12702.230000000001,12699.0,12716.0,12719.0,117.41223435480889,16.857142857142858,12716.0,12716.0,3500.0,-1616.766467065556,746.0960432076331,117.41223435480889,614.0659856758127,-3094.340730303849,-3094.340730303811,-0.8840973515153854,-0.4619332763044446,INITIAL_STOP,0,0.0,0.0,False
GZ,GZH6,RBREAKER_2_1,BREAKOUT,SHORT,2026-01-12|GZ|GZH6|BREAKOUT|-1|43,2026-01-12 13:49:00+00:00,2026-01-12 15:35:00+00:00,2026-01-12,12510.875,12508.0,12429.0,12431.0,78.1201174926567,34.642857142857146,12560.0,12472.0,5000.0,6396.084619711268,487.0594025373414,78.1201174926567,302.7154552840447,5528.189644397311,5528.1896443972255,1.1056379288794622,1.2792169239422535,FORCE_CLOSE,105,0.35935254046622084,1.3749140678707579,False
GZ,GZH6,RBREAKER_2_1,BREAKOUT,LONG,2026-01-14|GZ|GZH6|BREAKOUT|1|44,2026-01-14 08:31:00+00:00,2026-01-14 08:31:00+00:00,2026-01-14,12581.45,12584.0,12543.0,12539.999999999998,95.43441746831841,27.214285714285715,12543.0,12543.0,5000.0,-3669.4533516569127,599.423576118508,95.43441746831841,434.2265994807793,-4798.537944724634,-4798.537944724519,-0.9597075889449268,-0.7338906703313826,INITIAL_STOP,0,0.0,0.0,False
GZ,GZH6,RBREAKER_2_1,BREAKOUT,LONG,2026-01-14|GZ|GZH6|BREAKOUT|1|45,2026-01-14 08:33:00+00:00,2026-01-14 08:33:00+00:00,2026-01-14,12581.45,12584.0,12543.0,12539.999999999998,95.43441746831841,27.214285714285715,12543.0,12543.0,5000.0,-3669.4533516569127,599.423576118508,95.43441746831841,434.2265994807793,-4798.537944724634,-4798.537944724519,-0.9597075889449268,-0.7338906703313826,INITIAL_STOP,0,0.0,0.0,False
GZ,GZH6,RBREAKER_2_1,BREAKOUT,LONG,2026-01-14|GZ|GZH6|BREAKOUT|1|46,2026-01-14 08:46:00+00:00,2026-01-14 10:19:00+00:00,2026-01-14,12581.45,12584.0,12551.0,12548.0,62.97863764611159,45.285714285714285,12516.0,12551.0,5000.0,-1917.6995163241438,395.69478033051917,62.97863764611159,286.55280128976193,-2662.92573559051,-2662.9257355905365,-0.532585147118102,-0.3835399032648288,TRAILING_STOP,92,0.3274889157597803,0.4408504635227811,False
GZ,GZH6,RBREAKER_2_1,BREAKOUT,LONG,2026-01-14|GZ|GZH6|BREAKOUT|1|47,2026-01-14 12:08:00+00:00,2026-01-14 13:19:00+00:00,2026-01-14,12581.45,12584.0,12562.0,12559.0,99.22209874583554,25.928571428571427,12545.0,12562.0,5000.0,-1929.8698206065735,623.6853071916357,99.22209874583554,451.4605492934795,-3104.237775837488,-3104.237775837524,-0.6208475551674976,-0.3859739641213147,TRAILING_STOP,69,0.5953325924750131,0.33735513573584086,False
GZ,GZH6,RBREAKER_2_1,BREAKOUT,LONG,2026-01-14|GZ|GZH6|BREAKOUT|1|48,2026-01-14 13:41:00+00:00,2026-01-14 14:18:00+00:00,2026-01-14,12581.45,12584.0,12590.000000000002,12587.0,105.50303848751167,23.571428571428573,12548.0,12590.0,5000.0,902.0509790681481,663.9042454422892,105.50303848751167,480.0388251181014,-347.3951299798649,-347.39512997975413,-0.06947902599597298,0.1804101958136296,TRAILING_STOP,36,0.42201215395004676,0.886225523295098,False
GZ,GZH6,RBREAKER_2_1,BREAKOUT,LONG,2026-01-14|GZ|GZH6|BREAKOUT|1|49,2026-01-14 14:55:00+00:00,2026-01-14 15:35:00+00:00,2026-01-14,12581.45,12584.0,12563.000000000002,12561.0,90.26574234546742,28.714285714285715,12540.0,12540.0,5000.0,-1665.4029462739395,567.4330228191945,90.26574234546742,320.4433853263437,-2643.545096764775,-2643.545096764945,-0.528709019352955,-0.3330805892547879,FORCE_CLOSE,37,0.6499133448873654,0.0,False
GZ,GZH6,RBREAKER_2_1,BREAKOUT,LONG,2026-01-16|GZ|GZH6|BREAKOUT|1|50,2026-01-16 14:11:00+00:00,2026-01-16 14:38:00+00:00,2026-01-16,12719.95,12723.0,12701.0,12697.999999999998,117.75372984939702,19.714285714285715,12693.0,12701.0,5000.0,-2231.433180646159,748.3543916253805,117.75372984939702,594.6563357393693,-3692.1976378604268,-3692.1976378603063,-0.7384395275720853,-0.4462866361292318,TRAILING_STOP,26,0.37681193551807046,0.18840596775903523,False
GZ,GZH6,RBREAKER_2_1,REVERSAL,LONG,2026-01-20|GZ|GZH6|REVERSAL|1|51,2026-01-20 14:19:00+00:00,2026-01-20 14:26:00+00:00,2026-01-20,12704.005000000001,12707.0,12694.0,12690.999999999998,101.911569874946,21.571428571428573,12685.0,12694.0,3500.0,-1019.6252565989386,647.0875129209696,101.911569874946,509.04829152525144,-2277.6726309202013,-2277.672630920106,-0.6507636088343433,-0.291321501885411,TRAILING_STOP,6,0.29117591392841713,0.2620583225355754,False
GZ,GZH6,RBREAKER_2_1,BREAKOUT,LONG,2026-01-21|GZ|GZH6|BREAKOUT|1|52,2026-01-21 10:20:00+00:00,2026-01-21 10:24:00+00:00,2026-01-21,12901.125,12904.0,12898.0,12895.0,77.87919379458585,34.5,12852.0,12898.0,5000.0,-243.37248060808076,502.30133017663,77.87919379458585,379.661069748606,-1203.2140743278255,-1203.2140743279026,-0.2406428148655651,-0.04867449612161615,TRAILING_STOP,3,0.7943677767047755,0.7164885829101898,False
GZ,GZH6,RBREAKER_2_1,BREAKOUT,LONG,2026-01-21|GZ|GZH6|BREAKOUT|1|53,2026-01-21 10:26:00+00:00,2026-01-21 11:26:00+00:00,2026-01-21,12901.125,12904.0,12945.0,12942.0,77.87919379458585,34.5,12852.0,12945.0,5000.0,3416.9496277374537,503.2164107037164,77.87919379458585,379.661069748606,2456.1929534905435,2456.1929534905457,0.4912385906981087,0.6833899255474908,TRAILING_STOP,54,0.28036509766050904,1.4485530045792967,False
GZ,GZH6,RBREAKER_2_1,BREAKOUT,LONG,2026-01-29|GZ|GZH6|BREAKOUT|1|54,2026-01-29 13:55:00+00:00,2026-01-29 14:35:00+00:00,2026-01-29,13293.15,13296.0,13303.0,13300.0,87.18699867475652,29.714285714285715,13251.0,13303.0,5000.0,858.7919369463834,579.7063541884561,87.18699867475652,422.85694357260087,-230.95835948940635,-230.95835948943005,-0.04619167189788127,0.17175838738927668,TRAILING_STOP,39,0.24412359628931826,0.9067447862174678,False
GZ,GZH6,RBREAKER_2_1,BREAKOUT,LONG,2026-01-29|GZ|GZH6|BREAKOUT|1|55,2026-01-29 15:06:00+00:00,2026-01-29 15:07:00+00:00,2026-01-29,13293.15,13296.0,13246.000000000002,13243.0,80.19503432347376,33.07142857142857,13246.0,13246.0,5000.0,-3781.1958683517587,532.0740039776676,80.19503432347376,388.94591646887693,-4782.410823121633,-4782.410823121777,-0.9564821646243267,-0.7562391736703518,INITIAL_STOP,0,0.5934432539937058,0.0,False
GZ,GZH6,RBREAKER_2_1,REVERSAL,SHORT,2026-01-29|GZ|GZH6|REVERSAL|-1|56,2026-01-29 15:17:00+00:00,2026-01-29 15:17:00+00:00,2026-01-29,13123.74,13121.0,13158.0,13161.0,71.36958228403117,36.92857142857143,13158.0,13158.0,3499.9999999999995,-2445.1218890509235,468.93384039722685,71.36958228403117,338.29182002629216,-3323.7171317585216,-3323.717131758474,-0.9496334662167206,-0.6986062540145497,INITIAL_STOP,0,0.0,0.0,False
GZ,GZH6,RBREAKER_2_1,BREAKOUT,SHORT,2026-02-05|GZ|GZH6|BREAKOUT|-1|57,2026-02-05 08:35:00+00:00,2026-02-05 09:31:00+00:00,2026-02-05,12881.6375,12879.0,12875.0,12877.0,76.08670841290566,35.5,12933.0,12872.0,5000.0,505.0255270907167,489.9223154706996,76.08670841290566,276.76540185199974,-337.7488986448733,-337.7488986448883,-0.06754977972897466,0.10100510541814334,TRAILING_STOP,55,0.6239110089858264,0.9282578426374491,False
GZ,GZH6,RBREAKER_2_1,BREAKOUT,SHORT,2026-02-09|GZ|GZH6|BREAKOUT|-1|58,2026-02-09 08:40:00+00:00,2026-02-09 10:26:00+00:00,2026-02-09,12646.475,12643.0,12653.999999999998,12657.0,95.65441971246148,25.428571428571427,12682.0,12654.0,5000.0,-719.7995083362377,605.0142046813189,95.65441971246148,523.7079479257613,-1944.1760806557058,-1944.1760806557795,-0.3888352161311412,-0.14395990166724754,TRAILING_STOP,104,0.6887118219297227,0.5356647503897842,False
GZ,GZH6,RBREAKER_2_1,BREAKOUT,SHORT,2026-02-09|GZ|GZH6|BREAKOUT|-1|59,2026-02-09 10:29:00+00:00,2026-02-09 11:07:00+00:00,2026-02-09,12646.475,12643.0,12655.999999999998,12659.0,108.05787579827586,21.928571428571427,12676.0,12656.0,5000.0,-1029.2512669785383,683.520093361994,108.05787579827586,591.6168699955997,-2412.4461061343623,-2412.4461061344077,-0.48248922122687243,-0.20585025339570767,TRAILING_STOP,31,0.21611575159655172,0.43223150319310344,False
GZ,GZH6,RBREAKER_2_1,BREAKOUT,SHORT,2026-02-09|GZ|GZH6|BREAKOUT|-1|60,2026-02-09 11:09:00+00:00,2026-02-09 11:44:00+00:00,2026-02-09,12645.0,12643.0,12651.0,12654.0,124.00332328906414,19.928571428571427,12673.0,12651.0,5000.0,-744.0199397343848,784.2280173108638,124.00332328906414,496.0132931562565,-2148.264573490732,-2148.2645734905695,-0.42965291469814637,-0.14880398794687696,TRAILING_STOP,32,0.29760797589375393,0.5456146224718822,False
GZ,GZH6,RBREAKER_2_1,BREAKOUT,SHORT,2026-02-09|GZ|GZH6|BREAKOUT|-1|61,2026-02-09 12:13:00+00:00,2026-02-09 12:31:00+00:00,2026-02-09,12646.475,12643.0,12661.0,12664.0,127.31879352711017,17.214285714285715,12669.0,12661.0,5000.0,-1849.305475981229,805.5141769476443,127.31879352711017,697.0703945609745,-3479.2088410168626,-3479.208841016958,-0.6958417682033725,-0.36986109519624577,TRAILING_STOP,16,0.4328838979921746,0.2037100696433763,False
GZ,GZH6,RBREAKER_2_1,BREAKOUT,SHORT,2026-02-09|GZ|GZH6|BREAKOUT|-1|62,2026-02-09 13:30:00+00:00,2026-02-09 13:57:00+00:00,2026-02-09,12646.475,12643.0,12649.0,12652.0,134.15075862253738,15.928571428571429,12667.0,12649.0,5000.0,-338.7306655218581,848.3358598392708,134.15075862253738,734.475403458441,-2055.692687442225,-2055.692687442107,-0.41113853748844503,-0.06774613310437162,TRAILING_STOP,26,0.48294273104113455,0.48294273104113455,False
GZ,GZH6,RBREAKER_2_1,BREAKOUT,SHORT,2026-02-09|GZ|GZH6|BREAKOUT|-1|63,2026-02-09 14:00:00+00:00,2026-02-09 15:16:00+00:00,2026-02-09,12646.475,12643.0,12616.0,12619.0,127.31879352711017,16.714285714285715,12669.0,12616.0,5000.0,3880.0402327387287,804.0818405204643,127.31879352711017,697.0703945609745,2251.5692041302373,2251.56920413018,0.4503138408260475,0.7760080465477457,TRAILING_STOP,74,0.45834765669759664,1.349579211387368,False
GZ,GZH6,RBREAKER_2_1,BREAKOUT,LONG,2026-02-11|GZ|GZH6|BREAKOUT|1|64,2026-02-11 12:44:00+00:00,2026-02-11 12:44:00+00:00,2026-02-11,12760.375,12763.0,12728.0,12725.000000000002,107.22365782786314,23.142857142857142,12728.0,12728.0,5000.0,-3471.365922177069,683.2291476791439,107.22365782786314,495.90941745386704,-4757.728145137867,-4757.728145137943,-0.9515456290275733,-0.6942731844354139,INITIAL_STOP,0,0.0,0.0,False
GZ,GZH6,RBREAKER_2_1,BREAKOUT,LONG,2026-02-11|GZ|GZH6|BREAKOUT|1|65,2026-02-11 13:24:00+00:00,2026-02-11 13:38:00+00:00,2026-02-11,12760.375,12763.0,12720.0,12717.000000000002,86.75810971430555,30.642857142857142,12717.0,12720.0,5000.0,-3502.8586797150865,552.6491588801264,86.75810971430555,401.25625742866316,-4543.52220573813,-4543.522205738182,-0.9087044411476259,-0.7005717359430172,TRAILING_STOP,13,0.43379054857152777,0.05205486582858333,False
GZ,GZH6,RBREAKER_2_1,BREAKOUT,LONG,2026-02-11|GZ|GZH6|BREAKOUT|1|66,2026-02-11 13:39:00+00:00,2026-02-11 14:17:00+00:00,2026-02-11,12760.375,12763.0,12750.999999999998,12748.000000000002,83.84830165265002,31.357142857142858,12715.0,12751.0,5000.0,-786.0778279935939,534.7635058651888,83.84830165265002,387.79839514350635,-1792.4880306549114,-1792.488030654939,-0.3584976061309823,-0.1572155655987188,TRAILING_STOP,37,0.5030898099159001,0.6037077718990801,False
GZ,GZH6,RBREAKER_2_1,BREAKOUT,LONG,2026-02-11|GZ|GZH6|BREAKOUT|1|67,2026-02-11 14:18:00+00:00,2026-02-11 14:39:00+00:00,2026-02-11,12760.375,12763.0,12720.0,12717.0,77.36165801505457,35.0,12710.0,12720.0,5000.0,-3123.476942357828,492.7937615558976,77.36165801505457,357.7976683196274,-4051.430030248338,-4051.430030248408,-0.8102860060496676,-0.6246953884715657,TRAILING_STOP,20,0.35586362686925105,0.15472331603010914,False
GZ,GZH6,RBREAKER_2_1,BREAKOUT,LONG,2026-02-11|GZ|GZH6|BREAKOUT|1|68,2026-02-11 14:40:00+00:00,2026-02-11 15:35:00+00:00,2026-02-11,12760.375,12763.0,12746.0,12744.0,70.78994499621274,38.714285714285715,12704.0,12704.0,5000.0,-1017.6054593205581,451.40978175459963,70.78994499621274,256.6135506112712,-1796.4187366826234,-1796.4187366826416,-0.3592837473365247,-0.20352109186411163,FORCE_CLOSE,53,0.5096876039727317,0.05663195599697019,False
GZ,GZH6,RBREAKER_2_1,BREAKOUT,LONG,2026-02-13|GZ|GZH6|BREAKOUT|1|69,2026-02-13 10:30:00+00:00,2026-02-13 10:30:00+00:00,2026-02-13,12923.475,12926.0,12876.0,12873.0,81.28363110236957,33.285714285714285,12876.0,12876.0,5000.0,-3858.940386585025,524.2590997025081,81.28363110236957,367.8084307381928,-4832.291548128164,-4832.291548128094,-0.9664583096256328,-0.7717880773170049,INITIAL_STOP,0,0.0,0.0,False
GZ,GZH6,RBREAKER_2_1,REVERSAL,SHORT,2026-03-06|GZ|GZH6|REVERSAL|-1|70,2026-03-06 09:01:00+00:00,2026-03-06 09:10:00+00:00,2026-03-06,12859.95,12857.0,12881.999999999998,12885.0,93.76213884832939,25.0,12882.0,12882.0,3500.0,-2067.4551616055946,603.4062445584239,93.76213884832939,464.12258729929863,-3228.746132311553,-3228.7461323116463,-0.922498894946158,-0.5907014747444556,INITIAL_STOP,8,0.6429403806742586,0.053578365056188224,False
GZ,GZH6,RBREAKER_2_1,BREAKOUT,LONG,2026-03-06|GZ|GZH6|BREAKOUT|1|71,2026-03-06 10:14:00+00:00,2026-03-06 10:21:00+00:00,2026-03-06,13022.975,13026.0,13063.999999999998,13061.0,85.37813978109152,30.214285714285715,12980.0,13064.0,5000.0,3502.6381845192486,556.8148831173337,85.37813978109152,429.0251523999538,2431.4200092207147,2431.42000922087,0.48628400184414294,0.7005276369038497,TRAILING_STOP,6,0.7342520021173871,1.4343527483223375,False
GZ,GZH6,RBREAKER_2_1,REVERSAL,SHORT,2026-03-13|GZ|GZH6|REVERSAL|-1|72,2026-03-13 10:41:00+00:00,2026-03-13 12:01:00+00:00,2026-03-13,13089.295,13086.0,13064.000000000002,13067.0,87.2100266613507,26.071428571428573,13113.0,13064.0,3500.0,2205.977624398872,570.2009568185763,87.2100266613507,461.7770911718583,1086.7895497470877,1086.789549747087,0.31051129992773935,0.6302793212568206,TRAILING_STOP,74,0.14950290284802978,1.2209403732589097,False
GZ,GZH6,RBREAKER_2_1,BREAKOUT,SHORT,2026-03-13|GZ|GZH6|BREAKOUT|-1|73,2026-03-13 13:23:00+00:00,2026-03-13 13:27:00+00:00,2026-03-13,12938.2625,12935.0,12957.0,12960.0,100.01500225033463,24.071428571428573,12972.0,12957.0,5000.0,-1874.0311046655725,647.4721208181038,100.01500225033463,526.3289493424588,-3147.8471770765063,-3147.847177076469,-0.6295694354153013,-0.3748062209331145,TRAILING_STOP,3,0.3800570085512716,0.3000450067510039,False
GZ,GZH6,RBREAKER_2_1,REVERSAL,SHORT,2026-03-16|GZ|GZH6|REVERSAL|-1|74,2026-03-16 08:51:00+00:00,2026-03-16 08:56:00+00:00,2026-03-16,13057.495,13054.0,13076.0,13079.0,75.2413096287353,32.857142857142854,13087.0,13076.0,3500.0,-1392.3404346796865,491.5702861319349,75.2413096287353,413.4509964099607,-2372.603026850271,-2372.6030268503173,-0.6778865791000774,-0.3978115527656247,TRAILING_STOP,4,0.38695530666206723,0.23647268740459662,False
GZ,GZM6,RBREAKER_2_1,REVERSAL,LONG,2026-03-18|GZ|GZM6|REVERSAL|1|75,2026-03-18 12:35:00+00:00,2026-03-18 12:49:00+00:00,2026-03-18,13318.795,13322.0,13349.0,13346.0,99.79755353425948,21.142857142857142,13300.0,13349.0,3499.9999999999995,3014.3851045023002,665.350289412908,99.79755353425948,519.4462661458133,1729.7909954093457,1729.7909954093197,0.4942259986883845,0.8612528870006573,TRAILING_STOP,13,0.399190214137038,1.397165749479633,False
GZ,GZM6,RBREAKER_2_1,BREAKOUT,LONG,2026-03-18|GZ|GZM6|BREAKOUT|1|76,2026-03-18 13:14:00+00:00,2026-03-18 13:17:00+00:00,2026-03-18,13466.2625,13469.0,13427.999999999998,13424.999999999998,81.68666628546417,32.42857142857143,13420.0,13428.0,5000.0,-3125.5360687476323,549.2203007703183,81.68666628546417,386.99058152732704,-4143.433617330808,-4143.433617330742,-0.8286867234661617,-0.6251072137495265,TRAILING_STOP,2,0.588143997255342,0.13069866605674269,False
GZ,GZM6,RBREAKER_2_1,BREAKOUT,LONG,2026-03-18|GZ|GZM6|BREAKOUT|1|77,2026-03-18 13:52:00+00:00,2026-03-18 13:55:00+00:00,2026-03-18,13466.2625,13469.0,13447.0,13444.0,68.29714722816163,40.357142857142854,13408.0,13447.0,5000.0,-1315.5737984825132,459.52028083787854,68.29714722816163,323.557734993366,-2166.948961541854,-2166.9489615419193,-0.43338979230837077,-0.26311475969650266,TRAILING_STOP,2,0.2731885889126465,0.5327177483796608,False
GZ,GZM6,RBREAKER_2_1,BREAKOUT,LONG,2026-03-18|GZ|GZM6|BREAKOUT|1|78,2026-03-18 14:24:00+00:00,2026-03-18 15:04:00+00:00,2026-03-18,13466.2625,13469.0,13416.0,13413.0,57.3332033780733,49.5,13394.0,13416.0,5000.0,-2881.710134790451,385.3077933023417,57.3332033780733,271.61605100358054,-3595.96718247444,-3595.9671824744464,-0.719193436494888,-0.5763420269580902,TRAILING_STOP,39,0.5618653931051183,0.2522660948635225,False
GZ,GZM6,RBREAKER_2_1,BREAKOUT,LONG,2026-03-19|GZ|GZM6|BREAKOUT|1|79,2026-03-19 08:20:00+00:00,2026-03-19 09:09:00+00:00,2026-03-19,13706.787499999999,13710.0,13683.0,13680.0,63.06760847628426,43.785714285714285,13644.0,13683.0,5000.0,-1500.2207366295202,431.85544904135656,63.06760847628426,328.7399091827235,-2323.883703329838,-2323.8837033298846,-0.46477674066596764,-0.300044147325904,TRAILING_STOP,48,0.5171543895055309,0.49192734611501726,False
GZ,GZM6,RBREAKER_2_1,BREAKOUT,LONG,2026-03-19|GZ|GZM6|BREAKOUT|1|80,2026-03-19 09:11:00+00:00,2026-03-19 09:58:00+00:00,2026-03-19,13706.787499999999,13710.0,13668.0,13665.0,56.63797009514992,49.642857142857146,13635.0,13668.0,5000.0,-2196.845265065545,387.61610783868224,56.63797009514992,295.22541912105135,-2936.3247621203654,-2936.324762120428,-0.5872649524240731,-0.43936905301310897,TRAILING_STOP,46,0.31717263253283956,0.3738106026279895,False
GZ,GZM6,RBREAKER_2_1,BREAKOUT,LONG,2026-03-19|GZ|GZM6|BREAKOUT|1|81,2026-03-19 11:16:00+00:00,2026-03-19 12:06:00+00:00,2026-03-19,13706.787499999999,13710.0,13670.0,13667.0,64.69979296066009,42.357142857142854,13646.0,13670.0,5000.0,-2380.143633540189,442.8215579709978,64.69979296066009,337.24767080753486,-3224.9126552793205,-3224.9126552793814,-0.6449825310558641,-0.4760287267080378,TRAILING_STOP,49,0.40113871635609255,0.31055900621116844,False
GZ,GZM6,RBREAKER_2_1,BREAKOUT,LONG,2026-03-23|GZ|GZM6|BREAKOUT|1|82,2026-03-23 07:22:00+00:00,2026-03-23 07:37:00+00:00,2026-03-23,13853.375,13856.0,14040.0,14037.0,54.2428779101304,53.285714285714285,13776.0,14040.0,5000.0,10123.077089978087,378.24914838681684,54.2428779101304,250.8733103343531,9439.711753346788,9439.711753346788,1.8879423506693576,2.0246154179956175,TRAILING_STOP,14,0.09763718023823473,2.8640239536548853,False
GZ,GZM6,RBREAKER_2_1,REVERSAL,SHORT,2026-03-23|GZ|GZM6|REVERSAL|-1|83,2026-03-23 11:05:00+00:00,2026-03-23 11:05:00+00:00,2026-03-23,13673.070000000002,13670.0,13725.0,13728.0,51.489518205220186,54.285714285714285,13725.0,13725.0,3500.0,-2673.8506803970054,352.67745494665564,51.489518205220186,261.05185730054507,-3339.0695108495183,-3339.0695108494265,-0.9540198602427196,-0.7639573372562872,INITIAL_STOP,0,0.0,0.0,False
GZ,GZM6,RBREAKER_2_1,BREAKOUT,SHORT,2026-03-23|GZ|GZM6|BREAKOUT|-1|84,2026-03-23 11:08:00+00:00,2026-03-23 11:08:00+00:00,2026-03-23,13444.325,13441.0,13523.0,13526.0,52.42711320586474,54.285714285714285,13523.0,13523.0,5000.0,-4124.70313147137,353.4504904556386,52.42711320586474,279.1743778212679,-4809.755112954213,-4809.755112954142,-0.9619510225908425,-0.8249406262942741,INITIAL_STOP,0,0.0,0.0,False
GZ,GZM6,RBREAKER_2_1,BREAKOUT,SHORT,2026-03-23|GZ|GZM6|BREAKOUT|-1|85,2026-03-23 11:10:00+00:00,2026-03-23 11:14:00+00:00,2026-03-23,13444.325,13441.0,13515.0,13518.0,36.397916583254386,82.42857142857143,13565.0,13515.0,5000.0,-2572.422754521477,245.31285829198873,36.397916583254386,193.8189058058561,-3047.9524352025765,-3047.9524352025765,-0.6095904870405153,-0.5144845509042955,TRAILING_STOP,3,0.4367749989990526,0.3785383324658456,False
GZ,GZM6,RBREAKER_2_1,BREAKOUT,SHORT,2026-03-23|GZ|GZM6|BREAKOUT|-1|86,2026-03-23 11:16:00+00:00,2026-03-23 11:22:00+00:00,2026-03-23,13444.325,13441.0,13565.0,13568.0,36.397916583254386,82.42857142857143,13565.0,13565.0,5000.0,-4392.318583684197,245.76783224927942,36.397916583254386,193.8189058058561,-4868.303238322602,-4868.303238322586,-0.9736606476645203,-0.8784637167368393,INITIAL_STOP,5,0.7570766649316912,0.05823666653320702,False
GZ,GZM6,RBREAKER_2_1,REVERSAL,SHORT,2026-03-26|GZ|GZM6|REVERSAL|-1|87,2026-03-26 08:03:00+00:00,2026-03-26 08:03:00+00:00,2026-03-26,14101.300000000001,14098.0,14139.0,14142.0,64.04508774176765,40.642857142857146,14139.0,14139.0,3500.0,-2414.4998078645704,452.15831945687955,64.04508774176765,339.43896503143844,-3270.142180094639,-3270.1421800946555,-0.9343263371698969,-0.6898570879613058,INITIAL_STOP,0,0.0,0.0,False
GZ,GZM6,RBREAKER_2_1,REVERSAL,LONG,2026-03-26|GZ|GZM6|REVERSAL|1|88,2026-03-26 08:36:00+00:00,2026-03-26 08:44:00+00:00,2026-03-26,14088.7,14092.0,14040.0,14037.0,53.31627212625412,51.57142857142857,14040.0,14040.0,3500.0,-2596.502452548614,374.9333546598506,53.31627212625412,282.57624226910804,-3307.3283216037385,-3307.328321603827,-0.9449509490296396,-0.7418578435853184,INITIAL_STOP,7,0.7464278097675577,0.0,False
GZ,GZM6,RBREAKER_2_1,REVERSAL,SHORT,2026-03-27|GZ|GZM6|REVERSAL|-1|89,2026-03-27 12:55:00+00:00,2026-03-27 13:01:00+00:00,2026-03-27,14129.315,14126.0,14144.0,14147.0,73.38603149308966,33.142857142857146,14160.0,14144.0,3500.0,-1077.6738724759844,518.7108171010311,73.38603149308966,390.0467573858089,-2059.8174784559214,-2059.817478455914,-0.5885192795588347,-0.3079068207074241,TRAILING_STOP,5,0.5870882519447174,0.335479001111267,False
GZ,GZM6,RBREAKER_2_1,REVERSAL,LONG,2026-03-30|GZ|GZM6|REVERSAL|1|90,2026-03-30 09:31:00+00:00,2026-03-30 09:44:00+00:00,2026-03-30,14185.14,14188.0,14174.0,14171.000000000002,42.263385417923914,69.92857142857143,14118.0,14174.0,3500.0,-470.8141135556478,299.6368367667261,42.263385417923914,205.40005313113483,-1018.114388871351,-1018.1143888714328,-0.29088982539181457,-0.1345183181587565,TRAILING_STOP,12,0.49508537203853725,0.8331924553819287,False
GZ,GZM6,RBREAKER_2_1,BREAKOUT,SHORT,2026-04-06|GZ|GZM6|BREAKOUT|-1|91,2026-04-06 07:58:00+00:00,2026-04-06 09:46:00+00:00,2026-04-06,13517.775,13515.0,13512.0,13515.0,81.55609020103672,32.5,13564.0,13512.0,5000.0,470.9864209109574,551.1152795335057,81.55609020103672,389.43033070992067,-551.1152795335057,-551.1152795335057,-0.11022305590670115,0.09419728418219148,TRAILING_STOP,107,0.48933654120622033,0.848183338090782,False
GZ,GZM6,RBREAKER_2_1,BREAKOUT,SHORT,2026-04-06|GZ|GZM6|BREAKOUT|-1|92,2026-04-06 10:07:00+00:00,2026-04-06 12:06:00+00:00,2026-04-06,13517.775,13515.0,13532.0,13535.0,76.56088504383197,34.714285714285715,13568.0,13532.0,5000.0,-1089.0785897485378,517.7429851089137,76.56088504383197,365.57822608426983,-2048.9606859855585,-2048.9606859855535,-0.4097921371971117,-0.21781571794970755,TRAILING_STOP,113,0.30624354017532784,0.5512383723155901,False
GZ,GZM6,RBREAKER_2_1,REVERSAL,LONG,2026-04-06|GZ|GZM6|REVERSAL|1|93,2026-04-06 14:40:00+00:00,2026-04-06 14:49:00+00:00,2026-04-06,13788.11,13791.0,13792.0,13789.0,70.45726766716152,36.5,13754.0,13792.0,3500.0,274.0787712252173,485.8028605650787,70.45726766716152,344.5360388923788,-626.7173958994124,-626.7173958994017,-0.17906211311411782,0.07830822035006207,TRAILING_STOP,8,0.30195971857354936,0.7649646203863251,False
GZ,GZM6,RBREAKER_2_1,BREAKOUT,SHORT,2026-04-08|GZ|GZM6|BREAKOUT|-1|94,2026-04-08 08:58:00+00:00,2026-04-08 09:23:00+00:00,2026-04-08,13541.2,13538.0,13561.999999999998,13565.0,99.66313859155764,24.642857142857142,13575.0,13562.0,5000.0,-2072.9932827043262,675.2925113117467,99.66313859155764,518.2483206761722,-3366.197253283966,-3366.1972532838026,-0.6732394506567931,-0.41459865654086525,TRAILING_STOP,24,0.45845043752116516,0.25912416033804986,False
GZ,GZM6,RBREAKER_2_1,BREAKOUT,SHORT,2026-04-08|GZ|GZM6|BREAKOUT|-1|95,2026-04-08 09:39:00+00:00,2026-04-08 10:49:00+00:00,2026-04-08,13541.2,13538.0,13539.0,13541.0,103.80119994186819,22.785714285714285,13573.0,13539.0,5000.0,228.36263987218555,702.7081733064622,103.80119994186819,435.96503975592196,-1014.1117731319171,-1014.1117731320667,-0.2028223546263834,0.04567252797443711,TRAILING_STOP,68,0.5397662396977146,0.7058481596047037,False
GZ,GZM6,RBREAKER_2_1,BREAKOUT,SHORT,2026-04-08|GZ|GZM6|BREAKOUT|-1|96,2026-04-08 11:30:00+00:00,2026-04-08 13:08:00+00:00,2026-04-08,13541.2,13538.0,13513.0,13516.0,113.20156670967954,20.571428571428573,13569.0,13513.0,5000.0,3192.2841812130455,765.6387964409175,113.20156670967954,588.648146890416,1724.795671172081,1724.7956711720324,0.3449591342344162,0.6384568362426091,TRAILING_STOP,94,0.4754465801806541,1.2678575471484108,False
GZ,GZM6,RBREAKER_2_1,BREAKOUT,SHORT,2026-04-09|GZ|GZM6|BREAKOUT|-1|97,2026-04-09 11:44:00+00:00,2026-04-09 14:05:00+00:00,2026-04-09,13287.9625,13285.0,13241.0,13244.0,81.21167823933177,32.57142857142857,13334.0,13241.0,5000.0,3813.903439314589,538.6161530028082,81.21167823933177,403.0129532626544,2791.0626548097016,2791.062654809795,0.5582125309619403,0.7627806878629178,TRAILING_STOP,140,0.6659357615625205,1.510537215251571,False
GZ,GZM6,RBREAKER_2_1,REVERSAL,SHORT,2026-04-13|GZ|GZM6|REVERSAL|-1|98,2026-04-13 11:52:00+00:00,2026-04-13 12:02:00+00:00,2026-04-13,13212.355000000001,13209.0,13222.0,13225.0,73.97309492861164,33.285714285714285,13243.0,13222.0,3500.0000000000005,-713.470500586357,488.8511978357301,73.97309492861164,396.1259233428176,-1672.420716693482,-1672.4207166935162,-0.47783449048385196,-0.20384871445324484,TRAILING_STOP,9,0.5283792494900831,0.4438385695716698,False
GZ,GZM6,RBREAKER_2_1,BREAKOUT,SHORT,2026-04-17|GZ|GZM6|BREAKOUT|-1|99,2026-04-17 13:04:00+00:00,2026-04-17 13:04:00+00:00,2026-04-17,12976.137499999999,12973.0,13025.0,13028.0,77.20636489272435,34.357142857142854,13025.0,13025.0,5000.0,-3772.496004570828,501.8606733939315,77.20636489272435,396.64769963628703,-4748.210742493736,-4748.210742493771,-0.9496421484987472,-0.7544992009141656,INITIAL_STOP,0,0.0,0.0,False
GZ,GZM6,RBREAKER_2_1,REVERSAL,LONG,2026-04-21|GZ|GZM6|REVERSAL|1|100,2026-04-21 14:16:00+00:00,2026-04-21 14:16:00+00:00,2026-04-21,12830.0,12833.0,12812.0,12809.0,104.7386770008828,20.785714285714285,12812.0,12812.0,3500.0,-1885.2961860158905,671.4272889141591,104.7386770008828,523.6933850044139,-3185.155536935259,-3185.1555369353464,-0.9100444391243597,-0.5386560531473973,INITIAL_STOP,0,0.0,0.0,False
GZ,GZM6,RBREAKER_2_1,BREAKOUT,SHORT,2026-04-24|GZ|GZM6|BREAKOUT|-1|101,2026-04-24 10:35:00+00:00,2026-04-24 10:35:00+00:00,2026-04-24,12704.725,12702.0,12727.0,12730.0,135.86587320996443,16.071428571428573,12727.0,12727.0,5000.0,-3026.412325751908,863.8352218689539,135.86587320996443,641.9662509171314,-4668.079671747997,-4668.079671747958,-0.9336159343495994,-0.6052824651503816,INITIAL_STOP,0,0.0,0.0,False
GZ,GZM6,RBREAKER_2_1,BREAKOUT,SHORT,2026-04-24|GZ|GZM6|BREAKOUT|-1|102,2026-04-24 12:15:00+00:00,2026-04-24 12:49:00+00:00,2026-04-24,12704.725,12702.0,12691.0,12694.0,77.15930309717356,35.0,12755.0,12691.0,5000.0,1059.0114350087351,489.884415363955,77.15930309717356,364.5777071341731,127.39000941341124,127.39000941343346,0.025478001882682247,0.21180228700174702,TRAILING_STOP,33,0.07715930309717356,0.9876390796438216,False
GZ,GZM6,RBREAKER_2_1,BREAKOUT,SHORT,2026-04-28|GZ|GZM6|BREAKOUT|-1|103,2026-04-28 09:05:00+00:00,2026-04-28 09:09:00+00:00,2026-04-28,12482.199999999999,12479.0,12486.0,12489.0,102.79710934528983,23.642857142857142,12515.0,12486.0,5000.0,-390.6290155122135,641.6595565332991,102.79710934528983,534.544968595395,-1669.6306499860675,-1669.6306499861973,-0.3339261299972135,-0.0781258031024427,TRAILING_STOP,3,0.43174785925021725,0.5962232342026811,False
GZ,GZM6,RBREAKER_2_1,BREAKOUT,SHORT,2026-04-28|GZ|GZM6|BREAKOUT|-1|104,2026-04-28 09:11:00+00:00,2026-04-28 10:31:00+00:00,2026-04-28,12482.199999999999,12479.0,12458.0,12460.999999999998,91.50889008867577,27.642857142857142,12521.0,12458.0,5000.0,2214.515140145854,570.5579297028935,91.50889008867577,475.84622846101405,1076.6020918934619,1076.6020918932704,0.21532041837869237,0.44290302802917075,TRAILING_STOP,79,0.3294320043192328,1.1530120151173147,False
GZ,GZM6,RBREAKER_2_1,BREAKOUT,SHORT,2026-04-29|GZ|GZM6|BREAKOUT|-1|105,2026-04-29 15:03:00+00:00,2026-04-29 15:29:00+00:00,2026-04-29,12008.262499999999,12005.0,12021.0,12024.0,64.49324433265797,43.0,12070.0,12021.0,4999.999999999999,-821.4826996873012,387.42704201735955,64.49324433265797,339.3956983005421,-1612.7986843378928,-1612.7986843378608,-0.3225597368675786,-0.16429653993746027,TRAILING_STOP,25,0.20637838186450552,0.6320337944600483,False
GZ,GZM6,RBREAKER_2_1,BREAKOUT,SHORT,2026-05-04|GZ|GZM6|BREAKOUT|-1|106,2026-05-04 08:59:00+00:00,2026-05-04 10:04:00+00:00,2026-05-04,12176.7375,12174.0,12168.0,12171.0,107.3837034491679,22.785714285714285,12209.0,12168.0,5000.0,938.2651088870264,653.5640651174981,107.3837034491679,508.73029509035473,-331.4129547699049,-331.41295476999437,-0.06628259095398098,0.18765302177740528,TRAILING_STOP,64,0.4724882951763388,0.8805463682831767,False
GZ,GZM6,RBREAKER_2_1,BREAKOUT,SHORT,2026-05-04|GZ|GZM6|BREAKOUT|-1|107,2026-05-04 10:12:00+00:00,2026-05-04 10:16:00+00:00,2026-05-04,12176.7375,12174.0,12218.000000000002,12221.0,86.86286091518929,30.214285714285715,12220.0,12218.0,5000.0,-3584.1787985130613,529.7548730065107,86.86286091518929,411.51280358564605,-4612.309336020518,-4612.3093360204075,-0.9224618672041035,-0.7168357597026123,TRAILING_STOP,3,0.7470206038706279,0.03474514436607572,False
GZ,GZM6,RBREAKER_2_1,BREAKOUT,SHORT,2026-05-04|GZ|GZM6|BREAKOUT|-1|108,2026-05-04 10:32:00+00:00,2026-05-04 13:02:00+00:00,2026-05-04,12176.7375,12174.0,12103.0,12106.0,85.37959769133779,31.142857142857142,12221.0,12103.0,5000.0,6295.678084764958,518.2541579864204,85.37959769133779,404.4858440626507,5287.558485024564,5287.55848502455,1.0575116970049128,1.2591356169529915,TRAILING_STOP,149,0.39274614938015384,2.014958505515572,False
GZ,GZM6,RBREAKER_2_1,REVERSAL,LONG,2026-05-05|GZ|GZM6|REVERSAL|1|109,2026-05-05 12:18:00+00:00,2026-05-05 12:27:00+00:00,2026-05-05,12190.385,12193.0,12159.0,12156.0,77.21752175879527,34.0,12159.0,12159.0,3500.0,-2423.4719203998065,470.0423593262266,77.21752175879527,356.35886291682334,-3327.0906644016095,-3327.090664401652,-0.9505973326861742,-0.692420548685659,INITIAL_STOP,8,0.7280509194400696,0.06618644722182451,False
GZ,GZM6,RBREAKER_2_1,BREAKOUT,LONG,2026-05-11|GZ|GZM6|BREAKOUT|1|110,2026-05-11 07:16:00+00:00,2026-05-11 07:52:00+00:00,2026-05-11,12258.0625,12261.0,12223.0,12220.0,75.75126315231307,35.714285714285715,12207.0,12223.0,5000.0,-2656.028664277977,463.6166683079441,75.75126315231307,374.0218618145458,-3569.418457552814,-3569.41845755278,-0.7138836915105627,-0.5312057328555954,TRAILING_STOP,35,0.48480808417480364,0.24240404208740182,False
GZ,GZM6,RBREAKER_2_1,BREAKOUT,LONG,2026-05-12|GZ|GZM6|BREAKOUT|1|111,2026-05-12 07:17:00+00:00,2026-05-12 07:21:00+00:00,2026-05-12,12385.1875,12388.0,12399.0,12396.0,102.41914008889981,24.071428571428573,12351.0,12399.0,5000.0,1414.6643724779285,634.5889919908232,102.41914008889981,492.89211167783037,184.76412872034325,184.7641287203752,0.03695282574406865,0.2829328744955857,TRAILING_STOP,3,0.14338679612445973,0.9832237448534382,False
GZ,GZM6,RBREAKER_2_1,BREAKOUT,SHORT,2026-05-14|GZ|GZM6|BREAKOUT|-1|112,2026-05-14 12:15:00+00:00,2026-05-14 12:15:00+00:00,2026-05-14,12399.0,12396.0,12424.0,12427.0,124.38429772625504,18.214285714285715,12424.0,12424.0,5000.0,-3109.607443156376,771.8978556147072,124.38429772625504,621.9214886312752,-4627.81108512862,-4627.811085128614,-0.925562217025724,-0.6219214886312753,INITIAL_STOP,0,0.0,0.0,False
GZ,GZM6,RBREAKER_2_1,BREAKOUT,SHORT,2026-05-14|GZ|GZM6|BREAKOUT|-1|113,2026-05-14 12:18:00+00:00,2026-05-14 12:18:00+00:00,2026-05-14,12399.0,12396.0,12424.0,12427.0,124.38429772625504,18.214285714285715,12424.0,12424.0,5000.0,-3109.607443156376,771.8978556147072,124.38429772625504,621.9214886312752,-4627.81108512862,-4627.811085128614,-0.925562217025724,-0.6219214886312753,INITIAL_STOP,0,0.0,0.0,False
GZ,GZM6,RBREAKER_2_1,BREAKOUT,SHORT,2026-05-14|GZ|GZM6|BREAKOUT|-1|114,2026-05-14 12:38:00+00:00,2026-05-14 12:50:00+00:00,2026-05-14,12399.0,12396.0,12363.0,12365.999999999998,90.58299213739627,28.5,12439.0,12363.0,5000.0,3260.987716946266,560.7540128265516,90.58299213739627,452.9149606869814,2156.7357512955077,2156.7357512953367,0.43134715025910153,0.6521975433892532,TRAILING_STOP,11,0.30798217326714733,1.3768614804884234,False
GZ,GZM6,RBREAKER_2_1,BREAKOUT,SHORT,2026-05-14|GZ|GZM6|BREAKOUT|-1|115,2026-05-14 14:16:00+00:00,2026-05-14 15:45:00+00:00,2026-05-14,12399.0,12396.0,12338.0,12340.0,62.34569440634429,44.857142857142854,12464.0,12376.0,5000.0,3803.087358787002,385.5457742088331,62.34569440634429,249.38277762537714,3105.8131125464715,3105.813112546448,0.6211626225092943,0.7606174717574004,FORCE_CLOSE,88,0.3990124442006035,1.0972842215516596,False
GZ,GZM6,RBREAKER_2_1,BREAKOUT,LONG,2026-05-18|GZ|GZM6|BREAKOUT|1|116,2026-05-18 09:59:00+00:00,2026-05-18 10:24:00+00:00,2026-05-18,12514.175000000001,12517.0,12460.0,12457.0,56.237592581138166,50.714285714285715,12440.0,12460.0,5000.0,-3046.6715780832214,351.1194092803362,56.237592581138166,271.34638420393026,-3725.374964148594,-3725.3749641486256,-0.7450749928297188,-0.6093343156166443,TRAILING_STOP,24,0.584870962843837,0.22495037032455267,False
GZ,GZM6,RBREAKER_2_1,BREAKOUT,LONG,2026-05-18|GZ|GZM6|BREAKOUT|1|117,2026-05-18 15:01:00+00:00,2026-05-18 15:22:00+00:00,2026-05-18,12514.175000000001,12517.0,12556.0,12553.0,72.55998897088398,37.857142857142854,12460.0,12556.0,5000.0,3034.821538707143,454.76973087501534,72.55998897088398,350.101946784436,2157.389872076825,2157.3898720768075,0.43147797441536506,0.6069643077414286,TRAILING_STOP,20,0.20316796911847515,1.3931517882409723,False
GZ,GZM6,RBREAKER_2_1,BREAKOUT,SHORT,2026-05-20|GZ|GZM6|BREAKOUT|-1|118,2026-05-20 08:14:00+00:00,2026-05-20 08:54:00+00:00,2026-05-20,12231.537499999999,12229.0,12265.0,12267.999999999998,49.41224138868306,59.714285714285715,12319.0,12265.0,5000.0,-1653.4571274688788,302.61291932464223,49.41224138868306,224.20804530107745,-2229.6903334832577,-2229.6903334832814,-0.44593806669665154,-0.3306914254937757,TRAILING_STOP,39,0.484239965609094,0.533652206997777,False
GZ,GZM6,RBREAKER_2_1,BREAKOUT,SHORT,2026-05-20|GZ|GZM6|BREAKOUT|-1|119,2026-05-20 09:01:00+00:00,2026-05-20 10:12:00+00:00,2026-05-20,12231.537499999999,12229.0,12266.0,12268.999999999998,50.40856139006797,58.357142857142854,12317.0,12266.0,5000.0,-1737.2050469052908,308.7272342334713,50.40856139006797,228.72884730736007,-2325.069689836188,-2325.0696898361903,-0.4650139379672376,-0.34744100938105815,TRAILING_STOP,70,0.21171595783828548,0.5141673261786933,False
GZ,GZM6,RBREAKER_2_1,BREAKOUT,SHORT,2026-05-20|GZ|GZM6|BREAKOUT|-1|120,2026-05-20 10:31:00+00:00,2026-05-20 10:40:00+00:00,2026-05-20,12231.537499999999,12229.0,12277.0,12280.0,64.77564953782819,43.714285714285715,12295.0,12277.0,5000.0,-2944.862967113608,396.89659863065776,64.77564953782819,293.91950977780107,-3700.45472505987,-3700.4547250598953,-0.7400909450119739,-0.5889725934227217,TRAILING_STOP,8,0.5700257159328881,0.23319233833618144,False
GZ,GZM6,RBREAKER_2_1,BREAKOUT,SHORT,2026-05-20|GZ|GZM6|BREAKOUT|-1|121,2026-05-20 11:14:00+00:00,2026-05-20 11:16:00+00:00,2026-05-20,12231.537499999999,12229.0,12288.0,12291.0,71.23572614137738,39.142857142857146,12288.0,12288.0,5000.0,-4022.1471872576244,436.6750012466434,71.23572614137738,323.23210736639624,-4853.290022012101,-4853.290022012041,-0.9706580044024202,-0.8044294374515248,INITIAL_STOP,1,0.1282243070544793,0.0,False
GZ,GZM6,RBREAKER_2_1,BREAKOUT,SHORT,2026-05-20|GZ|GZM6|BREAKOUT|-1|122,2026-05-20 12:16:00+00:00,2026-05-20 12:40:00+00:00,2026-05-20,12231.537499999999,12229.0,12287.0,12290.0,72.26530037072403,38.142857142857146,12287.0,12287.0,5000.0,-4008.014221811387,442.96822494744566,72.26530037072403,327.9038004320551,-4851.151547561621,-4851.151547561612,-0.9702303095123241,-0.8016028443622774,INITIAL_STOP,23,0.7804652440038196,0.18788978096388248,False
GZ,GZM6,RBREAKER_2_1,BREAKOUT,SHORT,2026-05-20|GZ|GZM6|BREAKOUT|-1|123,2026-05-20 13:02:00+00:00,2026-05-20 13:34:00+00:00,2026-05-20,12231.537499999999,12229.0,12234.0,12237.0,83.07096752756281,32.285714285714285,12278.0,12234.0,5000.0,-204.5622575367443,508.10357288233797,83.07096752756281,376.9345151561954,-1172.6713131029146,-1172.6713131028405,-0.2345342626205829,-0.04091245150734886,TRAILING_STOP,31,0.09968516103307538,0.7310245142425528,False
GZ,GZM6,RBREAKER_2_1,BREAKOUT,SHORT,2026-05-29|GZ|GZM6|BREAKOUT|-1|124,2026-05-29 12:58:00+00:00,2026-05-29 12:58:00+00:00,2026-05-29,11548.3375,11545.0,11572.0,11575.0,126.75074466062722,17.714285714285715,11572.0,11572.0,5000.0,-2999.239495532138,732.6193041384254,126.75074466062722,676.5320996260516,-4535.141643957191,-4535.141643957242,-0.9070283287914382,-0.5998478991064276,INITIAL_STOP,0,0.0,0.0,False
GZ,GZM6,RBREAKER_2_1,REVERSAL,LONG,2026-05-29|GZ|GZM6|REVERSAL|1|125,2026-05-29 13:20:00+00:00,2026-05-29 13:36:00+00:00,2026-05-29,11724.935,11728.0,11728.0,11725.0,70.00840100811955,37.357142857142854,11690.0,11728.0,3500.0000000000005,214.57574908992208,410.47675721085693,70.00840100811955,354.5925511061612,-620.501960235127,-620.5019602352156,-0.1772862743528934,0.061307356882834875,TRAILING_STOP,15,0.38004560547264893,0.7600912109452979,False
GZ,GZM6,RBREAKER_2_1,BREAKOUT,LONG,2026-06-02|GZ|GZM6|BREAKOUT|1|126,2026-06-02 14:26:00+00:00,2026-06-02 14:38:00+00:00,2026-06-02,11905.9375,11909.0,11895.0,11892.0,83.22306277515625,31.571428571428573,11861.0,11895.0,5000.0,-910.2522491032715,495.1980292778735,83.22306277515625,421.31675529922853,-1909.9900964555836,-1909.9900964555297,-0.3819980192911167,-0.1820504498206543,TRAILING_STOP,11,0.2996030259905625,0.5659168268710625,False
GZ,GZM6,RBREAKER_2_1,BREAKOUT,SHORT,2026-06-05|GZ|GZM6|BREAKOUT|-1|127,2026-06-05 15:20:00+00:00,2026-06-05 15:26:00+00:00,2026-06-05,11574.587500000001,11572.0,11604.000000000002,11607.0,106.47132727155916,23.928571428571427,11608.0,11604.0,5000.0,-3131.587913374579,616.9747237068675,106.47132727155916,488.4372138584326,-4343.471178211419,-4343.471178211437,-0.8686942356422839,-0.6263175826749158,TRAILING_STOP,5,0.48976810544917215,0.08517706181724732,False
GZ,GZM6,RBREAKER_2_1,BREAKOUT,SHORT,2026-06-08|GZ|GZM6|BREAKOUT|-1|128,2026-06-08 13:20:00+00:00,2026-06-08 13:25:00+00:00,2026-06-08,11423.0375,11420.0,11419.000000000002,11422.0,100.43185698503419,25.285714285714285,11458.0,11419.0,5000.0,405.4936225771121,573.5161193130377,100.43185698503419,505.9254795621463,-774.3798332829799,-774.3798332831061,-0.15487596665659598,0.08109872451542242,TRAILING_STOP,4,0.622677513307212,0.7833684844832667,False
GZ,GZM6,RBREAKER_2_1,BREAKOUT,SHORT,2026-06-08|GZ|GZM6|BREAKOUT|-1|129,2026-06-08 14:15:00+00:00,2026-06-08 15:45:00+00:00,2026-06-08,11423.0375,11420.0,11409.0,11411.0,83.63301831563,31.642857142857142,11468.0,11423.0,5000.0,1173.9984946056866,477.3563602910371,83.63301831563,337.6683114493865,275.3408045496099,275.3408045496329,0.05506816090992198,0.2347996989211373,FORCE_CLOSE,89,0.25089905494689,0.75269716484067,False
GZ,GZM6,RBREAKER_2_1,BREAKOUT,LONG,2026-06-15|GZ|GZM6|BREAKOUT|1|130,2026-06-15 11:07:00+00:00,2026-06-15 12:12:00+00:00,2026-06-15,11316.862500000001,11320.0,11317.0,11314.0,116.45510655642843,20.428571428571427,11289.0,11317.0,5000.0,16.012577151381812,658.9612204495503,116.45510655642843,598.2881099335241,-1357.6918597880435,-1357.6918597881208,-0.2715383719576087,0.0032025154302763622,TRAILING_STOP,59,0.2096191918015712,0.6521485967159992,False
GZ,GZM6,RBREAKER_2_1,BREAKOUT,LONG,2026-06-15|GZ|GZM6|BREAKOUT|1|131,2026-06-15 12:31:00+00:00,2026-06-15 13:28:00+00:00,2026-06-15,11316.862500000001,11320.0,11292.0,11289.0,113.80448389667119,21.071428571428573,11288.0,11292.0,5000.0,-2829.4639808811116,643.2513941049598,113.80448389667119,584.670536019024,-4171.19039490172,-4171.190394901767,-0.834238078980344,-0.5658927961762223,TRAILING_STOP,55,0.5917833162626902,0.09104358711733695,False
GZ,GZM6,RBREAKER_2_1,BREAKOUT,LONG,2026-06-15|GZ|GZM6|BREAKOUT|1|132,2026-06-15 13:48:00+00:00,2026-06-15 14:20:00+00:00,2026-06-15,11316.862500000001,11320.0,11336.0,11333.0,116.45510655642843,20.071428571428573,11289.0,11336.0,5000.0,2228.659601723522,659.5143822056933,116.45510655642843,598.2881099335241,854.4020030279418,854.4020030278759,0.17088040060558835,0.4457319203447044,TRAILING_STOP,31,0.4891114475369995,1.0946780016304272,False
GZ,GZM6,RBREAKER_2_1,BREAKOUT,LONG,2026-06-15|GZ|GZM6|BREAKOUT|1|133,2026-06-15 15:13:00+00:00,2026-06-15 15:45:00+00:00,2026-06-15,11316.862500000001,11320.0,11355.0,11353.0,108.84946119517227,22.642857142857142,11286.0,11337.0,5000.0,4151.246326330764,616.9859584195352,108.84946119517227,450.36464569490647,2975.046261021141,2975.04626102115,0.5950092522042282,0.8302492652661527,FORCE_CLOSE,30,0.26123870686841344,1.1102645041907573,False
GZ,GZM6,RBREAKER_2_1,BREAKOUT,SHORT,2026-06-16|GZ|GZM6|BREAKOUT|-1|134,2026-06-16 12:52:00+00:00,2026-06-16 13:09:00+00:00,2026-06-16,11157.762499999999,11155.0,11193.0,11196.000000000002,101.82780917469013,25.0,11193.0,11193.0,5000.0,-3588.157425793255,568.9883407158748,101.82780917469013,484.9549411943506,-4743.928516878278,-4743.92851687817,-0.9487857033756556,-0.7176314851586509,INITIAL_STOP,16,0.753525787892707,0.3054834275240704,False
GZ,GZM6,RBREAKER_2_1,BREAKOUT,SHORT,2026-06-16|GZ|GZM6|BREAKOUT|-1|135,2026-06-16 13:33:00+00:00,2026-06-16 14:44:00+00:00,2026-06-16,11157.762499999999,11155.0,11171.0,11174.0,83.1912150076982,32.07142857142857,11204.0,11171.0,5000.0,-1101.2437086644957,464.39415997672336,83.1912150076982,396.1981614740719,-2045.027245123037,-2045.0272451229891,-0.4090054490246074,-0.22024874173289913,TRAILING_STOP,70,0.38267958903541177,0.5490620190508082,False
GZ,GZM6,RBREAKER_2_1,BREAKOUT,SHORT,2026-06-16|GZ|GZM6|BREAKOUT|-1|136,2026-06-16 14:49:00+00:00,2026-06-16 15:07:00+00:00,2026-06-16,11157.762499999999,11155.0,11202.0,11205.0,79.23616338497165,34.57142857142857,11207.0,11202.0,5000.0,-3505.20977774277,442.9301533219915,79.23616338497165,377.362228120841,-4404.738322570505,-4404.738322570574,-0.880947664514101,-0.701041955548554,TRAILING_STOP,17,0.44372251495584125,0.07923616338497165,False
GZ,GZU6,RBREAKER_2_1,BREAKOUT,SHORT,2026-06-22|GZ|GZU6|BREAKOUT|-1|137,2026-06-22 10:07:00+00:00,2026-06-22 10:15:00+00:00,2026-06-22,10569.7625,10567.0,10554.0,10557.0,78.35946621531436,35.285714285714285,10620.0,10554.0,5000.0,1235.1410862189496,413.81634108307514,78.35946621531436,373.1869578504917,369.7783210700869,369.7783210700684,0.07395566421401738,0.24702821724378993,TRAILING_STOP,7,0.3917973310765718,1.0343449540421497,False
GZ,GZU6,RBREAKER_2_1,BREAKOUT,SHORT,2026-06-22|GZ|GZU6|BREAKOUT|-1|138,2026-06-22 10:24:00+00:00,2026-06-22 10:45:00+00:00,2026-06-22,10569.7625,10567.0,10587.0,10590.0,69.62963994513044,40.142857142857146,10628.0,10587.0,5000.0,-1200.2409185541353,368.28857307978114,69.62963994513044,331.6111602387343,-1969.7702918177624,-1969.7702918177813,-0.39395405836355246,-0.24004818371082706,TRAILING_STOP,20,0.26459263179149567,0.5709630475500695,False
GZ,GZU6,RBREAKER_2_1,BREAKOUT,SHORT,2026-06-22|GZ|GZU6|BREAKOUT|-1|139,2026-06-22 10:53:00+00:00,2026-06-22 11:13:00+00:00,2026-06-22,10569.7625,10567.0,10598.0,10601.0,65.9556646022531,43.285714285714285,10632.0,10598.0,5000.0,-1862.4230792060737,349.03737707512335,65.9556646022531,314.11385266827835,-2591.529973551695,-2591.5299735517283,-0.518305994710339,-0.37248461584121473,TRAILING_STOP,19,0.4221162534544198,0.44849851929532103,False
GZ,GZU6,RBREAKER_2_1,BREAKOUT,SHORT,2026-06-22|GZ|GZU6|BREAKOUT|-1|140,2026-06-22 11:22:00+00:00,2026-06-22 12:46:00+00:00,2026-06-22,10569.7625,10567.0,10442.0,10445.0,57.59804627426941,50.42857142857143,10643.0,10442.0,5000.0,7358.870387116387,302.56253707873725,57.59804627426941,274.31069538124996,6724.3991083820665,6724.39910838213,1.3448798216764133,1.4717740774232775,TRAILING_STOP,83,0.1267157018033927,2.31544146022563,False
GZ,GZU6,RBREAKER_2_1,BREAKOUT,SHORT,2026-06-26|GZ|GZU6|BREAKOUT|-1|141,2026-06-26 08:58:00+00:00,2026-06-26 09:40:00+00:00,2026-06-26,9908.85,9906.0,9977.0,9980.0,52.272275830344704,56.142857142857146,9991.0,9977.0,5000.0,-3562.3555978379727,259.87161929055867,52.272275830344704,253.5205377771908,-4128.020030736053,-4128.0200307360665,-0.8256040061472105,-0.7124711195675946,TRAILING_STOP,41,0.6690851306284122,0.14636237232496516,False
GZ,GZU6,RBREAKER_2_1,REVERSAL,LONG,2026-06-26|GZ|GZU6|REVERSAL|1|142,2026-06-26 12:04:00+00:00,2026-06-26 12:06:00+00:00,2026-06-26,10177.76,10181.0,10283.0,10281.0,58.7539134303057,47.42857142857143,10133.0,10289.0,3500.0,6183.2618494053595,300.5556441527288,58.7539134303057,249.11659294448333,5574.835698877768,5574.835698877841,1.5928101996793622,1.7666462426872456,TRAILING_STOP,1,0.7554074583896447,2.6187458557507686,False
GZ,GZU6,RBREAKER_2_1,BREAKOUT,LONG,2026-06-26|GZ|GZU6|BREAKOUT|1|143,2026-06-26 12:09:00+00:00,2026-06-26 12:09:00+00:00,2026-06-26,10443.45,10446.0,10374.0,10371.0,60.73636772226581,47.42857142857143,10374.0,10374.0,5000.0,-4218.140738311405,316.08724171860183,60.73636772226581,276.35047313626524,-4871.314820888509,-4871.314820888538,-0.9742629641777018,-0.8436281476622809,INITIAL_STOP,0,0.0,0.0,False
GZ,GZU6,RBREAKER_2_1,REVERSAL,SHORT,2026-06-26|GZ|GZU6|REVERSAL|-1|144,2026-06-26 14:08:00+00:00,2026-06-26 15:25:00+00:00,2026-06-26,10196.24,10193.0,10214.0,10216.999999999998,28.55359714137712,111.0,10304.0,10214.0,3500.0,-507.1118852308639,145.69472941387676,28.55359714137712,149.62084902080989,-830.981060806876,-830.9810608069276,-0.237423160230536,-0.1448891100659611,TRAILING_STOP,76,0.3997503599792797,0.7342353550639832,False
GZ,GZU6,RBREAKER_2_1,BREAKOUT,SHORT,2026-07-02|GZ|GZU6|BREAKOUT|-1|145,2026-07-02 09:15:00+00:00,2026-07-02 09:17:00+00:00,2026-07-02,10168.4375,10165.0,10218.0,10221.0,76.97340568833468,34.857142857142854,10218.0,10218.0,5000.0,-3814.9944194280874,392.29496209059766,76.97340568833468,418.5428934303198,-4702.805680637289,-4702.80568063734,-0.9405611361274577,-0.7629988838856175,INITIAL_STOP,1,0.723550013470346,0.03078936227533387,False
GZ,GZU6,RBREAKER_2_1,BREAKOUT,SHORT,2026-07-02|GZ|GZU6|BREAKOUT|-1|146,2026-07-02 10:25:00+00:00,2026-07-02 10:55:00+00:00,2026-07-02,10168.4375,10165.0,10195.0,10198.0,69.48546016745996,39.5,10225.0,10195.0,5000.0,-1845.7075356981552,353.7331063474968,69.48546016745996,377.82718966056353,-2646.7532918737243,-2646.7532918736756,-0.5293506583747448,-0.36914150713963106,TRAILING_STOP,29,0.3335302088038078,0.41691276100475977,False
GZ,GZU6,RBREAKER_2_1,BREAKOUT,SHORT,2026-07-02|GZ|GZU6|BREAKOUT|-1|147,2026-07-02 11:29:00+00:00,2026-07-02 14:46:00+00:00,2026-07-02,10168.4375,10165.0,10056.0,10059.0,64.13751082320495,43.57142857142857,10231.0,10056.0,4999.999999999999,7211.461373184106,324.2792547221242,64.13751082320495,348.74771510117694,6474.296892537671,6474.2968925376,1.2948593785075344,1.4422922746368216,TRAILING_STOP,196,0.15393002597569191,2.2448128788121737,False
GZ,GZU6,RBREAKER_2_1,BREAKOUT,SHORT,2026-07-07|GZ|GZU6|BREAKOUT|-1|148,2026-07-07 08:05:00+00:00,2026-07-07 08:11:00+00:00,2026-07-07,9491.5875,9489.0,9495.0,9498.0,65.0030226405534,44.642857142857146,9556.0,9495.0,5000.0,-221.8228147609121,308.55309771904683,65.0030226405534,298.20136636351504,-893.5803014840461,-893.5803014840274,-0.17871606029680923,-0.04436456295218242,TRAILING_STOP,5,0.3120145086746563,0.7930368762147515,False
GZ,GZU6,RBREAKER_2_1,BREAKOUT,SHORT,2026-07-07|GZ|GZU6|BREAKOUT|-1|149,2026-07-07 12:32:00+00:00,2026-07-07 13:02:00+00:00,2026-07-07,9491.5875,9489.0,9503.0,9506.0,49.54443888445777,60.42857142857143,9580.0,9503.0,5000.0,-565.4259087688923,235.27415415256883,49.54443888445777,227.28511338243197,-1077.5296151883308,-1077.5296151883508,-0.21550592303766616,-0.11308518175377846,TRAILING_STOP,29,0.07927110221513244,0.7629843588206496,False
GZ,GZU6,RBREAKER_2_1,BREAKOUT,SHORT,2026-07-07|GZ|GZU6|BREAKOUT|-1|150,2026-07-07 13:03:00+00:00,2026-07-07 13:23:00+00:00,2026-07-07,9491.5875,9489.0,9564.0,9567.0,47.2056609028558,63.92857142857143,9585.0,9564.0,5000.0,-3418.2799201280627,224.88776854120502,47.2056609028558,216.55596939183377,-3906.9293189639325,-3906.9293189639575,-0.7813858637927865,-0.6836559840256126,TRAILING_STOP,19,0.5192622699314138,0.19826377579199433,False
GZ,GZU6,RBREAKER_2_1,BREAKOUT,SHORT,2026-07-07|GZ|GZU6|BREAKOUT|-1|151,2026-07-07 13:57:00+00:00,2026-07-07 14:26:00+00:00,2026-07-07,9491.5875,9489.0,9544.0,9547.0,51.06235223831859,58.42857142857143,9577.0,9544.0,5000.0,-2676.3055366908916,243.00573430215817,51.06235223831859,234.24854089326794,-3204.6221641246193,-3204.622164124636,-0.6409244328249238,-0.5352611073381783,TRAILING_STOP,28,0.19403693850561066,0.3370115247729027,False
GZ,GZU6,RBREAKER_2_1,BREAKOUT,LONG,2026-07-13|GZ|GZU6|BREAKOUT|1|152,2026-07-13 11:38:00+00:00,2026-07-13 11:46:00+00:00,2026-07-13,9777.762499999999,9781.0,9734.0,9731.0,70.06186462646302,39.57142857142857,9721.0,9734.0,5000.0,-3066.0823507155114,341.7617756478866,70.06186462646302,366.9490159811765,-3844.855006971062,-3844.8550069710377,-0.7689710013942124,-0.6132164701431023,TRAILING_STOP,7,0.6305567816381672,0.2802474585058521,False
GZ,GZU6,RBREAKER_2_1,BREAKOUT,LONG,2026-07-13|GZ|GZU6|BREAKOUT|1|153,2026-07-13 13:11:00+00:00,2026-07-13 14:10:00+00:00,2026-07-13,9777.762499999999,9781.0,9730.0,9727.0,69.09369796380663,40.142857142857146,9720.0,9730.0,5000.0,-3300.087748996239,336.969964969485,69.09369796380663,361.8782430855127,-4068.0296550151434,-4068.0296550150433,-0.8136059310030287,-0.6600175497992478,TRAILING_STOP,58,0.6632995004525437,0.13818739592761325,False
GZ,GZU6,RBREAKER_2_1,REVERSAL,SHORT,2026-07-13|GZ|GZU6|REVERSAL|-1|154,2026-07-13 14:54:00+00:00,2026-07-13 15:21:00+00:00,2026-07-13,9599.745,9597.0,9596.0,9599.0,68.24141864160369,40.642857142857146,9638.0,9596.0,3500.0,255.56411281286043,327.49056806105614,68.24141864160369,323.80553145446413,-463.97340534422506,-463.97340534426354,-0.13256383009835002,0.07301831794653155,TRAILING_STOP,26,0.6434190900494061,0.8188970236992442,False
GZ,GZU6,RBREAKER_2_1,BREAKOUT,SHORT,2026-07-15|GZ|GZU6|BREAKOUT|-1|155,2026-07-15 08:56:00+00:00,2026-07-15 09:57:00+00:00,2026-07-15,9313.074999999999,9310.0,9312.0,9315.0,68.67660188174095,41.07142857142857,9372.0,9312.0,5000.0,73.82734702279657,319.77542751185626,68.67660188174095,348.5337545497604,-663.1584369205733,-663.158436920561,-0.13263168738411465,0.014765469404559315,TRAILING_STOP,60,0.32964768903235653,0.8241192225808914,False
GZ,GZU6,RBREAKER_2_1,BREAKOUT,SHORT,2026-07-15|GZ|GZU6|BREAKOUT|-1|156,2026-07-15 11:32:00+00:00,2026-07-15 13:13:00+00:00,2026-07-15,9313.074999999999,9310.0,9273.0,9276.0,65.09992839008062,43.785714285714285,9376.0,9273.0,5000.0,2608.87963023241,302.48681726450957,65.09992839008062,330.3821365795881,1910.9107479982317,1910.9107479982315,0.38218214959964636,0.5217759260464819,TRAILING_STOP,100,0.5468393984766773,1.3410585248356608,False
GZ,GZU6,RBREAKER_2_1,BREAKOUT,SHORT,2026-07-16|GZ|GZU6|BREAKOUT|-1|157,2026-07-16 08:03:00+00:00,2026-07-16 08:12:00+00:00,2026-07-16,8722.8625,8720.0,8778.0,8781.0,67.49004521833162,42.57142857142857,8784.0,8778.0,4999.999999999999,-3721.2323682258084,295.2858203415054,67.49004521833162,328.1703448740884,-4412.178578659728,-4412.178578659734,-0.8824357157319458,-0.7442464736451618,TRAILING_STOP,8,0.66140244313965,0.08098805426199795,False
GZ,GZU6,RBREAKER_2_1,BREAKOUT,SHORT,2026-07-16|GZ|GZU6|BREAKOUT|-1|158,2026-07-16 09:03:00+00:00,2026-07-16 09:21:00+00:00,2026-07-16,8722.8625,8720.0,8695.0,8698.0,58.7647646471186,49.57142857142857,8795.0,8695.0,5000.0,1637.3332549802992,255.89116765587795,58.7647646471186,285.7436680965714,1036.9336545807312,1036.9336545807312,0.20738673091614623,0.3274666509960598,TRAILING_STOP,17,0.08227067050596604,1.175295292942372,False
GZ,GZU6,RBREAKER_2_1,BREAKOUT,SHORT,2026-07-16|GZ|GZU6|BREAKOUT|-1|159,2026-07-16 12:08:00+00:00,2026-07-16 13:39:00+00:00,2026-07-16,8722.8625,8720.0,8723.0,8726.0,56.76335357893038,51.785714285714285,8798.0,8723.0,5000.0,-7.804961117144228,247.57336663450485,56.76335357893038,276.0118067775077,-588.1534881080887,-588.1534881080871,-0.11763069762161774,-0.0015609922234288457,TRAILING_STOP,90,0.31787478004201014,0.8514503036839557,False
GZ,GZU6,RBREAKER_2_1,BREAKOUT,SHORT,2026-07-17|GZ|GZU6|BREAKOUT|-1|160,2026-07-17 15:24:00+00:00,2026-07-17 15:45:00+00:00,2026-07-17,8187.049999999999,8184.0,8181.0,8183.0,55.43728933830141,53.214285714285715,8264.0,8220.0,5000.0,335.3956004966832,226.83552864999479,55.43728933830141,224.5210218200804,-171.3982393117269,-171.3982393116934,-0.03427964786234538,0.06707912009933664,FORCE_CLOSE,20,0.3769735675004496,0.4878481461770524,False
GZ,GZU6,RBREAKER_2_1,BREAKOUT,LONG,2026-07-22|GZ|GZU6|BREAKOUT|1|161,2026-07-22 09:57:00+00:00,2026-07-22 10:16:00+00:00,2026-07-22,9229.7625,9233.0,9192.0,9189.0,39.65374351165668,76.35714285714286,9118.0,9192.0,5000.0,-1497.4244893589641,182.62531574293484,39.65374351165668,207.686481642273,-1927.3900302558507,-1927.3900302558288,-0.3854780060511701,-0.29948489787179283,TRAILING_STOP,18,0.3648144403072414,0.5868754039725189,False
GZ,GZU6,RBREAKER_2_1,BREAKOUT,LONG,2026-07-22|GZ|GZU6|BREAKOUT|1|162,2026-07-22 10:24:00+00:00,2026-07-22 11:43:00+00:00,2026-07-22,9229.7625,9233.0,9134.0,9131.0,34.4610125334706,88.78571428571429,9099.0,9134.0,5000.0,-3300.0727127365035,158.21050854116353,34.4610125334706,180.48955314402718,-3673.2337869551443,-3673.2337869551648,-0.7346467573910288,-0.6600145425473007,TRAILING_STOP,78,0.5651606055489178,0.24122708773429422,False
GZ,GZU6,RBREAKER_2_1,BREAKOUT,LONG,2026-07-22|GZ|GZU6|BREAKOUT|1|163,2026-07-22 12:33:00+00:00,2026-07-22 13:20:00+00:00,2026-07-22,9229.7625,9233.0,9194.0,9191.0,48.5006038325184,61.142857142857146,9141.0,9194.0,5000.0,-1734.5028445604746,223.39378125257974,48.5006038325184,254.02191257277985,-2260.41914221839,-2260.4191422183526,-0.45208382844367795,-0.3469005689120949,TRAILING_STOP,46,0.27160338146210306,0.514106400624695,False
GZ,GZU6,RBREAKER_2_1,BREAKOUT,LONG,2026-07-22|GZ|GZU6|BREAKOUT|1|164,2026-07-22 13:22:00+00:00,2026-07-22 14:34:00+00:00,2026-07-22,9229.7625,9233.0,9259.0,9256.000000000002,57.410883955381216,50.142857142857146,9157.0,9259.0,5000.0,1678.5507196454166,265.3674583627609,57.410883955381216,300.6895047162673,1055.082872611075,1055.0828726110071,0.21101657452221498,0.3357101439290833,TRAILING_STOP,71,0.28705441977690604,1.1711820326897768,False
GZ,GZU6,RBREAKER_2_1,REVERSAL,LONG,2026-07-24|GZ|GZU6|REVERSAL|1|165,2026-07-24 09:19:00+00:00,2026-07-24 09:23:00+00:00,2026-07-24,9219.85,9223.0,9168.0,9165.0,53.101507324215625,55.0,9168.0,9168.0,3500.0,-2753.3131547605994,244.10762916941923,53.101507324215625,273.47276271969116,-3323.9950539739225,-3323.9950539739257,-0.9497128725639779,-0.7866609013601713,INITIAL_STOP,3,0.6523899471260777,0.0,False
GZ,GZU6,RBREAKER_2_1,REVERSAL,SHORT,2026-07-24|GZ|GZU6|REVERSAL|-1|166,2026-07-24 11:08:00+00:00,2026-07-24 11:32:00+00:00,2026-07-24,9240.15,9237.0,9240.0,9243.0,42.21012198725291,71.42857142857143,9309.0,9240.0,3499.9999999999995,6.331518298072581,195.01076358110845,42.21012198725291,217.38212823433716,-448.27149550461877,-448.27149550462593,-0.1280775701441768,0.0018090052280207375,TRAILING_STOP,23,0.34974101075152414,0.8321424048915576,False
GZ,GZU6,RBREAKER_2_1,BREAKOUT,LONG,2026-07-24|GZ|GZU6|BREAKOUT|1|167,2026-07-24 13:53:00+00:00,2026-07-24 15:14:00+00:00,2026-07-24,9520.125,9523.0,9458.0,9455.0,36.89723750382809,82.85714285714286,9398.0,9458.0,5000.0,-2292.24087992532,175.05894333691236,36.89723750382809,179.87403283116194,-2684.071093597241,-2684.071093597222,-0.5368142187194482,-0.458448175985064,TRAILING_STOP,80,0.5682174575589526,0.442766850045937,False
GZ,GZU6,RBREAKER_2_1,BREAKOUT,LONG,2026-07-30|GZ|GZU6|BREAKOUT|1|168,2026-07-30 07:33:00+00:00,2026-07-30 08:07:00+00:00,2026-07-30,9618.8125,9622.0,9594.0,9591.0,74.42026612687167,37.07142857142857,9566.0,9594.0,5000.0,-1846.5528532730032,357.4591432738963,74.42026612687167,386.0551305331468,-2664.4873932069313,-2664.487393206918,-0.5328974786413863,-0.36931057065460066,TRAILING_STOP,33,0.401869437085107,0.41675349031048137,False
GZ,GZU6,RBREAKER_2_1,REVERSAL,SHORT,2026-07-30|GZ|GZU6|REVERSAL|-1|169,2026-07-30 15:21:00+00:00,2026-07-30 15:42:00+00:00,2026-07-30,9386.305,9383.0,9372.0,9375.0,68.22412600021364,39.285714285714285,9423.0,9372.0,3500.0000000000005,975.9461224330761,319.9370388780019,68.22412600021364,361.92898843115324,225.85596912363576,225.85596912370727,0.06453027689246735,0.2788417492665931,TRAILING_STOP,20,0.3313743262867519,0.9941229788602558,False
GZ,GZU6,RBREAKER_2_1,BREAKOUT,LONG,2026-08-03|GZ|GZU6|BREAKOUT|1|170,2026-08-03 12:19:00+00:00,2026-08-03 13:26:00+00:00,2026-08-03,9532.425000000001,9535.0,9530.0,9527.0,104.34601137372,24.785714285714285,9497.0,9530.0,5000.0,-253.0390775813849,497.2609172014627,104.34601137372,477.38300203465514,-1332.0290081912526,-1332.0290081912226,-0.2664058016382505,-0.05060781551627698,TRAILING_STOP,66,0.271299629571672,0.688683675066552,False
GZ,GZU6,RBREAKER_2_1,BREAKOUT,LONG,2026-08-03|GZ|GZU6|BREAKOUT|1|171,2026-08-03 13:30:00+00:00,2026-08-03 15:45:00+00:00,2026-08-03,9532.425000000001,9535.0,9562.0,9560.0,96.30664034285569,27.571428571428573,9493.0,9526.0,5000.0,2848.2688881398517,459.74382433670735,96.30664034285569,344.2962392256039,1947.9221842346883,1947.9221842346847,0.38958443684693767,0.5696537776279703,FORCE_CLOSE,133,0.5778398420571341,0.6356238262628475,False
GZ,GZU6,RBREAKER_2_1,BREAKOUT,SHORT,2026-08-12|GZ|GZU6|BREAKOUT|-1|172,2026-08-12 11:39:00+00:00,2026-08-12 12:09:00+00:00,2026-08-12,9349.5375,9347.0,9351.0,9354.0,125.79091034881588,19.428571428571427,9377.0,9351.0,5000.0,-183.96920638509746,588.1039536083015,125.79091034881588,570.7762557077979,-1468.6403260501,-1468.6403260500126,-0.29372806521002,-0.03679384127701949,TRAILING_STOP,29,0.2012654565581054,0.6541127338138426,False
GZ,GZU6,RBREAKER_2_1,BREAKOUT,SHORT,2026-08-12|GZ|GZU6|BREAKOUT|-1|173,2026-08-12 12:14:00+00:00,2026-08-12 13:14:00+00:00,2026-08-12,9349.5375,9347.0,9368.0,9371.0,119.76478196821233,21.0,9379.0,9368.0,5000.0,-2211.157287088077,560.4392972202496,119.76478196821233,543.432698180807,-3434.794064457341,-3434.794064457346,-0.6869588128914682,-0.4422314574176154,TRAILING_STOP,57,0.5030120842664918,0.2634825203300671,False
GZ,GZU6,RBREAKER_2_1,BREAKOUT,SHORT,2026-08-12|GZ|GZU6|BREAKOUT|-1|174,2026-08-12 13:37:00+00:00,2026-08-12 14:49:00+00:00,2026-08-12,9349.5375,9347.0,9315.0,9318.0,129.03725305495453,19.142857142857142,9376.0,9315.0,5000.0,4456.624127385539,602.1200820676816,129.03725305495453,585.5065357369032,3139.960256525891,3139.9602565260006,0.6279920513051782,0.8913248254771079,TRAILING_STOP,71,0.12903725305495453,1.5742544872704454,False
GZ,GZU6,RBREAKER_2_1,BREAKOUT,SHORT,2026-08-13|GZ|GZU6|BREAKOUT|-1|175,2026-08-13 09:18:00+00:00,2026-08-13 09:31:00+00:00,2026-08-13,9102.525,9100.0,9114.0,9117.0,72.88629737609408,38.92857142857143,9159.0,9114.0,5000.000000000001,-836.3702623907061,331.94241982507646,72.88629737609408,329.81049562679914,-1571.009475218669,-1571.0094752186758,-0.31420189504373375,-0.1672740524781412,TRAILING_STOP,12,0.3206997084548139,0.6559766763848466,False
GZ,GZU6,RBREAKER_2_1,BREAKOUT,SHORT,2026-08-13|GZ|GZU6|BREAKOUT|-1|176,2026-08-13 09:34:00+00:00,2026-08-13 10:37:00+00:00,2026-08-13,9102.525,9100.0,9167.0,9170.0,62.81407035175937,46.357142857142854,9170.0,9167.0,5000.0,-4049.937185929708,286.9032663316609,62.81407035175937,284.23366834168826,-4683.888190954822,-4683.888190954816,-0.9367776381909644,-0.8099874371859416,TRAILING_STOP,62,0.590452261306538,0.03768844221105562,False
GZ,GZU6,RBREAKER_2_1,BREAKOUT,SHORT,2026-08-13|GZ|GZU6|BREAKOUT|-1|177,2026-08-13 11:24:00+00:00,2026-08-13 12:26:00+00:00,2026-08-13,9102.525,9100.0,9117.0,9120.0,75.0750750750759,37.5,9157.0,9117.0,5000.0,-1086.711711711751,341.96696696697074,75.0750750750759,339.7147147146911,-1843.4684684685085,-1843.4684684684885,-0.3686936936937017,-0.2173423423423502,TRAILING_STOP,61,0.2702702702702732,0.6006006006006073,False
GZ,GZU6,RBREAKER_2_1,BREAKOUT,SHORT,2026-08-13|GZ|GZU6|BREAKOUT|-1|178,2026-08-13 12:32:00+00:00,2026-08-13 14:05:00+00:00,2026-08-13,9102.525,9100.0,9051.0,9054.0,85.32423208191233,32.285714285714285,9149.0,9051.0,5000.0,4396.331058020502,387.24402730375914,85.32423208191233,386.09215017062223,3537.6706484641236,3537.670648464208,0.7075341296928247,0.8792662116041003,TRAILING_STOP,92,0.10238907849829479,1.6723549488054819,False
GZ,GZU6,RBREAKER_2_1,BREAKOUT,SHORT,2026-08-14|GZ|GZU6|BREAKOUT|-1|179,2026-08-14 11:55:00+00:00,2026-08-14 12:06:00+00:00,2026-08-14,8707.3125,8704.0,8757.0,8760.0,78.15308626537661,35.285714285714285,8757.0,8757.0,5000.0,-3883.2314738109008,341.21637463463435,78.15308626537661,415.1882707848133,-4717.789205495719,-4717.789205495725,-0.9435578410991439,-0.7766462947621802,INITIAL_STOP,10,0.6252246901230128,0.0,False
GZ,GZU6,RBREAKER_2_1,BREAKOUT,SHORT,2026-08-14|GZ|GZU6|BREAKOUT|-1|180,2026-08-14 12:50:00+00:00,2026-08-14 14:10:00+00:00,2026-08-14,8707.3125,8704.0,8586.0,8589.0,70.44535553770939,39.5,8764.0,8586.0,5000.0,8545.902193668371,304.5528833284021,70.44535553770939,374.2409512940811,7796.663003508236,7796.663003508178,1.5593326007016473,1.7091804387336742,TRAILING_STOP,79,0.25360327993575377,2.5078546571424543,False
GZ,GZU6,RBREAKER_2_1,BREAKOUT,LONG,2026-08-20|GZ|GZU6|BREAKOUT|1|181,2026-08-20 07:25:00+00:00,2026-08-20 07:27:00+00:00,2026-08-20,8773.912499999999,8777.0,8733.0,8730.0,91.63635030743507,29.214285714285715,8733.0,8733.0,5000.0,-3749.072181952804,401.06939620806645,91.63635030743507,466.1999321892092,-4707.977860657525,-4707.977860657515,-0.9415955721315049,-0.7498144363905608,INITIAL_STOP,1,0.5681453719060975,0.0,False
GZ,GZU6,RBREAKER_2_1,REVERSAL,SHORT,2026-08-20|GZ|GZU6|REVERSAL|-1|182,2026-08-20 10:22:00+00:00,2026-08-20 10:28:00+00:00,2026-08-20,8560.605000000001,8558.0,8556.0,8559.0,67.97568412670303,41.42857142857143,8600.0,8556.0,3500.0,313.0280254035614,290.8849462991939,67.97568412670303,313.02802540356146,-358.86063042591655,-358.860630425897,-0.10253160869311902,0.08943657868673183,TRAILING_STOP,5,0.5632270970498251,0.8545514575928381,False
GZ,GZU6,RBREAKER_2_1,REVERSAL,LONG,2026-08-24|GZ|GZU6|REVERSAL|1|183,2026-08-24 14:55:00+00:00,2026-08-24 14:55:00+00:00,2026-08-24,8436.900000000001,8440.0,8407.0,8404.0,80.60801473975667,32.785714285714285,8407.0,8407.0,3500.0,-2410.1796407188417,339.4403500691153,80.60801473975667,411.1008751726417,-3241.3288807003155,-3241.3288807003555,-0.9260939659143759,-0.6886227544910977,INITIAL_STOP,0,0.0,0.0,False
GZ,GZU6,RBREAKER_2_1,BREAKOUT,LONG,2026-08-25|GZ|GZU6|BREAKOUT|1|184,2026-08-25 15:00:00+00:00,2026-08-25 15:19:00+00:00,2026-08-25,8740.625,8744.0,8718.0,8715.0,54.275851588111415,53.42857142857143,8663.0,8718.0,5000.0,-1227.9911421810207,236.9005232192093,54.275851588111415,291.73270228609886,-1810.900219274462,-1810.9002192744404,-0.3621800438548924,-0.24559822843620413,TRAILING_STOP,18,0.26052408762293483,0.5970343674692256,False
GZ,GZU6,RBREAKER_2_1,BREAKOUT,LONG,2026-08-31|GZ|GZU6|BREAKOUT|1|185,2026-08-31 15:17:00+00:00,2026-08-31 15:24:00+00:00,2026-08-31,8955.225,8958.0,8912.0,8909.0,62.4773519599151,46.285714285714285,8888.0,8912.0,5000.0,-2700.583538467353,279.0707118669508,62.4773519599151,298.32935560857186,-3340.460957902831,-3340.4609579027906,-0.6680921915805662,-0.5401167076934705,TRAILING_STOP,6,0.44983693411138864,0.29989128940759247,False
GZ,GZU6,RBREAKER_2_1,BREAKOUT,LONG,2026-08-31|GZ|GZU6|BREAKOUT|1|186,2026-08-31 15:28:00+00:00,2026-08-31 15:45:00+00:00,2026-08-31,8955.225,8958.0,8997.0,8995.0,58.803467052417915,49.857142857142854,8883.0,8944.0,5000.0,2456.514836114737,263.9246609980147,58.803467052417915,221.98308812285626,1911.8036199414964,1911.8036199414482,0.3823607239882993,0.4913029672229474,FORCE_CLOSE,16,0.4351456561878926,0.7174022980394986,False
GZ,GZU6,RBREAKER_2_1,BREAKOUT,LONG,2026-09-03|GZ|GZU6|BREAKOUT|1|187,2026-09-03 10:50:00+00:00,2026-09-03 15:45:00+00:00,2026-09-03,8997.55,9001.0,9043.0,9041.0,57.20791070989201,50.357142857142854,8925.0,9021.0,5000.0,2600.0995417646336,258.0362812569679,57.20791070989201,254.57520265906106,2030.2801471387188,2030.2801471387127,0.40605602942774377,0.5200199083529268,FORCE_CLOSE,294,0.48054644996309287,1.0983918856299266,False
GZ,GZU6,RBREAKER_2_1,REVERSAL,SHORT,2026-09-08|GZ|GZU6|REVERSAL|-1|188,2026-09-08 14:21:00+00:00,2026-09-08 14:38:00+00:00,2026-09-08,9127.565,9125.0,9114.0,9117.0,70.43316395834238,39.714285714285715,9165.0,9114.0,3500.0000000000005,955.4258690949503,321.2104442320204,70.43316395834238,321.5273934698688,242.25486743469736,242.2548674347188,0.06921567640991352,0.2729788197414143,TRAILING_STOP,16,0.563465311666739,1.0263118176787032,False
GZ,GZU6,RBREAKER_2_1,BREAKOUT,SHORT,2026-09-09|GZ|GZU6|BREAKOUT|-1|189,2026-09-09 10:23:00+00:00,2026-09-09 10:26:00+00:00,2026-09-09,8879.1,8876.0,8933.0,8936.0,73.92294272450317,37.785714285714285,8933.0,8933.0,5000.0,-3984.4466128506942,329.1788639522126,73.92294272450317,377.0070078949931,-4764.555427422441,-4764.555427422402,-0.9529110854844883,-0.7968893225701389,INITIAL_STOP,2,0.6653064845205285,0.0,False
GZ,GZU6,RBREAKER_2_1,BREAKOUT,LONG,2026-09-10|GZ|GZU6|BREAKOUT|1|190,2026-09-10 14:51:00+00:00,2026-09-10 15:16:00+00:00,2026-09-10,9253.337500000001,9256.0,9388.0,9385.0,65.83018445617937,43.857142857142854,9190.0,9388.0,5000.0,8864.857214330159,306.7851171119099,65.83018445617937,306.93323502684046,8185.30867773523,8185.30867773523,1.637061735547046,1.7729714428660317,TRAILING_STOP,24,0.5003094018669632,2.606875304464703,False
GZ,GZU6,RBREAKER_2_1,BREAKOUT,LONG,2026-09-14|GZ|GZU6|BREAKOUT|1|191,2026-09-14 08:20:00+00:00,2026-09-14 08:45:00+00:00,2026-09-14,9580.6875,9584.0,9623.0,9620.0,75.28193083096195,36.07142857142857,9529.0,9623.0,5000.0,3185.3666982850777,361.42854991944836,75.28193083096195,399.9352575394854,2348.72095999512,2348.720959995182,0.46974419199902406,0.6370733396570155,TRAILING_STOP,24,0.43663519881957935,1.415300299622085,False
GZ,GZU6,RBREAKER_2_1,BREAKOUT,LONG,2026-09-14|GZ|GZU6|BREAKOUT|1|192,2026-09-14 09:31:00+00:00,2026-09-14 10:48:00+00:00,2026-09-14,9582.0,9584.0,9571.0,9568.0,61.13067292644757,48.142857142857146,9511.0,9571.0,5000.0,-672.4374021909233,292.69366197183103,61.13067292644757,244.5226917057903,-1270.7844287949831,-1270.7844287949922,-0.25415688575899664,-0.13448748043818465,TRAILING_STOP,75,0.4401408450704225,0.7335680751173709,False
GZ,GZU6,RBREAKER_2_1,BREAKOUT,LONG,2026-09-14|GZ|GZU6|BREAKOUT|1|193,2026-09-14 11:42:00+00:00,2026-09-14 12:04:00+00:00,2026-09-14,9580.6875,9584.0,9549.0,9546.0,88.62576882854458,29.357142857142858,9539.0,9549.0,5000.0,-2808.3290497545063,423.85273942251445,88.62576882854458,470.8243969016431,-3791.631954907139,-3791.631954907208,-0.7583263909814278,-0.5616658099509012,TRAILING_STOP,21,0.6026552280341031,0.17725153765708915,False
GZ,GZU6,RBREAKER_2_1,BREAKOUT,LONG,2026-09-14|GZ|GZU6|BREAKOUT|1|194,2026-09-14 12:25:00+00:00,2026-09-14 13:16:00+00:00,2026-09-14,9580.6875,9584.0,9625.0,9622.0,88.62576882854458,29.928571428571427,9539.0,9625.0,5000.0,3927.229381214882,425.5366290302568,88.62576882854458,470.8243969016431,2942.2425864544844,2942.2425864544375,0.5884485172908969,0.7854458762429763,TRAILING_STOP,50,0.17725153765708915,1.5243632238509668,False
GZ,GZU6,RBREAKER_2_1,BREAKOUT,LONG,2026-09-14|GZ|GZU6|BREAKOUT|1|195,2026-09-14 13:53:00+00:00,2026-09-14 14:17:00+00:00,2026-09-14,9580.6875,9584.0,9602.0,9599.0,87.08222303498964,30.642857142857142,9538.0,9602.0,5000.0,1855.9398784332166,417.62457112005154,87.08222303498964,462.62430987338246,888.608774404822,888.6087744047928,0.17772175488096442,0.3711879756866433,TRAILING_STOP,23,0.12191511224898549,1.1146524548478673,False
GZ,GZZ6,RBREAKER_2_1,BREAKOUT,SHORT,2026-09-16|GZ|GZZ6|BREAKOUT|-1|196,2026-09-16 11:24:00+00:00,2026-09-16 11:35:00+00:00,2026-09-16,9803.7125,9801.0,9844.0,9847.0,60.73452332509422,47.357142857142854,9873.0,9844.0,5000.0,-2446.8421084597558,298.3279785728629,60.73452332509422,286.2114411694844,-3092.116051527144,-3092.116051527197,-0.6184232103054288,-0.48936842169195116,TRAILING_STOP,10,0.48587618660075377,0.3522602352855465,False
GZ,GZZ6,RBREAKER_2_1,BREAKOUT,SHORT,2026-09-16|GZ|GZZ6|BREAKOUT|-1|197,2026-09-16 13:29:00+00:00,2026-09-16 14:52:00+00:00,2026-09-16,9803.7125,9801.0,9788.0,9791.0,78.95713417185901,35.142857142857146,9854.0,9788.0,5000.0,1240.613970675306,386.7320431737654,78.95713417185901,372.0854947848568,402.83929854489804,402.8392985448248,0.0805678597089796,0.24812279413506122,TRAILING_STOP,82,0.4579513781967823,1.0422341710685388,False
GZ,GZZ6,RBREAKER_2_1,BREAKOUT,LONG,2026-09-18|GZ|GZZ6|BREAKOUT|1|198,2026-09-18 11:16:00+00:00,2026-09-18 11:41:00+00:00,2026-09-18,9809.699999999999,9813.0,9779.0,9776.0,68.95933468033694,40.07142857142857,9752.0,9779.0,5000.0,-2117.051574686269,337.7111017632801,68.95933468033694,365.484473805861,-2889.2064849356925,-2889.2064849357466,-0.5778412969871385,-0.4234103149372538,TRAILING_STOP,24,0.675801479867302,0.37238040727381944,False
GZ,GZZ6,RBREAKER_2_1,BREAKOUT,LONG,2026-09-18|GZ|GZZ6|BREAKOUT|1|199,2026-09-18 12:00:00+00:00,2026-09-18 12:28:00+00:00,2026-09-18,9809.699999999999,9813.0,9869.0,9867.0,67.10823887848515,41.42857142857143,9750.0,9904.0,5000.0,3979.518565494243,330.172535282147,67.10823887848515,288.5654271775594,3293.6723641560584,3293.672364156051,0.6587344728312117,0.7959037130988486,TRAILING_STOP,27,0.24158965996254655,2.0669337574573428,False
GZ,GZZ6,RBREAKER_2_1,BREAKOUT,LONG,2026-09-22|GZ|GZZ6|BREAKOUT|1|200,2026-09-22 13:50:00+00:00,2026-09-22 14:12:00+00:00,2026-09-22,10379.6,10383.0,10344.0,10341.0,73.53860409021794,37.142857142857146,10327.0,10344.0,5000.0,-2617.9743056117854,381.0035077914192,73.53860409021794,397.10846208715014,-3469.624879580556,-3469.624879580573,-0.6939249759161111,-0.5235948611223571,TRAILING_STOP,21,0.5588933910856564,0.25003125390674097,False
GZ,GZZ6,RBREAKER_2_1,BREAKOUT,LONG,2026-09-22|GZ|GZZ6|BREAKOUT|1|201,2026-09-22 14:33:00+00:00,2026-09-22 14:48:00+00:00,2026-09-22,10379.6,10383.0,10386.0,10383.0,75.76733367176159,35.785714285714285,10329.0,10386.0,5000.0,484.9109354992466,393.34611275695033,75.76733367176159,409.143601827485,-393.34611275695033,-393.34611275695033,-0.07866922255139007,0.09698218709984932,TRAILING_STOP,14,0.2727624012183417,0.8637476038580822,False
GZ,GZZ6,RBREAKER_2_1,BREAKOUT,SHORT,2026-09-25|GZ|GZZ6|BREAKOUT|-1|202,2026-09-25 13:09:00+00:00,2026-09-25 13:28:00+00:00,2026-09-25,10202.075,10199.0,10183.0,10186.0,87.33700731010529,30.571428571428573,10245.0,10183.0,5000.0,1665.953414440322,445.09122350412406,87.33700731010529,443.23531209884794,690.2898715271523,690.2898715272445,0.13805797430543046,0.33319068288806436,TRAILING_STOP,18,0.5065546423986107,1.0829788906453055,False
GZ,GZZ6,RBREAKER_2_1,BREAKOUT,SHORT,2026-09-25|GZ|GZZ6|BREAKOUT|-1|203,2026-09-25 13:51:00+00:00,2026-09-25 14:19:00+00:00,2026-09-25,10202.075,10199.0,10192.0,10195.0,71.17488380700071,39.142857142857146,10258.0,10192.0,5000.000000000001,717.086954355584,362.8851450899931,71.17488380700071,361.2125353205804,-78.18560986203033,-78.1856098619902,-0.015637121972406062,0.14341739087111677,TRAILING_STOP,27,0.08540986056840084,0.9395084662524092,False
BR,BRX5,RBREAKER_2_1,REVERSAL,LONG,2025-10-27|BR|BRX5|REVERSAL|1|1,2025-10-27 13:02:00+00:00,2025-10-27 13:10:00+00:00,2025-10-27,66.1059,66.14,66.05,66.02,17.085507102083028,0.13357142857142787,66.0,66.05,3499.9999999999995,-810.9172296598681,479.29705309406216,145.0656940357331,784.805404733262,-2220.0853815228465,-2220.085381522925,-0.6343101090065276,-0.23169063704567663,TRAILING_STOP,7,0.20723670576532127,0.20723670576532127,False
BR,BRX5,RBREAKER_2_1,BREAKOUT,SHORT,2025-10-28|BR|BRX5|BREAKOUT|-1|2,2025-10-28 08:30:00+00:00,2025-10-28 08:48:00+00:00,2025-10-28,64.3435,64.31,64.45,64.48,15.13249512595761,0.19142857142857192,64.6,64.45,5000.0,-1368.349372358021,413.68477855867275,128.4835091416019,687.3867739076316,-2597.9044339659545,-2597.904433965927,-0.5195808867931909,-0.2736698744716042,TRAILING_STOP,17,0.3597538255964868,0.3854505274248203,False
BR,BRX5,RBREAKER_2_1,BREAKOUT,SHORT,2025-10-28|BR|BRX5|BREAKOUT|-1|3,2025-10-28 08:51:00+00:00,2025-10-28 09:18:00+00:00,2025-10-28,64.3435,64.31,64.63,64.66,14.049423580160125,0.2085714285714297,64.63,64.63,5000.0,-3417.59015161443,384.6130906228003,119.28761436700016,638.1887368635078,-4559.679593467819,-4559.679593467738,-0.9119359186935638,-0.6835180303228859,INITIAL_STOP,26,0.6441531175817914,0.023857522873412234,False
BR,BRX5,RBREAKER_2_1,BREAKOUT,SHORT,2025-10-28|BR|BRX5|BREAKOUT|-1|4,2025-10-28 14:58:00+00:00,2025-10-28 15:35:00+00:00,2025-10-28,64.3435,64.31,64.17,64.19,14.392800138680661,0.20214285714286007,64.62,64.46,5000.0,2120.223387224892,392.57738509854767,122.20307707347786,531.5833852696245,1073.859539783187,1073.8595397832419,0.21477190795663742,0.4240446774449784,FORCE_CLOSE,36,0.3666092312204127,0.3910498466351208,False
BR,BRZ5,RBREAKER_2_1,BREAKOUT,SHORT,2025-11-06|BR|BRZ5|BREAKOUT|-1|5,2025-11-06 14:21:00+00:00,2025-11-06 15:35:00+00:00,2025-11-06,63.264374999999994,63.23,63.04,63.059999999999995,16.807860775882634,0.16071428571428573,63.48,63.22,5000.0,3202.0178956231152,450.5658384827325,142.70831846788582,633.2681632012475,1975.4755754713833,1975.4755754712494,0.39509511509427664,0.6404035791246231,FORCE_CLOSE,73,0.34249996432293894,0.7420832560330006,False
BR,BRZ5,RBREAKER_2_1,BREAKOUT,LONG,2025-11-11|BR|BRZ5|BREAKOUT|1|6,2025-11-11 14:45:00+00:00,2025-11-11 15:35:00+00:00,2025-11-11,64.769875,64.8,64.8,64.78,21.598702148330318,0.11357142857142577,64.62,64.71,5000.0,552.4481936548578,594.0766550522887,183.38529249954894,735.8334861543339,-960.8472400514306,-960.8472400513137,-0.19216944801028613,0.11048963873097158,FORCE_CLOSE,49,0.29341646799927207,0.33009352649920065,False
BR,BRZ5,RBREAKER_2_1,BREAKOUT,LONG,2025-11-14|BR|BRZ5|BREAKOUT|1|7,2025-11-14 09:46:00+00:00,2025-11-14 11:20:00+00:00,2025-11-14,64.03462499999999,64.06,64.36,64.33,17.696033838396637,0.1614285714285723,63.81,64.36,5000.0,4888.740308912595,482.263056674047,150.24941402727535,681.7567161489446,3574.471122062496,3574.471122062327,0.7148942244124992,0.9777480617825189,TRAILING_STOP,88,0.2704489452491059,1.65274355430002,False
BR,BRZ5,RBREAKER_2_1,BREAKOUT,LONG,2025-11-14|BR|BRZ5|BREAKOUT|1|8,2025-11-14 12:05:00+00:00,2025-11-14 13:30:00+00:00,2025-11-14,64.03462499999999,64.06,63.74,63.71,14.620602166795017,0.20857142857142819,63.74,63.74,5000.0,-3657.3936143797227,396.5253984805381,124.13724613932476,563.2727543573371,-4741.329013356935,-4741.329013356923,-0.948265802671387,-0.7314787228759445,INITIAL_STOP,84,0.7696509260638192,0.0,False
BR,BRZ5,RBREAKER_2_1,BREAKOUT,LONG,2025-11-14|BR|BRZ5|BREAKOUT|1|9,2025-11-14 13:50:00+00:00,2025-11-14 14:32:00+00:00,2025-11-14,64.03462499999999,64.06,63.97,63.94,14.992836042419823,0.20071428571428637,63.75,63.97,5000.0,-822.6615408115023,407.3527165334031,127.29772391668847,577.6134222721288,-1934.9254035338083,-1934.9254035337226,-0.3869850807067617,-0.16453230816230047,TRAILING_STOP,41,0.3309740821833966,0.5601099852334264,False
BR,BRZ5,RBREAKER_2_1,BREAKOUT,LONG,2025-11-14|BR|BRZ5|BREAKOUT|1|10,2025-11-14 14:35:00+00:00,2025-11-14 15:35:00+00:00,2025-11-14,64.03462499999999,64.06,64.35,64.33,17.696033838396637,0.16571428571428523,63.81,64.17,5000.0,4738.490894885242,482.263056674047,150.24941402727535,531.5073021215924,3574.471122062496,3574.4711220623267,0.7148942244124992,0.9476981789770483,FORCE_CLOSE,59,0.33054871086000404,1.0817957809963807,False
BR,BRZ5,RBREAKER_2_1,REVERSAL,SHORT,2025-11-19|BR|BRZ5|REVERSAL|-1|11,2025-11-19 11:32:00+00:00,2025-11-19 11:50:00+00:00,2025-11-19,64.06939999999999,64.04,63.83,63.86000000000001,17.85902564127925,0.13571428571428307,64.18,63.83,3499.9999999999995,3630.101377697324,484.8475002166967,151.63330733907637,749.0685382547697,2244.552031886656,2244.552031886781,0.6413005805390447,1.0371718221992356,TRAILING_STOP,17,0.34659041677502433,1.5163330733908007,False
BR,BRZ5,RBREAKER_2_1,BREAKOUT,SHORT,2025-11-19|BR|BRZ5|BREAKOUT|-1|12,2025-11-19 13:01:00+00:00,2025-11-19 13:28:00+00:00,2025-11-19,63.154500000000006,63.12,63.18999999999999,63.22,16.33261077418922,0.16714285714285534,63.38,63.19,5000.0,-492.28977146646486,437.99922343019307,138.67317506100775,755.7688040826247,-1824.7309740404155,-1824.7309740402902,-0.3649461948080831,-0.09845795429329297,TRAILING_STOP,26,0.27734635012201947,0.5269580652318232,False
BR,BRZ5,RBREAKER_2_1,BREAKOUT,SHORT,2025-11-19|BR|BRZ5|BREAKOUT|-1|13,2025-11-19 13:30:00+00:00,2025-11-19 15:01:00+00:00,2025-11-19,63.154500000000006,63.12,63.239999999999995,63.27,14.3435457442073,0.20214285714285601,63.43,63.24,5000.0,-1041.2607170692731,384.8097720186883,121.78487918939418,663.7275915823146,-2211.582959859653,-2211.58295985967,-0.4423165919719306,-0.20825214341385462,TRAILING_STOP,90,0.6576383476227362,0.4627825409196924,False
BR,BRZ5,RBREAKER_2_1,BREAKOUT,SHORT,2025-11-21|BR|BRZ5|BREAKOUT|-1|14,2025-11-21 09:10:00+00:00,2025-11-21 11:05:00+00:00,2025-11-21,62.740625,62.71,62.16,62.19,17.70534460017729,0.1550000000000001,62.95,62.16,5000.0,8728.446655943228,469.400640399268,150.3284677019273,761.0378677410326,7347.679680100959,7347.679680101,1.4695359360201918,1.7456893311886454,TRAILING_STOP,109,0.21045985478269907,2.375189789690449,False
BR,BRZ5,RBREAKER_2_1,BREAKOUT,SHORT,2025-11-21|BR|BRZ5|BREAKOUT|-1|15,2025-11-21 12:44:00+00:00,2025-11-21 12:50:00+00:00,2025-11-21,62.740625,62.71,63.0,63.03,14.999518958602282,0.19571428571428687,63.01,63.0,5000.0,-3303.256453687545,400.33876287872215,127.35446568433977,644.7319825269919,-4475.681664777575,-4475.6816647775995,-0.895136332955515,-0.6606512907375091,TRAILING_STOP,5,0.6622432215585617,0.025470893136862887,False
BR,BRZ5,RBREAKER_2_1,BREAKOUT,SHORT,2025-11-21|BR|BRZ5|BREAKOUT|-1|16,2025-11-21 13:50:00+00:00,2025-11-21 15:12:00+00:00,2025-11-21,62.740625,62.71,62.23,62.26,14.272454625469887,0.21214285714285808,63.03,62.23,5000.0,6187.81885823006,378.60059863549753,121.18127506937586,613.480205038736,5074.556779486398,5074.55677948645,1.0149113558972795,1.237563771646012,TRAILING_STOP,81,0.2908350601664959,1.9389004011100242,False
BR,BRZ5,RBREAKER_2_1,REVERSAL,SHORT,2025-11-25|BR|BRZ5|REVERSAL|-1|17,2025-11-25 12:43:00+00:00,2025-11-25 12:43:00+00:00,2025-11-25,62.424749999999996,62.39,62.5,62.529999999999994,19.564870065827893,0.10071428571428649,62.5,62.5,3500.0,-1250.02966373206,518.7830750611315,166.11689883481634,909.4900211205618,-2844.419658748475,-2844.4196587485694,-0.8126913310709928,-0.3571513324948743,INITIAL_STOP,0,0.0,0.0,False
BR,BRZ5,RBREAKER_2_1,REVERSAL,LONG,2025-11-25|BR|BRZ5|REVERSAL|1|18,2025-11-25 12:51:00+00:00,2025-11-25 12:51:00+00:00,2025-11-25,62.365249999999996,62.4,62.21,62.18,14.180324384311584,0.18571428571428633,62.21,62.21,3500.0,-1869.1950464395534,374.9828001375954,120.3990368077044,659.1847265222254,-3023.7616099070347,-3023.7616099070783,-0.863931888544867,-0.5340557275541581,INITIAL_STOP,0,0.0,0.0,False
BR,BRF6,RBREAKER_2_1,BREAKOUT,LONG,2025-12-01|BR|BRF6|BREAKOUT|1|19,2025-12-01 07:32:00+00:00,2025-12-01 07:54:00+00:00,2025-12-01,63.642250000000004,63.67,63.49,63.46,22.028115064402865,0.11642857142857212,63.49,63.49,5000.0,-2847.5508257430797,594.4320796005131,187.03125292236703,893.0742327042772,-4522.088390970252,-4522.088390970237,-0.9044176781940503,-0.569510165148616,INITIAL_STOP,21,0.6359062599360543,0.0,False
BR,BRF6,RBREAKER_2_1,BREAKOUT,LONG,2025-12-01|BR|BRF6|BREAKOUT|1|20,2025-12-01 08:35:00+00:00,2025-12-01 08:40:00+00:00,2025-12-01,63.642250000000004,63.67,63.57,63.54,24.812548257704016,0.09714285714285761,63.52,63.57,5000.0,-1522.1100975415739,669.9917837655815,210.67267786041398,1005.962036783448,-3408.7365959510944,-3408.736595951017,-0.6817473191902189,-0.30442201950831477,TRAILING_STOP,4,0.3792108201487596,0.21067267786040203,False
BR,BRF6,RBREAKER_2_1,REVERSAL,SHORT,2025-12-01|BR|BRF6|REVERSAL|-1|21,2025-12-01 12:50:00+00:00,2025-12-01 12:51:00+00:00,2025-12-01,62.92590000000001,62.9,63.01,63.03999999999999,21.33102353696673,0.10785714285714272,63.01,63.01,3500.0,-1523.1565329878686,570.2328589908619,181.1125485122636,831.3065976715684,-3105.8085381624105,-3105.8085381625624,-0.8873738680464031,-0.43518758085367676,INITIAL_STOP,0,0.4657179818886955,0.0,False
BR,BRF6,RBREAKER_2_1,BREAKOUT,LONG,2025-12-05|BR|BRF6|BREAKOUT|1|22,2025-12-05 14:36:00+00:00,2025-12-05 14:37:00+00:00,2025-12-05,63.715875000000004,63.75,63.6,63.57,23.54377267663067,0.09642857142857,63.6,63.6,5000.0,-2316.3418290855975,636.281859070489,199.90004997502007,1081.9590204897381,-4234.482758620924,-4234.482758620845,-0.8468965517241848,-0.4632683658171195,INITIAL_STOP,0,0.3998000999500458,0.0,False
BR,BRF6,RBREAKER_2_1,BREAKOUT,LONG,2025-12-05|BR|BRF6|BREAKOUT|1|23,2025-12-05 15:12:00+00:00,2025-12-05 15:35:00+00:00,2025-12-05,63.715875000000004,63.75,64.03,64.01,18.988750151526517,0.13785714285714182,63.54,63.86,5000.0,5064.49012494969,514.9536477227045,161.2253123740465,711.406690850351,3676.9044740026675,3676.9044740025874,0.7353808948005335,1.012898024989938,FORCE_CLOSE,22,0.19347037484886312,1.0318419991938756,False
BR,BRF6,RBREAKER_2_1,BREAKOUT,SHORT,2025-12-09|BR|BRF6|BREAKOUT|-1|24,2025-12-09 15:22:00+00:00,2025-12-09 15:35:00+00:00,2025-12-09,62.09312500000001,62.06,62.05,62.07,19.809224100988608,0.1328571428571428,62.26,62.13,5000.0,725.3262917116787,521.9405947254999,168.19160387513085,725.3262917116452,-690.1321986005723,-690.1321986005973,-0.13802643972011447,0.14506525834233575,FORCE_CLOSE,12,0.3363832077502426,0.4372981700753488,False
BR,BRF6,RBREAKER_2_1,BREAKOUT,SHORT,2025-12-16|BR|BRF6|BREAKOUT|-1|25,2025-12-16 08:08:00+00:00,2025-12-16 08:43:00+00:00,2025-12-16,60.123000000000005,60.09,60.0,60.03,26.05183101038322,0.08142857142857096,60.22,60.0,5000.0,2720.6972063086055,664.248269149954,221.19489482182948,1172.332942555749,662.9210997811742,662.921099781073,0.13258421995623484,0.5441394412617211,TRAILING_STOP,34,0.4423897896436338,0.973257537216076,False
BR,BRF6,RBREAKER_2_1,BREAKOUT,LONG,2025-12-24|BR|BRF6|BREAKOUT|1|26,2025-12-24 07:40:00+00:00,2025-12-24 08:53:00+00:00,2025-12-24,62.616625000000006,62.65,62.660000000000004,62.629999999999995,33.06969614343722,0.05214285714285743,62.57,62.66,5000.0,1217.8857223078624,879.4047451917163,280.78056998458374,1498.6662922923342,-1440.965885160832,-1440.965885160772,-0.2881931770321664,0.24357714446157247,TRAILING_STOP,72,0.39309279797841884,0.50540502597227,False
BR,BRF6,RBREAKER_2_1,BREAKOUT,LONG,2025-12-24|BR|BRF6|BREAKOUT|1|27,2025-12-24 08:57:00+00:00,2025-12-24 09:00:00+00:00,2025-12-24,62.616625000000006,62.65,62.55,62.52,29.730587609453156,0.0614285714285724,62.55,62.55,5000.0,-1681.812444781363,789.91543607225,252.42963523919468,1347.3431780888586,-4071.500694181676,-4071.5006941816664,-0.8143001388363352,-0.3363624889562726,INITIAL_STOP,2,0.4543733434305318,0.0,False
BR,BRF6,RBREAKER_2_1,BREAKOUT,LONG,2025-12-24|BR|BRF6|BREAKOUT|1|28,2025-12-24 10:41:00+00:00,2025-12-24 11:08:00+00:00,2025-12-24,62.616625000000006,62.65,62.5,62.46999999999999,23.738329701672555,0.0971428571428566,62.5,62.5,5000.0,-2350.599617051578,630.4544996473264,201.55195001512993,1075.7835332056256,-4258.3895999196775,-4258.38959991966,-0.8516779199839355,-0.47011992341031567,INITIAL_STOP,21,0.5643454600423662,0.0,False
BR,BRF6,RBREAKER_2_1,BREAKOUT,LONG,2025-12-24|BR|BRF6|BREAKOUT|1|29,2025-12-24 11:43:00+00:00,2025-12-24 12:01:00+00:00,2025-12-24,62.616625000000006,62.65,62.580000000000005,62.55,27.003948828350353,0.07928571428571322,62.53,62.58,5000.0,-839.7340364555976,717.6430127250385,229.27891780352667,1223.776223776175,-3010.432190760359,-3010.4321907603376,-0.6020864381520717,-0.16794680729111952,TRAILING_STOP,17,0.2751347013642098,0.2292789178035462,False
BR,BRF6,RBREAKER_2_1,BREAKOUT,LONG,2025-12-24|BR|BRF6|BREAKOUT|1|30,2025-12-24 12:26:00+00:00,2025-12-24 12:30:00+00:00,2025-12-24,62.616625000000006,62.65,62.53,62.5,24.735424302183706,0.08714285714285605,62.51,62.53,5000.0,-1819.2796387695137,657.0933529350399,210.0178515173919,1120.9702824739434,-3807.3611256958375,-3807.361125695889,-0.7614722251391675,-0.36385592775390274,TRAILING_STOP,3,0.3780321327312899,0.0840071406069699,False
BR,BRF6,RBREAKER_2_1,BREAKOUT,LONG,2025-12-24|BR|BRF6|BREAKOUT|1|31,2025-12-24 14:31:00+00:00,2025-12-24 14:59:00+00:00,2025-12-24,62.616625000000006,62.65,62.48,62.45,21.967308181450417,0.10785714285714373,62.48,62.48,5000.0,-2548.2607479253234,583.3255618763701,186.51496782617747,995.5236407719688,-4313.624918399752,-4313.62491839984,-0.8627249836799503,-0.5096521495850647,INITIAL_STOP,27,0.5595449034785271,0.0,False
BR,BRF6,RBREAKER_2_1,REVERSAL,SHORT,2025-12-26|BR|BRF6|REVERSAL|-1|32,2025-12-26 09:40:00+00:00,2025-12-26 10:01:00+00:00,2025-12-26,62.25935000000001,62.23,62.34,62.37,20.63018441317548,0.10357142857142877,62.34,62.34,3500.0,-1412.6817306003963,545.6297074793181,175.16202487297534,864.4245927482931,-2997.898055701012,-2997.8980557009827,-0.8565423016288605,-0.40362335160011326,INITIAL_STOP,20,0.5004629282085081,0.0,False
BR,BRF6,RBREAKER_2_1,BREAKOUT,LONG,2025-12-26|BR|BRF6|BREAKOUT|1|33,2025-12-26 10:32:00+00:00,2025-12-26 10:55:00+00:00,2025-12-26,62.675875000000005,62.71,62.53,62.50000000000001,21.061447902370126,0.11357142857142881,62.53,62.53,5000.0,-2608.590690438442,559.7628797768448,178.82369771642672,967.8832638901077,-4315.060531821672,-4315.060531821821,-0.8630121063643345,-0.5217181380876884,INITIAL_STOP,22,0.6080005722358569,0.0,False
BR,BRF6,RBREAKER_2_1,REVERSAL,SHORT,2025-12-26|BR|BRF6|REVERSAL|-1|34,2025-12-26 11:35:00+00:00,2025-12-26 11:56:00+00:00,2025-12-26,62.25935000000001,62.23,62.2,62.230000000000004,19.646928477557534,0.11071428571428601,62.35,62.2,3500.0,990.038843743286,519.0405833709791,166.81362152369567,823.2252222195903,-519.0405833709791,-519.0405833709791,-0.14829730953456546,0.28286824106951025,TRAILING_STOP,20,0.47661034721056583,0.7149155208158319,False
BR,BRF6,RBREAKER_2_1,BREAKOUT,SHORT,2025-12-26|BR|BRF6|BREAKOUT|-1|35,2025-12-26 14:00:00+00:00,2025-12-26 14:09:00+00:00,2025-12-26,61.84562499999999,61.82,61.830000000000005,61.85999999999999,20.870733416296936,0.13214285714285776,62.02,61.83,5000.0,276.88191097238706,547.9160759852864,177.20442302240826,808.4951800395967,-1256.7337680749088,-1256.7337680749042,-0.25134675361498177,0.055376382194477415,TRAILING_STOP,8,0.21264530762689796,0.6733768074851434,False
BR,BRG6,RBREAKER_2_1,BREAKOUT,SHORT,2026-01-05|BR|BRG6|BREAKOUT|-1|36,2026-01-05 12:03:00+00:00,2026-01-05 12:25:00+00:00,2026-01-05,60.910875,60.88,61.050000000000004,61.07999999999999,19.487362721275407,0.13500000000000004,61.09,61.05,5000.0,-2301.9457956915267,504.4839339488566,165.45881730037934,841.7717330156102,-3813.66027995631,-3813.660279956373,-0.762732055991262,-0.4603891591383053,TRAILING_STOP,21,0.5294682153612025,0.13236705384030062,False
BR,BRG6,RBREAKER_2_1,REVERSAL,LONG,2026-01-05|BR|BRG6|REVERSAL|1|37,2026-01-05 14:31:00+00:00,2026-01-05 14:41:00+00:00,2026-01-05,61.48295,61.51,61.38,61.35,19.186057101392443,0.12714285714285722,61.38,61.38,3500.0000000000005,-1677.0612738824884,500.34907263040986,162.90056084336962,766.4471387680006,-3106.7580461242496,-3106.7580461242683,-0.8876451560354998,-0.4791603639664252,INITIAL_STOP,9,0.5585162086058267,0.04654301738384369,False
BR,BRG6,RBREAKER_2_1,BREAKOUT,SHORT,2026-01-08|BR|BRG6|BREAKOUT|-1|38,2026-01-08 11:31:00+00:00,2026-01-08 11:37:00+00:00,2026-01-08,60.600625,60.57,60.74,60.77000000000001,22.51662737584629,0.10928571428571539,60.74,60.74,5000.0,-2664.5573250234124,579.9414992257189,191.17900089853924,967.8436920488875,-4403.521517196712,-4403.521517196558,-0.8807043034393424,-0.5329114650046824,INITIAL_STOP,5,0.5735370026956124,0.0,False
BR,BRG6,RBREAKER_2_1,BREAKOUT,LONG,2026-01-09|BR|BRG6|BREAKOUT|1|39,2026-01-09 07:20:00+00:00,2026-01-09 07:48:00+00:00,2026-01-09,62.67675,62.71,62.56,62.53000000000001,17.961861617916043,0.1521428571428558,62.48,62.56,5000.000000000001,-1780.5127266625943,477.4976742767253,152.50644339722942,812.0968110903012,-3222.6136554267523,-3222.6136554268505,-0.6445227310853503,-0.3561025453325188,TRAILING_STOP,27,0.42701804151224404,0.2440103094355618,False
BR,BRG6,RBREAKER_2_1,BREAKOUT,LONG,2026-01-09|BR|BRG6|BREAKOUT|1|40,2026-01-09 14:13:00+00:00,2026-01-09 14:20:00+00:00,2026-01-09,62.67675,62.71,63.02000000000001,62.99000000000001,19.77098299757221,0.13142857142857217,62.51,63.02,5000.0,5762.031861140417,527.5217807322219,167.8669151096967,893.891322959195,4172.751842339418,4172.751842339304,0.8345503684678836,1.1524063722280835,TRAILING_STOP,6,0.16786691510971102,1.7122425341188996,False
BR,BRG6,RBREAKER_2_1,BREAKOUT,LONG,2026-01-13|BR|BRG6|BREAKOUT|1|41,2026-01-13 08:54:00+00:00,2026-01-13 09:50:00+00:00,2026-01-13,64.421625,64.45,64.86,64.83,20.37853150183265,0.12857142857142836,64.25,64.86,5000.0,7584.998702309862,559.2179254260813,173.02534821351526,837.0101219828466,6015.745306687488,6015.7453066874195,1.2031490613374975,1.5169997404619724,TRAILING_STOP,55,0.3806557660697316,2.110909248204884,False
BR,BRG6,RBREAKER_2_1,BREAKOUT,SHORT,2026-01-15|BR|BRG6|BREAKOUT|-1|42,2026-01-15 09:51:00+00:00,2026-01-15 10:45:00+00:00,2026-01-15,63.81187500000001,63.78,63.9,63.92999999999999,13.835368247208594,0.21357142857142972,64.11,63.9,5000.0,-1035.2058077247034,375.0528615731504,117.47016257870187,609.376468377106,-2137.1053002536355,-2137.105300253662,-0.4274210600507271,-0.20704116154494068,TRAILING_STOP,53,0.39939855276759034,0.49337468283054986,False
BR,BRG6,RBREAKER_2_1,BREAKOUT,SHORT,2026-01-15|BR|BRG6|BREAKOUT|-1|43,2026-01-15 12:48:00+00:00,2026-01-15 13:32:00+00:00,2026-01-15,63.81187500000001,63.78,63.88,63.91,14.884455921397914,0.19428571428571523,64.08,63.88,5000.0,-860.9468203416378,403.42862197956697,126.37751491254348,655.5833586088265,-2046.3363158425168,-2046.336315842575,-0.40926726316850337,-0.17218936406832758,TRAILING_STOP,43,0.48023455666765946,0.5055100596501811,False
BR,BRG6,RBREAKER_2_1,BREAKOUT,SHORT,2026-01-15|BR|BRG6|BREAKOUT|-1|44,2026-01-15 13:34:00+00:00,2026-01-15 14:11:00+00:00,2026-01-15,63.81,63.79,63.96999999999999,64.0,15.42017083423978,0.20428571428571576,64.1,63.97,5000.0,-2094.8166380810953,418.27596590685766,130.92603988007124,523.7041595203408,-3167.722803388403,-3167.7228033883653,-0.6335445606776806,-0.4189633276162191,TRAILING_STOP,36,0.366592911664201,0.34040770368819195,False
BR,BRG6,RBREAKER_2_1,BREAKOUT,SHORT,2026-01-15|BR|BRG6|BREAKOUT|-1|45,2026-01-15 14:17:00+00:00,2026-01-15 14:40:00+00:00,2026-01-15,63.81187500000001,63.78,63.58,63.61,15.270423557571686,0.18785714285714455,64.07,63.58,5000.0,3006.3660408672117,412.9174878124621,129.65460014521142,672.5832382533838,1791.2107146561434,1791.210714656154,0.3582421429312287,0.6012732081734423,TRAILING_STOP,22,0.28524012031946366,1.2706150814230772,False
BR,BRG6,RBREAKER_2_1,BREAKOUT,SHORT,2026-01-15|BR|BRG6|BREAKOUT|-1|46,2026-01-15 15:06:00+00:00,2026-01-15 15:35:00+00:00,2026-01-15,63.81187500000001,63.78,63.52,63.54,13.214446954362097,0.22785714285714473,64.13,63.8,5000.0,3274.7845794811924,357.12682883044016,112.1981868772982,469.82990754871486,2335.629656224762,2335.6296562247394,0.46712593124495244,0.6549569158962385,FORCE_CLOSE,28,0.24683601113005474,0.7405080333901642,False
BR,BRG6,RBREAKER_2_1,BREAKOUT,LONG,2026-01-23|BR|BRG6|BREAKOUT|1|47,2026-01-23 14:42:00+00:00,2026-01-23 14:50:00+00:00,2026-01-23,65.982875,66.01,65.77,65.74,17.994793481358357,0.15642857142857228,65.77,65.77,5000.0,-3252.433117905114,503.23906433819917,152.78605368901682,720.0042780094795,-4628.462513941889,-4628.462513941809,-0.9256925027883777,-0.6504866235810228,INITIAL_STOP,7,0.6722586362316706,0.0,False
BR,BRG6,RBREAKER_2_1,REVERSAL,SHORT,2026-01-27|BR|BRG6|REVERSAL|-1|48,2026-01-27 14:32:00+00:00,2026-01-27 14:37:00+00:00,2026-01-27,66.01015000000001,65.98,66.18,66.21,12.750843819850258,0.22857142857142979,66.21,66.18,3500.0,-1838.8289152153943,357.7786198150245,108.261932011506,542.9335890376273,-2847.8030560795432,-2847.8030560795523,-0.8136580160227267,-0.5253796900615413,TRAILING_STOP,4,0.6186396114943288,0.12372792229888335,False
BR,BRG6,RBREAKER_2_1,BREAKOUT,LONG,2026-01-28|BR|BRG6|BREAKOUT|1|49,2026-01-28 12:12:00+00:00,2026-01-28 12:12:00+00:00,2026-01-28,68.10312500000002,68.13,67.91,67.88,19.131251370930528,0.1464285714285682,67.91,67.91,5000.0,-3137.03035914518,552.3203872456755,162.43522895248162,761.415135714379,-4613.201111057782,-4613.201111057716,-0.9226402222115565,-0.627406071829036,INITIAL_STOP,0,0.0,0.0,False
BR,BRG6,RBREAKER_2_1,BREAKOUT,LONG,2026-01-28|BR|BRG6|BREAKOUT|1|50,2026-01-28 13:06:00+00:00,2026-01-28 14:19:00+00:00,2026-01-28,68.10312500000002,68.13,68.24,68.21,14.803077160847915,0.20642857142857046,67.82,68.24,5000.0,1720.3348290033184,428.402649472795,125.68656284958048,589.1557633571156,577.0898533238221,577.0898533238274,0.11541797066476442,0.3440669658006637,TRAILING_STOP,72,0.5530208765381512,1.0557671279364802,False
BR,BRG6,RBREAKER_2_1,BREAKOUT,LONG,2026-01-28|BR|BRG6|BREAKOUT|1|51,2026-01-28 14:22:00+00:00,2026-01-28 15:08:00+00:00,2026-01-28,68.10312500000002,68.13,67.99,67.96,12.863025765304274,0.24071428571428502,67.76,67.99,5000.0,-1235.4881338536252,371.5747627317186,109.2144206721195,511.9425969003056,-2228.2199141577803,-2228.219914157769,-0.44564398283155604,-0.24709762677072503,TRAILING_STOP,45,0.3276432620163399,0.5023863350917585,False
BR,BRG6,RBREAKER_2_1,BREAKOUT,LONG,2026-01-28|BR|BRG6|BREAKOUT|1|52,2026-01-28 15:22:00+00:00,2026-01-28 15:35:00+00:00,2026-01-28,68.10312500000002,68.13,68.2,68.18,12.32461546988399,0.2585714285714289,67.74,67.82,5000.0,1013.729162960484,356.5972185888204,104.6430103701329,385.8711007395676,166.61783326202112,166.61783326196314,0.03332356665240423,0.2027458325920968,FORCE_CLOSE,12,0.20928602074025393,0.16742881659220907,False
BR,BRG6,RBREAKER_2_1,BREAKOUT,LONG,2026-01-29|BR|BRG6|BREAKOUT|1|53,2026-01-29 08:51:00+00:00,2026-01-29 09:11:00+00:00,2026-01-29,69.7675,69.8,69.57,69.54,14.72589682606176,0.19714285714285854,69.5,69.57,5000.0,-2469.3673418355543,435.5463865966547,125.0312578144552,656.4141035257121,-3686.3590897723006,-3686.3590897723766,-0.7372718179544602,-0.4938734683671109,TRAILING_STOP,19,0.4001000250062481,0.17504376094025575,False
BR,BRG6,RBREAKER_2_1,BREAKOUT,LONG,2026-01-29|BR|BRG6|BREAKOUT|1|54,2026-01-29 09:23:00+00:00,2026-01-29 10:00:00+00:00,2026-01-29,69.7675,69.8,70.08,70.05,16.830197601434868,0.16642857142857334,69.55,70.08,5000.0,4465.561589025464,499.60703058016895,142.89797084881485,750.214346956278,3072.8422406401282,3072.842240640202,0.6145684481280257,0.8931123178050928,TRAILING_STOP,36,0.14289797084880673,1.5147184909974407,False
BR,BRG6,RBREAKER_2_1,BREAKOUT,LONG,2026-01-29|BR|BRG6|BREAKOUT|1|55,2026-01-29 10:21:00+00:00,2026-01-29 11:09:00+00:00,2026-01-29,69.7675,69.8,69.81,69.78,15.103580766202043,0.18928571428571367,69.51,69.81,5000.0,545.0115414209424,447.4865350089883,128.23800974609208,673.2495511669835,-703.9625545012791,-703.9625545011214,-0.14079251090025582,0.10900230828418848,TRAILING_STOP,42,0.692485252628887,0.7694280584765453,False
BR,BRG6,RBREAKER_2_1,BREAKOUT,LONG,2026-01-29|BR|BRG6|BREAKOUT|1|56,2026-01-29 11:29:00+00:00,2026-01-29 12:01:00+00:00,2026-01-29,69.7675,69.8,69.88,69.85,14.024496643825078,0.21071428571428288,69.48,69.88,5000.0,1339.6046677780373,415.72398190046147,119.07597046916189,625.1488449630999,179.65587044539973,179.655870445314,0.03593117408907995,0.2679209335556075,TRAILING_STOP,31,0.26196713503215485,0.9526077637533086,False
BR,BRH6,RBREAKER_2_1,BREAKOUT,SHORT,2026-02-02|BR|BRH6|BREAKOUT|-1|57,2026-02-02 07:31:00+00:00,2026-02-02 10:10:00+00:00,2026-02-02,66.00475,65.97,66.47,66.5,6.118418615086984,0.5692857142857142,66.83,66.47,5000.0,-2416.9207831810127,172.04164220741023,51.94886154069909,284.42001693534644,-2925.3313038644624,-2925.3313038644683,-0.5850662607728925,-0.48338415663620254,TRAILING_STOP,158,0.6026067938721078,0.3740318030930329,False
BR,BRH6,RBREAKER_2_1,BREAKOUT,SHORT,2026-02-02|BR|BRH6|BREAKOUT|-1|58,2026-02-02 10:55:00+00:00,2026-02-02 11:51:00+00:00,2026-02-02,66.00475,65.97,66.23,66.26,12.205324809563027,0.2521428571428613,66.35,66.23,5000.0,-2334.2694591541954,342.575416852337,103.63016466833155,567.375151559153,-3347.850192233946,-3347.850192234017,-0.6695700384467892,-0.4668538918308391,TRAILING_STOP,50,0.4559727245406565,0.24871239520400512,False
BR,BRH6,RBREAKER_2_1,BREAKOUT,SHORT,2026-02-02|BR|BRH6|BREAKOUT|-1|59,2026-02-02 13:00:00+00:00,2026-02-02 13:00:00+00:00,2026-02-02,66.00475,65.97,66.25,66.28,15.396384539895493,0.18142857142857288,66.25,66.25,5000.0,-3206.0080787481165,432.2064917578397,130.72408068290048,715.7143417389277,-4484.652992927869,-4484.652992927784,-0.8969305985855737,-0.6412016157496233,INITIAL_STOP,0,0.0,0.0,False
BR,BRH6,RBREAKER_2_1,BREAKOUT,SHORT,2026-02-02|BR|BRH6|BREAKOUT|-1|60,2026-02-02 13:05:00+00:00,2026-02-02 13:20:00+00:00,2026-02-02,66.00475,65.97,66.07,66.1,15.396384539895493,0.18142857142857288,66.25,66.07,5000.0,-852.9746264558187,431.6182333947666,130.72408068290048,715.7143417389277,-2131.031282272496,-2131.0312822724136,-0.42620625645449917,-0.17059492529116374,TRAILING_STOP,14,0.5228963227316094,0.4706066904584224,False
BR,BRH6,RBREAKER_2_1,BREAKOUT,SHORT,2026-02-02|BR|BRH6|BREAKOUT|-1|61,2026-02-02 13:23:00+00:00,2026-02-02 13:49:00+00:00,2026-02-02,66.00475,65.97,66.25,66.28,13.616393957575356,0.2142857142857153,66.3,66.25,5000.0,-2835.3584517381732,382.2386903592003,115.61094604437059,632.9699295929711,-3966.1780177348073,-3966.1780177347155,-0.7932356035469614,-0.5670716903476346,TRAILING_STOP,25,0.6011769194307389,0.13873313525324998,False
BR,BRH6,RBREAKER_2_1,REVERSAL,SHORT,2026-02-05|BR|BRH6|REVERSAL|-1|62,2026-02-05 14:14:00+00:00,2026-02-05 14:20:00+00:00,2026-02-05,67.49879999999999,67.47,67.56,67.59,11.40830613840258,0.2671428571428578,67.74,67.56,3500.0,-592.8016937192978,327.057993274961,96.86302184953679,472.691546625651,-1489.4142554694147,-1489.4142554694465,-0.4255469301341185,-0.16937191249122793,TRAILING_STOP,5,0.636528429296967,0.49815268379759736,False
BR,BRH6,RBREAKER_2_1,BREAKOUT,LONG,2026-02-11|BR|BRH6|BREAKOUT|1|63,2026-02-11 11:44:00+00:00,2026-02-11 12:30:00+00:00,2026-02-11,70.07512500000001,70.11,70.12,70.09,20.676905745133624,0.11785714285714022,69.93,70.12,5000.0,787.819736310743,615.3332982216696,175.5587156124592,963.3784519231322,-966.4507294465448,-966.4507294465179,-0.19329014588930896,0.1575639472621486,TRAILING_STOP,45,0.3160056881024385,0.6671231193273369,False
BR,BRH6,RBREAKER_2_1,BREAKOUT,LONG,2026-02-11|BR|BRH6|BREAKOUT|1|64,2026-02-11 12:42:00+00:00,2026-02-11 12:42:00+00:00,2026-02-11,70.07512500000001,70.11,69.91,69.88,19.32017565572263,0.1278571428571433,69.91,69.91,5000.0,-2708.699004281949,574.0965535342768,164.0393038172089,900.1656796967118,-4347.000541329987,-4347.000541330146,-0.8694001082659973,-0.5417398008563897,INITIAL_STOP,0,0.0,0.0,False
BR,BRH6,RBREAKER_2_1,BREAKOUT,LONG,2026-02-11|BR|BRH6|BREAKOUT|1|65,2026-02-11 13:44:00+00:00,2026-02-11 14:53:00+00:00,2026-02-11,70.07512500000001,70.11,70.4,70.37,16.142558738894515,0.17000000000000068,69.85,70.4,5000.0,4452.7213168680955,481.353051630355,137.0595249516956,752.1141431722442,3082.194597113834,3082.194597113801,0.6164389194227667,0.8905442633736191,TRAILING_STOP,68,0.16447142994204095,1.5076547744686437,False
BR,BRH6,RBREAKER_2_1,BREAKOUT,SHORT,2026-02-13|BR|BRH6|BREAKOUT|-1|66,2026-02-13 11:43:00+00:00,2026-02-13 11:43:00+00:00,2026-02-13,67.138125,67.11,67.36,67.39,17.330192730365724,0.16500000000000117,67.36,67.36,5000.0,-3264.740071511506,494.7690587248486,147.1432144906613,708.1267197363661,-4614.779064463257,-4614.7790644633815,-0.9229558128926514,-0.6529480143023012,INITIAL_STOP,0,0.0,0.0,False
BR,BRH6,RBREAKER_2_1,BREAKOUT,SHORT,2026-02-13|BR|BRH6|BREAKOUT|-1|67,2026-02-13 11:45:00+00:00,2026-02-13 11:55:00+00:00,2026-02-13,67.138125,67.11,67.27,67.3,17.330192730365724,0.16500000000000117,67.36,67.27,5000.0,-1940.451141095504,494.43798649224465,147.1432144906613,708.1267197363661,-3290.159061814708,-3290.1590618147757,-0.6580318123629416,-0.3880902282191008,TRAILING_STOP,9,0.5591442150645063,0.26485778608320043,False
BR,BRH6,RBREAKER_2_1,REVERSAL,SHORT,2026-02-17|BR|BRH6|REVERSAL|-1|68,2026-02-17 13:50:00+00:00,2026-02-17 13:50:00+00:00,2026-02-17,67.93455,67.9,68.12,68.15,12.760316664663476,0.21642857142857455,68.12,68.12,3500.0,-2009.2091007584875,368.4994582882014,108.34236186349176,591.007583965315,-3077.0585048755233,-3077.058504875496,-0.8791595728215781,-0.5740597430738535,INITIAL_STOP,0,0.0,0.0,False
BR,BRH6,RBREAKER_2_1,BREAKOUT,LONG,2026-02-19|BR|BRH6|BREAKOUT|1|69,2026-02-19 08:45:00+00:00,2026-02-19 09:07:00+00:00,2026-02-19,71.50362499999999,71.53,71.41,71.38,17.396233965234842,0.16285714285714192,71.28,71.41,5000.0,-1382.8781590177687,527.7092595600884,147.703942218204,684.9770320371713,-2743.268392833245,-2743.268392833232,-0.5486536785666489,-0.2765756318035537,TRAILING_STOP,21,0.354489461323703,0.384030249767317,False
BR,BRH6,RBREAKER_2_1,BREAKOUT,LONG,2026-02-19|BR|BRH6|BREAKOUT|1|70,2026-02-19 11:37:00+00:00,2026-02-19 11:59:00+00:00,2026-02-19,71.50362499999999,71.53,71.28,71.25,14.777075243696027,0.20357142857142815,71.22,71.28,5000.0,-2805.7287680509535,447.85014365829346,125.46579175186817,581.8476092495011,-3960.8923127107164,-3960.892312710616,-0.7921784625421433,-0.5611457536101907,TRAILING_STOP,21,0.5771426420586035,0.1505589501022475,False
BR,BRH6,RBREAKER_2_1,BREAKOUT,LONG,2026-02-19|BR|BRH6|BREAKOUT|1|71,2026-02-19 13:20:00+00:00,2026-02-19 13:46:00+00:00,2026-02-19,71.50362499999999,71.53,71.66,71.63,18.48856769929631,0.15285714285714494,71.3,71.66,5000.0,2454.7509536441576,561.8259736589487,156.97847825061427,727.9876928874896,1007.9588088471894,1007.958808847105,0.20159176176943788,0.4909501907288315,TRAILING_STOP,25,0.21976986955088318,1.1302450434044211,False
BR,BRH6,RBREAKER_2_1,BREAKOUT,LONG,2026-02-19|BR|BRH6|BREAKOUT|1|72,2026-02-19 13:53:00+00:00,2026-02-19 14:09:00+00:00,2026-02-19,71.50362499999999,71.53,71.5,71.47,16.89708087382581,0.16857142857142954,71.27,71.5,5000.0,-52.006369883433315,512.8904064386932,143.46584795487922,665.3228698909954,-1373.6854941679098,-1373.6854941680012,-0.274737098833582,-0.010401273976686663,TRAILING_STOP,15,0.22954535672780185,0.6599429005924558,False
BR,BRH6,RBREAKER_2_1,BREAKOUT,LONG,2026-02-19|BR|BRH6|BREAKOUT|1|73,2026-02-19 14:18:00+00:00,2026-02-19 15:00:00+00:00,2026-02-19,71.50362499999999,71.53,71.55,71.52,15.157422855595247,0.19428571428571623,71.23,71.55,5000.0,596.8238034568599,460.2460651454558,128.69515977503133,596.8238034569258,-588.9412249205283,-588.941224920553,-0.11778824498410566,0.11936476069137197,TRAILING_STOP,41,0.6692148308301761,0.823649022560183,False
BR,BRH6,RBREAKER_2_1,BREAKOUT,LONG,2026-02-19|BR|BRH6|BREAKOUT|1|74,2026-02-19 15:18:00+00:00,2026-02-19 15:35:00+00:00,2026-02-19,71.50362499999999,71.53,71.44,71.42,11.580555422635786,0.2792857142857161,71.11,71.2,5000.0,-625.5960984433442,351.39081443022974,98.32551645476873,357.6590661043375,-1432.9714954327474,-1432.97149543268,-0.2865942990865495,-0.12511921968866885,FORCE_CLOSE,16,0.3736369625281167,0.17698592961859044,False
BR,BRH6,RBREAKER_2_1,BREAKOUT,SHORT,2026-02-26|BR|BRH6|BREAKOUT|-1|75,2026-02-26 10:27:00+00:00,2026-02-26 11:06:00+00:00,2026-02-26,69.93674999999999,69.91,70.04,70.07,13.744468242270896,0.22071428571428595,70.25,70.04,5000.0,-1204.9106673982055,408.3859448483611,116.698369723778,545.5648784584247,-2275.559860428736,-2275.5598604287693,-0.4551119720857472,-0.24098213347964112,TRAILING_STOP,33,0.25673641339231024,0.49013315283985304,False
BR,BRH6,RBREAKER_2_1,BREAKOUT,SHORT,2026-02-26|BR|BRH6|BREAKOUT|-1|76,2026-02-26 12:00:00+00:00,2026-02-26 12:27:00+00:00,2026-02-26,69.93674999999999,69.91,69.82,69.85,15.159764041503614,0.1935714285714261,70.21,69.82,5000.0,1502.7480660565748,449.73034199587545,128.71503777786933,601.7428016114602,322.5598846714003,322.5598846713697,0.06451197693428007,0.30054961321131496,TRAILING_STOP,26,0.5148601511114846,1.0039772946673824,False
BR,BRH6,RBREAKER_2_1,BREAKOUT,SHORT,2026-02-26|BR|BRH6|BREAKOUT|-1|77,2026-02-26 13:48:00+00:00,2026-02-26 14:36:00+00:00,2026-02-26,69.93674999999999,69.91,70.12,70.15,14.417466160879721,0.21142857142856894,70.23,70.12,5000.0,-2243.20916624865,428.6273885740243,122.41250566158054,572.2784639678139,-3366.5275244520362,-3366.5275244520685,-0.6733055048904072,-0.44864183324973,TRAILING_STOP,47,0.4896500226463291,0.2693075124554758,False
BR,BRH6,RBREAKER_2_1,BREAKOUT,SHORT,2026-02-26|BR|BRH6|BREAKOUT|-1|78,2026-02-26 14:40:00+00:00,2026-02-26 14:53:00+00:00,2026-02-26,69.93674999999999,69.91,70.2,70.23,13.131498457464453,0.2378571428571407,70.27,70.2,5000.0,-2935.077098036842,390.61890267698186,111.49390685799396,521.2340145610533,-3958.4239221328635,-3958.423922132871,-0.7916847844265726,-0.5870154196073684,TRAILING_STOP,12,0.5574695342899698,0.15609146960117634,False
BR,BRH6,RBREAKER_2_1,REVERSAL,LONG,2026-02-26|BR|BRH6|REVERSAL|1|79,2026-02-26 15:15:00+00:00,2026-02-26 15:35:00+00:00,2026-02-26,71.14150000000001,71.17,71.44,71.42,11.368976373869845,0.2685714285714259,70.9,71.27,3500.0,2881.3933284609434,344.1020726174704,96.52908973068809,371.6369954630526,2069.125170649728,2069.125170649732,0.5911786201856365,0.8232552367031267,FORCE_CLOSE,19,0.6619137581532757,1.0204503771530011,False
BR,BRJ6,RBREAKER_2_1,BREAKOUT,LONG,2026-03-06|BR|BRJ6|BREAKOUT|1|80,2026-03-06 09:53:00+00:00,2026-03-06 09:55:00+00:00,2026-03-06,87.99037499999999,88.02,87.94,87.92,7.715439222207236,0.43857142857143167,87.36,88.62,5000.0,-329.99895186428733,288.1390351911474,65.50847679689609,259.5773393077402,-943.2238031600409,-943.2238031600709,-0.1886447606320082,-0.06599979037285747,TRAILING_STOP,1,0.1834237350313098,1.6508136152817883,False
BR,BRJ6,RBREAKER_2_1,BREAKOUT,LONG,2026-03-06|BR|BRJ6|BREAKOUT|1|81,2026-03-06 09:56:00+00:00,2026-03-06 10:05:00+00:00,2026-03-06,87.99037499999999,88.02,87.48,87.45,7.715439222207236,0.43857142857143167,87.36,87.48,5000.0,-3343.388884521467,287.36931058878395,65.50847679689609,325.0858161046698,-4021.352488011824,-4021.352488011817,-0.8042704976023648,-0.6686777769042934,TRAILING_STOP,8,0.5764745958126826,0.15722034431255658,False
BR,BRJ6,RBREAKER_2_1,BREAKOUT,LONG,2026-03-06|BR|BRJ6|BREAKOUT|1|82,2026-03-06 10:34:00+00:00,2026-03-06 13:00:00+00:00,2026-03-06,87.99037499999999,88.02,89.07,89.04,5.989144418304345,0.5807142857142884,87.14,89.07,5000.0,5490.028069889908,225.09305778735688,50.85124992372233,252.34932774645642,4961.734434432349,4961.734434432372,0.9923468868864699,1.0980056139779815,TRAILING_STOP,138,0.6203852490694117,1.9628582470556886,False
BR,BRJ6,RBREAKER_2_1,BREAKOUT,LONG,2026-03-12|BR|BRJ6|BREAKOUT|1|83,2026-03-12 14:29:00+00:00,2026-03-12 14:46:00+00:00,2026-03-12,101.21099999999998,101.24,100.14,100.11,4.5347262022315515,0.7899999999999981,100.05,100.14,5000.0,-4123.608137869308,193.81150760037298,38.50241025088114,188.6618102293627,-4544.583865949924,-4544.583865949925,-0.9089167731899848,-0.8247216275738616,TRAILING_STOP,16,0.49283085121127906,0.13090819485299718,False
BR,BRJ6,RBREAKER_2_1,BREAKOUT,LONG,2026-03-12|BR|BRJ6|BREAKOUT|1|84,2026-03-12 14:50:00+00:00,2026-03-12 15:35:00+00:00,2026-03-12,101.21099999999998,101.24,101.72,101.7,4.037299735874978,0.8992857142857135,99.89,100.65,5000.0,1744.7998793380357,173.9143848294945,34.27897601842801,133.68800647189184,1402.9185120182071,1402.9185120182212,0.28058370240364144,0.34895997586760713,FORCE_CLOSE,44,0.4593382786469366,0.5210404354801093,False
BR,BRJ6,RBREAKER_2_1,BREAKOUT,LONG,2026-03-16|BR|BRJ6|BREAKOUT|1|85,2026-03-16 07:18:00+00:00,2026-03-16 08:23:00+00:00,2026-03-16,106.424375,106.45,106.23999999999998,106.21,5.532197694395756,0.6400000000000006,105.49,106.24,5000.0,-866.0372484088386,249.72404236829937,46.97151177810577,214.30752248763696,-1377.0403250428449,-1377.040325042881,-0.27540806500856896,-0.17320744968176774,TRAILING_STOP,64,0.14091453533432266,0.7045726766715866,False
BR,BRJ6,RBREAKER_2_1,BREAKOUT,LONG,2026-03-16|BR|BRJ6|BREAKOUT|1|86,2026-03-16 08:25:00+00:00,2026-03-16 08:52:00+00:00,2026-03-16,106.424375,106.45,105.98000000000002,105.95,5.74819897092848,0.6085714285714283,105.53,105.98,5000.0,-2168.793772419964,259.15712926132596,48.805485736596225,222.6750286732508,-2699.4314160911754,-2699.431416091137,-0.5398862832182351,-0.4337587544839928,TRAILING_STOP,26,0.33187730300885765,0.43924937162936883,False
BR,BRJ6,RBREAKER_2_1,BREAKOUT,LONG,2026-03-16|BR|BRJ6|BREAKOUT|1|87,2026-03-16 09:09:00+00:00,2026-03-16 09:21:00+00:00,2026-03-16,106.424375,106.45,105.46,105.43000000000002,5.380557930278827,0.6564285714285713,105.46,105.46,5000.0,-4405.651111263332,241.9881678430255,45.6840037460875,208.43326709148783,-4901.75654994388,-4901.756549943933,-0.980351309988776,-0.8811302222526664,INITIAL_STOP,11,0.7400808606866196,0.0,False
BR,BRJ6,RBREAKER_2_1,REVERSAL,SHORT,2026-03-16|BR|BRJ6|REVERSAL|-1|88,2026-03-16 13:56:00+00:00,2026-03-16 14:05:00+00:00,2026-03-16,101.14035000000001,101.11,101.68,101.71,4.474570339937685,0.8064285714285708,101.92,101.68,3500.0000000000005,-2050.2195374786834,192.63667497055064,37.99165269116471,191.2879713000131,-2472.1358364403995,-2472.135836440412,-0.7063245246972569,-0.5857770107081952,TRAILING_STOP,8,0.8141068433821009,0.2605141898822667,False
BR,BRJ6,RBREAKER_2_1,BREAKOUT,LONG,2026-03-18|BR|BRJ6|BREAKOUT|1|89,2026-03-18 12:54:00+00:00,2026-03-18 13:07:00+00:00,2026-03-18,108.55250000000001,108.58,108.02999999999999,107.99999999999999,4.751822528013739,0.7507142857142871,107.45,108.03,5000.0,-2108.0618741376875,218.45169411518344,40.345681801677614,191.64198855792966,-2558.501238612503,-2558.501238612478,-0.5117002477225007,-0.4216123748275375,TRAILING_STOP,12,0.468009908899459,0.468009908899459,False
BR,BRJ6,RBREAKER_2_1,BREAKOUT,LONG,2026-03-18|BR|BRJ6|BREAKOUT|1|90,2026-03-18 13:10:00+00:00,2026-03-18 15:00:00+00:00,2026-03-18,108.55250000000001,108.58,109.17,109.14,4.120147864143833,0.8792857142857164,107.26,109.17,5000.0,2160.163437790808,190.40922416025114,34.982403850863705,166.1664182915688,1768.6053914881136,1768.6053914881245,0.3537210782976227,0.4320326875581616,TRAILING_STOP,109,0.38480644235949873,1.3363278271029913,False
BR,BRJ6,RBREAKER_2_1,BREAKOUT,LONG,2026-03-19|BR|BRJ6|BREAKOUT|1|91,2026-03-19 08:39:00+00:00,2026-03-19 09:00:00+00:00,2026-03-19,116.385875,116.42,116.22,116.19,4.373606450055703,0.8099999999999982,115.2,116.22,5000.0,-615.9670543499218,215.94588773524572,37.134411716649446,200.99000341638077,-1070.0373572181984,-1070.0373572181977,-0.21400747144363969,-0.12319341086998437,TRAILING_STOP,20,0.8095301754229605,0.7575419990196458,False
BR,BRJ6,RBREAKER_2_1,BREAKOUT,LONG,2026-03-19|BR|BRJ6|BREAKOUT|1|92,2026-03-19 09:17:00+00:00,2026-03-19 09:33:00+00:00,2026-03-19,116.385875,116.42,117.8,117.77,3.4918623274444656,1.0335714285714255,114.86,117.8,5000.0,4192.583873913379,173.5810514331787,29.647901521530155,160.46926698529444,3828.885653973384,3828.8856539733756,0.7657771307946768,0.8385167747826757,TRAILING_STOP,15,0.14230992730334172,1.7432966094659719,False
BR,BRJ6,RBREAKER_2_1,BREAKOUT,LONG,2026-03-19|BR|BRJ6|BREAKOUT|1|93,2026-03-19 09:50:00+00:00,2026-03-19 10:12:00+00:00,2026-03-19,116.385875,116.42,114.63,114.6,2.863603542369891,1.2842857142857105,114.49,114.63,5000.0,-4269.16886299756,140.42334886163513,24.313626328739527,131.5975025043129,-4565.503340692274,-4565.503340692248,-0.9131006681384548,-0.853833772599512,TRAILING_STOP,21,0.8363887457086392,0.06807815372047095,False
BR,BRJ6,RBREAKER_2_1,REVERSAL,SHORT,2026-03-23|BR|BRJ6|REVERSAL|-1|94,2026-03-23 11:05:00+00:00,2026-03-23 11:05:00+00:00,2026-03-23,109.21825,109.19,109.79999999999998,109.83,5.716611956149219,0.606428571428568,109.8,109.8,3500.0,-2823.6570770841577,265.7659531684455,48.53729397652187,234.19244343672298,-3372.152767665828,-3372.152767665848,-0.9634722193330937,-0.8067591648811879,INITIAL_STOP,0,0.0,0.0,False
BR,BRJ6,RBREAKER_2_1,BREAKOUT,SHORT,2026-03-23|BR|BRJ6|BREAKOUT|-1|95,2026-03-23 11:08:00+00:00,2026-03-23 11:09:00+00:00,2026-03-23,102.055375,102.03,97.89,97.91999999999999,5.820409028521524,0.606428571428568,102.94,97.89,5000.0,20584.696050960636,247.03117818861335,49.418590285294,224.23685341951142,20064.00942906725,20064.009429067217,4.01280188581345,4.116939210192127,TRAILING_STOP,0,0.8697671890211699,5.999416860634699,False
BR,BRJ6,RBREAKER_2_1,BREAKOUT,SHORT,2026-03-23|BR|BRJ6|BREAKOUT|-1|96,2026-03-23 11:20:00+00:00,2026-03-23 11:23:00+00:00,2026-03-23,102.055375,102.03,105.09,105.12,1.8625312573015484,2.0364285714285697,105.09,105.09,5000.0,-4798.941414051977,81.89650400962765,15.813952017306809,71.75580727852642,-4968.407677357448,-4968.407677357438,-0.9936815354714896,-0.9597882828103953,INITIAL_STOP,2,0.9393487498280241,0.04744185605192222,False
BR,BRJ6,RBREAKER_2_1,BREAKOUT,SHORT,2026-03-23|BR|BRJ6|BREAKOUT|-1|97,2026-03-23 12:45:00+00:00,2026-03-23 15:45:00+00:00,2026-03-23,102.055375,102.03,101.54,101.56,1.3081282876254146,2.9299999999999997,106.43,102.1,5000.0,572.414375250587,56.53060521817555,11.106754795063717,39.29014508752994,465.4868701498085,465.48687014981783,0.0930973740299617,0.1144828750501174,FORCE_CLOSE,179,0.4664837013926748,0.9618449652525174,False
BR,BRJ6,RBREAKER_2_1,BREAKOUT,LONG,2026-03-26|BR|BRJ6|BREAKOUT|1|98,2026-03-26 11:51:00+00:00,2026-03-26 12:17:00+00:00,2026-03-26,108.10974999999999,108.14,107.58999999999999,107.56,6.891051804699355,0.4892857142857139,107.4,107.59,5000.0,-3041.003077571055,315.5095545127908,58.508957721426206,294.0075125502285,-3709.0291023555,-3709.029102355501,-0.7418058204711,-0.608200615514211,TRAILING_STOP,25,0.620194951847119,0.22233403934141693,False
BR,BRJ6,RBREAKER_2_1,BREAKOUT,LONG,2026-03-26|BR|BRJ6|BREAKOUT|1|99,2026-03-26 12:34:00+00:00,2026-03-26 13:01:00+00:00,2026-03-26,108.10974999999999,108.14,107.84,107.81,6.811346843797373,0.4942857142857134,107.39,107.84,5000.0,-1560.0240582022384,312.22168245485517,57.832217171540655,290.606891287053,-2220.6848491156675,-2220.684849115687,-0.4441369698231335,-0.3120048116404477,TRAILING_STOP,26,0.30072752929201735,0.5204899545438693,False
BR,BRJ6,RBREAKER_2_1,BREAKOUT,LONG,2026-03-26|BR|BRJ6|BREAKOUT|1|100,2026-03-26 14:55:00+00:00,2026-03-26 15:45:00+00:00,2026-03-26,108.10974999999999,108.14,108.09,108.07000000000001,5.100501607301329,0.6900000000000028,107.1,107.42,5000.0,-85.5296777154581,234.08065340342648,43.306165931904445,174.30731787600052,-537.2238149267505,-537.2238149267896,-0.10744476298535009,-0.017105935543091623,FORCE_CLOSE,49,0.45904535887818804,0.27715946196418256,False
BR,BRK6,RBREAKER_2_1,REVERSAL,LONG,2026-03-31|BR|BRK6|REVERSAL|1|101,2026-03-31 09:55:00+00:00,2026-03-31 10:07:00+00:00,2026-03-31,107.8829,107.91,107.58,107.55000000000001,5.904448580214297,0.5878571428571452,107.32,107.58,3500.0,-1518.5023383060402,270.0367396924815,50.132133981710105,236.12235105381083,-2074.7935630340253,-2074.7935630340426,-0.5927981608668643,-0.4338578109445829,TRAILING_STOP,11,0.34376320444600483,0.37241013814985385,False
BR,BRK6,RBREAKER_2_1,BREAKOUT,LONG,2026-04-02|BR|BRK6|BREAKOUT|1|102,2026-04-02 14:38:00+00:00,2026-04-02 14:40:00+00:00,2026-04-02,106.780125,106.81,106.1,106.07,6.051334207543482,0.5692857142857102,105.95,106.1,5000.0,-3494.433055371439,273.440510504491,51.37927668254246,256.25414245420734,-4075.5069850126206,-4075.5069850126797,-0.8151013970025242,-0.6988866110742878,TRAILING_STOP,1,0.6473788862000304,0.1746895407206461,False
BR,BRK6,RBREAKER_2_1,BREAKOUT,LONG,2026-04-02|BR|BRK6|BREAKOUT|1|103,2026-04-02 14:41:00+00:00,2026-04-02 14:44:00+00:00,2026-04-02,106.780125,106.81,105.93,105.9,4.854191047922106,0.731428571428568,105.71,105.93,5000.0,-3503.777340900296,219.170262662229,41.214848885756,205.55905881772958,-3969.7215112660365,-3969.721511266011,-0.7939443022532073,-0.7007554681800592,TRAILING_STOP,2,0.48633521685192366,0.3214758213088973,False
BR,BRK6,RBREAKER_2_1,BREAKOUT,LONG,2026-04-02|BR|BRK6|BREAKOUT|1|104,2026-04-02 14:49:00+00:00,2026-04-02 15:45:00+00:00,2026-04-02,106.780125,106.81,107.60999999999999,107.59,4.854191047922106,0.731428571428568,105.71,106.57,5000.0,3420.317271906681,220.91159002765218,41.214848885756,164.3442099319525,2993.8466230613258,2993.8466230613203,0.5987693246122652,0.6840634543813362,FORCE_CLOSE,55,0.6594375821720936,0.7088954008350028,False
BR,BRK6,RBREAKER_2_1,BREAKOUT,SHORT,2026-04-06|BR|BRK6|BREAKOUT|-1|105,2026-04-06 07:52:00+00:00,2026-04-06 08:16:00+00:00,2026-04-06,108.00825,107.98,108.83,108.86,5.2556347140465975,0.6707142857142847,108.99,108.83,5000.0,-3666.9225071174274,241.90309596694505,44.62333443404262,215.3075886442602,-4168.756526162649,-4168.756526162675,-0.8337513052325297,-0.7333845014234854,TRAILING_STOP,23,0.6782746833974397,0.2945140072646798,False
BR,BRK6,RBREAKER_2_1,BREAKOUT,SHORT,2026-04-06|BR|BRK6|BREAKOUT|-1|106,2026-04-06 09:03:00+00:00,2026-04-06 09:50:00+00:00,2026-04-06,108.00825,107.98,108.3,108.33,5.302961882360061,0.6642857142857151,108.98,108.3,5000.0,-1313.6093076029201,243.484858035642,45.025169069509865,217.2464407603897,-1819.365775468505,-1819.3657754684618,-0.363873155093701,-0.262721861520584,TRAILING_STOP,46,0.23413087916144312,0.6123422993453402,False
BR,BRK6,RBREAKER_2_1,BREAKOUT,SHORT,2026-04-06|BR|BRK6|BREAKOUT|-1|107,2026-04-06 09:53:00+00:00,2026-04-06 09:54:00+00:00,2026-04-06,108.00825,107.98,108.99,109.02,5.2556347140465975,0.6678571428571435,108.99,108.99,5000.0,-4380.895858062094,242.0815893046812,44.62333443404262,215.3075886442602,-4882.908370445076,-4882.908370445078,-0.9765816740890152,-0.8761791716124188,INITIAL_STOP,0,0.44623334434042616,0.0,False
BR,BRK6,RBREAKER_2_1,BREAKOUT,LONG,2026-04-13|BR|BRK6|BREAKOUT|1|108,2026-04-13 13:51:00+00:00,2026-04-13 14:05:00+00:00,2026-04-13,99.813,99.84,100.73,100.7,6.816471595450938,0.5042857142857154,99.08,100.73,5000.0,5307.204370775037,290.1599685156009,57.87572923418787,272.0159274006955,4687.152745624602,4687.152745624553,0.9374305491249204,1.0614408741550074,TRAILING_STOP,13,0.45143068802666614,1.90989906472819,False
BR,BRK6,RBREAKER_2_1,BREAKOUT,LONG,2026-04-16|BR|BRK6|BREAKOUT|1|109,2026-04-16 14:23:00+00:00,2026-04-16 14:42:00+00:00,2026-04-16,98.57575,98.61,98.33,98.3,9.233051074767456,0.3457142857142839,98.09,98.33,5000.0,-1926.5292683500634,385.91340613510624,78.39386646388832,425.28672556660393,-2816.1232665156294,-2816.1232665156617,-0.5632246533031259,-0.3853058536700127,TRAILING_STOP,18,0.48604197207611116,0.3762905590266559,False
BR,BRK6,RBREAKER_2_1,BREAKOUT,LONG,2026-04-16|BR|BRK6|BREAKOUT|1|110,2026-04-16 14:55:00+00:00,2026-04-16 15:04:00+00:00,2026-04-16,98.57575,98.61,98.07,98.04,7.981629483050378,0.4078571428571414,97.99,98.07,5000.0,-3427.3961277031385,333.1673003029234,67.76858383990304,367.64456733138627,-4195.976579177381,-4195.976579177352,-0.8391953158354761,-0.6854792255406277,TRAILING_STOP,8,0.5963635377911438,0.10842973414384258,False
BR,BRK6,RBREAKER_2_1,BREAKOUT,LONG,2026-04-16|BR|BRK6|BREAKOUT|1|111,2026-04-16 15:23:00+00:00,2026-04-16 15:37:00+00:00,2026-04-16,98.57575,98.61,98.44,98.41,7.669767897763074,0.4314285714285719,97.96,98.44,5000.0,-884.0135190575767,320.7520138576827,65.12070121971023,353.27980411693613,-1623.1660382519124,-1623.1660382519058,-0.32463320765038245,-0.17680270381151533,TRAILING_STOP,13,0.22141038414701697,0.6251587317092233,False
BR,BRK6,RBREAKER_2_1,BREAKOUT,LONG,2026-04-16|BR|BRK6|BREAKOUT|1|112,2026-04-16 15:38:00+00:00,2026-04-16 15:45:00+00:00,2026-04-16,98.57575,98.61,98.96,98.94,7.200843894011409,0.4621428571428581,97.91,98.54,5000.0,2349.2764167496707,301.9515654709852,61.13926914117645,270.54126594968216,1715.644316187786,1715.6443161878267,0.3431288632375572,0.46985528334993415,FORCE_CLOSE,6,0.33015205336234793,0.7703547911788178,False
BR,BRK6,RBREAKER_2_1,BREAKOUT,SHORT,2026-04-17|BR|BRK6|BREAKOUT|-1|113,2026-04-17 12:49:00+00:00,2026-04-17 12:49:00+00:00,2026-04-17,93.11699999999999,93.09,93.7,93.73,8.287844036257024,0.40357142857142897,93.7,93.7,5000.0,-4102.484712439288,328.65617237473896,70.3685199389228,330.7320437128524,-4832.2414484658075,-4832.241448465802,-0.9664482896931615,-0.8204969424878577,INITIAL_STOP,0,0.0,0.0,False
BR,BRK6,RBREAKER_2_1,BREAKOUT,LONG,2026-04-28|BR|BRK6|BREAKOUT|1|114,2026-04-28 11:48:00+00:00,2026-04-28 12:05:00+00:00,2026-04-28,111.89099999999999,111.92,111.91,111.88000000000001,9.591644636037886,0.32714285714285907,111.42,111.91,5000.0,154.7332073751124,455.6485764544765,81.43853019740419,399.0487979673759,-781.402697244087,-781.4026972441441,-0.1562805394488174,0.030946641475022484,TRAILING_STOP,16,0.29317870871066626,0.7980975959345528,False
BR,BRK6,RBREAKER_2_1,BREAKOUT,LONG,2026-04-28|BR|BRK6|BREAKOUT|1|115,2026-04-28 12:06:00+00:00,2026-04-28 12:20:00+00:00,2026-04-28,111.89099999999999,111.92,111.55,111.52,8.609986169866334,0.3771428571428593,111.35,111.55,5000.0,-2492.835838352972,408.35721387213925,73.103690274282,358.2080823440674,-3332.504824843375,-3332.504824843461,-0.666500964968675,-0.49856716767059445,TRAILING_STOP,13,0.307035499151996,0.2924147610971321,False
BR,BRK6,RBREAKER_2_1,BREAKOUT,LONG,2026-04-28|BR|BRK6|BREAKOUT|1|116,2026-04-28 12:25:00+00:00,2026-04-28 12:34:00+00:00,2026-04-28,111.89099999999999,111.92,111.41000000000001,111.38,7.915595113637685,0.41357142857143103,111.29,111.41,5000.0,-3232.700682832302,375.18818216032287,67.20791440399871,329.3187805796724,-4004.4155599762753,-4004.4155599762958,-0.8008831119952551,-0.6465401365664604,TRAILING_STOP,8,0.6720791440399873,0.24194849185438547,False
BR,BRK6,RBREAKER_2_1,BREAKOUT,LONG,2026-04-29|BR|BRK6|BREAKOUT|1|117,2026-04-29 08:05:00+00:00,2026-04-29 08:41:00+00:00,2026-04-29,113.90724999999999,113.94,114.6,114.57,8.628783889023516,0.3721428571428577,113.38,114.6,5000.0,5075.314665846021,418.5348806540844,73.2632936246264,386.463873869965,4197.052617697403,4197.052617697345,0.8394105235394805,1.0150629331692043,TRAILING_STOP,35,0.6154116664468643,1.7876243644408822,False
BR,BRM6,RBREAKER_2_1,BREAKOUT,SHORT,2026-05-06|BR|BRM6|BREAKOUT|-1|118,2026-05-06 07:52:00+00:00,2026-05-06 08:06:00+00:00,2026-05-06,106.98112499999999,106.95,106.82,106.85000000000001,5.231194244368908,0.6721428571428579,107.96,106.82,5000.0,715.6499144995577,237.40256279287348,44.41582091541132,227.07588442999543,206.75564636125898,206.75564636127746,0.0413511292722518,0.14312998289991152,TRAILING_STOP,13,0.2842612538586264,1.0126807168713785,False
BR,BRM6,RBREAKER_2_1,BREAKOUT,SHORT,2026-05-06|BR|BRM6|BREAKOUT|-1|119,2026-05-06 08:28:00+00:00,2026-05-06 08:51:00+00:00,2026-05-06,106.98112499999999,106.95,104.58,104.61,5.051694130898927,0.6971428571428585,108.0,104.58,5000.0,10298.848356173392,226.8545325870216,42.8917626369865,219.2841364815501,9809.817924467798,9809.817924467834,1.9619635848935595,2.0597696712346782,TRAILING_STOP,22,0.18872375560273963,2.9337965643698785,False
BR,BRM6,RBREAKER_2_1,BREAKOUT,LONG,2026-05-11|BR|BRM6|BREAKOUT|1|120,2026-05-11 08:17:00+00:00,2026-05-11 12:31:00+00:00,2026-05-11,103.806375,103.84,103.9,103.87,4.7522826898181805,0.7464285714285727,102.72,103.9,5000.0,377.7730254928803,209.5253274369124,40.349588837689545,216.37467014211757,-88.47656092385213,-88.47656092383917,-0.017695312184770426,0.07555460509857606,TRAILING_STOP,253,0.17753819088583309,0.9522502965694674,False
BR,BRM6,RBREAKER_2_1,BREAKOUT,LONG,2026-05-11|BR|BRM6|BREAKOUT|1|121,2026-05-11 12:32:00+00:00,2026-05-11 12:50:00+00:00,2026-05-11,103.806375,103.84,104.6,104.57,9.510935834652859,0.3307142857142864,103.34,104.6,5000.0,6408.781110195826,420.744706623382,80.75326646962853,433.0393914433976,5474.243745659465,5474.243745659418,1.094848749131893,1.2817562220391652,TRAILING_STOP,17,0.7913820114023743,2.0349823150346245,False
BR,BRM6,RBREAKER_2_1,BREAKOUT,LONG,2026-05-11|BR|BRM6|BREAKOUT|1|122,2026-05-11 13:08:00+00:00,2026-05-11 13:45:00+00:00,2026-05-11,103.806375,103.84,103.41,103.38,7.462126209488449,0.442142857142858,103.17,103.41,5000.0,-2511.3410291825876,328.2245903924363,63.35770493049634,339.75569268979814,-3242.6790171952953,-3242.6790171953185,-0.648535803439059,-0.5022682058365175,TRAILING_STOP,36,0.6209055083188758,0.30411698366637596,False
BR,BRM6,RBREAKER_2_1,BREAKOUT,LONG,2026-05-11|BR|BRM6|BREAKOUT|1|123,2026-05-11 14:04:00+00:00,2026-05-11 15:45:00+00:00,2026-05-11,103.806375,103.84,104.60999999999999,104.59,6.076215876205374,0.5614285714285714,102.99,103.85,5000.0,4145.94446794674,268.8253866710663,51.59053623203307,225.06371431222723,3600.464830731349,3600.464830731413,0.7200929661462698,0.8291888935893479,FORCE_CLOSE,100,0.22699835942094432,0.8873572231909682,False
BR,BRM6,RBREAKER_2_1,BREAKOUT,LONG,2026-05-12|BR|BRM6|BREAKOUT|1|124,2026-05-12 09:19:00+00:00,2026-05-12 09:30:00+00:00,2026-05-12,107.711375,107.74,107.3,107.27,8.520786753012777,0.3857142857142851,107.16,107.3,5000.0,-2976.147412895144,388.8796446348067,72.34633638152769,351.78406065512166,-3789.157454566601,-3789.1574545666003,-0.7578314909133201,-0.5952294825790289,TRAILING_STOP,10,0.20256974186827836,0.20256974186827836,False
BR,BRM6,RBREAKER_2_1,BREAKOUT,LONG,2026-05-12|BR|BRM6|BREAKOUT|1|125,2026-05-12 10:17:00+00:00,2026-05-12 11:10:00+00:00,2026-05-12,107.711375,107.74,107.91,107.88,8.520786753012777,0.3864285714285692,107.16,107.91,5000.0,1436.979106378041,389.982926264625,72.34633638152769,351.78406065512166,622.8657830767891,622.8657830767665,0.12457315661535781,0.2873958212756082,TRAILING_STOP,52,0.4774858201180803,1.0851950457229156,False
BR,BRM6,RBREAKER_2_1,BREAKOUT,LONG,2026-05-12|BR|BRM6|BREAKOUT|1|126,2026-05-12 13:03:00+00:00,2026-05-12 13:40:00+00:00,2026-05-12,107.711375,107.74,108.04,108.01,9.481076347150758,0.336428571428573,107.23,108.04,5000.0,2645.4227846472236,434.195485574465,80.49974240082781,391.42999742396205,1739.2975592479431,1739.2975592479688,0.34785951184958863,0.5290845569294447,TRAILING_STOP,36,0.2253992787223188,1.3040958268934142,False
BR,BRM6,RBREAKER_2_1,BREAKOUT,LONG,2026-05-15|BR|BRM6|BREAKOUT|1|127,2026-05-15 08:26:00+00:00,2026-05-15 09:05:00+00:00,2026-05-15,109.45987499999998,109.49,109.11,109.08,8.35308922863553,0.3899999999999985,108.9,109.11,5000.0,-2481.4005773088893,387.53820949083973,70.92248881197598,355.4989751701255,-3295.3602507818996,-3295.3602507818305,-0.6590720501563799,-0.49628011546177786,TRAILING_STOP,38,0.5248264172086086,0.2978744530103104,False
BR,BRM6,RBREAKER_2_1,BREAKOUT,LONG,2026-05-15|BR|BRM6|BREAKOUT|1|128,2026-05-15 09:19:00+00:00,2026-05-15 10:05:00+00:00,2026-05-15,109.45987499999998,109.49,109.33,109.3,7.7999008480080345,0.42571428571428527,108.85,109.33,5000.0,-860.1050338080374,362.23749826156575,66.22560414307158,331.9558407672359,-1620.5239769799482,-1620.523976979911,-0.32410479539598963,-0.17202100676160748,TRAILING_STOP,45,0.35761826237258126,0.6357657997734923,False
BR,BRM6,RBREAKER_2_1,BREAKOUT,LONG,2026-05-15|BR|BRM6|BREAKOUT|1|129,2026-05-15 10:09:00+00:00,2026-05-15 10:23:00+00:00,2026-05-15,109.45987499999998,109.49,108.79,108.75999999999999,7.22567149582749,0.4664285714285725,108.79,108.79,5000.0,-4109.687789495428,334.74131743138975,61.350069632328015,307.51722403212716,-4813.296400591309,-4813.296400591273,-0.9626592801182619,-0.8219375578990855,INITIAL_STOP,13,0.7239308216614573,0.01227001392647188,False
BR,BRM6,RBREAKER_2_1,BREAKOUT,LONG,2026-05-15|BR|BRM6|BREAKOUT|1|130,2026-05-15 14:45:00+00:00,2026-05-15 15:09:00+00:00,2026-05-15,109.45987499999998,109.49,109.05,109.02,8.236261988883651,0.39642857142857324,108.89,109.05,5000.0,-2866.278785166151,382.0131609311851,69.93055895495586,350.52692676181084,-3668.749431814078,-3668.749431814103,-0.7337498863628156,-0.5732557570332302,TRAILING_STOP,23,0.4755278008936848,0.2237777886558739,False
BR,BRM6,RBREAKER_2_1,REVERSAL,SHORT,2026-05-18|BR|BRM6|REVERSAL|-1|131,2026-05-18 12:35:00+00:00,2026-05-18 12:50:00+00:00,2026-05-18,108.72055,108.69,107.89,107.92,5.843432583006948,0.5814285714285704,109.28,107.89,3500.0,4120.696865099266,268.6726109051681,49.6140733863013,250.7991409677844,3551.6110398400015,3551.6110398400124,1.0147460113828575,1.1773419614569332,TRAILING_STOP,14,0.7229479264861121,1.9703874859131094,False
BR,BRM6,RBREAKER_2_1,BREAKOUT,SHORT,2026-05-20|BR|BRM6|BREAKOUT|-1|132,2026-05-20 09:02:00+00:00,2026-05-20 09:12:00+00:00,2026-05-20,108.87774999999999,108.85,109.50000000000001,109.53,7.749299129179877,0.4278571428571435,109.5,109.5,5000.0,-4094.154028358112,359.21308023818113,65.7959667072408,314.1757410270658,-4833.338816330601,-4833.3388163306,-0.9666677632661201,-0.8188308056716225,INITIAL_STOP,9,0.7632332138040097,0.0,False
BR,BRM6,RBREAKER_2_1,BREAKOUT,SHORT,2026-05-20|BR|BRM6|BREAKOUT|-1|133,2026-05-20 10:35:00+00:00,2026-05-20 10:53:00+00:00,2026-05-20,108.87774999999999,108.85,108.7,108.73,8.535545371949066,0.3807142857142866,109.43,108.7,5000.0,1288.183498206233,394.2095155270458,72.47164546870958,346.05210711307836,475.45023009738077,475.4502300973993,0.09509004601947615,0.2576366996412466,TRAILING_STOP,17,0.15943762003116027,1.058086023843145,False
BR,BRM6,RBREAKER_2_1,BREAKOUT,SHORT,2026-05-20|BR|BRM6|BREAKOUT|-1|134,2026-05-20 12:15:00+00:00,2026-05-20 12:50:00+00:00,2026-05-20,108.87774999999999,108.85,108.68,108.71,7.958760875415733,0.41999999999999765,109.48,108.68,5000.0,1336.2840828461244,367.53725039699736,67.57441632597856,322.6678379564423,578.5045781667709,578.5045781667062,0.11570091563335418,0.2672568165692249,TRAILING_STOP,34,0.1756934824475573,1.081190661215653,False
BR,BRM6,RBREAKER_2_1,BREAKOUT,SHORT,2026-05-20|BR|BRM6|BREAKOUT|-1|135,2026-05-20 13:07:00+00:00,2026-05-20 13:24:00+00:00,2026-05-20,108.87774999999999,108.85,109.07,109.1,7.958760875415733,0.4157142857142852,109.48,109.07,5000.0,-1299.118153866947,368.19610095617566,67.57441632597856,322.6678379565384,-2057.556509105583,-2057.5565091056396,-0.41151130182111656,-0.25982363077338944,TRAILING_STOP,16,0.16217859918235467,0.5541102138730196,False
BR,BRM6,RBREAKER_2_1,BREAKOUT,SHORT,2026-05-20|BR|BRM6|BREAKOUT|-1|136,2026-05-20 13:46:00+00:00,2026-05-20 14:00:00+00:00,2026-05-20,108.87774999999999,108.85,109.46,109.49,7.958760875415733,0.4164285714285723,109.48,109.46,5000.0,-3934.5203905801145,368.85495151535395,67.57441632597856,322.6678379565384,-4693.617596377936,-4693.617596377985,-0.9387235192755872,-0.7869040781160229,TRAILING_STOP,13,0.7973781126465516,0.027029766530386048,False
BR,BRM6,RBREAKER_2_1,BREAKOUT,SHORT,2026-05-20|BR|BRM6|BREAKOUT|-1|137,2026-05-20 14:14:00+00:00,2026-05-20 14:14:00+00:00,2026-05-20,108.87774999999999,108.85,109.49,109.52,7.852633451001179,0.4257142857142883,109.49,109.49,5000.0,-4082.074874154127,363.9863986398662,66.67333400006707,318.3651698503112,-4831.099776644383,-4831.099776644372,-0.9662199553288767,-0.8164149748308254,INITIAL_STOP,0,0.0,0.0,False
BR,BRM6,RBREAKER_2_1,BREAKOUT,SHORT,2026-05-25|BR|BRM6|BREAKOUT|-1|138,2026-05-25 07:33:00+00:00,2026-05-25 08:18:00+00:00,2026-05-25,99.032,99.0,99.41,99.44,7.920492455604727,0.41499999999999815,99.63,99.41,5000.0,-2542.030934768029,333.6247478143965,67.24949562878382,349.6973772696598,-3292.6025554808684,-3292.602555480869,-0.6585205110961737,-0.5084061869536058,TRAILING_STOP,44,0.49764626765300646,0.2958977807666473,False
BR,BRM6,RBREAKER_2_1,BREAKOUT,SHORT,2026-05-25|BR|BRM6|BREAKOUT|-1|139,2026-05-25 08:49:00+00:00,2026-05-25 12:34:00+00:00,2026-05-25,99.032,99.0,97.97,98.0,7.516127812051133,0.44642857142857145,99.67,97.97,5000.0,6777.281429483119,314.2948308870474,63.81620931716699,331.8442884492531,6067.326100829704,6067.326100829651,1.2134652201659408,1.3554562858966237,TRAILING_STOP,224,0.15315890236120655,2.169751116783681,False
BR,BRM6,RBREAKER_2_1,BREAKOUT,SHORT,2026-05-27|BR|BRM6|BREAKOUT|-1|140,2026-05-27 08:06:00+00:00,2026-05-27 09:06:00+00:00,2026-05-27,96.883875,96.85,96.83,96.86,7.396472057954395,0.4507142857142859,97.53,96.83,5000.0,338.33642101298915,304.12597732909535,62.800263761105846,338.3364210130213,-366.9262410902696,-366.92624109023336,-0.07338524821805392,0.06766728420259784,TRAILING_STOP,59,0.6405626903632862,0.8792036926554676,False
BR,BRM6,RBREAKER_2_1,BREAKOUT,SHORT,2026-05-27|BR|BRM6|BREAKOUT|-1|141,2026-05-27 09:11:00+00:00,2026-05-27 09:34:00+00:00,2026-05-27,96.883875,96.85,96.91,96.94,7.396472057954395,0.45071428571428485,97.53,96.91,5000.0,-164.0656890758469,304.25157785661753,62.800263761105846,338.3364210130213,-869.4539517066069,-869.4539517065916,-0.17389079034132138,-0.03281313781516938,TRAILING_STOP,22,0.08792036926555748,0.7787232706377004,False
BR,BRM6,RBREAKER_2_1,BREAKOUT,SHORT,2026-05-27|BR|BRM6|BREAKOUT|-1|142,2026-05-27 10:40:00+00:00,2026-05-27 11:08:00+00:00,2026-05-27,96.883875,96.85,97.38,97.41,8.222691577815207,0.39642857142857124,97.45,97.38,5000.0,-3463.713477850901,339.05819108456876,69.81533842985046,376.13013579089,-4248.717143156219,-4248.71714315621,-0.8497434286312439,-0.6927426955701802,TRAILING_STOP,27,0.726079519670459,0.09774147380178112,False
BR,BRM6,RBREAKER_2_1,BREAKOUT,SHORT,2026-05-27|BR|BRM6|BREAKOUT|-1|143,2026-05-27 11:23:00+00:00,2026-05-27 11:30:00+00:00,2026-05-27,96.883875,96.85,97.42,97.45,8.582192794464685,0.37428571428571394,97.42,97.42,4999.999999999999,-3906.6200313329587,353.95489488831714,72.86770867489803,392.57478048608675,-4726.017415382223,-4726.01741538226,-0.9452034830764448,-0.7813240062665918,INITIAL_STOP,6,0.7869712536889079,0.0,False
BR,BRM6,RBREAKER_2_1,BREAKOUT,SHORT,2026-05-27|BR|BRM6|BREAKOUT|-1|144,2026-05-27 12:18:00+00:00,2026-05-27 12:20:00+00:00,2026-05-27,96.883875,96.85,96.28,96.3,8.839848599454744,0.3628571428571417,97.4,96.25,5000.0,4532.405148797055,362.4235373587861,75.05535332307247,329.30536270501796,3765.6208954102503,3765.620895410178,0.7531241790820501,0.9064810297594109,TRAILING_STOP,1,0.3302435546215171,1.726273126430654,False
BR,BRM6,RBREAKER_2_1,BREAKOUT,SHORT,2026-05-27|BR|BRM6|BREAKOUT|-1|145,2026-05-27 15:03:00+00:00,2026-05-27 15:44:00+00:00,2026-05-27,96.883875,96.85,96.78,96.81,6.290368938224011,0.5414285714285734,97.67,96.78,5000.0,554.7840948540569,258.57879135844627,53.408817795816645,287.7400058750162,-44.94352017528075,-44.94352017522223,-0.00898870403505615,0.11095681897081137,TRAILING_STOP,40,0.5661334686356576,0.9506769567655369,False
BR,BRN6,RBREAKER_2_1,BREAKOUT,LONG,2026-06-01|BR|BRN6|BREAKOUT|1|146,2026-06-01 08:20:00+00:00,2026-06-01 08:51:00+00:00,2026-06-01,94.83725000000001,94.87,94.61,94.58,10.65023219861683,0.29214285714285637,94.43,94.61,5000.0,-2054.9431669185246,428.28270954091715,90.4265419986101,477.00000904261486,-3050.6524275007014,-3050.6524275006664,-0.6101304855001403,-0.41098863338370495,TRAILING_STOP,30,0.30745024279527744,0.325535551194983,False
BR,BRN6,RBREAKER_2_1,BREAKOUT,LONG,2026-06-01|BR|BRN6|BREAKOUT|1|147,2026-06-01 09:23:00+00:00,2026-06-01 10:00:00+00:00,2026-06-01,94.83725000000001,94.87,94.46,94.43,11.049914418723034,0.27785714285714086,94.45,94.46,5000.0,-3539.362211151704,444.0034901066838,93.82007186617723,494.90087909389615,-4572.086652218375,-4572.0866522184615,-0.914417330443675,-0.7078724422303407,TRAILING_STOP,36,0.675504517436475,0.018764014373218382,False
BR,BRN6,RBREAKER_2_1,BREAKOUT,LONG,2026-06-01|BR|BRN6|BREAKOUT|1|148,2026-06-01 13:11:00+00:00,2026-06-01 13:11:00+00:00,2026-06-01,94.83725000000001,94.87,94.38,94.35,9.767033164009506,0.3207142857142874,94.38,94.38,5000.0,-3791.8681118198474,392.28938442784374,82.92767877134419,437.44350551879165,-4704.528680537796,-4704.528680537827,-0.9409057361075592,-0.7583736223639694,INITIAL_STOP,0,0.0,0.0,False
BR,BRN6,RBREAKER_2_1,BREAKOUT,LONG,2026-06-01|BR|BRN6|BREAKOUT|1|149,2026-06-01 13:19:00+00:00,2026-06-01 13:30:00+00:00,2026-06-01,94.85,94.87,96.01,95.98,10.198353305119575,0.3207142857142874,94.38,96.01,5000.0,10044.42058413459,413.1417388969976,86.58983262184911,346.3593304874949,9198.32968212822,9198.32968212825,1.839665936425644,2.008884116826918,TRAILING_STOP,10,0.0865898326218688,2.822828543472273,False
BR,BRN6,RBREAKER_2_1,BREAKOUT,LONG,2026-06-03|BR|BRN6|BREAKOUT|1|150,2026-06-03 08:21:00+00:00,2026-06-03 08:29:00+00:00,2026-06-03,98.73675000000001,98.77,98.38,98.35,9.260929477409295,0.3421428571428556,98.25,98.38,5000.0,-2805.1455845006794,387.4914489255387,78.63056999300704,418.70778521262304,-3689.975388631823,-3689.9753886318485,-0.7379950777263646,-0.5610291169001359,TRAILING_STOP,7,0.5032356479552343,0.2044394819818335,False
BR,BRN6,RBREAKER_2_1,BREAKOUT,LONG,2026-06-03|BR|BRN6|BREAKOUT|1|151,2026-06-03 08:43:00+00:00,2026-06-03 09:09:00+00:00,2026-06-03,98.73675000000001,98.77,98.35,98.32,9.11754591102496,0.35142857142857054,98.24,98.35,5000.0,-2993.9540320648603,381.4340014089411,77.4131617857712,412.22508650909435,-3865.0262817686953,-3865.026281768667,-0.7730052563537391,-0.598790806412972,TRAILING_STOP,25,0.5728573972146919,0.17030895592869574,False
BR,BRN6,RBREAKER_2_1,BREAKOUT,LONG,2026-06-03|BR|BRN6|BREAKOUT|1|152,2026-06-03 09:15:00+00:00,2026-06-03 10:06:00+00:00,2026-06-03,98.73675000000001,98.77,98.64,98.61,8.978534561306379,0.3549999999999989,98.23,98.64,5000.0,-737.5530771402082,376.171127560498,76.2328761901911,405.9400657126324,-1595.8971466034914,-1595.8971466035296,-0.31917942932069826,-0.14751061542804164,TRAILING_STOP,50,0.3049315047607687,0.6251095847595836,False
BR,BRN6,RBREAKER_2_1,BREAKOUT,LONG,2026-06-03|BR|BRN6|BREAKOUT|1|153,2026-06-03 10:21:00+00:00,2026-06-03 11:22:00+00:00,2026-06-03,98.73675000000001,98.77,98.25,98.22,7.21778944427496,0.46285714285714313,98.07,98.25,5000.0,-2982.957156952486,301.8041758336169,61.28314652187765,326.33275522888977,-3672.3772345368443,-3672.37723453687,-0.7344754469073689,-0.5965914313904972,TRAILING_STOP,60,0.6250880945231408,0.2206193274787679,False
BR,BRN6,RBREAKER_2_1,BREAKOUT,SHORT,2026-06-04|BR|BRN6|BREAKOUT|-1|154,2026-06-04 09:39:00+00:00,2026-06-04 09:58:00+00:00,2026-06-04,96.14949999999999,96.12,96.46,96.49,8.328693662125318,0.394285714285714,96.72,96.46,5000.0,-2195.7118207791464,340.5121206121297,70.71535654683136,350.04101490671394,-2956.9803128448375,-2956.9803128448216,-0.5913960625689675,-0.43914236415582925,TRAILING_STOP,18,0.3818629253528837,0.3677198540435303,False
BR,BRN6,RBREAKER_2_1,BREAKOUT,SHORT,2026-06-04|BR|BRN6|BREAKOUT|-1|155,2026-06-04 11:17:00+00:00,2026-06-04 12:09:00+00:00,2026-06-04,96.14949999999999,96.12,94.99,95.02,8.96247852668299,0.3664285714285721,96.67,94.99,5000.0,8823.395123733402,363.6273704075918,76.09655130429879,376.67792895617004,8006.993273065391,8006.993273065341,1.6013986546130783,1.7646790247466804,TRAILING_STOP,51,0.19785103339116994,2.5568441238244497,False
BR,BRN6,RBREAKER_2_1,BREAKOUT,LONG,2026-06-08|BR|BRN6|BREAKOUT|1|156,2026-06-08 10:51:00+00:00,2026-06-08 11:10:00+00:00,2026-06-08,96.93,96.96,96.3,96.27,7.663031101319812,0.4399999999999987,96.3,96.3,5000.0,-4099.000624609839,314.30551217989967,65.06350197793296,325.3175098895871,-4803.687148657309,-4803.687148657259,-0.9607374297314618,-0.8198001249219679,INITIAL_STOP,18,0.7156985217572588,0.0,False
BR,BRN6,RBREAKER_2_1,REVERSAL,SHORT,2026-06-08|BR|BRN6|REVERSAL|-1|157,2026-06-08 11:31:00+00:00,2026-06-08 11:36:00+00:00,2026-06-08,94.69239999999999,94.66,95.15,95.18,6.043159366278313,0.5621428571428554,95.23,95.15,3500.0,-2347.939542316056,243.5166317270907,51.30986762054165,268.86370633162124,-2911.629747995254,-2911.6297479953096,-0.8318942137129297,-0.6708398692331589,TRAILING_STOP,4,0.6010584492691973,0.11727969741837842,False
BR,BRN6,RBREAKER_2_1,BREAKOUT,SHORT,2026-06-16|BR|BRN6|BREAKOUT|-1|158,2026-06-16 12:34:00+00:00,2026-06-16 12:53:00+00:00,2026-06-16,80.068625,80.04,80.33,80.36,12.08546830451748,0.2564285714285707,80.43,80.33,5000.0,-2682.034600940037,411.47618363537083,102.61251462228698,498.95335235078994,-3695.0766515485266,-3695.0766515484847,-0.7390153303097053,-0.5364069201880074,TRAILING_STOP,18,0.49254007018696705,0.20522502924459146,False
BR,BRN6,RBREAKER_2_1,BREAKOUT,SHORT,2026-06-16|BR|BRN6|BREAKOUT|-1|159,2026-06-16 15:33:00+00:00,2026-06-16 15:45:00+00:00,2026-06-16,80.068625,80.04,79.9,79.92,10.960757423161995,0.2878571428571419,80.48,80.24,5000.0,1569.276155378096,372.1592495393518,93.06307815437654,359.4561393711588,744.5976883131889,744.5976883132089,0.14891953766263777,0.3138552310756192,FORCE_CLOSE,11,0.13028830941611447,0.44670277514102436,False
BR,BRN6,RBREAKER_2_1,BREAKOUT,SHORT,2026-06-22|BR|BRN6|BREAKOUT|-1|160,2026-06-22 13:38:00+00:00,2026-06-22 14:31:00+00:00,2026-06-22,78.329875,78.3,78.31,78.34,9.515085055327166,0.3407142857142854,78.82,78.31,5000.0,160.56713523993247,316.36774923250715,80.78849571820918,402.93262239461046,-639.5217321054254,-639.5217321053943,-0.12790434642108509,0.0321134270479865,TRAILING_STOP,52,0.16157699143643212,0.8240426563257189,False
BR,BRN6,RBREAKER_2_1,BREAKOUT,SHORT,2026-06-22|BR|BRN6|BREAKOUT|-1|161,2026-06-22 14:38:00+00:00,2026-06-22 15:45:00+00:00,2026-06-22,78.329875,78.3,77.53,77.55,8.548245232605494,0.3899999999999985,78.89,78.04,5000.0,5805.450718536702,282.7877776164853,72.57947452460323,289.41065466685615,5160.6728117287585,5160.672811728758,1.0321345623457516,1.1610901437073404,FORCE_CLOSE,66,0.33386558281318063,1.2338510669182465,False
BR,BRN6,RBREAKER_2_1,BREAKOUT,SHORT,2026-06-24|BR|BRN6|BREAKOUT|-1|162,2026-06-24 08:34:00+00:00,2026-06-24 08:56:00+00:00,2026-06-24,75.69225,75.66,76.03,76.06,12.467736838104392,0.24071428571428705,76.03,76.03,5000.0,-3575.3604471448953,401.5201236423567,105.85819236550401,553.1090551098209,-4635.847818262587,-4635.847818262577,-0.9271695636525173,-0.715072089428979,INITIAL_STOP,21,0.7410073465585462,0.0,False
BR,BRN6,RBREAKER_2_1,BREAKOUT,SHORT,2026-06-24|BR|BRN6|BREAKOUT|-1|163,2026-06-24 09:20:00+00:00,2026-06-24 09:48:00+00:00,2026-06-24,75.69225,75.66,75.99,76.02,12.209247073044988,0.2478571428571448,76.04,75.99,5000.0,-3086.579727572219,393.09186656436975,103.66346692098358,541.6416146622005,-4124.976675719798,-4124.976675719772,-0.8249953351439595,-0.6173159455144438,TRAILING_STOP,27,0.6634461882943102,0.1036634669209777,False
BR,BRN6,RBREAKER_2_1,BREAKOUT,SHORT,2026-06-24|BR|BRN6|BREAKOUT|-1|164,2026-06-24 11:24:00+00:00,2026-06-24 13:38:00+00:00,2026-06-24,75.69225,75.66,73.97,74.0,13.943802573205284,0.2107142857142849,75.98,73.97,5000.0,20389.861009162665,442.9592972320047,118.39083181397959,618.5920962281133,19209.918783888592,19209.918783888566,3.841983756777718,4.077972201832533,TRAILING_STOP,133,0.21310349726517133,4.759311438921958,False
BR,BRQ6,RBREAKER_2_1,BREAKOUT,SHORT,2026-07-01|BR|BRQ6|BREAKOUT|-1|165,2026-07-01 14:48:00+00:00,2026-07-01 15:10:00+00:00,2026-07-01,71.95375,71.92,72.0,72.03,12.986561418299642,0.22714285714285662,72.27,72.0,5000.0,-509.9678031138536,396.8100824769639,110.26330878137239,592.6652846998641,-1609.7064790719714,-1609.706479072054,-0.3219412958143943,-0.10199356062277072,TRAILING_STOP,21,0.35284258810038416,0.5954218674194022,False
BR,BRQ6,RBREAKER_2_1,BREAKOUT,SHORT,2026-07-01|BR|BRQ6|BREAKOUT|-1|166,2026-07-01 15:15:00+00:00,2026-07-01 15:45:00+00:00,2026-07-01,71.95375,71.92,71.86,71.88,12.180710174041563,0.24999999999999797,72.3,71.99,5000.0,969.5734910851132,371.7991147147714,103.42117238241207,452.46762917298815,41.885574814973495,41.88557481494155,0.0083771149629947,0.19391469821702265,FORCE_CLOSE,29,0.1861581102883488,0.6412112687709596,False
BR,BRQ6,RBREAKER_2_1,REVERSAL,LONG,2026-07-06|BR|BRQ6|REVERSAL|1|167,2026-07-06 10:53:00+00:00,2026-07-06 11:33:00+00:00,2026-07-06,72.23265,72.26,72.17,72.14,12.094652168293443,0.24714285714285772,72.01,72.17,3500.0,-643.3559252413797,370.71267200657564,102.69049086054726,486.23947422468683,-1602.9985623331372,-1602.9985623331895,-0.4579995892380392,-0.1838159786403942,TRAILING_STOP,39,0.2640612622128458,0.4694422439339203,False
BR,BRQ6,RBREAKER_2_1,BREAKOUT,LONG,2026-07-07|BR|BRQ6|BREAKOUT|1|168,2026-07-07 13:59:00+00:00,2026-07-07 14:15:00+00:00,2026-07-07,73.818,73.85,74.0,73.97,12.504934205536404,0.2442857142857144,73.48,74.0,5000.0,1932.3671497585453,392.36608801827583,106.17401921750123,552.104899930981,881.722142591771,881.7221425917874,0.1763444285183542,0.3864734299517091,TRAILING_STOP,15,0.16987843074799835,1.1042097998620346,False
BR,BRQ6,RBREAKER_2_1,BREAKOUT,LONG,2026-07-07|BR|BRQ6|BREAKOUT|1|169,2026-07-07 14:19:00+00:00,2026-07-07 15:45:00+00:00,2026-07-07,73.818,73.85,74.11,74.09,10.886696197702314,0.2878571428571429,73.41,73.83,5000.0,2699.080279151515,341.8680963165008,92.43425613532533,388.22387576829703,1876.5540509314187,1876.5540509313914,0.37531081018628376,0.539816055830303,FORCE_CLOSE,85,0.2403290659518375,0.776447751536736,False
BR,BRQ6,RBREAKER_2_1,BREAKOUT,LONG,2026-07-08|BR|BRQ6|BREAKOUT|1|170,2026-07-08 09:02:00+00:00,2026-07-08 09:35:00+00:00,2026-07-08,79.12049999999999,79.15,78.75,78.72,6.939735604680603,0.4978571428571428,78.4,78.75,5000.0,-2183.0716200688294,232.55163067494794,58.92231093303299,291.6654391185964,-2766.2110007953884,-2766.211000795406,-0.5532422001590777,-0.4366143240137659,TRAILING_STOP,32,0.3888872521580325,0.41245617653122424,False
BR,BRQ6,RBREAKER_2_1,BREAKOUT,LONG,2026-07-08|BR|BRQ6|BREAKOUT|1|171,2026-07-08 09:57:00+00:00,2026-07-08 10:31:00+00:00,2026-07-08,79.12049999999999,79.15,78.39,78.36,6.481452979381824,0.5378571428571449,78.34,78.39,5000.0,-4020.0313678010593,216.69922681120863,55.03123022314993,272.4045896046697,-4564.166414440086,-4564.1664144400875,-0.9128332828880171,-0.8040062735602118,TRAILING_STOP,33,0.7924497152133577,0.06603747626776678,False
BR,BRQ6,RBREAKER_2_1,BREAKOUT,LONG,2026-07-08|BR|BRQ6|BREAKOUT|1|172,2026-07-08 14:17:00+00:00,2026-07-08 15:45:00+00:00,2026-07-08,79.12049999999999,79.15,80.31,80.29,7.563672274015703,0.44928571428571473,78.47,79.73,5000.0,7638.9557846062335,255.98047715376381,64.2198888995895,253.6685611534362,7065.0868573994485,7065.086857399444,1.4130173714798897,1.5277911569212468,FORCE_CLOSE,87,0.1412837555790962,1.618341200269644,False
BR,BRQ6,RBREAKER_2_1,BREAKOUT,LONG,2026-07-13|BR|BRQ6|BREAKOUT|1|173,2026-07-13 07:41:00+00:00,2026-07-13 08:02:00+00:00,2026-07-13,78.79,78.81,78.77,78.74,13.401955236608908,0.23928571428571693,78.45,78.77,5000.0,-227.5804781467054,448.1913041499387,113.79023907329449,455.1609562931456,-1244.7229776630415,-1244.722977663084,-0.2489445955326083,-0.04551609562934108,TRAILING_STOP,20,0.04551609562930874,0.7282575300690692,False
BR,BRQ6,RBREAKER_2_1,BREAKOUT,LONG,2026-07-13|BR|BRQ6|BREAKOUT|1|174,2026-07-13 10:51:00+00:00,2026-07-13 12:54:00+00:00,2026-07-13,78.78825,78.82,79.02,78.99,10.102564959843484,0.3135714285714286,78.34,79.02,5000.0,1987.8711979551258,338.4098745947255,85.77653497109829,443.89356847534197,1119.791219913946,1119.79121991396,0.22395824398278918,0.39757423959102517,TRAILING_STOP,122,0.5661251308092459,1.1665608756069483,False
BR,BRQ6,RBREAKER_2_1,BREAKOUT,LONG,2026-07-13|BR|BRQ6|BREAKOUT|1|175,2026-07-13 13:02:00+00:00,2026-07-13 13:21:00+00:00,2026-07-13,78.79,78.81,78.69,78.66,11.560322613131076,0.28500000000000064,78.38,78.69,5000.0,-981.5372836938069,386.4066901581265,98.15372836937232,392.6149134774614,-1858.7126156987747,-1858.7126156987672,-0.3717425231397549,-0.19630745673876138,TRAILING_STOP,18,0.15704596539099236,0.6085531158901129,False
BR,BRQ6,RBREAKER_2_1,BREAKOUT,LONG,2026-07-13|BR|BRQ6|BREAKOUT|1|176,2026-07-13 13:34:00+00:00,2026-07-13 14:00:00+00:00,2026-07-13,78.78825,78.82,78.65,78.62,10.461505641652016,0.30428571428571466,78.36,78.65,5000.0,-1227.9938178395007,349.61183848219156,88.82414595584136,459.66495532138407,-2126.0947575989235,-2126.094757598918,-0.42521895151978467,-0.24559876356790014,TRAILING_STOP,25,0.12435380433816579,0.5151800465438909,False
BR,BRQ6,RBREAKER_2_1,BREAKOUT,LONG,2026-07-13|BR|BRQ6|BREAKOUT|1|177,2026-07-13 14:08:00+00:00,2026-07-13 14:24:00+00:00,2026-07-13,78.78825,78.82,79.77,79.74,10.102564959843484,0.31571428571428584,78.34,79.77,5000.0,8421.111320787497,340.0181846254336,85.77653497109829,443.89356847534197,7551.423032715636,7551.423032715623,1.510284606543127,1.6842222641574993,TRAILING_STOP,15,0.12008714895952592,2.453208900173423,False
BR,BRQ6,RBREAKER_2_1,REVERSAL,SHORT,2026-07-20|BR|BRQ6|REVERSAL|-1|178,2026-07-20 11:43:00+00:00,2026-07-20 11:46:00+00:00,2026-07-20,86.41170000000001,86.38,86.81,86.84,7.6822533005071545,0.42571428571428627,86.81,86.81,3500.0,-2597.9798356284614,282.4642650813277,65.22670940568703,337.2220876275068,-3282.892897742963,-3282.8928977429828,-0.9379693993551323,-0.7422799530367032,INITIAL_STOP,2,0.6895394994315571,0.0,False
BR,BRQ6,RBREAKER_2_1,BREAKOUT,LONG,2026-07-22|BR|BRQ6|BREAKOUT|1|179,2026-07-22 07:39:00+00:00,2026-07-22 07:55:00+00:00,2026-07-22,94.63974999999999,94.67,94.39,94.36,9.531486789744502,0.3357142857142849,94.16,94.39,5000.0,-2021.170700915147,382.4443419359389,80.92775579240097,406.6619728569005,-2891.204771500447,-2891.2047715003873,-0.5782409543000894,-0.40423414018302944,TRAILING_STOP,15,0.3560821254865625,0.3722676766450509,False
BR,BRQ6,RBREAKER_2_1,BREAKOUT,LONG,2026-07-22|BR|BRQ6|BREAKOUT|1|180,2026-07-22 08:55:00+00:00,2026-07-22 10:11:00+00:00,2026-07-22,94.63974999999999,94.67,94.81,94.78,7.381082731068329,0.45785714285714363,93.98,94.81,5000.0,1066.949933256917,296.8188911240984,62.66959960392682,314.9147380097985,392.54670451910533,392.54670451909317,0.07850934090382107,0.21338998665138337,TRAILING_STOP,75,0.714433435484775,1.040315353425183,False
BR,BRQ6,RBREAKER_2_1,BREAKOUT,LONG,2026-07-22|BR|BRQ6|BREAKOUT|1|181,2026-07-22 10:45:00+00:00,2026-07-22 11:48:00+00:00,2026-07-22,94.63974999999999,94.67,94.48000000000002,94.45,7.289714039057313,0.4664285714285725,93.97,94.48,5000.0,-988.7538915742941,292.6340156096154,61.89382732859885,311.0164823262747,-1654.2982168388266,-1654.2982168387832,-0.33085964336776535,-0.19775077831485882,TRAILING_STOP,62,0.6436958042174231,0.6313170387517146,False
BR,BRQ6,RBREAKER_2_1,BREAKOUT,LONG,2026-07-22|BR|BRQ6|BREAKOUT|1|182,2026-07-22 11:50:00+00:00,2026-07-22 12:27:00+00:00,2026-07-22,94.63974999999999,94.67,94.19,94.16,7.381082731068329,0.4592857142857168,93.98,94.19,5000.0,-2818.5652421865743,295.8475123302375,62.66959960392682,314.9147380097985,-3491.9970921305103,-3491.9970921305367,-0.6983994184261021,-0.5637130484373148,TRAILING_STOP,36,0.45122111714827234,0.2632123183364848,False
BR,BRQ6,RBREAKER_2_1,BREAKOUT,LONG,2026-07-22|BR|BRQ6|BREAKOUT|1|183,2026-07-22 12:56:00+00:00,2026-07-22 13:00:00+00:00,2026-07-22,94.63974999999999,94.67,94.33,94.3,7.981304954009918,0.4142857142857151,94.04,94.33,5000.0,-2099.0465347942827,320.1427148346112,67.76582840336799,340.5232877269958,-2827.478365759334,-2827.4783657592575,-0.5654956731518668,-0.41980930695885654,TRAILING_STOP,3,0.6776582840336799,0.5556797929076129,False
BR,BRQ6,RBREAKER_2_1,BREAKOUT,LONG,2026-07-22|BR|BRQ6|BREAKOUT|1|184,2026-07-22 13:06:00+00:00,2026-07-22 13:17:00+00:00,2026-07-22,94.63974999999999,94.67,94.02,93.99,7.474770911094113,0.452142857142858,93.99,94.02,5000.0,-3933.2474439443286,299.3329821599603,63.465065654608345,318.91195491447405,-4614.957446673403,-4614.957446673371,-0.9229914893346806,-0.7866494887888658,TRAILING_STOP,10,0.6473436696770117,0.038079039392766446,False
BR,BRQ6,RBREAKER_2_1,BREAKOUT,LONG,2026-07-23|BR|BRQ6|BREAKOUT|1|185,2026-07-23 07:16:00+00:00,2026-07-23 07:26:00+00:00,2026-07-23,97.52575,97.56,97.38,97.35,10.380916197895203,0.2971428571428569,97.11,97.38,5000.0,-1284.6389789875009,429.4836764913247,88.13989564236307,478.15893385983077,-2280.4214849809764,-2280.4214849810196,-0.4560842969961953,-0.2569277957975002,TRAILING_STOP,9,0.3701875616979389,0.4759554364687536,False
BR,BRQ6,RBREAKER_2_1,BREAKOUT,LONG,2026-07-23|BR|BRQ6|BREAKOUT|1|186,2026-07-23 07:28:00+00:00,2026-07-23 07:54:00+00:00,2026-07-23,97.52575,97.56,97.97,97.94,9.540056604364342,0.3278571428571431,97.06,97.97,5000.0,3598.4480300673645,395.8900336962155,81.00051840331774,439.42781233800895,2682.129665629855,2682.1296656298223,0.536425933125971,0.7196896060134729,TRAILING_STOP,25,0.09720062208398497,1.4742094349403774,False
BR,BRQ6,RBREAKER_2_1,BREAKOUT,LONG,2026-07-23|BR|BRQ6|BREAKOUT|1|187,2026-07-23 07:58:00+00:00,2026-07-23 08:09:00+00:00,2026-07-23,97.52575,97.56,97.39,97.36,8.210024175694222,0.39642857142857124,96.96,97.39,5000.0,-946.2831809056432,339.68603613651163,69.7077849654241,378.16473343743445,-1733.8417354450332,-1733.8417354450135,-0.34676834708900667,-0.18925663618112865,TRAILING_STOP,10,0.18124024091009633,0.5994869507026369,False
BR,BRQ6,RBREAKER_2_1,BREAKOUT,LONG,2026-07-23|BR|BRQ6|BREAKOUT|1|188,2026-07-23 08:11:00+00:00,2026-07-23 08:49:00+00:00,2026-07-23,97.52575,97.56,97.63,97.6,7.294725672309531,0.4549999999999993,96.87,97.63,5000.0,645.6867505697749,302.1875929045692,61.93637895154114,336.0048558121184,-54.44207709849513,-54.44207709845392,-0.010888415419699026,0.12913735011395497,TRAILING_STOP,37,0.2725200673867796,0.941432960063414,False
BR,BRQ6,RBREAKER_2_1,BREAKOUT,LONG,2026-07-29|BR|BRQ6|BREAKOUT|1|189,2026-07-29 14:30:00+00:00,2026-07-29 15:31:00+00:00,2026-07-29,90.47562500000001,90.51,90.28000000000002,90.25,5.865395232834551,0.5871428571428591,89.62,90.28,5000.0,-974.223235940099,225.04868003645515,49.800548802048056,270.7904841111278,-1519.862948889676,-1519.8629488897302,-0.30397258977793523,-0.1948446471880198,TRAILING_STOP,60,0.29880329281229967,0.657367244187031,False
BR,BRQ6,RBREAKER_2_1,REVERSAL,SHORT,2026-07-30|BR|BRQ6|REVERSAL|-1|190,2026-07-30 13:13:00+00:00,2026-07-30 13:18:00+00:00,2026-07-30,89.1275,89.1,89.36,89.39,7.112794924543766,0.4778571428571427,89.58,89.36,3500.0,-1404.1066344577532,269.48278837028226,60.39168320248356,286.86049521182434,-2020.8416012424013,-2020.8416012423434,-0.5773833146406862,-0.40117332413078666,TRAILING_STOP,4,0.4141143991027601,0.43136916573202544,False
BR,BRU6,RBREAKER_2_1,REVERSAL,SHORT,2026-08-04|BR|BRU6|REVERSAL|-1|191,2026-08-04 11:09:00+00:00,2026-08-04 12:00:00+00:00,2026-08-04,84.64965000000001,84.62,81.39,81.42,7.611049091633051,0.4392857142857167,85.06,81.39,3500.0,21064.557522940708,268.2465242517653,64.62214508594683,320.8489503517575,20410.8399032512,20410.83990325124,5.831668543786057,6.018445006554488,TRAILING_STOP,50,0.2584885803437884,6.776093499012142,False
BR,BRU6,RBREAKER_2_1,BREAKOUT,SHORT,2026-08-04|BR|BRU6|BREAKOUT|-1|192,2026-08-04 13:20:00+00:00,2026-08-04 14:30:00+00:00,2026-08-04,81.358375,81.33,80.97,81.0,5.2233526613909245,0.6850000000000033,82.36,80.97,5000.0,1722.413663114284,179.98030893681644,44.34924140622594,214.53945530260944,1283.5446574686437,1283.544657468632,0.25670893149372875,0.3444827326228568,TRAILING_STOP,69,0.5854099865621795,1.2329089110930815,False
BR,BRU6,RBREAKER_2_1,BREAKOUT,LONG,2026-08-10|BR|BRU6|BREAKOUT|1|193,2026-08-10 13:46:00+00:00,2026-08-10 14:17:00+00:00,2026-08-10,86.05524999999999,86.09,86.15,86.12,10.657749397319115,0.2928571428571435,85.65,86.15,5000.0,857.3962301714217,389.5836538200289,90.49036730039576,495.43476096982835,-118.11255191874568,-118.11255191883129,-0.023622510383749136,0.17147924603428435,TRAILING_STOP,30,0.28956917536126026,0.9049036730039576,False
BR,BRU6,RBREAKER_2_1,BREAKOUT,LONG,2026-08-10|BR|BRU6|BREAKOUT|1|194,2026-08-10 14:32:00+00:00,2026-08-10 15:45:00+00:00,2026-08-10,86.06,86.08,87.14,87.12,9.606038987247306,0.3478571428571442,85.55,86.67,5000.0,8808.56061594684,353.15803210231377,81.56074644395235,244.68223933179215,8129.159598068791,8129.159598068782,1.625831919613758,1.7617121231893682,FORCE_CLOSE,72,0.03262429857757445,1.8269607203445404,False
BR,BRU6,RBREAKER_2_1,BREAKOUT,SHORT,2026-08-13|BR|BRU6|BREAKOUT|-1|195,2026-08-13 13:07:00+00:00,2026-08-13 13:07:00+00:00,2026-08-13,86.857875,86.83,87.24,87.27,11.565771686470711,0.27071428571428513,87.24,87.24,5000.0,-3752.46727485174,427.41547435505964,98.19999410799763,470.13247179213573,-4748.215215106957,-4748.215215106933,-0.9496430430213914,-0.750493454970348,INITIAL_STOP,0,0.0,0.0,False
BR,BRU6,RBREAKER_2_1,BREAKOUT,SHORT,2026-08-13|BR|BRU6|BREAKOUT|-1|196,2026-08-13 13:14:00+00:00,2026-08-13 14:18:00+00:00,2026-08-13,86.857875,86.83,86.48,86.51,10.531571433730214,0.3028571428571425,87.29,86.48,5000.0,3378.922142837855,387.4974292024539,89.41904446808674,428.09367539105375,2473.9119937763007,2473.9119937762607,0.49478239875526014,0.675784428567571,TRAILING_STOP,63,0.6795847379574511,1.4485885203830093,False
BR,BRU6,RBREAKER_2_1,BREAKOUT,SHORT,2026-08-13|BR|BRU6|BREAKOUT|-1|197,2026-08-13 14:51:00+00:00,2026-08-13 15:06:00+00:00,2026-08-13,86.857875,86.83,87.37,87.4,9.213405209518363,0.35714285714285915,87.37,87.37,5000.0,-4006.2034060061055,340.7375247392956,78.22706186978033,374.5120587016507,-4799.680051316774,-4799.680051316832,-0.9599360102633547,-0.801240681201221,INITIAL_STOP,14,0.8292068558196731,0.0,False
BR,BRU6,RBREAKER_2_1,REVERSAL,SHORT,2026-08-19|BR|BRU6|REVERSAL|-1|198,2026-08-19 12:20:00+00:00,2026-08-19 12:41:00+00:00,2026-08-19,91.5211,91.49,90.78,90.81,12.569852562225979,0.21999999999999886,91.71,90.78,3500.0,7909.405540562819,486.40015856314807,106.72521306925903,545.3658387840244,6770.914330146475,6770.914330146388,1.9345469514704212,2.2598301544465196,TRAILING_STOP,20,0.5183796063364061,2.835841375840289,False
BR,BRU6,RBREAKER_2_1,BREAKOUT,LONG,2026-08-20|BR|BRU6|BREAKOUT|1|199,2026-08-20 09:12:00+00:00,2026-08-20 12:41:00+00:00,2026-08-20,93.982125,94.01,94.3,94.27,10.281684386416275,0.3100000000000013,93.54,94.3,5000.0,2774.964862812124,410.90867823064525,87.29736100077443,417.9361157912939,1858.8227077893648,1858.8227077894103,0.371764541557873,0.5549929725624247,TRAILING_STOP,208,0.6460004714057388,1.3269198872117556,False
BR,BRU6,RBREAKER_2_1,BREAKOUT,LONG,2026-08-20|BR|BRU6|BREAKOUT|1|200,2026-08-20 12:54:00+00:00,2026-08-20 13:09:00+00:00,2026-08-20,93.982125,94.01,93.66,93.63,13.006783228769828,0.23000000000000195,93.66,93.66,5000.0,-3557.3875495575,518.0506013185641,110.43500347869625,528.7075791543675,-4714.580733508959,-4714.580733509128,-0.9429161467017919,-0.7114775099114999,INITIAL_STOP,14,0.7067840222636722,0.0,False
BR,BRU6,RBREAKER_2_1,BREAKOUT,LONG,2026-08-20|BR|BRU6|BREAKOUT|1|201,2026-08-20 13:28:00+00:00,2026-08-20 13:38:00+00:00,2026-08-20,93.982125,94.01,93.93,93.89999999999999,11.71323237111864,0.2628571428571454,93.61,93.93,5000.0,-518.3936509829554,467.2007240106795,99.45201937324879,476.12654274952695,-1561.172937116539,-1561.1729371164106,-0.3122345874233078,-0.10367873019659107,TRAILING_STOP,9,0.2784656542450977,0.6364929239887787,False
BR,BRU6,RBREAKER_2_1,BREAKOUT,LONG,2026-08-20|BR|BRU6|BREAKOUT|1|202,2026-08-20 13:41:00+00:00,2026-08-20 14:16:00+00:00,2026-08-20,93.982125,94.01,93.66,93.63,10.464387061406397,0.3057142857142868,93.55,93.66,5000.0,-2862.0358770689304,416.7888335065693,88.8486108519653,425.3627244538718,-3793.036045881272,-3793.0360458813375,-0.7586072091762543,-0.572407175413786,TRAILING_STOP,34,0.7285586089861348,0.19546694387432267,False
BR,BRU6,RBREAKER_2_1,BREAKOUT,LONG,2026-08-20|BR|BRU6|BREAKOUT|1|203,2026-08-20 15:38:00+00:00,2026-08-20 15:45:00+00:00,2026-08-20,93.982125,94.01,93.99,93.97,7.92843688799386,0.42214285714285893,93.37,93.44,5000.0,53.012096855614104,316.3559989498479,67.31694838809403,254.96294201993825,-585.6237925022267,-585.623792502266,-0.11712475850044535,0.01060241937112282,FORCE_CLOSE,6,0.13463389677619955,0.09424372774332246,False
BR,BRU6,RBREAKER_2_1,BREAKOUT,SHORT,2026-08-25|BR|BRU6|BREAKOUT|-1|204,2026-08-25 08:56:00+00:00,2026-08-25 10:04:00+00:00,2026-08-25,90.316625,90.29,89.58,89.61,9.679379581919962,0.33857142857143224,90.8,89.58,5000.0,6053.83837802764,369.62006591113766,82.18344989686217,383.18033514409376,5218.854527075533,5218.854527075547,1.0437709054151065,1.210767675605528,TRAILING_STOP,67,0.18080358977309582,2.0052761774834584,False
BR,BRV6,RBREAKER_2_1,BREAKOUT,LONG,2026-09-03|BR|BRV6|BREAKOUT|1|205,2026-09-03 10:23:00+00:00,2026-09-03 11:03:00+00:00,2026-09-03,97.46012499999999,97.49,97.02,96.99,7.662881529147211,0.4364285714285704,96.83,97.02,5000.0,-2863.551486997261,316.3325721052166,65.06223202493143,324.4978822243795,-3569.444173351868,-3569.444173351788,-0.7138888346703736,-0.5727102973994521,TRAILING_STOP,39,0.5204978561994404,0.247236481694755,False
BR,BRV6,RBREAKER_2_1,BREAKOUT,LONG,2026-09-08|BR|BRV6|BREAKOUT|1|206,2026-09-08 08:29:00+00:00,2026-09-08 08:46:00+00:00,2026-09-08,99.38725,99.42,99.02999999999999,99.0,10.801133766331862,0.2857142857142837,98.99,99.03,5000.0,-3276.260523467834,454.9164542102866,91.70778232240431,483.75855175075884,-4306.643311751258,-4306.643311751284,-0.8613286623502516,-0.6552521046935668,TRAILING_STOP,16,0.6969791456502645,0.07336622585790885,False
BR,BRV6,RBREAKER_2_1,BREAKOUT,LONG,2026-09-09|BR|BRV6|BREAKOUT|1|207,2026-09-09 14:19:00+00:00,2026-09-09 14:28:00+00:00,2026-09-09,101.11874999999998,101.15,101.06,101.03,10.099706111120286,0.3085714285714311,100.68,101.06,5000.0,-503.7945375806661,433.4348068429891,85.75226171589456,439.4803412942131,-1462.4619474338012,-1462.4619474337628,-0.29249238948676026,-0.10075890751613321,TRAILING_STOP,8,0.27440723749088114,0.6517171890407909,False
BR,BRV6,RBREAKER_2_1,BREAKOUT,LONG,2026-09-09|BR|BRV6|BREAKOUT|1|208,2026-09-09 14:32:00+00:00,2026-09-09 15:45:00+00:00,2026-09-09,101.11874999999998,101.15,101.37,101.35,9.451327915165008,0.3342857142857158,100.64,100.99,5000.0,2016.2099265738657,406.2512538618542,80.24716125666257,331.0195401840432,1198.6919712713468,1198.6919712713056,0.23973839425426935,0.4032419853147731,FORCE_CLOSE,72,0.2888897805239962,0.5617301287966289,False
BR,BRV6,RBREAKER_2_1,BREAKOUT,LONG,2026-09-10|BR|BRV6|BREAKOUT|1|209,2026-09-10 12:03:00+00:00,2026-09-10 12:46:00+00:00,2026-09-10,103.685125,103.72,105.18,105.15,7.835028992086408,0.4164285714285713,103.09,105.18,5000.0,9944.485837069878,347.3709769694415,66.52386210933909,365.0496933250028,9165.541304666074,9165.541304666094,1.8331082609332148,1.9888971674139757,TRAILING_STOP,42,0.3725336278123004,2.7806974361703785,False
BR,BRV6,RBREAKER_2_1,BREAKOUT,SHORT,2026-09-17|BR|BRV6|BREAKOUT|-1|210,2026-09-17 12:28:00+00:00,2026-09-17 12:43:00+00:00,2026-09-17,101.580125,101.55,102.39,102.42,5.882856213123589,0.5878571428571472,102.44,102.39,5000.0,-4045.2286406433786,254.70143103319174,49.94880247746075,250.3683724182686,-4600.247246572261,-4600.247246572299,-0.9200494493144522,-0.8090457281286757,TRAILING_STOP,14,0.8091706001348665,0.049948802477457914,False
BR,BRV6,RBREAKER_2_1,BREAKOUT,SHORT,2026-09-21|BR|BRV6|BREAKOUT|-1|211,2026-09-21 14:11:00+00:00,2026-09-21 14:53:00+00:00,2026-09-21,100.178375,100.15,100.22,100.25,7.885228990382041,0.42071428571428476,100.79,100.22,5000.0,-278.6797442506381,335.4199444314289,66.95008870886805,323.87105412913616,-1004.920831520093,-1004.9208315200713,-0.2009841663040186,-0.05573594885012762,TRAILING_STOP,41,0.3213604258025598,0.7632310112811056,False
BR,BRV6,RBREAKER_2_1,BREAKOUT,SHORT,2026-09-21|BR|BRV6|BREAKOUT|-1|212,2026-09-21 14:58:00+00:00,2026-09-21 15:45:00+00:00,2026-09-21,100.178375,100.15,99.99,100.01,7.580711409573798,0.4442857142857122,100.82,100.42,5000.0,1212.467415441137,322.08026260741616,64.364560872785,246.99900234935853,579.0235896116269,579.0235896115773,0.11580471792232538,0.2424934830882274,FORCE_CLOSE,46,0.4248061017603788,0.5149164869822873,False
BR,BRV6,RBREAKER_2_1,BREAKOUT,LONG,2026-09-24|BR|BRV6|BREAKOUT|1|213,2026-09-24 15:27:00+00:00,2026-09-24 15:45:00+00:00,2026-09-24,107.69225,107.72,107.64,107.62,8.186285226787795,0.4064285714285733,107.11,107.35,5000.0,-363.1700400355955,374.18677713523425,69.50622775800765,262.3860097864339,-1069.249054715286,-1069.2490547152713,-0.21384981094305722,-0.0726340080071191,FORCE_CLOSE,17,0.36143238434164693,0.3336298932384296,False
